frame_id,execution_order,baseline_preprocess_ms,baseline_inference_ms,baseline_postprocess_ms,baseline_pipeline_ms,baseline_steering_error,baseline_steering_cmd,baseline_lane_pixels,baseline_valid,rtl_preprocess_ms,rtl_inference_ms,rtl_postprocess_ms,rtl_pipeline_ms,rtl_steering_error,rtl_steering_cmd,rtl_lane_pixels,rtl_valid,steering_error_abs_diff,steering_cmd_abs_diff,rtl_copy_ms,rtl_compute_ms
0,baseline->rtl,5.811782,14.332366,7.515177,27.71186,0.1125,0.04725,57000,True,5.643445,14.311284,6.685846,26.6777,0.609375,0.2559375,12010,True,0.496875,0.2086875,0.373266,6.139833
1,rtl->baseline,5.631264,14.318125,7.44735,27.443324,0.1125,0.0324,57101,True,5.616743,14.379061,6.667945,26.711803,0.609375,0.1755,12020,True,0.496875,0.1431,0.373576,6.119271
2,baseline->rtl,5.672088,14.385771,7.563372,27.674276,0.1125,0.02646,57115,True,5.679509,14.545687,6.688787,26.952516,0.609375,0.143325,12036,True,0.496875,0.116865,0.370206,6.121342
3,rtl->baseline,5.606662,14.406413,8.465458,28.523358,0.1125,0.024084,57348,True,5.579219,14.346058,6.665334,26.640027,0.609375,0.130455,12075,True,0.496875,0.106371,0.366466,6.124172
4,baseline->rtl,5.553627,14.422395,7.412196,27.442034,0.1125,0.0231336,57232,True,5.645096,14.396663,6.687447,26.767438,0.609375,0.125307,12054,True,0.496875,0.1021734,0.363885,6.117991
5,rtl->baseline,5.592547,14.427117,7.480399,27.544508,0.1125,0.02275344,57229,True,5.568759,14.354098,6.663272,26.634023,0.609375,0.1232478,12059,True,0.496875,0.10049436,0.368165,6.12497
6,baseline->rtl,5.657954,14.335558,7.481019,27.527457,0.1125,0.022601376,57284,True,5.571266,14.367441,6.65925,26.640371,0.609375,0.12242412,12069,True,0.496875,0.099822744,0.372716,6.117748
7,rtl->baseline,5.570646,14.483263,7.422074,27.521636,0.1125,0.02254055,57282,True,5.608399,14.396424,6.667931,26.719889,0.609375,0.122094648,12065,True,0.496875,0.099554098,0.367046,6.12971
8,baseline->rtl,5.681386,14.347799,7.504551,27.586772,0.1125,0.02251622,57243,True,5.578406,14.3485,6.672681,26.63838,0.609375,0.121962859,12062,True,0.496875,0.099446639,0.374736,6.126379
9,rtl->baseline,5.626561,14.279773,7.465097,27.417095,0.1125,0.022506488,57166,True,5.686167,14.398734,6.66348,26.795396,0.609375,0.121910144,12046,True,0.496875,0.099403656,0.371375,6.118038
10,baseline->rtl,5.589067,14.489383,7.530683,27.663349,0.1125,0.022502595,57158,True,5.572416,14.431858,6.6569,26.698836,0.609375,0.121889057,12038,True,0.496875,0.099386462,0.361995,6.122848
11,rtl->baseline,5.614239,14.307665,7.463298,27.430747,0.1125,0.022501038,57094,True,5.572406,14.438488,6.652969,26.712477,0.609375,0.121880623,12038,True,0.496875,0.099379585,0.366316,6.115938
12,baseline->rtl,5.562685,14.432257,7.484289,27.531986,0.1125,0.022500415,57203,True,5.577426,14.362521,6.665991,26.645381,0.609375,0.121877249,12072,True,0.496875,0.099376834,0.371105,6.122469
13,rtl->baseline,5.557914,14.303715,7.530104,27.437118,0.1125,0.022500166,57118,True,5.607339,14.497383,6.665451,26.817948,0.609375,0.1218759,12031,True,0.496875,0.099375734,0.371066,6.122729
14,baseline->rtl,5.638382,14.517206,7.494281,27.702903,0.1125,0.022500066,57084,True,5.675516,14.507935,6.714205,26.936739,0.609375,0.12187536,12033,True,0.496875,0.099375294,0.367016,6.125929
15,rtl->baseline,5.602419,14.320147,11.944548,31.913688,0.1125,0.022500027,57067,True,5.642892,14.403185,6.884101,26.978904,0.609375,0.121875144,12020,True,0.496875,0.099375117,0.365086,6.346981
16,baseline->rtl,5.591598,14.522836,7.422504,27.590723,0.1125,0.022500011,57203,True,5.647853,14.451429,6.690033,26.829289,0.609375,0.121875058,12052,True,0.496875,0.099375047,0.403318,6.114448
17,rtl->baseline,5.61632,14.344739,7.48637,27.492883,0.1125,0.022500004,57121,True,5.62025,14.36038,6.673042,26.701147,0.609375,0.121875023,12032,True,0.496875,0.099375019,0.370516,6.127619
18,baseline->rtl,5.683726,14.393134,7.459257,27.589422,0.1125,0.022500002,57104,True,5.640872,14.497953,6.677342,26.855751,0.609375,0.121875009,12041,True,0.496875,0.099375007,0.369966,6.135089
19,rtl->baseline,5.603269,14.421357,7.417423,27.486192,0.1125,0.022500001,57103,True,5.601449,14.46568,6.671871,26.787195,0.609375,0.121875004,12023,True,0.496875,0.099375003,0.371375,6.127089
20,baseline->rtl,5.667385,14.382342,7.523803,27.627185,0.1125,0.0225,57085,True,5.666765,14.315936,6.66078,26.683665,0.609375,0.121875001,12007,True,0.496875,0.099375001,0.363595,6.123869
21,rtl->baseline,5.61973,14.328719,7.472474,27.467157,0.1125,0.0225,57028,True,5.62527,14.427057,6.66447,26.763203,0.609375,0.121875001,12015,True,0.496875,0.099375001,0.366565,6.122869
22,baseline->rtl,5.591114,14.34372,7.53667,27.5243,0.1125,0.0225,57088,True,5.572693,14.480934,6.667207,26.759677,0.609375,0.121875,12042,True,0.496875,0.099375,0.373335,6.120705
23,rtl->baseline,5.606645,14.33592,7.43176,27.418569,0.1125,0.0225,57134,True,5.582923,14.410937,6.667737,26.709082,0.609375,0.121875,12029,True,0.496875,0.099375,0.366495,6.123975
24,baseline->rtl,5.594265,14.352791,7.522169,27.52152,0.1125,0.0225,56889,True,5.597475,14.3369,6.664197,26.639015,0.609375,0.121875,12012,True,0.496875,0.099375,0.372075,6.121805
25,rtl->baseline,5.6444,14.360222,7.53689,27.587266,0.1125,0.0225,57072,True,5.608105,14.323349,6.654705,26.633535,0.609375,0.121875,12024,True,0.496875,0.099375,0.365695,6.118045
26,baseline->rtl,5.662601,14.444141,7.43295,27.592556,0.1125,0.0225,57119,True,5.672442,15.241367,6.648406,27.602337,0.609375,0.121875,12025,True,0.496875,0.099375,0.361955,6.116124
27,rtl->baseline,5.630908,14.306197,7.496586,27.479375,0.1125,0.0225,57166,True,5.605255,14.43621,6.652986,26.741715,0.609375,0.121875,12033,True,0.496875,0.099375,0.364905,6.114704
28,baseline->rtl,5.615397,14.363392,7.602996,27.63176,0.1125,0.0225,57025,True,5.6559,14.321448,6.680918,26.697341,0.609375,0.121875,12022,True,0.496875,0.099375,0.368805,6.119565
29,rtl->baseline,5.614016,14.465852,7.522229,27.646142,0.1125,0.0225,57055,True,5.692124,14.310538,6.664586,26.715073,0.609375,0.121875,12017,True,0.496875,0.099375,0.371336,6.116274
30,baseline->rtl,5.556541,14.376373,7.451982,27.437492,0.1125,0.0225,56987,True,5.634089,14.402156,6.689139,26.767148,0.609375,0.121875,12010,True,0.496875,0.099375,0.394998,6.120625
31,rtl->baseline,5.568422,14.329439,8.740895,28.683801,0.1125,0.0225,57066,True,5.583674,14.364293,6.665397,26.660848,0.609375,0.121875,12021,True,0.496875,0.099375,0.370805,6.119645
32,baseline->rtl,5.565852,14.409376,7.472364,27.499638,0.1125,0.0225,57066,True,5.618617,14.375453,6.758606,26.79175,0.609375,0.121875,12014,True,0.496875,0.099375,0.463664,6.122175
33,rtl->baseline,5.572852,14.379904,7.53314,27.530251,0.1125,0.0225,57089,True,5.608466,14.44528,6.670758,26.770488,0.609375,0.121875,12022,True,0.496875,0.099375,0.374866,6.121735
34,baseline->rtl,5.645409,14.357462,7.453493,27.510479,0.1125,0.0225,57043,True,5.737338,14.330609,6.657876,26.764567,0.609375,0.121875,12025,True,0.496875,0.099375,0.362364,6.118525
35,rtl->baseline,5.597094,14.34303,7.519899,27.506119,0.1125,0.0225,56892,True,5.6482,14.555951,6.651146,26.90204,0.609375,0.121875,12014,True,0.496875,0.099375,0.365985,6.110614
36,baseline->rtl,5.636818,14.556041,7.558572,27.804047,0.1125,0.0225,57084,True,5.638299,14.304857,6.680528,26.664818,0.609375,0.121875,12024,True,0.496875,0.099375,0.388887,6.116045
37,rtl->baseline,5.610996,14.400514,7.509603,27.566327,0.1125,0.0225,56994,True,5.602855,14.43618,6.651996,26.740095,0.609375,0.121875,11999,True,0.496875,0.099375,0.366685,6.113724
38,baseline->rtl,5.618974,14.443322,7.645676,27.759437,0.1125,0.0225,57083,True,5.612183,14.359364,6.661113,26.672103,0.609375,0.121875,12023,True,0.496875,0.099375,0.370215,6.118991
39,rtl->baseline,5.68614,14.341553,7.497322,27.570288,0.1125,0.0225,57081,True,5.604492,14.406018,6.666853,26.725658,0.609375,0.121875,12019,True,0.496875,0.099375,0.373085,6.120372
40,baseline->rtl,5.634535,14.407678,7.513864,27.607902,0.1125,0.0225,57052,True,5.676119,14.422299,6.668533,26.805826,0.609375,0.121875,12004,True,0.496875,0.099375,0.374565,6.118411
41,rtl->baseline,5.592481,14.371385,7.592071,27.601622,0.1125,0.0225,57044,True,5.553397,14.417179,6.658603,26.676334,0.609375,0.121875,12001,True,0.496875,0.099375,0.374306,6.1113
42,baseline->rtl,5.635805,14.471535,7.510954,27.670298,0.1125,0.0225,57100,True,5.611873,14.557892,6.679324,26.888924,0.609375,0.121875,12033,True,0.496875,0.099375,0.361484,6.144864
43,rtl->baseline,5.5867,14.381336,7.47536,27.488611,0.1125,0.0225,57093,True,5.612183,14.482506,6.657992,26.801085,0.609375,0.121875,12018,True,0.496875,0.099375,0.374596,6.1112
44,baseline->rtl,5.566769,14.386166,7.535796,27.542686,0.1125,0.0225,57151,True,5.550827,14.482865,6.662563,26.734669,0.609375,0.121875,12019,True,0.496875,0.099375,0.372925,6.116351
45,rtl->baseline,5.642506,14.347182,7.499602,27.533515,0.1125,0.0225,57103,True,5.68543,14.450872,6.681995,26.865462,0.609375,0.121875,12015,True,0.496875,0.099375,0.397498,6.1092
46,baseline->rtl,5.585511,14.492536,7.516924,27.651296,0.1125,0.0225,57099,True,5.601712,14.360194,6.666323,26.669533,0.609375,0.121875,12012,True,0.496875,0.099375,0.379176,6.11348
47,rtl->baseline,5.642346,14.32699,7.574789,27.58916,0.1125,0.0225,57093,True,5.663338,14.518619,6.656062,26.884264,0.609375,0.121875,12030,True,0.496875,0.099375,0.373275,6.10631
48,baseline->rtl,5.615553,14.342892,7.466809,27.47814,0.1125,0.0225,57104,True,5.57523,14.439212,6.658313,26.710867,0.609375,0.121875,12026,True,0.496875,0.099375,0.369135,6.115101
49,rtl->baseline,5.658378,14.394657,7.514214,27.613403,0.1125,0.0225,57135,True,5.616723,14.441472,6.666264,26.772563,0.609375,0.121875,12028,True,0.496875,0.099375,0.375346,6.115521
50,baseline->rtl,5.605072,14.400018,7.453077,27.509063,0.1125,0.0225,57031,True,5.644606,14.364144,6.688495,26.734849,0.609375,0.121875,12005,True,0.496875,0.099375,0.408839,6.10577
51,rtl->baseline,5.665118,14.355893,8.620839,28.687045,0.1125,0.0225,57115,True,5.608992,14.41881,6.665494,26.74101,0.609375,0.121875,12020,True,0.496875,0.099375,0.378416,6.11012
52,baseline->rtl,5.560938,14.382646,7.90382,27.89996,0.1125,0.0225,57114,True,5.621993,14.387146,6.660143,26.708317,0.609375,0.121875,12018,True,0.496875,0.099375,0.374286,6.11087
53,rtl->baseline,5.613193,14.338342,7.597661,27.595979,0.1125,0.0225,57104,True,5.622834,14.681234,6.707787,27.06198,0.609375,0.121875,12025,True,0.496875,0.099375,0.42172,6.10694
54,baseline->rtl,5.586048,14.442934,7.503668,27.583494,0.1125,0.0225,57195,True,5.576597,14.451704,6.67129,26.736914,0.609375,0.121875,12034,True,0.496875,0.099375,0.372605,6.126018
55,rtl->baseline,5.593868,14.413311,7.568514,27.620017,0.1125,0.0225,57114,True,5.625891,14.439764,6.681961,26.79392,0.609375,0.121875,12026,True,0.496875,0.099375,0.372895,6.13496
56,baseline->rtl,5.562505,14.40905,7.51404,27.538129,0.1125,0.0225,57110,True,5.732861,14.400949,6.657228,26.830533,0.609375,0.121875,12029,True,0.496875,0.099375,0.374855,6.107247
57,rtl->baseline,5.586927,14.450314,8.712302,28.795298,0.1125,0.0225,57153,True,5.558135,14.423212,6.662369,26.690659,0.609375,0.121875,12038,True,0.496875,0.099375,0.372425,6.114578
58,baseline->rtl,5.569175,14.653024,7.436113,27.712776,0.1125,0.0225,57176,True,5.584417,14.860303,6.644647,27.128281,0.609375,0.121875,12042,True,0.496875,0.099375,0.363574,6.108397
59,rtl->baseline,5.600059,14.441103,7.504098,27.590375,0.1125,0.0225,57174,True,5.637242,14.590697,6.658699,26.934153,0.609375,0.121875,12047,True,0.496875,0.099375,0.373665,6.111967
60,baseline->rtl,5.600679,14.347484,7.437832,27.43681,0.1125,0.0225,57060,True,5.61368,14.377257,6.903622,26.934893,0.609375,0.121875,12014,True,0.496875,0.099375,0.369625,6.36211
61,rtl->baseline,5.61373,14.51129,12.131535,32.301539,0.1125,0.0225,56974,True,5.61619,14.390619,6.650958,26.704702,0.609375,0.121875,11997,True,0.496875,0.099375,0.371995,6.106857
62,baseline->rtl,5.639272,14.40619,7.619049,27.718007,0.1125,0.0225,56988,True,5.544634,14.313201,6.653378,26.548236,0.609375,0.121875,12001,True,0.496875,0.099375,0.364144,6.116307
63,rtl->baseline,5.61386,14.274987,7.62391,27.556422,0.1125,0.0225,57067,True,5.690737,14.372427,6.657988,26.767607,0.609375,0.121875,12022,True,0.496875,0.099375,0.366934,6.116398
64,baseline->rtl,5.61071,14.441723,7.564584,27.669462,0.1125,0.0225,57092,True,5.61349,14.345194,6.654128,26.649746,0.609375,0.121875,12034,True,0.496875,0.099375,0.361705,6.120968
65,rtl->baseline,5.578316,14.288419,7.559604,27.472744,0.1125,0.0225,57031,True,5.663465,14.389009,6.67728,26.777628,0.609375,0.121875,12022,True,0.496875,0.099375,0.365165,6.135709
66,baseline->rtl,5.571386,14.490668,11.239391,31.3571,0.1125,0.0225,56940,True,5.577556,14.342124,6.66972,26.627584,0.609375,0.121875,11993,True,0.496875,0.099375,0.376386,6.118137
67,rtl->baseline,5.585057,14.343085,7.510449,27.484315,0.1125,0.0225,57043,True,5.641402,14.555574,6.6711,26.915601,0.609375,0.121875,12009,True,0.496875,0.099375,0.383156,6.108006
68,baseline->rtl,5.61999,14.453755,7.506308,27.634269,0.1125,0.0225,56999,True,5.570566,14.395429,6.651687,26.655887,0.609375,0.121875,11996,True,0.496875,0.099375,0.364555,6.115217
69,rtl->baseline,5.610449,14.471536,7.516326,27.643476,0.1125,0.0225,57050,True,5.684147,14.349664,6.692692,26.773627,0.609375,0.121875,12023,True,0.496875,0.099375,0.408779,6.111797
70,baseline->rtl,5.623688,14.401281,11.28941,31.370444,0.1125,0.0225,57056,True,5.635479,14.49004,6.647494,26.812086,0.609375,0.121875,12018,True,0.496875,0.099375,0.369704,6.102823
71,rtl->baseline,5.604876,14.266019,8.209741,28.124889,0.1125,0.0225,56953,True,5.615307,14.298062,6.650054,26.609987,0.609375,0.121875,12001,True,0.496875,0.099375,0.366275,6.111013
72,baseline->rtl,5.565842,14.403362,7.734496,27.756155,0.1125,0.0225,56930,True,5.619668,14.529064,6.675447,26.861361,0.609375,0.121875,12022,True,0.496875,0.099375,0.369425,6.130265
73,rtl->baseline,5.654531,14.302322,7.5706,27.570727,0.1125,0.0225,57060,True,5.628648,14.508632,6.659165,26.843049,0.609375,0.121875,12027,True,0.496875,0.099375,0.375205,6.109124
74,baseline->rtl,5.737399,14.410213,7.553129,27.752684,0.1125,0.0225,57088,True,5.581894,14.300262,6.655495,26.577014,0.609375,0.121875,12019,True,0.496875,0.099375,0.370145,6.111423
75,rtl->baseline,5.671492,14.418193,7.553339,27.687658,0.1125,0.0225,57091,True,5.661861,14.343996,6.657385,26.709096,0.609375,0.121875,12025,True,0.496875,0.099375,0.367885,6.113793
76,baseline->rtl,5.582423,14.444486,7.434088,27.580538,0.1125,0.0225,57150,True,5.54513,14.370348,6.649174,26.603646,0.609375,0.121875,12034,True,0.496875,0.099375,0.366854,6.108194
77,rtl->baseline,5.581763,14.517333,12.029579,32.174899,0.1125,0.0225,57169,True,5.597876,14.369788,6.684527,26.701125,0.609375,0.121875,12038,True,0.496875,0.099375,0.369094,6.139996
78,baseline->rtl,5.637589,14.387211,17.15493,37.233874,0.1125,0.0225,57111,True,5.64025,14.439255,6.899328,27.018356,0.609375,0.121875,12027,True,0.496875,0.099375,0.364844,6.362607
79,rtl->baseline,5.641119,14.331715,9.338737,29.355435,0.1125,0.0225,57075,True,5.600916,14.401381,6.647794,26.697306,0.609375,0.121875,12015,True,0.496875,0.099375,0.362864,6.112214
80,baseline->rtl,5.567632,14.472678,7.510385,27.60511,0.1125,0.0225,57092,True,5.64903,14.49863,6.688157,26.876242,0.609375,0.121875,12028,True,0.496875,0.099375,0.405898,6.108963
81,rtl->baseline,5.602766,14.369228,7.620205,27.635384,0.1125,0.0225,57083,True,5.640479,14.354067,6.693668,26.734519,0.609375,0.121875,12022,True,0.496875,0.099375,0.371715,6.147007
82,baseline->rtl,5.656421,14.295711,7.626556,27.630973,0.1125,0.0225,56881,True,5.6481,14.27433,6.655794,26.616877,0.609375,0.121875,12009,True,0.496875,0.099375,0.367025,6.113394
83,rtl->baseline,5.589154,14.309833,7.616355,27.560546,0.1125,0.0225,57177,True,5.612326,14.537344,6.660015,26.85642,0.609375,0.121875,12036,True,0.496875,0.099375,0.365544,6.120954
84,baseline->rtl,5.655771,14.299112,7.642748,27.650854,0.1125,0.0225,56802,True,5.65154,14.295451,6.655994,26.64091,0.609375,0.121875,11959,True,0.496875,0.099375,0.366444,6.117124
85,rtl->baseline,5.600666,14.284867,7.584338,27.514394,0.1125,0.0225,56818,True,5.575833,14.371449,6.649524,26.645731,0.609375,0.121875,11955,True,0.496875,0.099375,0.363635,6.111864
86,baseline->rtl,5.68796,14.388972,7.624811,27.754019,0.1125,0.0225,56826,True,5.626795,14.337667,6.652771,26.654996,0.609375,0.121875,11980,True,0.496875,0.099375,0.364014,6.11392
87,rtl->baseline,5.57281,14.338378,7.492329,27.45014,0.109375,0.0211875,56848,True,5.598242,14.423205,6.657941,26.727143,0.609375,0.121875,11947,True,0.5,0.1006875,0.369604,6.114241
88,baseline->rtl,5.626774,14.447398,7.497859,27.624977,0.1125,0.0229125,56745,True,5.598813,14.294514,6.670452,26.603692,0.609375,0.121875,11944,True,0.496875,0.0989625,0.374845,6.120941
89,rtl->baseline,5.620664,14.316185,7.535633,27.517357,0.1125,0.022665,56802,True,5.654887,14.344288,6.663192,26.709712,0.609375,0.121875,11953,True,0.496875,0.09921,0.363254,6.126461
90,baseline->rtl,5.57656,14.462819,7.39309,27.485124,0.1125,0.022566,56868,True,5.625915,14.460629,6.74612,26.872667,0.609375,0.121875,11961,True,0.496875,0.099309,0.462073,6.10885
91,rtl->baseline,5.608133,14.562618,8.058861,28.273237,0.109375,0.0212139,56790,True,5.613904,14.348359,6.655541,26.665438,0.609375,0.121875,11948,True,0.5,0.1006611,0.370525,6.11375
92,baseline->rtl,5.620414,14.47344,7.366677,27.515167,0.109375,0.02161056,56754,True,5.642777,14.378192,6.759181,26.819222,0.609375,0.121875,11944,True,0.5,0.10026444,0.364974,6.10937
93,rtl->baseline,5.592642,14.378361,7.409541,27.424529,0.1125,0.023081724,56810,True,5.652727,14.389572,6.667202,26.757786,0.609375,0.121875,11956,True,0.496875,0.098793276,0.372535,6.120911
94,baseline->rtl,5.641416,14.36701,7.439974,27.503235,0.1125,0.02273269,56758,True,5.733294,14.340518,6.685174,26.79735,0.609375,0.121875,11945,True,0.496875,0.09914231,0.368644,6.141793
95,rtl->baseline,5.590562,14.321296,7.490268,27.4467,0.109375,0.021280576,56749,True,5.604873,14.685729,6.680323,27.017921,0.609375,0.121875,11952,True,0.5,0.100594424,0.389176,6.114041
96,baseline->rtl,5.656368,14.468359,7.644903,27.822916,0.1125,0.02294973,56912,True,5.6839,14.281542,6.65205,26.657217,0.609375,0.121875,11970,True,0.496875,0.09892527,0.370764,6.1103
97,rtl->baseline,5.624525,14.399403,7.517251,27.587124,0.1125,0.022679892,56784,True,5.564479,14.462339,6.658861,26.733174,0.609375,0.121875,11990,True,0.496875,0.099195108,0.370814,6.11386
98,baseline->rtl,5.642506,14.384812,7.438164,27.520278,0.1125,0.022571957,56690,True,5.591182,14.491412,6.662121,26.784629,0.609375,0.121875,11954,True,0.496875,0.099303043,0.365654,6.122851
99,rtl->baseline,5.661698,14.318315,7.460406,27.486244,0.1125,0.022528783,56878,True,5.590671,14.340078,6.663042,26.640375,0.609375,0.121875,11989,True,0.496875,0.099346217,0.368315,6.122632
100,baseline->rtl,5.615084,14.407654,7.421642,27.495855,0.1125,0.022511513,56847,True,5.587691,14.48044,6.670462,26.779578,0.609375,0.121875,11992,True,0.496875,0.099363487,0.376385,6.117571
101,rtl->baseline,5.623774,14.242759,7.483747,27.396914,0.1125,0.022504605,56768,True,5.615114,14.377951,6.679263,26.720742,0.609375,0.121875,11977,True,0.496875,0.099370395,0.393036,6.11046
102,baseline->rtl,5.567396,14.395655,7.448961,27.466537,0.1125,0.022501842,56957,True,5.590658,14.366202,6.912391,26.910436,0.609375,0.121875,11991,True,0.496875,0.099373158,0.369844,6.371961
103,rtl->baseline,5.631572,14.364812,7.386084,27.426123,0.1125,0.022500737,56863,True,5.665106,14.396555,6.699452,26.810176,0.609375,0.121875,11961,True,0.496875,0.099374263,0.410358,6.113347
104,baseline->rtl,5.60835,14.407526,7.470683,27.540873,0.1125,0.022500295,56874,True,5.6086,14.496264,6.648957,26.794194,0.609375,0.121875,11958,True,0.496875,0.099374705,0.362654,6.112757
105,rtl->baseline,5.546325,14.357041,7.43777,27.38652,0.1125,0.022500118,56785,True,5.649684,14.309137,6.666068,26.675404,0.609375,0.121875,11960,True,0.496875,0.099374882,0.374685,6.117077
106,baseline->rtl,5.640303,14.34274,7.463432,27.49949,0.1125,0.022500047,56869,True,5.722161,14.377453,6.651567,26.791335,0.609375,0.121875,11964,True,0.496875,0.099374953,0.362464,6.119028
107,rtl->baseline,5.630822,14.298616,7.527318,27.501391,0.1125,0.022500019,56775,True,5.622611,14.416437,6.651537,26.737419,0.609375,0.121875,11969,True,0.496875,0.099374981,0.365134,6.113457
108,baseline->rtl,5.635373,14.370432,7.518997,27.576157,0.1125,0.022500008,56842,True,5.657255,14.466161,6.661467,26.824848,0.609375,0.121875,11975,True,0.496875,0.099374992,0.368105,6.118278
109,rtl->baseline,5.594849,14.291496,7.524678,27.454406,0.1125,0.022500003,56780,True,5.635553,14.505425,6.645126,26.834218,0.609375,0.121875,11953,True,0.496875,0.099374997,0.368004,6.102036
110,baseline->rtl,5.610681,14.507325,7.514307,27.684697,0.1125,0.022500001,56889,True,5.627532,14.344251,6.662018,26.674384,0.609375,0.121875,11989,True,0.496875,0.099374999,0.366384,6.121888
111,rtl->baseline,5.615811,14.379453,8.429202,28.47085,0.1125,0.0225,56833,True,5.590798,14.371503,6.654657,26.663972,0.609375,0.121875,11974,True,0.496875,0.099375,0.364094,6.117028
112,baseline->rtl,5.578307,14.412196,7.624617,27.667536,0.1125,0.0225,56784,True,5.587838,14.404835,6.644736,26.676444,0.609375,0.121875,11946,True,0.496875,0.099375,0.360023,6.113137
113,rtl->baseline,5.646304,14.3395,7.476553,27.508421,0.1125,0.0225,56744,True,5.619431,14.362062,6.651857,26.681004,0.609375,0.121875,11948,True,0.496875,0.099375,0.363064,6.113767
114,baseline->rtl,5.716921,14.440149,7.513037,27.723301,-0.00625,-0.02475,57011,True,5.645894,14.507315,6.657477,26.848459,0.5078125,0.07921875,11976,True,0.5140625,0.10396875,0.363063,6.119858
115,rtl->baseline,5.577917,14.391244,12.938279,32.949875,-0.00625,-0.0099,57005,True,5.635253,14.414487,6.683509,26.781744,0.5078125,0.092625,11973,True,0.5140625,0.102525,0.374634,6.132659
116,baseline->rtl,5.618511,14.633747,7.686943,27.992066,-0.00625,-0.00396,56944,True,5.60001,14.368122,6.916031,26.922327,0.5078125,0.0979875,11979,True,0.5140625,0.1019475,0.369364,6.372701
117,rtl->baseline,5.575327,14.313738,7.491395,27.426163,-0.034375,-0.0160215,57047,True,5.708709,14.455291,6.676469,26.887744,0.4921875,0.09357,11993,True,0.5265625,0.1095915,0.373065,6.130879
118,baseline->rtl,5.608647,14.383726,7.414043,27.458911,-0.034375,-0.0105336,57032,True,5.75705,14.386636,6.675726,26.858116,0.4921875,0.0964905,11999,True,0.5265625,0.1070241,0.391706,6.108923
119,rtl->baseline,5.585535,14.385666,7.49058,27.505115,-0.034375,-0.00833844,57081,True,5.594746,14.395747,6.650053,26.68983,0.4921875,0.0976587,11993,True,0.5265625,0.10599714,0.362184,6.114734
120,baseline->rtl,5.684464,14.330581,7.493421,27.561301,-0.053125,-0.015335376,57072,True,5.678944,14.370735,6.648493,26.736574,0.46875,0.08828223,12018,True,0.521875,0.103617606,0.368914,6.105963
121,rtl->baseline,5.680784,14.267075,7.506192,27.499365,-0.053125,-0.01250915,56862,True,5.63652,14.342462,6.647663,26.673989,0.46875,0.091562892,11965,True,0.521875,0.104072042,0.371414,6.102942
122,baseline->rtl,10.084069,14.576693,8.818543,33.532531,-0.053125,-0.01137866,57116,True,5.693495,14.303438,6.657504,26.695711,0.46875,0.092875157,12020,True,0.521875,0.104253817,0.372194,6.113033
123,rtl->baseline,5.650861,14.312259,9.626397,29.634041,-0.153125,-0.052926464,57028,True,5.618007,14.400237,6.659034,26.724573,0.3671875,0.050743813,11976,True,0.5203125,0.103670277,0.377215,6.110454
124,baseline->rtl,5.589676,14.395996,7.655816,27.695853,-0.153125,-0.039545586,57054,True,5.589255,14.374545,6.653183,26.655437,0.3671875,0.064360025,11980,True,0.5203125,0.103905611,0.369434,6.110023
125,rtl->baseline,5.644961,14.495086,7.672748,27.862298,-0.153125,-0.034193234,57000,True,5.63884,14.465553,6.668935,26.820212,0.3671875,0.06980651,11984,True,0.5203125,0.103999744,0.376504,6.117644
126,baseline->rtl,5.691754,14.374585,7.674977,27.793232,-0.178125,-0.042552294,57223,True,5.651131,14.286337,6.652193,26.627324,0.34375,0.062141354,12028,True,0.521875,0.104693648,0.360383,6.116103
127,rtl->baseline,5.618087,14.282547,7.525794,27.472693,-0.18125,-0.039708417,57213,True,5.665992,14.344532,6.661254,26.719553,0.34375,0.066106542,12053,True,0.525,0.105814959,0.370464,6.115004
128,baseline->rtl,5.597216,14.488555,7.462218,27.601124,-0.178125,-0.036320867,57218,True,5.693555,14.342392,6.676215,26.751836,0.34375,0.067692617,12047,True,0.521875,0.104013484,0.393116,6.112394
129,rtl->baseline,5.549462,14.355083,7.579129,27.531048,-0.2,-0.045090847,57106,True,5.63805,14.336032,6.659433,26.68219,0.3125,0.055202047,12027,True,0.5125,0.100292894,0.372615,6.114143
130,baseline->rtl,5.631249,14.419659,7.478609,27.582372,-0.2,-0.042036339,57099,True,5.647271,14.354364,6.659394,26.699811,0.3125,0.059580819,12016,True,0.5125,0.101617158,0.370814,6.114614
131,rtl->baseline,5.558253,14.307799,7.497812,27.408196,-0.2,-0.040814535,57082,True,5.620328,14.43009,6.658604,26.755766,0.3125,0.061332327,12015,True,0.5125,0.102146862,0.364673,6.120534
132,baseline->rtl,5.676114,14.373235,7.541925,27.643508,-0.2375,-0.056075814,57165,True,5.625489,14.368045,6.655874,26.68862,0.2890625,0.052189181,12045,True,0.5265625,0.108264995,0.364924,6.119504
133,rtl->baseline,5.877772,15.131055,7.738263,28.791344,-0.2375,-0.050930326,57192,True,5.689384,14.389516,6.653134,26.780839,0.2890625,0.055563172,12058,True,0.5265625,0.106493498,0.366064,6.115804
134,baseline->rtl,5.680701,14.338024,7.486466,27.557635,-0.2375,-0.04887213,57228,True,5.672069,14.348945,6.649,26.709707,0.2890625,0.056912769,12049,True,0.5265625,0.105784899,0.359893,6.11678
135,rtl->baseline,5.582881,14.323762,7.475025,27.427664,-0.2875,-0.069048852,56985,True,5.593273,14.357026,6.66212,26.659352,0.234375,0.034483858,11969,True,0.521875,0.10353271,0.372415,6.116861
136,baseline->rtl,5.644167,14.339694,7.553072,27.588698,-0.2875,-0.062119541,56925,True,5.658539,14.301731,6.653339,26.653722,0.234375,0.041918543,11958,True,0.521875,0.104038084,0.364954,6.118101
137,rtl->baseline,5.610354,14.30077,7.502827,27.462486,-0.2875,-0.059347816,56976,True,5.591092,14.378947,6.65815,26.677505,0.234375,0.044892417,11970,True,0.521875,0.104240233,0.371764,6.11356
138,baseline->rtl,5.637446,14.443403,7.556052,27.690927,-0.315625,-0.070051627,57353,True,5.599453,14.357696,6.66298,26.660322,0.2109375,0.036238217,12041,True,0.5265625,0.106289844,0.370154,6.120691
139,rtl->baseline,5.632266,14.306041,7.521339,27.50723,-0.315625,-0.065895651,57439,True,5.660588,14.390899,6.665111,26.764422,0.2109375,0.039807787,12077,True,0.5265625,0.105703438,0.371754,6.118241
140,baseline->rtl,5.691652,14.433282,7.452803,27.630512,-0.315625,-0.06423326,57306,True,5.623625,14.328143,6.662571,26.653092,0.2109375,0.041235615,12045,True,0.5265625,0.105468875,0.369904,6.11754
141,rtl->baseline,5.657079,14.333714,7.513719,27.551585,-0.38125,-0.091130804,57967,True,5.623465,14.573695,6.900392,27.144287,0.1484375,0.015556746,12184,True,0.5296875,0.10668755,0.361953,6.368333
142,baseline->rtl,5.615004,14.340854,7.511348,27.520642,-0.38125,-0.082202322,57977,True,5.640667,14.309781,6.66674,26.657453,0.1484375,0.024035198,12184,True,0.5296875,0.10623752,0.370224,6.122461
143,rtl->baseline,5.600133,14.52366,7.449083,27.645013,-0.38125,-0.078630929,57979,True,5.640007,14.458905,6.66142,26.809907,0.0234375,-0.025073421,12173,True,0.4046875,0.053557508,0.365793,6.121041
144,baseline->rtl,5.667259,14.40905,7.503808,27.632722,-0.415625,-0.091639871,58373,True,5.636496,14.362956,6.659911,26.698576,0.125,0.035439382,12246,True,0.540625,0.127079253,0.369974,6.11669
145,rtl->baseline,5.630436,14.321312,7.675433,27.672845,-0.415625,-0.086530949,58322,True,5.613014,14.403019,6.680462,26.744431,0.125,0.029175753,12243,True,0.540625,0.115706702,0.395366,6.11179
146,baseline->rtl,5.594523,15.203473,7.53325,28.37807,-0.415625,-0.084487379,58364,True,5.694071,14.487657,6.66098,26.880723,0.125,0.026670301,12258,True,0.540625,0.11115768,0.366303,6.122031
147,rtl->baseline,5.639857,14.340934,7.583255,27.60851,-0.4875,-0.113857452,58306,True,5.663269,14.540002,6.651169,26.900745,0.0546875,-0.00386313,12231,True,0.5421875,0.109994322,0.360693,6.117981
148,baseline->rtl,5.66957,14.467405,7.4249,27.61697,-0.4875,-0.104042981,58334,True,5.686712,14.377847,6.665921,26.770583,0.0546875,0.005017248,12247,True,0.5421875,0.109060229,0.364053,6.125191
149,rtl->baseline,5.604013,14.339404,7.510578,27.49969,-0.4875,-0.100117192,58304,True,5.586382,14.446133,6.65925,26.73874,0.0546875,0.008569399,12233,True,0.5421875,0.108686591,0.369904,6.117751
150,baseline->rtl,5.682221,14.315175,7.487042,27.537954,-0.521875,-0.112984377,58248,True,5.626703,14.442326,6.670718,26.778419,0.0234375,-0.00313474,12210,True,0.5453125,0.109849637,0.376995,6.120668
151,rtl->baseline,5.610391,14.289882,7.517814,27.462671,-0.521875,-0.107818751,58271,True,5.721791,14.353357,6.653736,26.778429,0.0234375,0.001558604,12214,True,0.5453125,0.109377355,0.368993,6.111327
152,baseline->rtl,5.633223,14.345166,7.480631,27.513116,-0.521875,-0.1057525,58271,True,5.655425,14.353708,6.656286,26.706312,0.0234375,0.003435942,12213,True,0.5453125,0.109188442,0.368644,6.114147
153,rtl->baseline,5.615331,14.27679,7.484272,27.421228,-0.56875,-0.1246135,57966,True,5.624252,14.412522,6.657536,26.741486,-0.0390625,-0.022063123,12128,True,0.5296875,0.102550377,0.369814,6.113477
154,baseline->rtl,5.586189,14.348997,7.536136,27.525017,-0.56875,-0.1180954,57980,True,5.609711,14.311223,6.907429,26.867117,-0.0390625,-0.013512749,12135,True,0.5296875,0.104582651,0.366133,6.36641
155,rtl->baseline,5.658686,14.292682,7.492832,27.489514,-0.56875,-0.11548816,57962,True,5.649315,14.635483,6.671208,27.003339,-0.0390625,-0.0100926,12134,True,0.5296875,0.10539556,0.383545,6.113486
156,baseline->rtl,5.703939,14.451586,7.429726,27.638467,-0.584375,-0.121007764,58043,True,5.743633,14.394191,6.659377,26.837694,-0.0625,-0.01856829,12182,True,0.521875,0.102439474,0.369234,6.116287
157,rtl->baseline,5.617462,14.326215,7.494753,27.484264,-0.584375,-0.118528106,58047,True,5.567237,14.587259,6.658777,26.860766,-0.1875,-0.067427316,12187,True,0.396875,0.05110079,0.370634,6.112536
158,baseline->rtl,5.640064,14.409312,7.508824,27.613425,-0.584375,-0.117536242,58061,True,5.608781,14.458517,6.671148,26.778819,-0.0625,0.003029074,12179,True,0.521875,0.120565316,0.368514,6.111226
159,rtl->baseline,5.59477,14.322375,7.559119,27.521697,-0.790625,-0.203764497,48881,True,5.639474,14.517743,6.677639,26.883249,-0.2734375,-0.094882121,10134,True,0.5171875,0.108882376,0.373304,6.130698
160,baseline->rtl,5.653184,14.356568,7.456829,27.520077,-0.790625,-0.176380799,48891,True,5.681978,14.295552,6.666487,26.68311,-0.2734375,-0.070765348,10135,True,0.5171875,0.105615451,0.370693,6.122508
161,rtl->baseline,5.60089,14.280471,10.09374,30.022775,-0.790625,-0.16542732,48891,True,5.579358,14.436055,6.793929,26.857907,-0.265625,-0.057837389,10134,True,0.525,0.107589931,0.373494,6.240548
162,baseline->rtl,5.578088,14.528663,7.514304,27.675201,-0.80625,-0.167608428,47754,True,5.601811,14.374659,6.91158,26.926423,-0.28125,-0.061572456,9889,True,0.525,0.106035972,0.369914,6.36589
163,rtl->baseline,5.626263,14.311634,7.428367,27.409867,-0.80625,-0.163793371,47748,True,5.645484,14.416413,6.652616,26.763178,-0.28125,-0.058378982,9892,True,0.525,0.105414389,0.362583,6.116877
164,baseline->rtl,5.650164,14.351497,7.450839,27.505776,-0.80625,-0.162267348,47742,True,5.5975,14.37792,6.903438,26.918842,-0.28125,-0.057101593,9890,True,0.525,0.105165755,0.360752,6.36801
165,rtl->baseline,5.642654,14.298083,7.452939,27.437959,-0.815625,-0.165594439,46744,True,5.702079,14.361748,6.69234,26.805972,-0.2890625,-0.059871887,9690,True,0.5265625,0.105722552,0.373464,6.14984
166,baseline->rtl,5.659536,14.388899,7.39286,27.493998,-0.815625,-0.164112776,46730,True,5.660492,14.478631,6.677844,26.857072,-0.2890625,-0.058636255,9686,True,0.5265625,0.105476521,0.391456,6.111944
167,rtl->baseline,5.580296,14.360991,14.425417,34.413146,-0.815625,-0.16352011,46738,True,5.654812,14.35165,6.653062,26.708558,-0.2890625,-0.058142002,9684,True,0.5265625,0.105378108,0.367184,6.109524
168,baseline->rtl,5.675384,14.305286,7.456466,27.490209,-0.834375,-0.171158044,44744,True,5.593966,14.344129,6.666874,26.643182,-0.3125,-0.067788051,9256,True,0.521875,0.103369993,0.373804,6.117414
169,rtl->baseline,5.585046,14.397823,10.889086,30.91598,-0.834375,-0.168588218,44736,True,5.63111,14.385133,6.689196,26.752972,-0.3125,-0.06461522,9256,True,0.521875,0.103972998,0.368283,6.114723
170,baseline->rtl,5.617048,14.515495,8.752553,28.938921,-0.834375,-0.167560287,44742,True,5.641011,14.347489,6.662603,26.691097,-0.3125,-0.063346088,9256,True,0.521875,0.104214199,0.369453,6.121714
171,rtl->baseline,5.656923,14.265922,8.398661,28.366679,-0.86875,-0.181586615,42158,True,5.643941,14.461029,6.915676,27.067891,-0.34375,-0.075963435,8723,True,0.525,0.10562318,0.372293,6.370416
172,baseline->rtl,5.595626,14.534826,8.493249,28.676257,-0.86875,-0.176884646,42146,True,5.721458,14.321446,6.672684,26.755593,-0.34375,-0.071635374,8720,True,0.525,0.105249272,0.367853,6.132415
173,rtl->baseline,5.557164,14.274852,7.590507,27.465967,-0.86875,-0.175003858,42152,True,5.658812,14.352419,6.690636,26.749732,-0.34375,-0.06990415,8720,True,0.525,0.105099708,0.366573,6.149596
174,baseline->rtl,5.644021,14.370911,16.597853,36.668241,-0.86875,-0.174251543,42346,True,5.661323,14.328758,6.658253,26.689486,-0.34375,-0.06921166,8773,True,0.525,0.105039883,0.365913,6.118704
175,rtl->baseline,5.557243,14.278123,7.407521,27.290751,-0.865625,-0.172638117,42386,True,5.620809,14.361841,6.647542,26.675406,-0.34375,-0.068934664,8777,True,0.521875,0.103703453,0.364513,6.108023
176,baseline->rtl,5.622569,14.654337,10.778786,31.109867,-0.865625,-0.172930247,42364,True,5.587186,14.335728,6.689976,26.650793,-0.34375,-0.068823866,8776,True,0.521875,0.104106381,0.369133,6.120584
177,rtl->baseline,5.540032,14.332878,7.452195,27.373149,-0.85625,-0.169109599,42614,True,5.659693,14.311385,6.664654,26.684796,-0.3359375,-0.065498296,8816,True,0.5203125,0.103611303,0.370433,6.117384
178,baseline->rtl,5.599087,14.441287,7.425782,27.519821,-0.85625,-0.17039384,42606,True,5.592806,14.323397,6.662463,26.61726,-0.3359375,-0.066511818,8815,True,0.5203125,0.103882022,0.368163,6.118814
179,rtl->baseline,5.591156,14.345589,7.465896,27.449526,-0.85625,-0.170907536,42622,True,5.732589,14.286523,6.658383,26.724589,-0.3359375,-0.066917227,8814,True,0.5203125,0.103990309,0.368953,6.115524
180,baseline->rtl,5.610768,14.397274,11.016098,31.078224,-0.85625,-0.171113014,42582,True,5.617369,14.361581,6.651953,26.670515,-0.3359375,-0.067079391,8819,True,0.5203125,0.104033623,0.370524,6.108223
181,rtl->baseline,5.588656,14.300955,7.445844,27.381299,-0.85625,-0.171195206,42586,True,5.652732,14.324877,6.656753,26.681306,-0.3359375,-0.067144256,8819,True,0.5203125,0.10405095,0.369104,6.112514
182,baseline->rtl,5.640738,14.359762,7.434159,27.489004,-0.85625,-0.171228082,42607,True,5.623607,14.542699,6.658369,26.864379,-0.3359375,-0.067170203,8823,True,0.5203125,0.104057879,0.365633,6.119441
183,rtl->baseline,5.601315,14.355732,7.375854,27.377575,-0.853125,-0.169928733,42762,True,5.684092,14.323979,6.656479,26.711604,-0.3359375,-0.067180581,8866,True,0.5171875,0.102748152,0.368813,6.1151
184,baseline->rtl,5.601014,14.44642,11.190477,31.289756,-0.853125,-0.170346493,42744,True,5.634178,14.346381,6.657039,26.677322,-0.3359375,-0.067184732,8867,True,0.5171875,0.103161761,0.368773,6.1143
185,rtl->baseline,5.654139,14.399096,7.44301,27.543369,-0.853125,-0.170513597,42746,True,5.623046,14.347221,6.654359,26.672031,-0.3359375,-0.067186393,8858,True,0.5171875,0.103327204,0.368033,6.11299
186,baseline->rtl,5.619006,14.6692,17.151393,37.492644,-0.840625,-0.165330439,43163,True,6.033513,14.373044,6.646938,27.094448,-0.3203125,-0.060624557,8931,True,0.5203125,0.104705882,0.367503,6.10558
187,rtl->baseline,5.620416,14.321899,8.134152,28.122401,-0.840625,-0.167007176,43180,True,5.576752,14.320549,6.65769,26.602725,-0.4453125,-0.115187323,8873,True,0.3953125,0.051819853,0.366753,6.1144
188,baseline->rtl,5.67317,14.33238,7.539858,27.597024,-0.840625,-0.16767787,43185,True,5.695613,14.348331,6.649438,26.733617,-0.3203125,-0.047012429,8935,True,0.5203125,0.120665441,0.364682,6.11088
189,rtl->baseline,5.607484,14.345701,7.45009,27.447561,-0.8375,-0.166633648,43361,True,5.613125,14.346501,6.713724,26.720045,-0.3125,-0.053961222,8974,True,0.525,0.112672426,0.364923,6.173366
190,baseline->rtl,5.661189,14.405177,7.504626,27.624077,-0.8375,-0.167153459,43372,True,5.687582,14.548639,6.899191,27.175076,-0.3125,-0.059084489,8967,True,0.525,0.10806897,0.380284,6.34123
191,rtl->baseline,5.77818,14.356493,12.577743,32.759538,-0.8375,-0.167361384,43373,True,5.635258,14.426579,6.660799,26.7703,-0.3125,-0.061133795,8968,True,0.525,0.106227589,0.375334,6.11145
192,baseline->rtl,5.608615,14.380034,7.492414,27.535559,-0.8375,-0.167444553,43456,True,5.593804,14.513207,6.66436,26.810263,-0.3125,-0.061953518,8990,True,0.525,0.105491035,0.370663,6.120141
193,rtl->baseline,5.566251,14.302557,7.543719,27.458172,-0.8375,-0.167477821,43457,True,5.644088,14.418868,6.682022,26.792232,-0.3125,-0.062281407,8991,True,0.525,0.105196414,0.396436,6.1091
194,baseline->rtl,5.624696,14.398126,7.570611,27.646599,-0.8375,-0.167491129,43431,True,5.650639,14.469113,6.660389,26.820594,-0.3125,-0.062412563,8993,True,0.525,0.105078566,0.369744,6.113951
195,rtl->baseline,5.608535,14.468443,15.352462,35.473623,-0.8375,-0.167496451,43518,True,5.614936,14.340141,6.66399,26.667451,-0.3125,-0.062465025,9006,True,0.525,0.105031426,0.375743,6.1133
196,baseline->rtl,5.628707,14.368193,7.498145,27.549359,-0.8375,-0.167498581,43502,True,5.578402,14.44499,6.640648,26.704593,-0.3125,-0.06248601,9006,True,0.525,0.105012571,0.360193,6.10839
197,rtl->baseline,5.651889,14.29545,7.480469,27.474343,-0.8375,-0.167499432,43502,True,5.589823,14.387255,6.654049,26.679892,-0.3125,-0.062494404,9010,True,0.525,0.105005028,0.373224,6.10819
198,baseline->rtl,5.723552,14.335572,7.49109,27.60149,-0.8375,-0.167499773,43833,True,5.644515,14.401049,6.658916,26.742773,-0.3125,-0.062497762,9082,True,0.525,0.105002011,0.369753,6.113307
199,rtl->baseline,5.637195,14.30223,7.464278,27.449197,-0.8375,-0.167499909,43851,True,5.641885,14.378136,6.661576,26.728942,-0.3125,-0.062499105,9086,True,0.525,0.105000804,0.372303,6.114767
200,baseline->rtl,5.709581,14.30922,7.513912,27.584488,-0.8375,-0.167499964,43827,True,5.653745,14.327932,6.900297,26.922199,-0.3125,-0.062499642,9084,True,0.525,0.105000322,0.368173,6.360319
201,rtl->baseline,5.566028,14.272467,7.502341,27.38645,-0.825,-0.162249985,44227,True,5.589981,14.360125,6.652985,26.649335,-0.3046875,-0.059218607,9159,True,0.5203125,0.103031378,0.367333,6.111517
202,baseline->rtl,5.58487,14.324452,7.443806,27.407483,-0.825,-0.163899994,44220,True,5.619123,14.53419,6.661336,26.852883,-0.3046875,-0.060249943,9161,True,0.5203125,0.103650051,0.369133,6.116077
203,rtl->baseline,5.57952,14.237244,7.397352,27.259279,-0.825,-0.164559998,44233,True,5.674128,14.326822,6.664846,26.71231,-0.3046875,-0.060662477,9163,True,0.5203125,0.103897521,0.371274,6.116167
204,baseline->rtl,5.661896,14.30416,7.418374,27.439965,-0.825,-0.164823999,44486,True,5.622963,14.315901,6.676697,26.654926,-0.3046875,-0.060827491,9220,True,0.5203125,0.103996508,0.364082,6.1412
205,rtl->baseline,5.59398,14.349294,7.435065,27.422744,-0.825,-0.1649296,44480,True,5.58467,14.453194,6.648665,26.731302,-0.3046875,-0.060893496,9216,True,0.5203125,0.104036104,0.358882,6.116818
206,baseline->rtl,5.628304,14.381767,7.447167,27.510821,-0.825,-0.16497184,44533,True,5.621203,14.535131,6.685939,26.882045,-0.3046875,-0.060919899,9226,True,0.5203125,0.104051941,0.373244,6.138079
207,rtl->baseline,5.570048,14.344593,7.422474,27.38216,-0.821875,-0.163676236,44888,True,5.595181,14.360305,6.904838,26.907927,-0.296875,-0.057649209,9304,True,0.525,0.106027027,0.363483,6.36851
208,baseline->rtl,5.670907,14.359875,7.453847,27.539904,-0.821875,-0.164095494,44893,True,5.70214,14.375667,6.664907,26.781296,-0.296875,-0.058684684,9292,True,0.525,0.10541081,0.371803,6.116427
209,rtl->baseline,5.638085,14.285899,7.456647,27.424434,-0.821875,-0.164263198,44908,True,5.625333,14.445643,6.654146,26.773096,-0.296875,-0.059098874,9299,True,0.525,0.105164324,0.365623,6.113077
210,baseline->rtl,5.632034,14.372456,7.467678,27.526913,-0.809375,-0.159080279,45596,True,5.623053,14.321791,6.666676,26.649675,-0.2890625,-0.055983299,9451,True,0.5203125,0.10309698,0.369323,6.122328
211,rtl->baseline,5.599101,14.469925,7.462517,27.574617,-0.809375,-0.160757112,45591,True,5.608442,14.563893,6.680538,26.900197,-0.2890625,-0.05708082,9450,True,0.5203125,0.103676292,0.362233,6.14346
212,baseline->rtl,5.650186,14.352885,7.467258,27.522643,-0.815625,-0.164052845,45618,True,5.615453,14.326552,6.659926,26.642014,-0.2890625,-0.057519828,9451,True,0.5265625,0.106533017,0.369373,6.117158
213,rtl->baseline,5.554347,14.30314,7.373456,27.277867,-0.80625,-0.159558638,46231,True,5.563628,14.451324,6.653125,26.714721,-0.28125,-0.054414181,9578,True,0.525,0.105144457,0.368053,6.111397
214,baseline->rtl,5.652983,14.344996,7.481426,27.532709,-0.80625,-0.160573455,46217,True,5.62349,14.396461,6.655682,26.716317,-0.28125,-0.055515672,9578,True,0.525,0.105057783,0.363342,6.115584
215,rtl->baseline,5.577476,14.309442,7.389547,27.32328,-0.80625,-0.160979382,46223,True,5.646273,14.38268,6.654992,26.731628,-0.28125,-0.055956269,9579,True,0.525,0.105023113,0.364963,6.114624
216,baseline->rtl,5.707217,14.332455,7.41514,27.507477,-0.790625,-0.154579253,47274,True,5.632701,14.464207,6.670164,26.808475,-0.2734375,-0.052851258,9796,True,0.5171875,0.101727995,0.379234,6.115274
217,rtl->baseline,5.578426,14.364348,7.463314,27.453142,-0.790625,-0.156706701,47272,True,5.661423,14.339396,6.658733,26.707446,-0.2734375,-0.053953003,9802,True,0.5171875,0.102753698,0.368173,6.115104
218,baseline->rtl,5.653273,14.355557,7.42018,27.480965,-0.790625,-0.15755768,47280,True,5.648583,14.366028,6.662272,26.715397,-0.2734375,-0.054393701,9799,True,0.5171875,0.103163979,0.367113,6.117965
219,rtl->baseline,5.605099,14.294782,7.475495,27.421309,-0.7875,-0.156585572,47857,True,5.696567,14.334505,6.656813,26.735428,-0.265625,-0.05128873,9924,True,0.521875,0.105296842,0.364333,6.115274
220,baseline->rtl,5.669344,14.352247,7.409969,27.485105,-0.7875,-0.157134229,47831,True,5.633741,14.398551,6.673153,26.74708,-0.265625,-0.052390492,9931,True,0.521875,0.104743737,0.376703,6.121975
221,rtl->baseline,5.569226,14.299502,7.438201,27.352933,-0.7875,-0.157353692,47829,True,5.680826,14.516932,6.657643,26.901843,-0.265625,-0.052831197,9930,True,0.521875,0.104522495,0.367063,6.116584
222,baseline->rtl,5.586787,14.339166,7.508947,27.486455,-0.771875,-0.150878977,49042,True,5.601698,14.346146,6.679124,26.666803,-0.25,-0.046444979,10175,True,0.521875,0.104433998,0.369323,6.114774
223,rtl->baseline,5.6306,14.310053,7.463554,27.448002,-0.771875,-0.152976591,49016,True,5.634471,14.458716,6.661292,26.801394,-0.25,-0.048577992,10179,True,0.521875,0.104398599,0.367733,6.120795
224,baseline->rtl,5.612869,14.509711,7.549082,27.724616,-0.771875,-0.153815636,49051,True,5.602438,14.375009,6.667813,26.684964,-0.25,-0.049431197,10177,True,0.521875,0.104384439,0.370523,6.123745
225,rtl->baseline,5.629721,14.318594,7.398308,27.391797,-0.7625,-0.150213755,49554,True,5.615819,14.39262,6.664633,26.720067,-0.25,-0.049772479,10283,True,0.5125,0.100441276,0.386504,6.107133
226,baseline->rtl,5.629951,14.510281,7.445883,27.638499,-0.7625,-0.151585502,49542,True,5.592357,14.369568,6.652602,26.653701,-0.25,-0.049908991,10289,True,0.5125,0.101676511,0.364872,6.112704
227,rtl->baseline,5.622881,14.460637,7.443282,27.573843,-0.7625,-0.152134201,49566,True,5.640082,14.410021,6.687805,26.786293,-0.25,-0.049963597,10288,True,0.5125,0.102170604,0.399805,6.112503
228,baseline->rtl,5.637722,14.356067,7.489696,27.536819,-0.746875,-0.14579118,50336,True,5.574876,14.554815,6.665053,26.833387,-0.234375,-0.043422939,10464,True,0.5125,0.102368241,0.373693,6.116164
229,rtl->baseline,5.62097,14.27819,7.52593,27.469904,-0.753125,-0.150566472,50370,True,5.650193,14.311543,6.649981,26.658812,-0.234375,-0.045494175,10471,True,0.51875,0.105072297,0.369533,6.105413
230,baseline->rtl,5.661891,14.371691,7.416326,27.503432,-0.753125,-0.150601589,50320,True,5.6475,14.320116,6.651918,26.657938,-0.359375,-0.09882267,10395,True,0.39375,0.051778919,0.363262,6.117031
231,rtl->baseline,5.602896,14.480721,8.373881,28.501471,-0.74375,-0.146678136,50995,True,5.625228,14.333708,6.661769,26.667978,-0.2265625,-0.026872818,10610,True,0.5171875,0.119805318,0.373693,6.11573
232,baseline->rtl,5.600605,14.416685,7.34205,27.412484,-0.74375,-0.147921254,50971,True,5.717375,14.546996,6.894919,27.198015,-0.2265625,-0.037936627,10598,True,0.5171875,0.109984627,0.360241,6.363943
233,rtl->baseline,5.627448,14.318916,7.343019,27.333887,-0.740625,-0.147106002,51149,True,5.596885,14.383272,6.663199,26.690651,-0.2265625,-0.042362151,10627,True,0.5140625,0.104743851,0.369883,6.119401
234,baseline->rtl,5.626707,14.315706,7.388073,27.384802,-0.728125,-0.142467401,52220,True,5.600226,14.494352,6.661359,26.79426,-0.2109375,-0.03756986,10876,True,0.5171875,0.104897541,0.369193,6.119051
235,rtl->baseline,5.567002,14.514063,8.14461,28.27219,-0.73125,-0.14567446,52257,True,5.623437,14.356409,6.660349,26.68897,-0.2109375,-0.040340444,10879,True,0.5203125,0.105334016,0.371633,6.114421
236,baseline->rtl,5.64574,14.416694,7.34563,27.461508,-0.728125,-0.144707284,52463,True,5.65925,14.567028,6.68158,26.947633,-0.2109375,-0.041448678,10910,True,0.5171875,0.103258606,0.399476,6.1082
237,rtl->baseline,5.575383,14.355859,7.407555,27.384972,-0.728125,-0.145257914,52382,True,5.584304,14.36096,6.679901,26.672649,-0.2109375,-0.041891971,10915,True,0.5171875,0.103365943,0.373293,6.132323
238,baseline->rtl,5.735807,14.329737,7.46931,27.588469,-0.728125,-0.145478165,52373,True,5.65768,14.366031,6.6716,26.735795,-0.2109375,-0.042069288,10910,True,0.5171875,0.103408877,0.376324,6.122061
239,rtl->baseline,5.619316,14.452428,7.440498,27.555977,-0.728125,-0.145566266,52379,True,5.595074,14.448848,6.666549,26.758506,-0.2109375,-0.042140215,10913,True,0.5171875,0.103426051,0.374733,6.117411
240,baseline->rtl,5.631728,14.35876,7.460029,27.502882,-0.715625,-0.140351506,53059,True,5.65786,14.346789,6.67226,26.717233,-0.203125,-0.038887336,11063,True,0.5125,0.10146417,0.366602,6.132342
241,rtl->baseline,5.594764,14.327847,7.398644,27.367701,-0.715625,-0.142015603,53074,True,5.599245,14.384082,6.658899,26.68917,-0.203125,-0.039929934,11071,True,0.5125,0.102085669,0.364252,6.118571
242,baseline->rtl,5.638629,14.35726,7.446618,27.495732,-0.715625,-0.142681241,53053,True,5.616127,14.36237,6.665539,26.68223,-0.203125,-0.040346974,11067,True,0.5125,0.102334267,0.369422,6.122441
243,rtl->baseline,5.54519,14.342329,7.437688,27.369991,-0.7125,-0.141634996,53071,True,5.589575,14.421226,6.658719,26.718102,-0.203125,-0.04051379,11084,True,0.509375,0.101121206,0.368493,6.117481
244,baseline->rtl,5.655631,14.404254,7.422836,27.534555,-0.7125,-0.142153999,53064,True,5.683163,14.497682,6.660359,26.880417,-0.203125,-0.040580516,11070,True,0.509375,0.101573483,0.369232,6.116771
245,rtl->baseline,5.607266,14.269282,7.390204,27.312086,-0.7125,-0.142361599,53065,True,5.603035,14.429406,6.662129,26.741595,-0.203125,-0.040607206,11084,True,0.509375,0.101754393,0.373713,6.111631
246,baseline->rtl,5.635708,14.298558,7.463556,27.451987,-0.709375,-0.14113214,53584,True,5.620254,14.539878,6.663726,26.864292,-0.1953125,-0.037336633,11177,True,0.5140625,0.103795507,0.368872,6.119108
247,rtl->baseline,5.609873,14.308668,7.409481,27.373667,-0.709375,-0.141577856,53592,True,5.634986,14.374574,6.662195,26.717239,-0.1953125,-0.038372153,11173,True,0.5140625,0.103205703,0.371043,6.115408
248,baseline->rtl,5.649086,14.369063,7.450925,27.52158,-0.709375,-0.141756142,53578,True,5.630725,14.360102,6.665936,26.695117,-0.1953125,-0.038786361,11171,True,0.5140625,0.102969781,0.376804,6.116457
249,rtl->baseline,5.599612,14.371624,7.51347,27.53122,-0.709375,-0.141827457,53737,True,5.689931,14.346452,6.689748,26.773704,-0.1875,-0.035670794,11221,True,0.521875,0.106156663,0.362262,6.119468
250,baseline->rtl,5.669179,14.402976,7.567666,27.693595,-0.709375,-0.141855983,53765,True,5.611883,14.430898,6.657485,26.740481,-0.1875,-0.036768318,11215,True,0.521875,0.105087665,0.368292,6.112557
251,rtl->baseline,5.68188,14.32672,7.466397,27.518779,-0.709375,-0.141867393,53761,True,5.599453,14.631057,6.659106,26.938198,-0.1875,-0.037207327,11216,True,0.521875,0.104660066,0.371773,6.112617
252,baseline->rtl,5.669629,14.326499,7.553334,27.604337,-0.709375,-0.141871957,53901,True,5.594782,14.302618,6.683128,26.61947,-0.1875,-0.037382931,11236,True,0.521875,0.104489026,0.372063,6.13729
253,rtl->baseline,5.550708,14.356783,7.493779,27.447303,-0.709375,-0.141873783,53913,True,5.733184,14.386625,6.667546,26.834139,-0.1875,-0.037453172,11235,True,0.521875,0.104420611,0.371153,6.122268
254,baseline->rtl,5.585991,14.386805,7.444575,27.470205,-0.709375,-0.141874513,53891,True,5.662838,14.32657,6.673617,26.701907,-0.1875,-0.037481269,11231,True,0.521875,0.104393244,0.391205,6.108987
255,rtl->baseline,5.637615,14.302657,7.633381,27.620468,-0.696875,-0.136624805,54439,True,5.727324,14.301568,6.666116,26.742191,-0.1796875,-0.034211258,11358,True,0.5171875,0.102413547,0.373583,6.118618
256,baseline->rtl,5.631975,14.383625,7.434863,27.505658,-0.696875,-0.138274922,54428,True,5.657248,14.662039,6.695118,27.052629,-0.1796875,-0.035247003,11366,True,0.5171875,0.103027919,0.369992,6.115568
257,rtl->baseline,5.58225,14.368403,7.372408,27.367727,-0.696875,-0.138934969,54445,True,5.582391,14.350641,6.665436,26.647082,-0.1796875,-0.035661301,11353,True,0.5171875,0.103273668,0.371283,6.119658
258,baseline->rtl,5.627995,14.664489,7.472767,27.818686,-0.69375,-0.137886488,54847,True,5.624055,14.362593,6.665616,26.691037,-0.1796875,-0.03582702,11452,True,0.5140625,0.102059468,0.372863,6.119938
259,rtl->baseline,5.604343,14.462072,7.369697,27.482986,-0.69375,-0.138404595,54873,True,5.629264,14.377004,6.675157,26.73043,-0.1796875,-0.035893308,11455,True,0.5140625,0.102511287,0.376543,6.125208
260,baseline->rtl,5.681259,14.399866,7.473187,27.606847,-0.69375,-0.138611838,54909,True,5.642336,14.504745,6.667646,26.857501,-0.1796875,-0.035919823,11458,True,0.5140625,0.102692015,0.374363,6.121358
261,rtl->baseline,5.615614,14.328539,7.520201,27.510879,-0.684375,-0.134757235,54875,True,5.595462,14.381344,6.883515,26.907345,-0.171875,-0.032649179,11446,True,0.5125,0.102108056,0.362041,6.348969
262,baseline->rtl,5.627735,14.384274,7.516336,27.58176,-0.684375,-0.136027894,54906,True,5.600859,14.348244,6.656692,26.645989,-0.171875,-0.033684672,11463,True,0.5125,0.102343222,0.368902,6.114225
263,rtl->baseline,5.618101,14.312501,7.505356,27.481322,-0.684375,-0.136536158,54893,True,5.575277,14.473115,6.668953,26.76479,-0.171875,-0.034098869,11445,True,0.5125,0.102437289,0.372173,6.119945
264,baseline->rtl,5.614361,14.352254,7.531169,27.548497,-0.678125,-0.134114463,54885,True,5.647523,14.332902,6.699576,26.717745,-0.15625,-0.027702047,11473,True,0.521875,0.106412416,0.369512,6.157328
265,rtl->baseline,5.563536,14.358375,7.499296,27.466621,-0.678125,-0.135020785,54934,True,5.621011,14.436071,6.679624,26.784081,-0.1640625,-0.033112069,11471,True,0.5140625,0.101908716,0.392604,6.112794
266,baseline->rtl,5.622231,14.409089,7.501265,27.585161,-0.678125,-0.135383314,54931,True,5.732491,14.393488,6.665802,26.830685,-0.1640625,-0.032932328,11478,True,0.5140625,0.102450986,0.374373,6.117785
267,rtl->baseline,5.654104,14.269018,13.521962,33.490417,-0.665625,-0.130278326,55733,True,5.649554,14.394528,6.907253,26.99914,-0.1484375,-0.026297931,11645,True,0.5171875,0.103980395,0.369393,6.363436
268,baseline->rtl,5.622321,14.424781,7.635098,27.737005,-0.665625,-0.13198633,55708,True,5.660225,14.331903,6.937356,26.968317,-0.1484375,-0.028331672,11644,True,0.5171875,0.103654658,0.373393,6.379257
269,rtl->baseline,5.593909,14.42559,7.600054,27.665978,-0.665625,-0.132669532,55678,True,5.647813,14.340693,6.666863,26.702964,-0.1484375,-0.029145169,11633,True,0.5171875,0.103524363,0.373742,6.119334
270,baseline->rtl,5.597889,14.341513,7.588873,27.579611,-0.653125,-0.127692813,55959,True,5.60701,14.365925,6.664572,26.676432,-0.1328125,-0.022908068,11689,True,0.5203125,0.104784745,0.372042,6.120915
271,rtl->baseline,5.619902,14.292569,7.530578,27.487893,-0.653125,-0.129452125,56002,True,5.620541,14.386417,6.704696,26.759469,-0.1328125,-0.025100727,11689,True,0.5203125,0.104351398,0.369002,6.158619
272,baseline->rtl,5.647433,14.560693,7.526148,27.788269,-0.653125,-0.13015585,55878,True,5.6058,14.343804,6.659232,26.646709,-0.1328125,-0.025977791,11668,True,0.5203125,0.104178059,0.368523,6.116804
273,rtl->baseline,5.6086,14.285368,7.530228,27.470191,-0.64375,-0.12649984,55536,True,5.763004,14.382897,6.682414,26.875559,-0.125,-0.023047366,11601,True,0.51875,0.103452474,0.366932,6.111525
274,baseline->rtl,5.646863,14.560883,7.555471,27.816901,-0.64375,-0.127849936,55479,True,5.534853,14.383197,6.667112,26.624617,-0.125,-0.024218947,11579,True,0.51875,0.103630989,0.373373,6.120245
275,rtl->baseline,5.662605,14.29916,7.479264,27.487203,-0.64375,-0.128389974,55510,True,5.664645,14.674262,6.656462,27.045494,-0.125,-0.024687579,11592,True,0.51875,0.103702395,0.368482,6.113135
276,baseline->rtl,5.675736,14.29931,7.66491,27.69344,-0.6375,-0.12598099,56558,True,5.597989,14.30039,6.668303,26.604485,-0.125,-0.024875031,11822,True,0.5125,0.101105959,0.372632,6.124315
277,rtl->baseline,5.595059,14.243055,7.605795,27.489413,-0.6375,-0.126892396,56509,True,5.655514,14.332183,6.663183,26.698633,-0.125,-0.024950013,11817,True,0.5125,0.101942383,0.374243,6.114935
278,baseline->rtl,5.626331,14.564553,7.473049,27.717159,-0.6375,-0.127256958,56525,True,5.687744,14.338415,6.683261,26.747904,-0.125,-0.024980005,11816,True,0.5125,0.102276953,0.398634,6.110981
279,rtl->baseline,5.581935,14.362038,7.636324,27.62467,-0.65,-0.132652783,56768,True,5.617018,14.3826,6.664579,26.711721,-0.1328125,-0.028273252,11848,True,0.5171875,0.104379531,0.370183,6.117851
280,baseline->rtl,5.655251,14.419153,7.562197,27.688536,-0.65,-0.131061113,56774,True,5.673653,14.402571,6.666499,26.782797,-0.1328125,-0.027246801,11853,True,0.5171875,0.103814312,0.370842,6.121632
281,rtl->baseline,5.63066,14.338406,7.549285,27.563535,-0.65,-0.130424445,56746,True,5.595866,14.645572,6.664079,26.954202,-0.1328125,-0.02683622,11846,True,0.5171875,0.103588225,0.373572,6.114782
282,baseline->rtl,5.661492,14.328345,7.522863,27.566065,-0.653125,-0.131482278,56626,True,5.673343,14.754322,6.727775,27.192673,-0.1328125,-0.026671988,11862,True,0.5203125,0.10481029,0.382743,6.152305
283,rtl->baseline,5.552933,14.357668,16.476452,36.433316,-0.653125,-0.130967911,56612,True,5.613487,14.402042,6.657169,26.720402,-0.1328125,-0.026606295,11842,True,0.5203125,0.104361616,0.374292,6.108301
284,baseline->rtl,5.608868,14.377739,11.521921,31.563302,-0.65,-0.129449665,56618,True,5.575994,14.529312,6.67374,26.81771,-0.1328125,-0.026580018,11828,True,0.5171875,0.102869647,0.378103,6.119392
285,rtl->baseline,5.585205,14.363618,7.517223,27.512121,-0.6625,-0.135029866,57341,True,5.633979,14.50494,6.67645,26.863014,-0.140625,-0.029850757,11975,True,0.521875,0.105179109,0.394164,6.107671
286,baseline->rtl,5.583446,14.444895,7.546186,27.62784,-0.6625,-0.133511946,57300,True,5.593556,14.539094,6.661059,26.833471,-0.140625,-0.028815303,11973,True,0.521875,0.104696643,0.369502,6.116032
287,rtl->baseline,5.583185,14.329195,7.543355,27.501029,-0.6625,-0.132904779,57302,True,5.629459,14.586457,6.659588,26.92217,-0.140625,-0.028401121,11967,True,0.521875,0.104503658,0.371123,6.114311
288,baseline->rtl,5.606558,14.365258,7.570948,27.595568,-0.653125,-0.128724411,57623,True,5.569404,14.397151,6.666129,26.671617,-0.140625,-0.028235448,12049,True,0.5125,0.100488963,0.373482,6.118812
289,rtl->baseline,5.595446,14.408512,7.591419,27.638951,-0.653125,-0.129864765,57644,True,5.63466,14.404382,6.663289,26.748535,-0.140625,-0.028169179,12038,True,0.5125,0.101695586,0.373093,6.114791
290,baseline->rtl,5.612368,14.411002,7.534395,27.610539,-0.653125,-0.130320906,57666,True,5.670232,14.402891,6.688591,26.800758,-0.140625,-0.028142672,12036,True,0.5125,0.102178234,0.401455,6.113961
291,rtl->baseline,5.623479,14.277431,7.648565,27.593228,-0.6625,-0.134440862,57896,True,5.668002,14.636862,6.656289,27.007637,-0.1484375,-0.031413319,12093,True,0.5140625,0.103027543,0.366232,6.115101
292,baseline->rtl,5.612168,14.416842,7.513553,27.595968,-0.6625,-0.133276345,57926,True,5.653381,14.346046,6.690071,26.728532,-0.1484375,-0.030377827,12093,True,0.5140625,0.102898518,0.369812,6.144814
293,rtl->baseline,5.576155,14.427284,7.485571,27.565716,-0.6625,-0.132810538,57915,True,5.689864,14.380749,6.696952,26.81375,-0.1484375,-0.029963631,12094,True,0.5140625,0.102846907,0.375732,6.147245
294,baseline->rtl,5.645551,14.846869,7.98575,28.529964,-0.66875,-0.135249215,58053,True,5.845975,14.337379,6.681847,26.906244,-0.1484375,-0.029797952,12120,True,0.5203125,0.105451263,0.373133,6.13308
295,rtl->baseline,5.587223,14.349529,7.545202,27.527118,-0.66875,-0.134349686,58182,True,5.614085,14.422296,6.665686,26.74896,-0.1484375,-0.029731681,12131,True,0.5203125,0.104618005,0.369082,6.121919
296,baseline->rtl,5.649188,14.416805,7.611837,27.730846,-0.66875,-0.133989874,58162,True,5.619786,14.389953,6.661575,26.709517,-0.1484375,-0.029705172,12148,True,0.5203125,0.104284702,0.365642,6.120829
297,rtl->baseline,5.585422,14.290125,7.540112,27.458922,-0.675,-0.13647095,58313,True,5.604744,14.516674,6.664446,26.833128,-0.15625,-0.032975819,12246,True,0.51875,0.103495131,0.374943,6.117649
298,baseline->rtl,5.745036,14.373401,7.52665,27.697923,-0.675,-0.13558838,58866,True,5.66536,14.417615,6.665106,26.786624,-0.15625,-0.031940328,12250,True,0.51875,0.103648052,0.373422,6.116808
299,rtl->baseline,5.659919,14.333399,7.576325,27.615876,-0.675,-0.135235352,59165,True,5.614535,14.449618,6.657285,26.768392,-0.15625,-0.031526131,12298,True,0.51875,0.103709221,0.368062,6.115278
300,baseline->rtl,5.654778,14.378942,7.506068,27.594064,-0.678125,-0.136406641,59086,True,5.647668,14.34452,6.686328,26.717548,-0.1640625,-0.034641702,12283,True,0.5140625,0.101764939,0.374892,6.132579
301,rtl->baseline,5.598603,14.300475,7.630469,27.613485,-0.678125,-0.135937656,59046,True,5.605885,14.413966,6.919098,26.986931,-0.1640625,-0.033544181,12283,True,0.5140625,0.102393475,0.375992,6.36579
302,baseline->rtl,5.652678,14.419485,7.534401,27.660149,-0.678125,-0.135750063,59034,True,5.602394,14.447368,6.666396,26.755941,-0.15625,-0.029823922,12272,True,0.521875,0.105926141,0.370091,6.120688
303,rtl->baseline,5.662159,14.328918,8.501804,28.539465,-0.684375,-0.138300025,59010,True,5.630336,14.416106,6.665346,26.760112,-0.1640625,-0.033960819,12312,True,0.5203125,0.104339206,0.370812,6.119729
304,baseline->rtl,5.595043,14.402824,7.467825,27.518687,-0.684375,-0.13744501,59011,True,5.56163,14.453328,6.652484,26.706637,-0.1640625,-0.033271828,12336,True,0.5203125,0.104173182,0.369581,6.107587
305,rtl->baseline,5.607225,14.455679,7.559043,27.669711,-0.68125,-0.135790504,58949,True,5.611545,14.485511,6.671906,26.816806,-0.1640625,-0.032996231,12310,True,0.5171875,0.102794273,0.371122,6.123479
306,baseline->rtl,5.747386,14.311026,7.587255,27.699723,-0.7,-0.143941202,60363,True,5.955175,15.445845,6.621952,28.061484,-0.1796875,-0.039448492,12580,True,0.5203125,0.10449271,0.34984,6.101177
307,rtl->baseline,5.656929,14.276584,7.52437,27.503616,-0.7,-0.141576481,60356,True,5.636227,14.411865,6.651115,26.74656,-0.1796875,-0.037341897,12591,True,0.5203125,0.104234584,0.365422,6.111748
308,baseline->rtl,5.67749,14.396083,7.609847,27.735566,-0.7,-0.140630592,60324,True,5.609555,14.284544,6.658635,26.592287,-0.1796875,-0.036499259,12585,True,0.5203125,0.104131333,0.366431,6.119109
309,rtl->baseline,5.539219,14.261152,7.680713,27.527238,-0.7125,-0.145502237,61614,True,5.640787,14.325647,6.662626,26.676725,-0.1953125,-0.042724704,12848,True,0.5171875,0.102777533,0.369792,6.118108
310,baseline->rtl,5.644848,14.3553,7.491045,27.547378,-0.7125,-0.143700895,61727,True,5.650946,14.396817,6.688285,26.77774,-0.1953125,-0.040527381,12885,True,0.5171875,0.103173514,0.397944,6.114695
311,rtl->baseline,5.70295,14.32882,7.603243,27.678367,-0.7125,-0.142980358,61799,True,5.602491,14.370664,6.651671,26.67228,-0.1953125,-0.039648453,12893,True,0.5171875,0.103331905,0.365042,6.113545
312,baseline->rtl,5.664847,14.350213,7.540798,27.608852,-0.709375,-0.141379643,62014,True,5.695919,14.32071,6.671303,26.726155,-0.1953125,-0.039296881,12964,True,0.5140625,0.102082762,0.365981,6.128947
313,rtl->baseline,5.601451,14.377225,7.546428,27.571688,-0.709375,-0.141676857,62223,True,5.567858,14.588753,6.658992,26.862727,-0.1953125,-0.039156252,12990,True,0.5140625,0.102520605,0.365121,6.116896
314,baseline->rtl,5.598741,14.442071,7.594542,27.690178,-0.70625,-0.140483243,62226,True,5.581209,14.349203,6.645301,26.614875,-0.1953125,-0.039100001,13004,True,0.5109375,0.101383242,0.369022,6.102664
315,rtl->baseline,5.759184,14.365044,7.632106,27.804548,-0.690625,-0.134380797,62117,True,5.643304,14.509136,6.659622,26.859707,-0.1796875,-0.032515,13004,True,0.5109375,0.101865797,0.374662,6.108774
316,baseline->rtl,5.656786,14.571262,7.527177,27.807759,-0.690625,-0.136627319,62097,True,5.765155,14.400627,6.698755,26.90444,-0.1796875,-0.0345685,13008,True,0.5109375,0.102058819,0.404185,6.114615
317,rtl->baseline,5.58683,14.365544,7.5589,27.557376,-0.690625,-0.137525928,61988,True,5.596871,14.413738,6.655651,26.713055,-0.1796875,-0.0353899,12973,True,0.5109375,0.102136028,0.365282,6.113685
318,baseline->rtl,5.684458,14.354452,7.647687,27.741113,-0.684375,-0.135260371,61217,True,5.655956,14.365964,6.729827,26.791201,-0.1796875,-0.03571846,12795,True,0.5046875,0.099541911,0.365982,6.188771
319,rtl->baseline,5.569418,14.300988,7.721803,27.637013,-0.690625,-0.138854148,61204,True,5.620873,14.442731,6.673014,26.785291,-0.1796875,-0.035849884,12858,True,0.5109375,0.103004264,0.369252,6.127586
320,baseline->rtl,5.627513,14.410467,7.585502,27.676817,-0.690625,-0.138416659,61231,True,5.70891,14.403207,6.662262,26.813583,-0.1796875,-0.035902454,12818,True,0.5109375,0.102514205,0.369201,6.117085
321,rtl->baseline,5.58779,14.397896,7.515485,27.547506,-0.678125,-0.132991664,62011,True,5.580649,14.456052,6.663433,26.746997,-0.171875,-0.032642231,13035,True,0.50625,0.100349433,0.369982,6.120345
322,baseline->rtl,5.634494,14.346762,7.606533,27.641174,-0.678125,-0.134571665,61575,True,5.677788,14.337131,6.658562,26.712574,-0.171875,-0.033681893,12965,True,0.50625,0.100889772,0.370211,6.115225
323,rtl->baseline,5.59503,14.341261,7.604803,27.587,-0.678125,-0.135203666,62073,True,5.658726,14.354163,6.911914,26.972306,-0.171875,-0.034097757,13013,True,0.50625,0.101105909,0.369572,6.366587
324,baseline->rtl,5.687109,14.370105,7.56897,27.678427,-0.675,-0.134143966,61529,True,5.654706,14.31825,6.64125,26.653419,-0.1640625,-0.030982853,12918,True,0.5109375,0.103161113,0.366282,6.103204
325,rtl->baseline,5.615792,14.387336,7.551049,27.59978,-0.675,-0.134657587,61807,True,5.575109,14.409767,6.658032,26.691882,-0.1640625,-0.032080641,12939,True,0.5109375,0.102576946,0.369961,6.111424
326,baseline->rtl,5.622232,14.460752,7.561909,27.696679,-0.675,-0.134863035,61698,True,5.614552,14.329333,6.661959,26.645438,-0.1640625,-0.032519756,12924,True,0.5109375,0.102343279,0.373382,6.117623
327,rtl->baseline,5.596698,14.51489,7.583048,27.736998,-0.653125,-0.125757714,63243,True,5.683035,14.386648,6.650688,26.768036,-0.1484375,-0.026132903,13278,True,0.5046875,0.099624811,0.367321,6.109861
328,baseline->rtl,5.641602,14.388758,7.563256,27.64583,-0.640625,-0.123428086,63199,True,5.643702,14.370147,6.667819,26.720991,-0.140625,-0.024984411,13276,True,0.5,0.098443675,0.368152,6.121603
329,rtl->baseline,5.587708,14.372947,7.646793,27.656192,-0.653125,-0.131496234,63318,True,5.85349,15.056506,6.603634,27.557813,-0.1484375,-0.030150014,13302,True,0.5046875,0.10134622,0.329988,6.106121
330,baseline->rtl,5.660633,14.368086,7.49816,27.578085,-0.646875,-0.128348494,63103,True,5.680285,14.340355,6.652318,26.712771,-0.1328125,-0.023310006,13209,True,0.5140625,0.105038488,0.366332,6.115902
331,rtl->baseline,5.670694,14.379278,8.596394,28.6925,-0.646875,-0.128964397,63100,True,5.641632,14.372188,6.659099,26.719501,-0.1328125,-0.025261502,13213,True,0.5140625,0.103702895,0.371102,6.109802
332,baseline->rtl,5.674955,14.344045,7.560515,27.634159,-0.646875,-0.129210759,62963,True,5.62464,14.39724,6.644608,26.70615,-0.1328125,-0.026042101,13200,True,0.5140625,0.103168658,0.35779,6.115022
333,rtl->baseline,5.645292,14.381768,7.636122,27.708266,-0.584375,-0.103059304,62940,True,5.597938,14.376388,6.656368,26.679038,-0.0859375,-0.00666684,13199,True,0.4984375,0.096392464,0.364811,6.117153
334,baseline->rtl,5.649272,14.361916,7.571406,27.63606,-0.584375,-0.111348721,62871,True,5.676205,14.423472,6.67304,26.8136,-0.0859375,-0.012979236,13167,True,0.4984375,0.098369485,0.370822,6.126853
335,rtl->baseline,5.788464,14.367866,17.33734,37.540415,-0.584375,-0.114664489,62889,True,5.820187,14.378267,6.655708,26.903267,-0.0859375,-0.015504194,13197,True,0.4984375,0.099160295,0.370211,6.110852
336,baseline->rtl,5.629741,14.395629,7.730471,27.809534,-0.5375,-0.096303295,62779,True,5.697066,14.319813,6.687971,26.745004,-0.0390625,0.003173322,13191,True,0.4984375,0.099476617,0.372542,6.127323
337,rtl->baseline,5.611359,14.249937,7.898775,27.806925,-0.5375,-0.103021318,62851,True,5.628211,14.372968,6.66919,26.720511,-0.0390625,-0.003418171,13214,True,0.4984375,0.099603147,0.376322,6.118553
338,baseline->rtl,5.590818,14.480117,7.732821,27.858628,-0.5375,-0.105708527,62914,True,5.62598,14.510389,6.649098,26.82576,-0.0390625,-0.006054768,13218,True,0.4984375,0.099653759,0.367812,6.111942
339,rtl->baseline,5.692056,14.628959,12.074151,32.4426,-0.521875,-0.100220911,62156,True,5.85857,14.677493,6.733865,27.318343,-0.0234375,-0.000546907,13037,True,0.4984375,0.099674004,0.370692,6.191329
340,baseline->rtl,5.606239,14.354025,7.679446,27.692754,-0.521875,-0.102713364,62269,True,5.603608,14.371828,6.654148,26.668848,-0.0234375,-0.003031263,13046,True,0.4984375,0.099682101,0.372572,6.111752
341,rtl->baseline,5.61987,14.354346,7.750802,27.772621,-0.521875,-0.103710346,62380,True,5.647502,14.366897,6.915201,26.977243,-0.015625,0.005818745,13066,True,0.50625,0.109529091,0.368091,6.370644
342,baseline->rtl,5.569456,14.551303,7.745719,27.917161,-0.478125,-0.085734138,61968,True,5.582254,14.518182,6.650334,26.789394,0.0234375,0.012171248,12964,True,0.5015625,0.097905386,0.368382,6.108889
343,rtl->baseline,5.631558,14.375511,7.744618,27.7981,-0.478125,-0.091668655,62114,True,5.673392,14.48892,6.658465,26.869141,0.0234375,0.007680999,12985,True,0.5015625,0.099349654,0.372802,6.112619
344,baseline->rtl,5.619657,14.390572,7.622517,27.68596,-0.478125,-0.094042462,62018,True,5.605876,14.37043,6.666566,26.682485,0.0234375,0.0058849,12967,True,0.5015625,0.099927362,0.371312,6.12461
345,rtl->baseline,5.607706,14.318255,7.65427,27.626875,-0.45625,-0.085804485,61999,True,5.686092,14.432135,6.680337,26.846409,0.0390625,0.01172896,12980,True,0.4953125,0.097533445,0.369592,6.109429
346,baseline->rtl,5.612346,14.642683,7.721116,28.02933,-0.45625,-0.089071794,61991,True,5.65333,14.406053,6.643234,26.74344,0.0390625,0.009379084,12991,True,0.4953125,0.098450878,0.358941,6.114649
347,rtl->baseline,5.746488,14.329357,7.591295,27.715143,-0.45625,-0.090378718,62045,True,5.629768,14.451256,6.642744,26.768582,0.0390625,0.008439134,12988,True,0.4953125,0.098817852,0.35764,6.110308
348,baseline->rtl,5.620127,14.572957,7.570953,27.818192,-0.409375,-0.071213987,61535,True,5.641899,14.592228,6.666776,26.942907,0.0859375,0.027750653,12887,True,0.4953125,0.09896464,0.376482,6.113359
349,rtl->baseline,5.626968,14.282743,7.648109,27.603873,-0.409375,-0.077610595,61533,True,5.624387,14.362449,6.689538,26.726539,0.0859375,0.021412761,12893,True,0.4953125,0.099023356,0.411304,6.103208
350,baseline->rtl,5.667721,14.347988,7.665801,27.733974,-0.409375,-0.080169238,61474,True,5.598846,14.378851,6.667566,26.685836,0.0859375,0.018877605,12882,True,0.4953125,0.099046843,0.375912,6.119719
351,rtl->baseline,5.569283,14.324986,7.563312,27.503034,-0.3875,-0.072005195,60880,True,5.625837,14.465918,6.911666,27.051757,0.109375,0.027707292,12752,True,0.496875,0.099712487,0.370702,6.3696
352,baseline->rtl,5.663821,14.423224,7.508737,27.648807,-0.3875,-0.075302078,60793,True,5.65033,14.350679,6.668916,26.711708,0.109375,0.024207917,12737,True,0.496875,0.099509995,0.373032,6.12089
353,rtl->baseline,5.64914,14.353469,7.585123,27.635306,-0.3875,-0.076620831,60769,True,5.611136,14.479229,6.655585,26.794344,0.109375,0.022808167,12744,True,0.496875,0.099428998,0.370721,6.115409
354,baseline->rtl,5.640579,14.295573,7.557452,27.547028,-0.309375,-0.044335832,57140,True,5.623957,14.459078,6.651495,26.772513,0.1796875,0.051779517,12103,True,0.4890625,0.096115349,0.367341,6.111959
355,rtl->baseline,5.626238,14.378871,7.593125,27.645387,-0.309375,-0.054859333,57121,True,5.636649,14.447307,6.659606,26.791275,0.1796875,0.042274307,12044,True,0.4890625,0.09713364,0.368901,6.118019
356,baseline->rtl,5.674912,14.467168,7.555151,27.750306,-0.309375,-0.059068733,57102,True,5.736517,14.288723,6.681028,26.747081,0.1796875,0.038472223,12075,True,0.4890625,0.097540956,0.368761,6.142641
357,rtl->baseline,5.587295,14.348768,7.54114,27.523377,-0.290625,-0.052877493,59177,True,5.666351,14.420644,6.649875,26.784134,0.203125,0.046795139,12451,True,0.49375,0.099672632,0.367291,6.111599
358,baseline->rtl,5.640039,14.37451,7.564482,27.632385,-0.290625,-0.056025997,59097,True,5.639947,14.433508,6.659702,26.77282,0.203125,0.043093056,12418,True,0.49375,0.099119053,0.370531,6.118907
359,rtl->baseline,5.614404,14.34323,7.553377,27.556576,-0.290625,-0.057285399,59126,True,5.626505,14.448779,6.675203,26.798372,0.203125,0.041612222,12413,True,0.49375,0.098897621,0.370182,6.114126
360,baseline->rtl,5.647287,14.357841,7.554347,27.61095,-0.228125,-0.03153916,57827,True,5.671109,14.412627,6.717037,26.840826,0.2578125,0.063988639,12178,True,0.4859375,0.095527799,0.366881,6.179691
361,rtl->baseline,5.901319,14.540787,7.518244,28.008454,-0.228125,-0.039990664,57834,True,5.617144,14.419977,6.645611,26.729436,0.2578125,0.056532956,12176,True,0.4859375,0.09652362,0.372521,6.100655
362,baseline->rtl,5.590962,14.356822,7.501463,27.500771,-0.228125,-0.043371266,57914,True,5.629145,14.310468,6.649231,26.629157,0.2578125,0.053550682,12204,True,0.4859375,0.096921948,0.363801,6.116137
363,rtl->baseline,5.601753,14.324459,7.634014,27.60601,-0.209375,-0.036848506,56399,True,5.691,14.407306,6.665793,26.811843,0.28125,0.062201523,11902,True,0.490625,0.099050029,0.373112,6.121087
364,baseline->rtl,5.623395,14.429418,7.572519,27.677436,-0.209375,-0.039864402,56353,True,5.647696,14.408586,6.664913,26.760298,0.28125,0.058630609,11894,True,0.490625,0.098495011,0.387743,6.102495
365,rtl->baseline,5.605983,14.397925,7.46804,27.518343,-0.209375,-0.041070761,56423,True,5.595612,14.376553,6.643491,26.665541,0.28125,0.057202244,11909,True,0.490625,0.098273005,0.36016,6.110476
366,baseline->rtl,5.666229,14.348911,7.560728,27.626692,-0.178125,-0.028428304,57964,True,5.599472,14.551248,6.652841,26.845065,0.3125,0.069755897,12176,True,0.490625,0.098184201,0.364751,6.117056
367,rtl->baseline,5.618994,14.490903,7.628384,27.784365,-0.175,-0.031433822,57909,True,5.641036,14.34072,6.649751,26.678511,0.3125,0.065402359,12175,True,0.4875,0.096836181,0.366811,6.114826
368,baseline->rtl,5.68043,14.421487,7.567509,27.722729,-0.175,-0.033573529,57931,True,5.649716,14.418617,6.672593,26.78226,0.3125,0.063660944,12183,True,0.4875,0.097234473,0.370992,6.117006
369,rtl->baseline,5.635786,14.307888,7.507384,27.496561,-0.153125,-0.025241911,55968,True,5.617834,14.435988,6.659543,26.762419,0.34375,0.076089377,11784,True,0.496875,0.101331288,0.362901,6.124057
370,baseline->rtl,5.758616,14.314888,7.573349,27.701639,-0.15,-0.027159265,55870,True,5.613334,14.315988,6.652221,26.621127,0.34375,0.071685751,11752,True,0.49375,0.098845016,0.370472,6.111826
371,rtl->baseline,5.607984,14.517215,7.485422,27.655234,-0.15,-0.028863706,55817,True,5.676969,14.363263,6.677334,26.766559,0.34375,0.0699243,11780,True,0.49375,0.098788006,0.364031,6.115146
372,baseline->rtl,5.705341,14.3401,7.520234,27.617771,-0.109375,-0.012482982,56298,True,5.68034,14.33189,6.654161,26.707954,0.375,0.08234472,11841,True,0.484375,0.094827702,0.368581,6.112236
373,rtl->baseline,5.604853,14.280226,7.565089,27.49717,-0.109375,-0.018118193,56005,True,5.544158,14.381964,6.646831,26.621437,0.375,0.077937888,11815,True,0.484375,0.096056081,0.364441,6.108685
374,baseline->rtl,5.596632,14.377483,7.58772,27.615331,-0.109375,-0.020372277,56244,True,5.619194,14.312944,6.654919,26.627,0.375,0.076175155,11856,True,0.484375,0.096547432,0.369471,6.115574
375,rtl->baseline,5.642093,14.988708,12.185933,32.865208,0.078125,0.057476089,57031,True,5.610001,14.352084,6.648488,26.658167,0.5546875,0.150938812,11947,True,0.4765625,0.093462723,0.364461,6.111412
376,baseline->rtl,5.71392,14.310231,7.782953,27.857237,0.078125,0.032365436,57028,True,5.639923,14.28906,6.67434,26.643885,0.5625,0.130219275,11965,True,0.484375,0.097853839,0.371161,6.133355
377,rtl->baseline,5.580428,14.270667,7.732499,27.631398,0.078125,0.022321174,57067,True,5.606441,14.356305,6.687632,26.6964,0.5625,0.11958771,11991,True,0.484375,0.097266536,0.368521,6.103072
378,baseline->rtl,5.59871,14.405029,7.657902,27.714466,0.096875,0.02617847,55569,True,5.582789,14.474145,6.641788,26.739564,0.578125,0.121897584,11767,True,0.48125,0.095719114,0.366961,6.104053
379,rtl->baseline,5.604,14.469944,7.74582,27.864719,0.096875,0.022096388,56341,True,5.647944,14.434431,6.822492,26.953321,0.578125,0.118134034,11902,True,0.48125,0.096037646,0.373322,6.275407
380,baseline->rtl,5.641913,14.438701,7.689325,27.821655,0.096875,0.020463555,55675,True,5.655975,14.386677,6.713353,26.794558,0.578125,0.116628613,11841,True,0.48125,0.096165058,0.435796,6.104022
381,rtl->baseline,5.657384,14.284728,7.733999,27.721096,0.1125,0.026372922,54321,True,5.592909,14.414869,6.653788,26.709232,0.6015625,0.125870195,11487,True,0.4890625,0.099497273,0.36645,6.117453
382,baseline->rtl,5.660525,14.370186,7.644062,27.728487,0.11875,0.026674169,54372,True,5.669776,14.29694,6.648088,26.655187,0.6015625,0.122535578,11450,True,0.4828125,0.095861409,0.362731,6.115283
383,rtl->baseline,5.59586,14.280178,7.603728,27.52621,0.115625,0.023607168,54187,True,5.673616,14.42036,6.653799,26.799179,0.6015625,0.121201731,11485,True,0.4859375,0.097594563,0.365041,6.115654
384,baseline->rtl,5.678676,14.313221,7.50548,27.548192,0.209375,0.062692867,57175,True,5.687377,14.492766,6.651638,26.871555,0.6015625,0.120668193,11953,True,0.3921875,0.057975326,0.364381,6.112413
385,rtl->baseline,5.59595,14.355194,7.50882,27.502868,0.209375,0.050202147,57240,True,5.588179,14.378507,6.645228,26.657937,0.6015625,0.120454777,11957,True,0.3921875,0.07025263,0.36028,6.114353
386,baseline->rtl,5.682807,14.30661,7.566795,27.608616,0.209375,0.045205859,57050,True,5.655484,14.428931,6.683111,26.808549,0.6015625,0.120369411,11911,True,0.3921875,0.075163552,0.3639,6.150696
387,rtl->baseline,5.588559,14.553571,7.609349,27.795733,0.29375,0.078644843,57595,True,5.581768,14.563192,6.653818,26.847703,0.390625,0.031741514,12042,True,0.096875,0.046903329,0.371552,6.111903
388,baseline->rtl,5.72117,14.4177,7.518411,27.729886,0.29375,0.066707937,57689,True,5.656044,14.547,6.687421,26.92985,0.390625,0.059571606,12063,True,0.096875,0.007136331,0.405064,6.108343
389,rtl->baseline,5.616122,14.473095,7.659023,27.793843,0.29375,0.061933175,57596,True,5.689498,14.312791,6.652988,26.70135,0.390625,0.070703642,12063,True,0.096875,0.008770467,0.368451,6.111123
390,baseline->rtl,5.640833,14.360945,7.578896,27.632539,0.36875,0.09152327,58021,True,5.71541,14.326147,6.652835,26.736275,0.2421875,0.012812707,12113,True,0.1265625,0.078710563,0.36983,6.11246
391,rtl->baseline,5.613999,14.567975,7.585013,27.81208,0.36875,0.080859308,58191,True,5.604268,14.411543,6.656416,26.722659,0.2421875,0.034187583,12143,True,0.1265625,0.046671725,0.371361,6.11433
392,baseline->rtl,5.661612,14.821066,7.498976,28.035009,0.36875,0.076593723,58107,True,5.679824,14.318614,6.682637,26.72125,0.484375,0.144456283,12210,True,0.115625,0.06786256,0.399003,6.110399
393,rtl->baseline,5.672993,14.330826,7.464393,27.514576,0.471875,0.118199989,57348,True,5.663783,14.358838,6.654185,26.725829,0.046875,-0.067842487,11819,True,0.425,0.186042476,0.376101,6.106729
394,baseline->rtl,5.76063,14.336856,7.485044,27.635836,0.471875,0.103904996,57444,True,5.676294,14.409482,6.667086,26.791975,0.046875,-0.021511995,11850,True,0.425,0.125416991,0.36679,6.129731
395,rtl->baseline,5.678664,14.425513,7.541439,27.690751,0.475,0.099499498,57413,True,5.617019,14.352427,6.657495,26.674745,0.046875,-0.002979798,11787,True,0.428125,0.102479296,0.369101,6.11749
396,baseline->rtl,5.679784,14.330256,7.494946,27.559869,0.5125,0.112549799,57533,True,5.698445,14.350747,6.679078,26.767633,-0.015625,-0.015254419,11855,True,0.528125,0.127804218,0.366161,6.139272
397,rtl->baseline,5.597897,14.339837,7.54909,27.533498,0.509375,0.10520742,57581,True,5.614988,14.476388,6.665656,26.804987,-0.015625,-0.006101768,11866,True,0.525,0.111309188,0.369791,6.121951
398,baseline->rtl,5.652291,14.438144,7.545329,27.6898,0.5125,0.104520468,57613,True,5.614979,14.392961,6.650435,26.698458,-0.015625,-0.002440707,11879,True,0.528125,0.106961175,0.36695,6.11324
399,rtl->baseline,5.63133,14.343607,12.866724,32.886684,0.53125,0.111183187,57718,True,5.583136,14.425813,6.652195,26.708288,-0.0390625,-0.017382533,11896,True,0.5703125,0.12856572,0.369611,6.109679
400,baseline->rtl,5.741919,14.350398,18.5784,38.724161,0.53125,0.108223275,57818,True,5.601067,14.313794,6.655616,26.60946,-0.0390625,-0.011640513,11925,True,0.5703125,0.119863788,0.368331,6.114361
401,rtl->baseline,5.6323,14.2582,7.726215,27.663608,0.53125,0.10703931,57758,True,5.710446,14.333316,6.700129,26.791286,-0.0390625,-0.009343705,11911,True,0.5703125,0.116383015,0.36305,6.164764
402,baseline->rtl,5.667553,14.466227,7.729025,27.915479,0.5375,0.109190724,57062,True,5.650372,14.357498,6.658616,26.705698,-0.0703125,-0.021549982,11789,True,0.6078125,0.130740706,0.375611,6.1064
403,rtl->baseline,5.594066,14.26704,7.683691,27.591542,0.5375,0.10817629,57015,True,5.762051,14.489918,6.653405,26.954188,-0.0703125,-0.017057493,11785,True,0.6078125,0.125233783,0.369551,6.11148
404,baseline->rtl,5.693995,14.419233,7.687582,27.853473,0.5375,0.107770516,57080,True,5.600547,14.568366,6.654775,26.862531,-0.0703125,-0.015260497,11808,True,0.6078125,0.123031013,0.367811,6.11508
405,rtl->baseline,5.573545,14.319435,7.536009,27.477203,0.540625,0.108920706,57290,True,5.683985,14.417623,6.659185,26.808176,-0.0625,-0.011260449,11873,True,0.603125,0.120181155,0.371561,6.1162
406,baseline->rtl,5.644371,14.529763,7.598974,27.826592,0.540625,0.108443283,57308,True,5.598494,14.420706,6.651721,26.710346,-0.0625,-0.01200418,11870,True,0.603125,0.120447463,0.366841,6.112487
407,rtl->baseline,5.647149,14.303437,7.530905,27.526194,0.540625,0.108252313,57324,True,5.650689,14.445678,6.683395,26.827625,-0.0625,-0.012301672,11884,True,0.603125,0.120553985,0.402424,6.109467
408,baseline->rtl,5.655869,14.429217,7.607471,27.744512,0.55625,0.114738425,57217,True,5.579573,14.496593,6.652842,26.767471,-0.09375,-0.025545669,11918,True,0.65,0.140284094,0.370381,6.109827
409,rtl->baseline,5.620096,14.443488,7.615712,27.72442,0.55625,0.11264537,57299,True,5.678871,14.303366,6.652992,26.682893,-0.09375,-0.021468267,11927,True,0.65,0.134113637,0.36784,6.114478
410,baseline->rtl,5.603924,14.359201,7.532925,27.550425,0.55625,0.111808148,57368,True,5.709663,14.608441,6.651652,27.009241,-0.09375,-0.019837307,11923,True,0.65,0.131645455,0.36868,6.110247
411,rtl->baseline,5.644839,14.604472,7.578999,27.876453,0.56875,0.116723259,57623,True,5.619556,14.34976,6.63504,26.652361,-0.109375,-0.025747423,11976,True,0.678125,0.142470682,0.364881,6.098856
412,baseline->rtl,5.608166,14.439388,7.526444,27.629002,0.56875,0.114939304,57560,True,5.677981,14.332679,6.684144,26.735228,-0.109375,-0.023423969,11936,True,0.678125,0.138363273,0.36502,6.14737
413,rtl->baseline,5.592484,14.472751,7.528705,27.640203,0.56875,0.114225721,57600,True,5.612945,14.46423,6.647232,26.771321,-0.109375,-0.022494588,11941,True,0.678125,0.136720309,0.36119,6.114488
414,baseline->rtl,5.67445,14.34619,7.564917,27.639993,0.575,0.116565289,57247,True,5.577423,14.397674,6.653512,26.668512,-0.1171875,-0.025404085,11842,True,0.6921875,0.141969374,0.372881,6.109267
415,rtl->baseline,5.576072,14.300386,7.547066,27.468558,0.575,0.115626115,57327,True,5.595224,14.519964,6.654092,26.815455,-0.1171875,-0.024224134,11852,True,0.6921875,0.139850249,0.367351,6.115297
416,baseline->rtl,5.638978,14.429457,7.521774,27.644953,0.58125,0.117875446,57245,True,5.727315,14.401175,6.668924,26.837926,-0.1171875,-0.023752154,11864,True,0.6984375,0.1416276,0.376661,6.117187
417,rtl->baseline,5.576233,14.349811,7.423086,27.418915,0.596875,0.123462678,57381,True,5.606965,14.388543,6.668383,26.711396,-0.1484375,-0.036688361,11808,True,0.7453125,0.160151039,0.366171,6.112337
418,baseline->rtl,5.66526,14.399144,7.487142,27.60835,0.596875,0.121010071,57420,True,5.644629,14.319568,6.658383,26.661902,-0.1484375,-0.032487845,11819,True,0.7453125,0.153497916,0.366511,6.119158
419,rtl->baseline,5.603125,14.372242,7.483291,27.504022,0.596875,0.120029029,57351,True,5.647299,14.407946,6.677454,26.781081,-0.1484375,-0.030807638,11840,True,0.7453125,0.150836667,0.36395,6.14215
420,baseline->rtl,5.682191,14.298826,7.526515,27.560387,0.615625,0.127511611,57576,True,5.604605,14.380153,6.671573,26.697684,-0.171875,-0.039979305,11842,True,0.7875,0.167490916,0.368491,6.130129
421,rtl->baseline,5.708224,14.433917,7.640184,27.829109,0.615625,0.124879645,57625,True,5.660519,14.500433,6.650202,26.858088,-0.171875,-0.036616722,11842,True,0.7875,0.161496367,0.371011,6.107937
422,baseline->rtl,5.654589,14.372773,7.631223,27.710469,0.615625,0.123826858,57532,True,5.587143,14.551772,6.66642,26.843979,-0.171875,-0.035271689,11867,True,0.7875,0.159098547,0.374961,6.118594
423,rtl->baseline,5.622003,14.522378,8.291464,28.483339,0.621875,0.126030743,57141,True,5.643345,14.55028,6.657049,26.900839,-0.1953125,-0.044577426,11751,True,0.8171875,0.170608169,0.369191,6.111984
424,baseline->rtl,5.591532,14.360005,7.455925,27.459445,0.628125,0.127662297,57177,True,5.674578,14.345963,6.936002,26.995496,-0.1953125,-0.04126847,11759,True,0.8234375,0.168930767,0.420184,6.342323
425,rtl->baseline,5.595271,14.325692,7.51458,27.481447,0.628125,0.126439919,57194,True,5.58051,14.433171,6.655029,26.716634,-0.1953125,-0.039944888,11770,True,0.8234375,0.166384807,0.367,6.115964
426,baseline->rtl,5.623694,14.3118,7.512779,27.501098,0.621875,0.123325968,57348,True,5.726052,14.404848,6.655259,26.828453,-0.2109375,-0.045977955,11798,True,0.8328125,0.169303923,0.366281,6.115584
427,rtl->baseline,5.615713,14.363375,7.577875,27.603496,0.621875,0.123955387,57349,True,5.611393,14.373145,6.654468,26.687031,-0.2109375,-0.043703682,11792,True,0.8328125,0.167659069,0.368681,6.111984
428,baseline->rtl,5.649486,14.385407,7.500019,27.588095,0.621875,0.124207155,57323,True,5.666737,14.400198,6.659729,26.765367,-0.2109375,-0.042793973,11796,True,0.8328125,0.167001128,0.369101,6.116955
429,rtl->baseline,5.655336,14.409058,7.603657,27.714166,0.628125,0.126932862,57325,True,5.615643,14.475624,6.664749,26.803571,-0.21875,-0.045711339,11799,True,0.846875,0.172644201,0.378052,6.111094
430,baseline->rtl,5.57977,14.464623,7.539632,27.63673,0.621875,0.123523145,57413,True,5.650676,14.645488,6.655089,26.990746,-0.2109375,-0.041253286,11809,True,0.8328125,0.164776431,0.366891,6.116904
431,rtl->baseline,5.621263,14.452362,7.488268,27.607847,0.621875,0.124034258,57348,True,5.641825,14.360954,6.665359,26.716374,-0.2109375,-0.041813814,11815,True,0.8328125,0.165848072,0.369571,6.124105
432,baseline->rtl,5.679398,14.368265,7.414711,27.51629,0.628125,0.126863703,57996,True,5.660007,14.322482,6.654809,26.67778,-0.2109375,-0.042038026,11898,True,0.8390625,0.168901729,0.3673,6.113574
433,rtl->baseline,5.636945,14.371145,7.453464,27.508309,0.628125,0.126120481,58011,True,5.634125,14.5505,6.66911,26.900648,-0.2109375,-0.04212771,11894,True,0.8390625,0.168248191,0.379751,6.113424
434,baseline->rtl,5.616093,14.460812,7.559063,27.690894,0.628125,0.125823193,58042,True,5.594992,14.30236,6.67109,26.607535,-0.2109375,-0.042163584,11896,True,0.8390625,0.167986777,0.363,6.113734
435,rtl->baseline,5.619503,14.503746,7.528271,27.696684,0.634375,0.128329277,58422,True,5.669208,14.348954,6.649679,26.715824,-0.2265625,-0.048740434,11994,True,0.8609375,0.177069711,0.36431,6.113704
436,baseline->rtl,5.635355,14.409578,7.52213,27.622818,0.634375,0.127456711,58379,True,5.592062,14.475094,6.655189,26.763608,-0.21875,-0.043402423,12022,True,0.853125,0.170859134,0.368751,6.113344
437,rtl->baseline,5.640335,14.348853,7.579295,27.616098,0.634375,0.127107684,58442,True,5.57799,14.425819,6.662389,26.713203,-0.21875,-0.043610969,12029,True,0.853125,0.170718653,0.376331,6.113994
438,baseline->rtl,5.644875,14.324071,7.554573,27.576705,0.63125,0.125655574,58803,True,5.713271,14.321208,6.652595,26.725407,-0.2265625,-0.046975638,12076,True,0.8578125,0.172631212,0.36644,6.114861
439,rtl->baseline,5.578417,14.328985,12.931101,32.885956,0.63125,0.126012229,58780,True,5.621571,14.38538,6.643904,26.69806,-0.2265625,-0.045977755,12078,True,0.8578125,0.171989984,0.36532,6.10509
440,baseline->rtl,5.626402,14.354647,7.6776,27.712472,0.63125,0.126154892,58791,True,5.59984,14.295392,6.655366,26.589991,-0.2265625,-0.045578602,12091,True,0.8578125,0.171733494,0.36606,6.113881
441,rtl->baseline,5.538615,14.535782,7.578992,27.698232,0.628125,0.124899457,59046,True,5.623771,14.312884,6.692749,26.677437,-0.2109375,-0.038856441,12143,True,0.8390625,0.163755898,0.413044,6.105431
442,baseline->rtl,5.584718,14.357738,7.618575,27.613675,0.628125,0.125334783,59121,True,5.577487,14.358157,6.648646,26.625113,-0.2109375,-0.040855076,12159,True,0.8390625,0.166189859,0.36631,6.108501
443,rtl->baseline,5.706228,14.285552,7.591653,27.628656,0.628125,0.125508913,59053,True,5.669045,15.180955,6.614763,27.510456,-0.0078125,0.046939219,12209,True,0.6359375,0.078569694,0.340368,6.109321
444,baseline->rtl,5.616671,14.587547,7.496205,27.752986,0.615625,0.120328565,59037,True,5.60714,14.337056,6.903556,26.887184,-0.171875,-0.053411812,12178,True,0.7875,0.173740377,0.36214,6.366402
445,rtl->baseline,5.60548,14.273301,7.500585,27.424429,0.615625,0.122006426,59118,True,5.687206,14.366698,6.671627,26.772826,-0.1640625,-0.038708475,12190,True,0.7796875,0.160714901,0.390742,6.111111
446,baseline->rtl,5.61211,14.367948,7.565101,27.597323,0.615625,0.12267757,59157,True,5.669094,14.419082,6.650745,26.778586,-0.171875,-0.03845214,12202,True,0.7875,0.16112971,0.36653,6.110961
447,rtl->baseline,5.60563,14.295832,7.578322,27.527548,0.6125,0.121633528,59227,True,5.640153,14.418293,6.656696,26.763264,-0.1640625,-0.032724606,12232,True,0.7765625,0.154358134,0.36908,6.115982
448,baseline->rtl,5.663264,14.346516,7.492064,27.55532,0.6125,0.122153411,59170,True,5.72267,14.327965,6.644075,26.735223,-0.1640625,-0.032777342,12221,True,0.7765625,0.154930753,0.35821,6.115751
449,rtl->baseline,5.665785,14.283402,7.482194,27.476433,0.6125,0.122361365,59198,True,5.632572,14.410881,6.648135,26.738952,-0.1640625,-0.032798437,12214,True,0.7765625,0.155159802,0.364989,6.110951
450,baseline->rtl,5.649744,14.381169,7.55776,27.640126,0.59375,0.114569546,59292,True,5.627712,14.605428,6.668997,26.94078,-0.1484375,-0.026244375,12254,True,0.7421875,0.140813921,0.377981,6.117621
451,rtl->baseline,5.60413,14.431094,7.575222,27.657608,0.59375,0.117077818,59374,True,5.60537,14.361187,6.660546,26.674317,-0.1484375,-0.02831025,12260,True,0.7421875,0.145388068,0.36465,6.122192
452,baseline->rtl,5.671455,14.413552,7.629806,27.768297,0.59375,0.118081127,59424,True,5.682036,14.299393,6.654376,26.675887,-0.1484375,-0.0291366,12269,True,0.7421875,0.147217727,0.36882,6.116262
453,rtl->baseline,5.597879,14.311294,8.354815,28.312421,0.58125,0.113232451,59682,True,5.636373,14.422363,6.646165,26.753144,-0.109375,-0.01306089,12315,True,0.690625,0.126293341,0.36724,6.109511
454,baseline->rtl,5.689356,14.334575,7.463442,27.542969,0.575,0.11241798,59650,True,5.622581,14.371696,6.696736,26.731256,-0.109375,-0.018349356,12303,True,0.684375,0.130767336,0.3691,6.152931
455,rtl->baseline,5.602917,14.281925,7.535915,27.46745,0.575,0.113967192,59680,True,5.746598,15.08324,6.699967,27.575579,-0.109375,-0.020464742,12316,True,0.684375,0.134431934,0.385141,6.12867
456,baseline->rtl,5.627389,14.310707,7.417515,27.48067,0.571875,0.113274377,59339,True,5.583285,14.436887,6.654012,26.714448,-0.109375,-0.021310897,12266,True,0.68125,0.134585274,0.36845,6.116008
457,rtl->baseline,5.607697,14.455758,7.491081,27.600801,0.571875,0.113934751,59254,True,5.588276,14.442928,6.663364,26.74194,-0.109375,-0.021649359,12246,True,0.68125,0.13558411,0.371311,6.117889
458,baseline->rtl,5.663221,14.358041,7.485711,27.559547,0.571875,0.1141989,59186,True,5.662652,14.310726,6.74409,26.758192,-0.109375,-0.021784744,12226,True,0.68125,0.135983644,0.361889,6.211757
459,rtl->baseline,5.577205,14.298876,7.664315,27.58577,0.5375,0.09986706,59931,True,5.606197,14.47514,6.662693,26.791275,-0.0546875,0.001129853,12346,True,0.5921875,0.098737207,0.3766,6.111678
460,baseline->rtl,5.608417,14.435297,7.4762,27.573739,0.5375,0.104446824,59937,True,5.658211,14.389733,6.673975,26.762522,-0.0546875,-0.006110559,12371,True,0.5921875,0.110557383,0.36603,6.137231
461,rtl->baseline,5.602166,14.337019,7.533784,27.517483,0.5375,0.10627873,59840,True,5.569885,14.410975,6.652112,26.682046,-0.0546875,-0.009006724,12339,True,0.5921875,0.115285454,0.366799,6.113448
462,baseline->rtl,5.613638,14.34824,7.494801,27.509493,0.509375,0.095198992,59728,True,5.627289,14.399534,6.656793,26.724469,-0.0078125,0.012803561,12302,True,0.5171875,0.082395431,0.36614,6.118999
463,rtl->baseline,5.6345,14.339849,7.457528,27.478301,0.509375,0.099204597,59725,True,5.651301,14.375383,6.659103,26.73372,-0.0078125,0.005121424,12297,True,0.5171875,0.094083173,0.37103,6.114459
464,baseline->rtl,5.6525,15.168077,7.421275,28.295807,0.509375,0.100806839,59745,True,5.654231,14.34721,6.656043,26.699057,-0.0078125,0.00204857,12323,True,0.5171875,0.098758269,0.36706,6.113339
465,rtl->baseline,5.584665,14.35405,7.930056,27.916006,0.49375,0.094885235,59780,True,5.577095,14.371412,6.649943,26.645753,0.0234375,0.010663178,12364,True,0.4703125,0.084222057,0.3665,6.110829
466,baseline->rtl,5.645361,14.403835,7.592729,27.696218,0.49375,0.097204094,59810,True,5.658562,14.326878,6.653662,26.678766,0.0234375,0.007077771,12374,True,0.4703125,0.090126323,0.36642,6.113858
467,rtl->baseline,5.702695,14.285505,7.564477,27.601071,0.49375,0.098131638,59789,True,5.676973,14.982312,6.717298,27.421296,0.0234375,0.005643608,12371,True,0.4703125,0.09248803,0.37405,6.152342
468,baseline->rtl,5.659852,14.363641,7.672955,27.748982,0.471875,0.089315155,59817,True,5.648001,14.359071,6.693805,26.740961,0.0546875,0.018194943,12318,True,0.4171875,0.071120212,0.412964,6.109148
469,rtl->baseline,5.619188,14.328548,7.598519,27.59082,0.471875,0.092351062,59827,True,5.576345,14.410305,6.652192,26.685506,0.0546875,0.013840477,12327,True,0.4171875,0.078510585,0.36974,6.111558
470,baseline->rtl,5.730287,14.377332,7.593979,27.756494,0.471875,0.093565425,59864,True,5.63926,14.267323,6.65289,26.599856,0.0546875,0.012098691,12337,True,0.4171875,0.081466734,0.37014,6.113276
471,rtl->baseline,5.594983,14.31024,8.688454,28.639462,0.46875,0.09273867,59476,True,5.603344,14.388596,6.648359,26.687404,0.0703125,0.017964476,12278,True,0.3984375,0.074774194,0.36535,6.113196
472,baseline->rtl,5.592414,14.374036,7.664731,27.683264,0.46875,0.093345468,59426,True,5.566852,14.341303,6.644999,26.591936,0.0703125,0.015623291,12274,True,0.3984375,0.077722177,0.363989,6.106385
473,rtl->baseline,5.587373,14.403868,7.562223,27.598947,0.46875,0.093588187,59415,True,5.603994,14.366545,6.648599,26.666292,0.0703125,0.014686816,12270,True,0.3984375,0.078901371,0.37033,6.106515
474,baseline->rtl,5.67618,14.272447,7.582024,27.585237,0.40625,0.067435275,58719,True,5.660329,14.435901,6.65168,26.788892,0.1953125,0.066812226,12046,True,0.2109375,0.000623049,0.36696,6.113445
475,rtl->baseline,5.600715,14.300659,7.727916,27.674854,0.40625,0.07572411,58732,True,5.589813,14.43451,6.652979,26.725276,0.1953125,0.050162391,12023,True,0.2109375,0.025561719,0.36639,6.113176
476,baseline->rtl,5.637047,14.336623,7.604407,27.63071,0.40625,0.079039644,58727,True,5.661039,14.294729,6.649249,26.645521,0.1875,0.040221206,12011,True,0.21875,0.038818438,0.363509,6.116006
477,rtl->baseline,5.599104,14.401697,7.416831,27.465857,0.396875,0.076428358,58696,True,5.629586,14.30423,6.66044,26.641279,0.203125,0.045150982,12035,True,0.19375,0.031277376,0.37101,6.117866
478,baseline->rtl,5.649068,14.329471,7.532161,27.564075,0.396875,0.078196343,58672,True,5.618446,14.345933,6.66153,26.663842,0.203125,0.042435393,12035,True,0.19375,0.03576095,0.37172,6.119576
479,rtl->baseline,5.663469,14.313691,7.440063,27.462246,0.396875,0.078903537,58862,True,5.602804,14.416759,6.66508,26.732008,0.203125,0.041349157,12042,True,0.19375,0.03755438,0.36868,6.122186
480,baseline->rtl,5.718633,14.336972,7.52453,27.632691,0.384375,0.073936415,57992,True,5.642117,14.322761,6.65474,26.658621,0.21875,0.047477163,11908,True,0.165625,0.026459252,0.36964,6.114596
481,rtl->baseline,5.591563,14.341352,7.563403,27.542863,0.384375,0.075699566,57940,True,5.573402,14.440981,6.647478,26.709886,0.21875,0.045240865,11892,True,0.165625,0.030458701,0.3672,6.107386
482,baseline->rtl,5.613635,14.393537,7.544802,27.606689,0.38125,0.075092326,58058,True,5.602574,14.55202,6.653179,26.848626,0.21875,0.044346346,11925,True,0.1625,0.03074598,0.36423,6.115846
483,rtl->baseline,5.632367,14.319261,9.6211,29.618362,0.38125,0.075786931,58129,True,5.940461,14.588983,6.672061,27.248699,0.234375,0.050551038,11909,True,0.146875,0.025235893,0.36621,6.131177
484,baseline->rtl,5.661059,14.411448,7.595416,27.722498,0.38125,0.076064772,58141,True,5.616215,14.31504,6.677161,26.64816,0.234375,0.048345415,11900,True,0.146875,0.027719357,0.362929,6.142438
485,rtl->baseline,5.590483,14.282988,7.571744,27.489929,0.38125,0.076175909,58188,True,5.663989,14.368625,6.673871,26.754449,0.234375,0.047463166,11918,True,0.146875,0.028712743,0.36691,6.134618
486,baseline->rtl,5.581662,14.361254,7.616427,27.612619,0.371875,0.072282864,58728,True,5.563501,14.418059,6.645778,26.666292,0.2421875,0.050391516,12041,True,0.1296875,0.021891348,0.36653,6.108515
487,rtl->baseline,5.58791,14.255499,7.627215,27.515479,0.371875,0.073538145,58765,True,5.631464,14.500979,6.663577,26.845075,0.2421875,0.049219107,12065,True,0.1296875,0.024319038,0.37789,6.113363
488,baseline->rtl,5.619683,14.345816,7.711741,27.730946,0.371875,0.074040258,58770,True,5.612322,14.590056,6.679648,26.92267,0.2421875,0.048750143,12040,True,0.1296875,0.025290115,0.36777,6.117063
489,rtl->baseline,5.647645,14.284032,7.621324,27.597505,0.365625,0.071616103,58774,True,5.616722,14.322794,6.666547,26.653309,0.2578125,0.055125057,12059,True,0.1078125,0.016491046,0.363119,6.132024
490,baseline->rtl,5.598791,14.451775,7.604743,27.709104,0.365625,0.072521441,58825,True,5.614443,14.39174,6.643375,26.688072,0.2578125,0.052987523,12055,True,0.1078125,0.019533918,0.36303,6.109642
491,rtl->baseline,5.645375,14.284861,16.599098,36.574738,0.365625,0.072883577,58821,True,5.640215,14.373499,6.650946,26.713503,0.2578125,0.052132509,12058,True,0.1078125,0.020751068,0.36855,6.110133
492,baseline->rtl,5.58445,14.39039,7.586181,27.614776,0.35,0.066465931,59211,True,5.613553,14.327175,6.663628,26.641988,0.2890625,0.064915504,12097,True,0.0609375,0.001550427,0.36629,6.123803
493,rtl->baseline,5.636074,14.343956,7.630936,27.657059,0.35,0.068586372,59237,True,5.683579,14.379759,6.969442,27.078893,0.2890625,0.060653701,12098,True,0.0609375,0.007932671,0.433695,6.363493
494,baseline->rtl,5.658576,14.338076,7.627915,27.679431,0.35,0.069434549,59241,True,5.611412,14.610777,6.653716,26.913199,0.2890625,0.058948981,12090,True,0.0609375,0.010485568,0.366629,6.115303
495,rtl->baseline,5.623683,14.351157,7.772336,27.793031,0.340625,0.06583632,59259,True,5.58107,14.379189,6.655326,26.66242,0.3046875,0.064829592,12078,True,0.0359375,0.001006728,0.368649,6.113772
496,baseline->rtl,5.620073,14.502479,7.549289,27.726285,0.340625,0.067209528,59253,True,5.680968,14.39166,6.675888,26.78568,0.3046875,0.062494337,12090,True,0.0359375,0.004715191,0.36748,6.109563
497,rtl->baseline,5.58422,14.341486,7.581061,27.552102,0.340625,0.067758811,59218,True,5.587411,14.411282,6.633234,26.678551,0.3046875,0.061560235,12091,True,0.0359375,0.006198576,0.362029,6.101932
498,baseline->rtl,5.644515,14.329305,7.621365,27.648579,0.2875,0.045666024,59527,True,5.641125,14.38479,6.642556,26.708243,0.421875,0.110405344,12232,True,0.134375,0.06473932,0.3675,6.105142
499,rtl->baseline,5.658446,14.301853,7.595702,27.601555,0.2875,0.05276641,59555,True,5.647135,14.360768,6.645576,26.702312,0.421875,0.094787138,12229,True,0.134375,0.042020728,0.361929,6.111923
500,baseline->rtl,5.778026,14.421372,7.544508,27.797991,0.2875,0.055606564,59504,True,5.642085,14.306423,6.651756,26.640397,0.421875,0.088539855,12231,True,0.134375,0.032933291,0.363019,6.112953
501,rtl->baseline,5.668267,14.316954,7.57251,27.603935,0.240625,0.037055126,59387,True,5.629294,14.335905,6.648686,26.662089,0.5234375,0.128697192,12235,True,0.2828125,0.091642066,0.3656,6.112753
502,baseline->rtl,5.755104,14.305323,7.629355,27.742497,0.240625,0.04369705,59362,True,5.630474,14.294903,6.681828,26.647718,0.5234375,0.114291377,12228,True,0.2828125,0.070594327,0.37142,6.141285
503,rtl->baseline,5.667065,14.356721,7.563776,27.631815,0.240625,0.04635382,59285,True,5.705428,14.333929,6.643113,26.730032,0.5234375,0.108529051,12234,True,0.2828125,0.062175231,0.3681,6.103999
504,baseline->rtl,5.86235,14.305507,7.572057,27.793398,0.11875,-0.003770972,57879,True,5.656513,14.339129,6.656373,26.692549,0.625,0.14888037,12148,True,0.50625,0.152651342,0.36981,6.11569
505,rtl->baseline,5.6071,14.290035,7.519843,27.461441,0.11875,0.012741611,57841,True,5.667134,14.523594,6.646693,26.884115,0.625,0.134552148,12142,True,0.50625,0.121810537,0.362069,6.11243
506,baseline->rtl,5.73427,14.355151,7.597869,27.739584,0.11875,0.019346644,57846,True,5.61667,14.292585,6.651303,26.599802,0.625,0.128820859,12158,True,0.50625,0.109474215,0.366849,6.11463
507,rtl->baseline,5.665704,14.381473,7.583078,27.675938,0.071875,0.002301158,56844,True,5.699597,14.380833,6.674445,26.802259,0.578125,0.106840844,12013,True,0.50625,0.104539686,0.37114,6.131671
508,baseline->rtl,5.693456,14.378852,7.586988,27.712282,0.071875,0.009545463,57006,True,5.652373,14.312197,6.660004,26.662377,0.578125,0.112111337,12048,True,0.50625,0.102565874,0.370479,6.115991
509,rtl->baseline,5.662054,14.298066,7.534793,27.539147,0.075,0.013755685,57029,True,5.596109,14.516824,6.914125,27.07423,0.578125,0.114219535,12039,True,0.503125,0.10046385,0.37569,6.36241
510,baseline->rtl,5.781473,14.459449,7.586128,27.879765,0.059375,0.007939774,57099,True,5.708138,14.257213,6.674095,26.677428,0.5625,0.108500314,12021,True,0.503125,0.10056054,0.369469,6.130861
511,rtl->baseline,5.814386,14.277494,12.464539,32.602783,0.059375,0.01030091,57141,True,5.641522,14.502223,6.667185,26.858843,0.5625,0.110900126,12035,True,0.503125,0.100599216,0.37532,6.119311
512,baseline->rtl,5.682676,14.381033,7.60968,27.727332,0.059375,0.011245364,57187,True,5.570667,14.34775,6.648683,26.604733,0.5625,0.11186005,12035,True,0.503125,0.100614686,0.368839,6.1062
513,rtl->baseline,5.573627,14.330329,7.657703,27.606713,0.040625,0.003748146,57282,True,5.628071,14.367602,6.652443,26.695999,0.546875,0.10568152,12060,True,0.50625,0.101933374,0.37182,6.1087
514,baseline->rtl,5.648653,14.284885,7.560006,27.545598,0.040625,0.006374258,57328,True,5.646043,14.318298,6.658854,26.662737,0.5390625,0.104616358,12085,True,0.4984375,0.0982421,0.37462,6.11424
515,rtl->baseline,5.579917,14.331479,7.640272,27.598362,0.040625,0.007424703,57363,True,5.655254,14.314978,6.689816,26.707631,0.5390625,0.106534043,12090,True,0.4984375,0.09910934,0.3696,6.145612
516,baseline->rtl,5.674185,14.591359,7.577318,27.892586,0.01875,-0.009217619,56966,True,5.668414,14.379973,6.667755,26.755374,0.5234375,0.100738617,12033,True,0.5046875,0.109956236,0.363739,6.1084
517,rtl->baseline,5.562845,14.34849,7.589569,27.545678,0.01875,-0.003687047,56977,True,5.602269,14.409985,6.656603,26.715221,0.53125,0.106389197,12029,True,0.5125,0.110076244,0.361699,6.1208
518,baseline->rtl,5.598309,14.405385,7.628952,27.685539,0.01875,-0.001474819,56915,True,5.523043,14.429376,6.658604,26.649106,0.53125,0.106305679,12013,True,0.5125,0.107780498,0.368779,6.117581
519,rtl->baseline,5.695764,14.359424,7.617197,27.717459,-0.015625,-0.000589928,56989,True,5.605756,14.390587,6.658861,26.702308,0.4921875,0.089866022,12033,True,0.5078125,0.09045595,0.36898,6.117488
520,baseline->rtl,5.723147,14.382776,7.521949,27.680726,-0.0125,-0.000235971,56970,True,5.717606,14.434381,6.657001,26.84949,0.4921875,0.095008909,12018,True,0.5046875,0.09524488,0.364469,6.119998
521,rtl->baseline,5.571614,14.320412,7.454444,27.390043,-0.0125,-9.4388e-05,56966,True,5.638169,14.373275,6.659551,26.7187,0.4921875,0.097066063,12024,True,0.5046875,0.097160451,0.37285,6.111517
522,baseline->rtl,5.638729,14.382096,7.500347,27.573168,-0.0375,-0.015787755,56930,True,5.596206,14.286458,6.661911,26.584339,0.46875,0.088045175,12006,True,0.50625,0.10383293,0.367999,6.122878
523,rtl->baseline,5.588936,14.377966,7.40099,27.413865,-0.0375,-0.010815102,56993,True,5.613317,14.379316,6.907371,26.946858,0.46875,0.09146807,12007,True,0.50625,0.102283172,0.36843,6.364517
524,baseline->rtl,5.712525,14.411248,7.433432,27.609611,-0.0375,-0.008826041,56925,True,5.620488,14.368585,6.660491,26.688037,0.46875,0.092837228,12009,True,0.50625,0.101663269,0.369469,6.118948
525,rtl->baseline,5.573705,14.30444,7.458625,27.381373,-0.078125,-0.025092916,56702,True,5.586885,14.466223,6.65308,26.752332,0.4296875,0.076978641,11921,True,0.5078125,0.102071557,0.360008,6.121178
526,baseline->rtl,5.64587,14.385307,7.486867,27.570168,-0.078125,-0.019412167,56598,True,5.612317,14.346524,6.64309,26.640633,0.4296875,0.082353956,11918,True,0.5078125,0.101766123,0.37019,6.102097
527,rtl->baseline,5.578144,14.325822,7.490767,27.438307,-0.078125,-0.017139867,56614,True,5.603967,14.479484,6.64814,26.778394,0.4296875,0.084504083,11919,True,0.5078125,0.10164395,0.360148,6.112508
528,baseline->rtl,5.625588,14.487255,7.497158,27.662195,-0.1,-0.025418447,56835,True,5.675242,14.413259,6.65576,26.782534,0.4140625,0.078801633,11980,True,0.5140625,0.10422008,0.372719,6.109177
529,rtl->baseline,5.561484,14.343903,7.445703,27.395134,-0.1,-0.022167379,56805,True,5.627698,14.397937,6.656331,26.72849,0.40625,0.077926903,11968,True,0.50625,0.100094282,0.365239,6.119558
530,baseline->rtl,5.684373,14.519547,7.481766,27.738241,-0.1,-0.020866951,56807,True,5.627499,14.452332,6.65178,26.770394,0.28125,0.027420761,11971,True,0.38125,0.048287712,0.363069,6.112927
531,rtl->baseline,5.572934,14.359345,7.424422,27.401574,-0.11875,-0.028221781,57206,True,5.604747,14.317141,6.693284,26.663595,0.390625,0.090655805,12020,True,0.509375,0.118877586,0.37895,6.13971
532,baseline->rtl,5.634889,14.451391,7.451634,27.590689,-0.11875,-0.025538712,57220,True,5.689183,14.349964,6.6563,26.735221,0.390625,0.083137322,12024,True,0.509375,0.108676034,0.36671,6.117137
533,rtl->baseline,5.651941,14.340453,7.453714,27.491251,-0.11875,-0.024465485,57228,True,5.607817,14.404518,6.64846,26.738381,0.390625,0.080129929,12034,True,0.509375,0.104595414,0.367629,6.107687
534,baseline->rtl,5.617158,14.326472,7.5358,27.532944,-0.16875,-0.045036194,55041,True,5.602177,14.357744,6.65392,26.652104,0.34375,0.059239471,11583,True,0.5125,0.104275665,0.368339,6.110777
535,rtl->baseline,5.635977,14.284702,7.45084,27.415313,-0.16875,-0.038264478,54794,True,5.629188,14.559324,6.653197,26.889392,0.34375,0.064945789,11551,True,0.5125,0.103210267,0.36969,6.110994
536,baseline->rtl,5.723474,14.436335,7.480243,27.693045,-0.16875,-0.035555791,54782,True,5.668489,14.302774,6.909238,26.919373,0.34375,0.067228315,11555,True,0.5125,0.102784106,0.363449,6.371175
537,rtl->baseline,5.605095,14.269731,7.448141,27.366589,-0.240625,-0.064659816,56919,True,5.717153,14.406112,6.68506,26.854728,0.2734375,0.038610076,11982,True,0.5140625,0.103269892,0.399592,6.113034
538,baseline->rtl,5.568072,14.551093,7.480603,27.651681,-0.24375,-0.056051427,56965,True,5.563131,14.450666,6.650717,26.701716,0.2734375,0.04825653,11982,True,0.5171875,0.104307957,0.365939,6.112874
539,rtl->baseline,5.593313,14.325496,7.388896,27.352517,-0.24375,-0.051670571,56953,True,5.637527,14.356648,6.701922,26.74343,0.2734375,0.052115112,11984,True,0.5171875,0.103785683,0.408683,6.120385
540,baseline->rtl,5.620345,14.464316,7.501894,27.64023,-0.325,-0.084043228,56828,True,5.603424,14.360859,6.661438,26.661743,0.1953125,0.020846045,11967,True,0.5203125,0.104889273,0.367059,6.121935
541,rtl->baseline,5.597663,14.26475,7.477243,27.38208,-0.325,-0.072617291,56888,True,5.619755,14.359018,6.906017,26.930575,0.1953125,0.031775918,11968,True,0.5203125,0.104393209,0.369919,6.364875
542,baseline->rtl,5.68083,14.396651,7.391186,27.522551,-0.325,-0.068046917,56845,True,5.642817,14.387461,6.654747,26.722518,0.1953125,0.036147867,11976,True,0.5203125,0.104194784,0.364499,6.115314
543,rtl->baseline,5.623526,14.540293,7.486523,27.693775,-0.340625,-0.072781267,57064,True,5.667139,14.431714,6.658488,26.803544,0.1640625,0.024771647,11984,True,0.5046875,0.097552914,0.366429,6.115885
544,baseline->rtl,5.645017,14.350887,7.45016,27.50009,-0.340625,-0.069987507,57063,True,5.604504,14.307943,6.668768,26.62028,0.1640625,0.029596159,11988,True,0.5046875,0.099583666,0.366809,6.130896
545,rtl->baseline,5.590103,14.320375,7.414368,27.370289,-0.340625,-0.068870003,57100,True,5.630946,14.610368,6.654027,26.941695,0.1640625,0.031525963,11997,True,0.5046875,0.100395966,0.37501,6.102633
546,baseline->rtl,5.611025,14.293393,7.534577,27.492299,-0.403125,-0.094673001,57101,True,5.648698,14.309754,6.660978,26.657013,0.1171875,0.012610385,11996,True,0.5203125,0.107283386,0.371969,6.116355
547,rtl->baseline,5.618456,14.312464,7.45212,27.427154,-0.40625,-0.0875567,57090,True,5.595973,14.310074,6.662098,26.615789,0.1171875,0.019106654,11986,True,0.5234375,0.106663354,0.367569,6.122605
548,baseline->rtl,5.718523,14.266811,7.437259,27.476337,-0.40625,-0.08377268,57096,True,5.609945,14.330816,6.670729,26.651792,0.1171875,0.021705162,11997,True,0.5234375,0.105477842,0.37881,6.116945
549,rtl->baseline,5.640117,14.248289,7.439059,27.371899,-0.44375,-0.098009072,57008,True,5.648258,14.345347,6.682709,26.722378,0.078125,0.006338315,11963,True,0.521875,0.104347387,0.402932,6.109875
550,baseline->rtl,5.590513,14.325896,7.535107,27.50428,-0.44375,-0.092453629,57008,True,5.617435,14.608317,6.667018,26.931405,0.078125,0.011910326,11960,True,0.521875,0.104363955,0.38005,6.113914
551,rtl->baseline,5.58547,14.350491,17.394701,37.374885,-0.44375,-0.090231452,57012,True,5.80369,14.349735,6.648604,26.849813,0.078125,0.01413913,11974,True,0.521875,0.104370582,0.364668,6.113202
552,baseline->rtl,5.648035,14.271845,7.481,27.453954,-0.48125,-0.105092581,56519,True,5.914236,14.307588,6.662775,26.923772,0.0390625,-0.001375598,11878,True,0.5203125,0.103716983,0.372639,6.116402
553,rtl->baseline,5.660776,14.348141,7.509932,27.564752,-0.48125,-0.099787032,56514,True,5.617673,14.492132,6.649814,26.806592,0.0390625,0.004137261,11867,True,0.5203125,0.103924293,0.364439,6.113492
554,baseline->rtl,5.602681,14.352071,7.493191,27.500407,-0.48125,-0.097664813,56427,True,5.602992,14.294787,6.652944,26.589156,0.0390625,0.006342404,11857,True,0.5203125,0.104007217,0.366619,6.115422
555,rtl->baseline,5.613252,14.291427,14.537276,34.489078,-0.515625,-0.111253425,56604,True,5.623754,14.534515,6.655464,26.862117,0.0,-0.009181788,11879,True,0.515625,0.102071637,0.371269,6.110382
556,baseline->rtl,5.612463,14.379663,7.464928,27.509898,-0.515625,-0.10637637,56552,True,5.632024,14.346281,6.661135,26.678852,0.0078125,-0.003672715,11860,True,0.5234375,0.102703655,0.375109,6.111182
557,rtl->baseline,5.529895,14.308447,7.434416,27.317522,-0.515625,-0.104425548,56531,True,5.640435,14.325989,6.683796,26.694604,0.0,-0.001469086,11856,True,0.515625,0.102956462,0.402311,6.109022
558,baseline->rtl,5.629234,14.535396,7.442307,27.660439,-0.521875,-0.106270219,56619,True,5.668997,14.427247,6.652184,26.786901,0.0,-0.000587634,11871,True,0.521875,0.105682585,0.365598,6.112642
559,rtl->baseline,5.646145,14.326049,7.401863,27.422251,-0.521875,-0.105133088,56554,True,5.688178,14.377163,6.657335,26.77139,0.0,-0.000235054,11878,True,0.521875,0.104898034,0.372849,6.113192
560,baseline->rtl,5.654536,14.326689,7.463338,27.496427,-0.521875,-0.104678235,56557,True,5.560758,14.358852,6.650904,26.610218,0.0,-9.4022e-05,11878,True,0.521875,0.104584213,0.362959,6.114682
561,rtl->baseline,5.541767,14.284776,7.644323,27.515509,-0.525,-0.105808794,56758,True,5.661746,14.355391,6.657475,26.721606,-0.0078125,-3.7609e-05,11912,True,0.5171875,0.105771185,0.366149,6.116862
562,baseline->rtl,5.611222,14.380794,7.445697,27.490436,-0.525,-0.105323518,56730,True,5.644464,14.283865,6.663395,26.630369,-0.0078125,-1.5043e-05,11910,True,0.5171875,0.105308475,0.368019,6.121372
563,rtl->baseline,5.570589,14.544216,7.541364,27.701553,-0.525,-0.105129407,56693,True,5.606922,14.365172,6.655315,26.674562,-0.0078125,-6.017e-06,11894,True,0.5171875,0.10512339,0.365529,6.116952
564,baseline->rtl,5.649495,14.33446,7.455448,27.492446,-0.534375,-0.108989263,56562,True,5.633444,14.480181,6.664225,26.817554,-0.015625,-2.407e-06,11877,True,0.51875,0.108986856,0.370759,6.121643
565,rtl->baseline,5.633894,14.279486,7.450417,27.40935,-0.534375,-0.107720705,56554,True,5.615493,14.378023,6.657065,26.697594,-0.015625,-9.63e-07,11877,True,0.51875,0.107719742,0.373969,6.112702
566,baseline->rtl,5.649146,14.321999,7.518783,27.54121,-0.534375,-0.107213282,56520,True,5.615203,14.277035,6.682176,26.614288,-0.015625,-3.85e-07,11878,True,0.51875,0.107212897,0.367919,6.115842
567,rtl->baseline,5.560466,14.311631,7.517089,27.43444,-0.55,-0.113572813,56348,True,5.58866,14.465155,6.676744,26.776443,-0.0234375,-0.009843904,11824,True,0.5265625,0.103728909,0.37332,6.129261
568,baseline->rtl,5.646032,14.315322,7.40186,27.414448,-0.55,-0.111429125,56345,True,5.663624,14.348144,6.662652,26.712703,-0.0234375,-0.006750062,11819,True,0.5265625,0.104679063,0.370819,6.116719
569,rtl->baseline,5.593548,14.251947,7.434172,27.325311,-0.55,-0.11057165,56312,True,5.592389,14.311472,6.657152,26.606435,-0.0234375,-0.005512525,11834,True,0.5265625,0.105059125,0.370989,6.113099
570,baseline->rtl,5.595159,14.347825,7.469615,27.464872,-0.565625,-0.11679116,55865,True,5.551815,14.371337,6.656672,26.619036,-0.0390625,-0.01158001,11703,True,0.5265625,0.10521115,0.367749,6.113549
571,rtl->baseline,5.593718,14.325812,7.40865,27.373825,-0.565625,-0.114591464,55802,True,5.608389,14.375866,6.660752,26.692532,-0.0390625,-0.009319504,11696,True,0.5265625,0.10527196,0.373829,6.113809
572,baseline->rtl,5.678675,14.387307,7.40763,27.525037,-0.559375,-0.111086586,55712,True,5.552455,14.436572,6.663032,26.690741,-0.0390625,-0.008415302,11667,True,0.5203125,0.102671284,0.368329,6.120569
573,rtl->baseline,5.631011,14.395828,7.439192,27.509206,-0.55625,-0.110247134,56004,True,5.653483,14.395308,6.657021,26.752617,-0.03125,-0.004772371,11749,True,0.525,0.105474763,0.364748,6.117059
574,baseline->rtl,5.673535,14.357175,7.512088,27.594752,-0.55625,-0.110848854,56038,True,5.603309,14.451682,6.904041,26.996236,-0.03125,-0.005658948,11743,True,0.525,0.105189906,0.361429,6.37006
575,rtl->baseline,5.634902,14.270089,7.469475,27.419959,-0.55625,-0.111089541,56031,True,5.652573,14.393568,6.733017,26.827642,-0.03125,-0.006013579,11748,True,0.525,0.105075962,0.452446,6.106748
576,baseline->rtl,5.60976,14.521288,7.474926,27.659028,-0.590625,-0.125623317,55735,True,5.590288,14.368356,6.652971,26.650418,-0.078125,-0.025842932,11673,True,0.5125,0.099780385,0.368659,6.108909
577,rtl->baseline,5.560896,14.320653,7.459145,27.387996,-0.590625,-0.121124327,55735,True,5.724009,14.626196,6.678433,27.075482,-0.078125,-0.019712173,11647,True,0.5125,0.101412154,0.383371,6.117409
578,baseline->rtl,5.698846,14.377797,7.393799,27.522357,-0.59375,-0.120637231,55761,True,5.665874,14.426911,6.64647,26.779819,-0.078125,-0.017259869,11675,True,0.515625,0.103377362,0.366359,6.108118
579,rtl->baseline,5.595909,14.311351,7.504258,27.456512,-0.61875,-0.130004892,55726,True,5.598939,14.410039,6.649391,26.705503,-0.109375,-0.029403948,11633,True,0.509375,0.100600944,0.359658,6.115739
580,baseline->rtl,5.635462,14.311092,7.550072,27.549759,-0.615625,-0.124939457,55731,True,5.651193,14.273859,6.658982,26.621986,-0.109375,-0.024886579,11632,True,0.50625,0.100052878,0.370119,6.116469
581,rtl->baseline,5.572507,14.272909,7.445044,27.337053,-0.615625,-0.123850783,55734,True,5.567996,14.351985,6.914312,26.880806,-0.109375,-0.023079632,11649,True,0.50625,0.100771151,0.371709,6.369609
582,baseline->rtl,5.563476,14.349805,7.454774,27.420009,-0.63125,-0.129977813,55104,True,5.60927,14.268498,6.660992,26.578793,-0.1171875,-0.025638103,11503,True,0.5140625,0.10433971,0.37122,6.11764
583,rtl->baseline,5.65502,14.372299,7.484433,27.557698,-0.63125,-0.127741125,55059,True,5.642232,14.377837,6.65752,26.724433,-0.1171875,-0.024317741,11496,True,0.5140625,0.103423384,0.367549,6.117097
584,baseline->rtl,5.677443,14.349528,7.427939,27.507083,-0.63125,-0.12684645,55076,True,5.594796,14.259411,6.66634,26.55871,-0.1171875,-0.023789596,11503,True,0.5140625,0.103056854,0.375139,6.118157
585,rtl->baseline,5.855686,14.298094,7.44328,27.643464,-0.6375,-0.12911358,54881,True,5.669132,14.331727,6.947311,26.995173,-0.125,-0.026859589,11463,True,0.5125,0.102253991,0.369379,6.367376
586,baseline->rtl,5.626478,14.344157,7.468672,27.492593,-0.6375,-0.128145432,54837,True,5.573584,14.466147,6.652268,26.730223,-0.125,-0.025743835,11456,True,0.5125,0.102401597,0.359458,6.118516
587,rtl->baseline,5.65146,14.299264,7.406947,27.402415,-0.6375,-0.127758173,54853,True,5.603337,14.670023,6.645518,26.967432,-0.125,-0.025297534,11451,True,0.5125,0.102460639,0.364138,6.109486
588,baseline->rtl,5.661491,14.289143,7.533437,27.536425,-0.6375,-0.127603269,54749,True,5.597246,14.575736,6.92376,27.136685,-0.1328125,-0.028400264,11426,True,0.5046875,0.099203005,0.370839,6.374867
589,rtl->baseline,5.586605,14.469177,7.491363,27.59218,-0.6375,-0.127541308,54731,True,5.620038,14.36794,6.67071,26.706301,-0.1328125,-0.027297605,11433,True,0.5046875,0.100243703,0.370519,6.126507
590,baseline->rtl,5.606067,14.37263,7.44375,27.473381,-0.64375,-0.130141523,54799,True,5.648671,14.37178,6.645188,26.796868,-0.1328125,-0.026856542,11433,True,0.5109375,0.103284981,0.362328,6.108366
591,rtl->baseline,5.613378,14.330277,8.480531,28.472469,-0.646875,-0.130619109,54807,True,5.603417,14.333167,6.665209,26.648476,-0.1328125,-0.026680117,11435,True,0.5140625,0.103938992,0.3747,6.115126
592,baseline->rtl,5.618357,14.460957,7.408848,27.540046,-0.646875,-0.129872644,54764,True,5.652751,14.351918,6.68359,26.725263,-0.1328125,-0.026609547,11433,True,0.5140625,0.103263097,0.404271,6.107746
593,rtl->baseline,5.591036,14.294014,7.539478,27.470101,-0.646875,-0.129574057,54740,True,5.631918,14.351478,6.67718,26.706741,-0.1328125,-0.026581319,11430,True,0.5140625,0.102992738,0.370499,6.132058
594,baseline->rtl,5.744408,14.288944,7.403467,27.488803,-0.653125,-0.132079623,54941,True,5.573705,14.290604,6.687061,26.590432,-0.140625,-0.029851277,11460,True,0.5125,0.102228346,0.367639,6.144858
595,rtl->baseline,5.717156,14.342528,7.362724,27.467571,-0.653125,-0.131206849,54909,True,5.659371,14.310425,6.667289,26.686189,-0.140625,-0.028815511,11462,True,0.5125,0.102391338,0.37608,6.119977
596,baseline->rtl,5.662872,14.407373,7.505425,27.629223,-0.653125,-0.13085774,54961,True,5.657821,14.306265,6.658949,26.660617,-0.140625,-0.028401204,11457,True,0.5125,0.102456536,0.367319,6.119737
597,rtl->baseline,5.571204,14.264201,7.4427,27.325669,-0.653125,-0.130718096,54937,True,5.556683,14.361189,6.650498,26.616204,-0.140625,-0.028235482,11452,True,0.5125,0.102482614,0.367909,6.108966
598,baseline->rtl,5.578695,14.37249,7.435,27.440439,-0.653125,-0.130662238,54883,True,5.597856,14.541623,6.909018,27.08924,-0.140625,-0.028169193,11449,True,0.5125,0.102493045,0.370879,6.364626
599,rtl->baseline,5.609887,14.301668,7.409904,27.366713,-0.653125,-0.130639895,54849,True,5.626888,14.364879,6.648378,26.68896,-0.140625,-0.028142677,11442,True,0.5125,0.102497218,0.371318,6.106386
600,baseline->rtl,5.602134,14.333771,7.438456,27.427635,-0.653125,-0.130630958,54921,True,5.570762,14.418097,6.686558,26.71529,-0.140625,-0.028132071,11449,True,0.5125,0.102498887,0.382259,6.110494
601,rtl->baseline,5.602794,14.271666,7.48264,27.401023,-0.653125,-0.130627383,54911,True,5.67462,14.358353,6.688499,26.768054,-0.1484375,-0.031409078,11448,True,0.5046875,0.099218305,0.371169,6.144086
602,baseline->rtl,5.795279,14.404116,7.395813,27.648712,-0.653125,-0.130625953,54909,True,5.700212,14.372894,6.683258,26.795746,-0.140625,-0.027094881,11456,True,0.5125,0.103531072,0.398171,6.112943
603,rtl->baseline,5.593224,14.509024,7.48757,27.634072,-0.659375,-0.133250381,54877,True,5.641167,14.312909,6.683248,26.684638,-0.1484375,-0.030994203,11465,True,0.5109375,0.102256178,0.37886,6.128475
604,baseline->rtl,5.650588,14.498073,8.216076,28.418072,-0.659375,-0.132425153,54922,True,5.729214,14.343542,6.652995,26.786396,-0.1484375,-0.030210181,11459,True,0.5109375,0.102214972,0.374529,6.104193
605,rtl->baseline,5.597454,14.430188,7.540444,27.61367,-0.659375,-0.132095061,54871,True,5.562171,14.376205,6.662506,26.648355,-0.1484375,-0.029896572,11454,True,0.5109375,0.102198489,0.377919,6.111503
606,baseline->rtl,5.698841,14.343691,7.534964,27.629931,-0.659375,-0.131963024,55129,True,5.652918,14.373003,6.656156,26.721261,-0.1484375,-0.029771129,11495,True,0.5109375,0.102191895,0.367218,6.114034
607,rtl->baseline,5.621506,14.314799,13.571112,33.55144,-0.659375,-0.13191021,55323,True,5.603924,14.449869,6.662246,26.761904,-0.1484375,-0.029720952,11508,True,0.5109375,0.102189258,0.37737,6.111544
608,baseline->rtl,5.670429,14.343411,7.590728,27.658704,-0.659375,-0.131889084,55067,True,5.618585,14.426668,6.97478,27.058927,-0.1484375,-0.029700881,11475,True,0.5109375,0.102188203,0.369469,6.366573
609,rtl->baseline,5.614285,14.308458,7.533513,27.500911,-0.6625,-0.133193134,55240,True,5.674759,14.341121,6.679968,26.742742,-0.1484375,-0.029692852,11507,True,0.5140625,0.103500282,0.374959,6.130985
610,baseline->rtl,5.568202,14.392756,7.824346,27.838167,-0.6625,-0.132777253,55405,True,5.579002,14.436749,6.651155,26.705539,-0.1484375,-0.029689641,11527,True,0.5140625,0.103087612,0.371909,6.107333
611,rtl->baseline,5.555361,14.306529,7.575647,27.48317,-0.6625,-0.132610901,55255,True,5.68157,14.340632,6.670967,26.740852,-0.1484375,-0.029688356,11502,True,0.5140625,0.102922545,0.371079,6.125214
612,baseline->rtl,5.660228,14.293477,7.526593,27.534454,-0.665625,-0.133856861,55246,True,5.627726,14.32636,6.662366,26.656695,-0.15625,-0.032969093,11462,True,0.509375,0.100887768,0.372418,6.115564
613,rtl->baseline,5.643237,14.280767,7.407614,27.377791,-0.665625,-0.133417744,55250,True,5.635107,14.367904,6.653006,26.702229,-0.15625,-0.031937637,11473,True,0.509375,0.101480107,0.368719,6.110984
614,baseline->rtl,5.651328,14.410606,7.48785,27.601829,-0.665625,-0.133242098,55261,True,5.636187,14.293788,6.662956,26.631994,-0.15625,-0.031525055,11494,True,0.509375,0.101717043,0.373539,6.114743
615,rtl->baseline,5.596974,14.294304,15.063531,34.999302,-0.66875,-0.134484339,54891,True,5.601784,14.353212,6.659486,26.661876,-0.15625,-0.031360022,11417,True,0.5125,0.103124317,0.373989,6.109964
616,baseline->rtl,5.689249,14.460944,8.213102,28.414499,-0.66875,-0.134043736,54894,True,5.660876,15.165518,6.61396,27.476817,-0.15625,-0.031294009,11413,True,0.5125,0.102749727,0.340446,6.10527
617,rtl->baseline,5.653455,14.301892,7.52312,27.524251,-0.66875,-0.133867494,54894,True,5.648006,14.471055,6.660644,26.826477,-0.15625,-0.031267604,11419,True,0.5125,0.10259989,0.38835,6.10181
618,baseline->rtl,5.720601,14.322784,8.756824,28.852553,-0.678125,-0.137734498,54081,True,5.742482,14.308142,6.638731,26.72914,-0.1640625,-0.034538291,11254,True,0.5140625,0.103196207,0.363838,6.10377
619,rtl->baseline,5.70085,14.333904,7.514249,27.596417,-0.678125,-0.136468799,54109,True,5.612912,14.387588,6.648702,26.698517,-0.1640625,-0.033502817,11259,True,0.5140625,0.102965982,0.368198,6.10658
620,baseline->rtl,5.656126,14.422541,7.361048,27.490598,-0.678125,-0.13596252,54118,True,5.733912,14.304443,6.706007,26.785484,-0.1640625,-0.033088627,11253,True,0.5140625,0.102873893,0.369878,6.111421
621,rtl->baseline,5.553618,14.343885,7.360367,27.303974,-0.678125,-0.135760008,53736,True,5.600092,14.445724,6.659583,26.750811,-0.171875,-0.036204201,11174,True,0.50625,0.099555807,0.369118,6.115721
622,baseline->rtl,5.643265,14.555751,7.462705,27.714286,-0.678125,-0.135679003,53741,True,5.570029,14.485446,6.650272,26.748362,-0.171875,-0.03510668,11167,True,0.50625,0.100572323,0.368488,6.10685
623,rtl->baseline,5.564339,14.375548,7.507089,27.492759,-0.678125,-0.135646601,53730,True,5.613733,14.391089,6.653443,26.704107,-0.171875,-0.034667672,11168,True,0.50625,0.100978929,0.363858,6.116811
624,baseline->rtl,5.626513,14.40054,17.349777,37.429155,-0.68125,-0.136946141,53247,True,5.606652,14.593794,6.928184,27.168963,-0.171875,-0.034492069,11062,True,0.509375,0.102454072,0.413402,6.335068
625,rtl->baseline,5.647126,14.285481,14.739996,34.717716,-0.68125,-0.136528456,53249,True,5.590201,14.40621,6.661983,26.705798,-0.171875,-0.034421828,11063,True,0.509375,0.102106628,0.374029,6.111971
626,baseline->rtl,5.691268,14.440442,13.160704,33.3451,-0.68125,-0.136361382,53242,True,5.58738,14.382809,6.648102,26.656704,-0.171875,-0.034393731,11076,True,0.509375,0.101967651,0.362438,6.114282
627,rtl->baseline,5.557478,14.324494,12.670766,32.599652,-0.684375,-0.137607053,53033,True,5.667456,14.456934,6.654793,26.824897,-0.1796875,-0.037663742,11014,True,0.5046875,0.099943311,0.369578,6.110681
628,baseline->rtl,5.611502,14.327164,7.636298,27.625139,-0.68125,-0.135855321,53033,True,5.564039,14.483776,6.659263,26.746651,-0.1796875,-0.036627997,11011,True,0.5015625,0.099227324,0.371349,6.116662
629,rtl->baseline,5.57615,14.297522,8.513586,28.431951,-0.68125,-0.136092128,53029,True,5.641165,14.452714,6.656983,26.798225,-0.1796875,-0.036213699,11017,True,0.5015625,0.099878429,0.370749,6.112821
630,baseline->rtl,5.631084,14.521819,8.532037,28.738375,-0.690625,-0.140124351,52346,True,5.557598,14.375178,6.665753,26.636722,-0.1796875,-0.03604798,10899,True,0.5109375,0.104076371,0.372209,6.121881
631,rtl->baseline,5.61207,14.333608,8.473479,28.465042,-0.690625,-0.138924741,52350,True,5.636733,14.381442,6.66171,26.727429,-0.1796875,-0.035981692,10891,True,0.5109375,0.102943049,0.365848,6.119028
632,baseline->rtl,5.737,14.293636,8.582168,28.666156,-0.690625,-0.138444896,52348,True,5.557466,14.35154,6.64589,26.591358,-0.1796875,-0.035955177,10892,True,0.5109375,0.102489719,0.359798,6.114029
633,rtl->baseline,5.594429,14.322427,8.597189,28.558268,-0.696875,-0.140877958,51780,True,5.640662,14.380842,6.65402,26.721777,-0.1796875,-0.035944571,10768,True,0.5171875,0.104933387,0.373318,6.106678
634,baseline->rtl,5.579107,14.348879,8.594918,28.57632,-0.696875,-0.139976183,51720,True,5.60882,14.341229,6.658201,26.646722,-0.1796875,-0.035940328,10749,True,0.5171875,0.104035855,0.367128,6.115459
635,rtl->baseline,5.588228,14.411355,8.763152,28.810007,-0.696875,-0.139615473,51763,True,5.589259,14.461458,6.65649,26.75497,-0.1796875,-0.035938631,10755,True,0.5171875,0.103676842,0.371778,6.110178
636,baseline->rtl,5.659173,14.347499,8.539834,28.597852,-0.7,-0.140783689,51197,True,5.687655,14.413254,6.650099,26.791892,-0.1875,-0.039219203,10625,True,0.5125,0.101564486,0.368429,6.107108
637,rtl->baseline,5.569307,14.403144,8.532204,28.549708,-0.7,-0.140313476,51206,True,5.61841,14.334128,6.664771,26.665133,-0.1875,-0.038187681,10636,True,0.5125,0.102125795,0.377679,6.112888
638,baseline->rtl,5.622551,14.324057,8.61926,28.620913,-0.7,-0.14012539,51179,True,5.583208,14.347609,6.65496,26.62434,-0.1875,-0.037775072,10638,True,0.5125,0.102350318,0.372329,6.106438
639,rtl->baseline,5.602279,14.283664,8.519082,28.45085,-0.7,-0.140050156,50990,True,5.606289,14.333138,6.66057,26.648062,-0.1875,-0.037610029,10574,True,0.5125,0.102440127,0.363928,6.121309
640,baseline->rtl,5.625581,14.36317,8.553046,28.626973,-0.7,-0.140020062,51005,True,5.569167,14.335269,6.65468,26.597298,-0.1875,-0.037544012,10583,True,0.5125,0.10247605,0.369978,6.111948
641,rtl->baseline,5.600059,14.371761,8.492761,28.509935,-0.7,-0.140008025,51057,True,5.621661,14.334398,6.663951,26.667883,-0.1875,-0.037517605,10593,True,0.5125,0.10249042,0.374599,6.114308
642,baseline->rtl,5.61819,14.328257,8.526193,28.525246,-0.7,-0.14000321,50898,True,5.546995,14.450217,6.647559,26.683815,-0.1875,-0.037507042,10577,True,0.5125,0.102496168,0.363598,6.111178
643,rtl->baseline,5.693566,14.291895,8.48189,28.511875,-0.7,-0.140001284,50910,True,5.692476,14.364221,6.64921,26.75526,-0.1875,-0.037502817,10583,True,0.5125,0.102498467,0.376209,6.101097
644,baseline->rtl,5.686056,14.328338,8.297036,28.363074,-0.7,-0.140000514,50939,True,5.722708,14.271963,6.644719,26.677594,-0.1875,-0.037501127,10586,True,0.5125,0.102499387,0.367409,6.103358
645,rtl->baseline,5.640822,14.311746,15.430872,35.429595,-0.709375,-0.143937705,50260,True,5.650913,14.413855,6.663641,26.774422,-0.1953125,-0.040781701,10432,True,0.5140625,0.103156004,0.374699,6.114789
646,baseline->rtl,5.685906,14.35684,7.519496,27.613416,-0.709375,-0.142700082,50309,True,5.604029,14.334729,6.66197,26.639441,-0.1953125,-0.03975018,10442,True,0.5140625,0.102949902,0.371268,6.117499
647,rtl->baseline,5.616418,14.371355,9.342802,29.376048,-0.709375,-0.142205033,50289,True,5.562614,14.370415,6.919557,26.8998,-0.1953125,-0.039337572,10442,True,0.5140625,0.102867461,0.368178,6.379146
648,baseline->rtl,5.632259,14.387447,7.724849,27.796428,-0.7125,-0.143319513,50021,True,5.578806,14.470722,6.667408,26.755039,-0.1953125,-0.039172529,10402,True,0.5171875,0.104146984,0.374328,6.119436
649,rtl->baseline,5.555754,14.510896,7.492561,27.605744,-0.7125,-0.142827805,50057,True,5.595136,14.349714,6.730713,26.722346,-0.1953125,-0.039106512,10407,True,0.5171875,0.103721293,0.372778,6.185551
650,baseline->rtl,5.626349,14.42848,7.453418,27.56058,-0.7125,-0.142631122,50051,True,5.587145,14.425019,6.653287,26.704305,-0.1953125,-0.039080105,10396,True,0.5171875,0.103551017,0.376669,6.105665
651,rtl->baseline,5.589226,14.400337,7.523123,27.55996,-0.7125,-0.142552449,49860,True,5.786681,14.311661,6.655447,26.800812,-0.203125,-0.042350792,10368,True,0.509375,0.100201657,0.372928,6.110585
652,baseline->rtl,5.686704,14.42753,7.359761,27.527337,-0.7125,-0.14252098,49877,True,5.678373,14.389337,6.747414,26.853086,-0.203125,-0.041315317,10354,True,0.509375,0.101205663,0.471016,6.101334
653,rtl->baseline,5.625659,14.459912,7.3474,27.476374,-0.7125,-0.142508392,49864,True,5.623399,14.527447,6.662088,26.860886,-0.203125,-0.040901127,10368,True,0.509375,0.101607265,0.376439,6.111055
654,baseline->rtl,5.627989,14.318441,7.506402,27.505926,-0.7125,-0.142503357,49612,True,5.724086,14.30057,6.652006,26.714206,-0.203125,-0.040735451,10315,True,0.509375,0.101767906,0.373399,6.106206
655,rtl->baseline,5.578375,14.324642,7.48195,27.42944,-0.7125,-0.142501343,49574,True,5.613988,14.358475,6.674588,26.694764,-0.203125,-0.04066918,10305,True,0.509375,0.101832163,0.40032,6.104275
656,baseline->rtl,5.620558,14.378045,7.48076,27.532558,-0.7125,-0.142500537,49583,True,5.610667,14.519077,6.645806,26.812893,-0.203125,-0.040642672,10309,True,0.509375,0.101857865,0.365008,6.106396
657,rtl->baseline,5.592606,14.252896,7.600069,27.490255,-0.7125,-0.142500215,49437,True,5.851296,14.312371,6.659188,26.869207,-0.203125,-0.040632069,10270,True,0.509375,0.101868146,0.368968,6.115156
658,baseline->rtl,5.709105,14.375075,7.443488,27.579111,-0.7125,-0.142500086,49422,True,5.699345,14.30152,6.649857,26.690964,-0.203125,-0.040627828,10270,True,0.509375,0.101872258,0.367218,6.107115
659,rtl->baseline,5.567464,14.403918,7.460059,27.477454,-0.7125,-0.142500034,49424,True,5.620308,14.516747,6.670848,26.855967,-0.203125,-0.040626131,10268,True,0.509375,0.101873903,0.372058,6.123496
660,baseline->rtl,5.601217,14.341793,7.48383,27.479584,-0.715625,-0.143812514,49330,True,5.613297,14.280918,6.666688,26.599847,-0.203125,-0.040625452,10251,True,0.5125,0.103187062,0.371369,6.122867
661,rtl->baseline,5.535952,14.323492,7.523504,27.42705,-0.715625,-0.143400005,49308,True,5.624899,14.361104,6.652057,26.685023,-0.203125,-0.040625181,10246,True,0.5125,0.102774824,0.371198,6.110445
662,baseline->rtl,5.661411,14.364434,7.427936,27.506146,-0.715625,-0.143235002,49299,True,5.702385,14.362515,6.646936,26.750499,-0.203125,-0.040625072,10249,True,0.5125,0.10260993,0.365788,6.105556
663,rtl->baseline,5.560111,14.340887,7.413762,27.357323,-0.715625,-0.143169001,49116,True,5.595767,14.328936,6.681677,26.650992,-0.203125,-0.040625029,10189,True,0.5125,0.102543972,0.369558,6.139615
664,baseline->rtl,5.654008,14.321226,7.490218,27.517065,-0.715625,-0.1431426,49115,True,5.628387,14.360478,6.654434,26.682202,-0.203125,-0.040625012,10189,True,0.5125,0.102517588,0.369659,6.112783
665,rtl->baseline,5.600545,14.238749,7.461776,27.345932,-0.715625,-0.14313204,49143,True,5.650419,14.335336,6.694427,26.726665,-0.203125,-0.040625005,10192,True,0.5125,0.102507035,0.403501,6.116033
666,baseline->rtl,5.596124,14.38317,7.574124,27.606692,-0.715625,-0.143127816,49093,True,5.616796,14.38692,6.647163,26.689853,-0.2109375,-0.043906252,10187,True,0.5046875,0.099221564,0.370088,6.101943
667,rtl->baseline,5.564481,14.359338,7.493668,27.462661,-0.715625,-0.143126126,49083,True,5.537149,14.401102,6.670316,26.65518,-0.2109375,-0.042875001,10193,True,0.5046875,0.100251125,0.376328,6.116974
668,baseline->rtl,5.737254,14.51999,7.470427,27.780775,-0.715625,-0.143125451,49067,True,5.612906,14.286532,6.655584,26.593295,-0.2109375,-0.0424625,10188,True,0.5046875,0.100662951,0.367907,6.111193
669,rtl->baseline,5.567132,14.415172,7.3903,27.420008,-0.725,-0.14706268,48701,True,5.575712,14.530331,6.682417,26.835264,-0.2109375,-0.0422975,10095,True,0.5140625,0.10476518,0.369038,6.110583
670,baseline->rtl,5.661769,14.396011,7.412371,27.524206,-0.725,-0.145825072,48701,True,5.601675,14.396681,6.657505,26.694253,-0.2109375,-0.0422315,10102,True,0.5140625,0.103593572,0.371818,6.114713
671,rtl->baseline,5.787399,14.329726,7.421352,27.585931,-0.725,-0.145330029,48711,True,5.627136,14.349057,6.714489,26.736946,-0.2109375,-0.0422051,10101,True,0.5140625,0.103124929,0.400371,6.137625
672,baseline->rtl,5.618226,14.335606,7.437294,27.443309,-0.725,-0.145132012,48386,True,5.615265,14.482948,6.656925,26.793371,-0.2109375,-0.04219454,10029,True,0.5140625,0.102937472,0.374148,6.106643
673,rtl->baseline,5.596114,14.311124,7.456925,27.408407,-0.725,-0.145052805,48352,True,5.605875,14.365248,6.678777,26.694653,-0.2109375,-0.042190316,10017,True,0.5140625,0.102862489,0.374199,6.129255
674,baseline->rtl,5.737155,14.356448,7.384069,27.529126,-0.728125,-0.146333622,48373,True,5.705713,14.278202,6.711859,26.735446,-0.2109375,-0.042188626,10025,True,0.5171875,0.104144996,0.372098,6.162977
675,rtl->baseline,5.619385,14.26244,7.407421,27.334672,-0.728125,-0.145908449,47825,True,5.553201,14.333666,6.647413,26.581255,-0.21875,-0.045469201,9918,True,0.509375,0.100439248,0.369919,6.103703
676,baseline->rtl,5.623846,14.291763,7.490488,27.460301,-0.728125,-0.145738379,47767,True,5.626736,14.605547,6.666696,26.938401,-0.21875,-0.04443768,9907,True,0.509375,0.101300699,0.367898,6.127284
677,rtl->baseline,5.630186,14.272711,7.481426,27.430178,-0.728125,-0.145670352,47776,True,5.631337,14.342387,6.657854,26.680402,-0.21875,-0.044025072,9909,True,0.509375,0.10164528,0.370668,6.110483
678,baseline->rtl,5.650078,14.342397,7.406162,27.45169,-0.73125,-0.146955641,47655,True,5.66961,14.361449,6.671206,26.742857,-0.21875,-0.043860029,9885,True,0.5125,0.103095612,0.367068,6.131335
679,rtl->baseline,5.591542,14.317329,7.350954,27.305928,-0.73125,-0.146532256,47610,True,5.582793,14.377009,6.669075,26.677191,-0.21875,-0.043794012,9881,True,0.5125,0.102738244,0.374468,6.121744
680,baseline->rtl,5.593251,14.33206,7.454032,27.431818,-0.73125,-0.146362903,47631,True,5.58488,14.266025,6.656652,26.54787,-0.21875,-0.043767605,9889,True,0.5125,0.102595298,0.367378,6.113141
681,rtl->baseline,5.623364,14.278476,7.42389,27.370262,-0.73125,-0.146295161,47729,True,5.660026,14.353891,6.646971,26.707353,-0.21875,-0.043757042,9900,True,0.5125,0.102538119,0.368327,6.109681
682,baseline->rtl,5.604993,14.415976,7.350274,27.423166,-0.73125,-0.146268064,47719,True,5.650376,14.391245,6.669633,26.749176,-0.21875,-0.043752817,9894,True,0.5125,0.102515247,0.39506,6.10252
683,rtl->baseline,5.616153,14.379414,7.404708,27.444799,-0.73125,-0.146257226,47727,True,5.599172,14.385094,6.658771,26.691162,-0.21875,-0.043751127,9896,True,0.5125,0.102506099,0.366848,6.10321
684,baseline->rtl,5.602382,14.846288,7.42887,27.932655,-0.73125,-0.14625289,47737,True,5.712431,14.299808,6.662752,26.713783,-0.21875,-0.043750451,9894,True,0.5125,0.102502439,0.371708,6.1117
685,rtl->baseline,5.626464,14.384944,7.448151,27.504753,-0.73125,-0.146251156,47756,True,5.599682,14.376883,6.665492,26.689671,-0.21875,-0.04375018,9899,True,0.5125,0.102500976,0.377809,6.112871
686,baseline->rtl,5.644485,14.296667,7.449381,27.442188,-0.73125,-0.146250462,47721,True,5.614723,14.374663,6.649571,26.67876,-0.21875,-0.043750072,9900,True,0.5125,0.10250039,0.365457,6.11125
687,rtl->baseline,5.555748,14.301258,17.491308,37.394098,-0.728125,-0.144937685,48068,True,5.638225,14.445179,6.662732,26.793939,-0.21875,-0.043750029,9974,True,0.509375,0.101187656,0.372478,6.118321
688,baseline->rtl,5.627404,14.347692,7.56171,27.59059,-0.728125,-0.145350074,48082,True,5.589991,14.259735,6.660602,26.548941,-0.21875,-0.043750012,9970,True,0.509375,0.101600062,0.369168,6.117821
689,rtl->baseline,5.581151,14.302458,7.553159,27.481881,-0.728125,-0.14551503,48084,True,5.639925,14.358742,6.679863,26.726234,-0.21875,-0.043750005,9967,True,0.509375,0.101765025,0.369188,6.138122
690,baseline->rtl,5.57539,14.369013,7.510726,27.508283,-0.73125,-0.146893512,47797,True,5.619933,14.518034,6.63397,26.810021,-0.21875,-0.043750002,9926,True,0.5125,0.10314351,0.355376,6.1058
691,rtl->baseline,5.613053,14.352202,7.521967,27.59701,-0.73125,-0.146507405,47773,True,5.603722,14.348861,6.668623,26.667189,-0.21875,-0.043750001,9923,True,0.5125,0.102757404,0.370988,6.120881
692,baseline->rtl,5.653026,14.264305,7.532957,27.504203,-0.73125,-0.146352962,47793,True,5.668777,14.234472,6.662712,26.606305,-0.21875,-0.04375,9924,True,0.5125,0.102602962,0.374008,6.114161
693,rtl->baseline,5.560609,14.365473,7.613044,27.583548,-0.728125,-0.144978685,48194,True,5.57134,14.362112,6.687184,26.66824,-0.2109375,-0.04046875,9995,True,0.5171875,0.104509935,0.367247,6.144313
694,baseline->rtl,5.56239,14.412926,7.599462,27.627722,-0.728125,-0.145366474,48219,True,5.604182,14.302278,6.657261,26.599905,-0.2109375,-0.0415,10003,True,0.5171875,0.103866474,0.369398,6.11485
695,rtl->baseline,5.609073,14.267393,7.618861,27.542181,-0.728125,-0.14552159,48229,True,5.755194,14.287167,6.660512,26.749936,-0.2109375,-0.0419125,9996,True,0.5171875,0.10360909,0.371598,6.11464
696,baseline->rtl,5.546005,14.28585,7.61045,27.496141,-0.725,-0.144271136,48326,True,5.599649,14.431981,6.648288,26.719362,-0.2109375,-0.0420775,10019,True,0.5140625,0.102193636,0.371557,6.105607
697,rtl->baseline,5.621151,14.308783,7.486431,27.459668,-0.725,-0.144708454,48352,True,5.60449,14.329944,6.66257,26.644137,-0.2109375,-0.0421435,10019,True,0.5140625,0.102564954,0.374988,6.113598
698,baseline->rtl,5.657544,14.284371,7.544726,27.539204,-0.725,-0.144883382,48294,True,5.779413,14.382727,6.67998,26.881865,-0.2109375,-0.0421699,10013,True,0.5140625,0.102713482,0.372058,6.13374
699,rtl->baseline,5.60754,14.350815,7.586869,27.589938,-0.715625,-0.141015853,49020,True,5.597289,14.428961,6.642828,26.715482,-0.2109375,-0.04218046,10179,True,0.5046875,0.098835393,0.364957,6.105087
700,baseline->rtl,5.612121,14.446723,7.648163,27.76037,-0.715625,-0.142281341,49020,True,5.60811,14.440812,6.659319,26.747395,-0.2109375,-0.042184684,10180,True,0.5046875,0.100096657,0.372848,6.110928
701,rtl->baseline,5.598659,14.260748,7.668335,27.572886,-0.715625,-0.142787536,49020,True,5.934255,14.372587,6.685541,27.039696,-0.203125,-0.038905124,10180,True,0.5125,0.103882412,0.40347,6.107808
702,baseline->rtl,5.613391,14.396429,7.664565,27.728339,-0.715625,-0.142990015,49290,True,5.60072,14.359877,6.657609,26.656878,-0.203125,-0.039937049,10220,True,0.5125,0.103052966,0.372668,6.112348
703,rtl->baseline,5.575818,14.373507,7.592549,27.586857,-0.715625,-0.143071006,49277,True,5.640512,14.301032,6.656479,26.646677,-0.203125,-0.04034982,10223,True,0.5125,0.102721186,0.372108,6.111898
704,baseline->rtl,5.635602,14.350755,7.562497,27.601339,-0.715625,-0.143103402,49290,True,5.670535,14.300042,6.684891,26.69411,-0.203125,-0.040514928,10218,True,0.5125,0.102588474,0.365077,6.14493
705,rtl->baseline,5.620321,14.319283,7.47731,27.464208,-0.7125,-0.141803861,49450,True,5.626451,14.363146,6.641508,26.67956,-0.203125,-0.040580971,10276,True,0.509375,0.10122289,0.367187,6.099437
706,baseline->rtl,5.769393,14.365367,7.432007,27.673634,-0.715625,-0.143534044,49453,True,5.640443,14.477735,6.681431,26.838741,-0.203125,-0.040607388,10284,True,0.5125,0.102926656,0.369858,6.13843
707,rtl->baseline,5.579098,14.326133,10.888976,30.840071,-0.7125,-0.141976118,49463,True,5.653233,14.359136,6.680911,26.742534,-0.203125,-0.040617955,10281,True,0.509375,0.101358163,0.39115,6.111308
708,baseline->rtl,5.702548,14.371587,14.733194,34.861542,-0.7125,-0.142290447,49760,True,5.621702,14.303332,6.652469,26.616715,-0.1953125,-0.037340932,10332,True,0.5171875,0.104949515,0.365458,6.115278
709,rtl->baseline,5.588519,14.305912,13.812665,33.75377,-0.7125,-0.142416179,49751,True,5.662494,14.397079,6.664349,26.771227,-0.1953125,-0.038373873,10330,True,0.5171875,0.104042306,0.370248,6.117489
710,baseline->rtl,5.594279,14.475004,8.071145,28.195683,-0.7125,-0.142466472,49746,True,5.60198,14.40721,6.949451,26.995453,-0.1953125,-0.038787049,10341,True,0.5171875,0.103679423,0.362597,6.362097
711,rtl->baseline,5.589169,14.285507,7.705044,27.626033,-0.665625,-0.122799089,54808,True,5.629612,14.291881,6.66128,26.629616,-0.1484375,-0.01926482,11464,True,0.5171875,0.103534269,0.371978,6.114559
712,baseline->rtl,5.628689,14.402463,7.408382,27.492709,-0.665625,-0.128994635,54843,True,5.708926,14.501411,6.654216,26.904805,-0.1484375,-0.025518428,11461,True,0.5171875,0.103476207,0.371828,6.110546
713,rtl->baseline,5.562465,14.283904,8.237334,28.130297,-0.665625,-0.131472854,54774,True,5.609068,14.339578,6.910845,26.905145,-0.1484375,-0.028019871,11456,True,0.5171875,0.103452983,0.366067,6.372705
714,baseline->rtl,5.600017,14.428585,7.38581,27.466807,-0.66875,-0.133776642,55183,True,5.805782,14.352639,6.677047,26.875423,-0.15625,-0.032301698,11515,True,0.5125,0.101474944,0.392239,6.109546
715,rtl->baseline,5.595407,14.442406,7.406122,27.487608,-0.66875,-0.133760657,55167,True,5.63071,14.337909,6.659977,26.675148,-0.15625,-0.031670679,11493,True,0.5125,0.102089978,0.369318,6.118516
716,baseline->rtl,5.686084,14.35397,7.432034,27.524921,-0.66875,-0.133754263,55142,True,5.655842,14.35348,6.666647,26.714711,-0.15625,-0.031418272,11493,True,0.5125,0.102335991,0.368547,6.123006
717,rtl->baseline,5.612748,14.559565,11.921208,32.139906,-0.678125,-0.137689205,54112,True,5.631689,14.35906,6.669327,26.707051,-0.1640625,-0.034598559,11290,True,0.5140625,0.103090646,0.372848,6.119547
718,baseline->rtl,5.603488,14.400223,7.402772,27.460687,-0.678125,-0.136450682,54110,True,5.669282,14.375002,6.763744,26.849231,-0.1640625,-0.033526923,11278,True,0.5140625,0.102923759,0.484576,6.101405
719,rtl->baseline,5.614178,14.280254,7.407782,27.347548,-0.678125,-0.135955273,54152,True,5.618379,14.304806,6.653866,26.622134,-0.1640625,-0.033098269,11287,True,0.5140625,0.102857004,0.369547,6.110955
720,baseline->rtl,5.656531,14.319277,7.438865,27.467767,-0.684375,-0.138382109,52409,True,5.701125,14.49495,6.647356,26.882814,-0.171875,-0.036208058,10940,True,0.5125,0.102174051,0.368708,6.103785
721,rtl->baseline,5.6373,14.35688,8.439709,28.478522,-0.684375,-0.137477844,52330,True,5.63782,14.511881,6.669117,26.866102,-0.171875,-0.035108223,10913,True,0.5125,0.102369621,0.376068,6.116206
722,baseline->rtl,5.555074,14.480299,7.38735,27.475448,-0.684375,-0.137116137,52317,True,5.698405,14.480539,6.640175,26.858632,-0.171875,-0.034668289,10921,True,0.5125,0.102447848,0.358537,6.108376
723,rtl->baseline,5.595617,14.35125,7.420523,27.410163,-0.69375,-0.140908955,51637,True,5.589087,14.389483,6.664297,26.688219,-0.1796875,-0.037773566,10797,True,0.5140625,0.103135389,0.374458,6.116906
724,baseline->rtl,5.666082,14.300885,7.482797,27.5026,-0.69375,-0.139613582,51528,True,5.599047,14.327227,6.652826,26.617984,-0.1796875,-0.036671926,10771,True,0.5140625,0.102941656,0.364907,6.113836
725,rtl->baseline,5.594467,14.329878,7.386341,27.356809,-0.69375,-0.139095433,51671,True,5.621549,14.303166,6.664946,26.636746,-0.1796875,-0.036231271,10785,True,0.5140625,0.102864162,0.369018,6.122697
726,baseline->rtl,5.622999,14.332018,7.430774,27.438285,-0.696875,-0.140200673,51959,True,5.642311,14.3545,6.655776,26.751534,-0.1875,-0.039336258,10800,True,0.509375,0.100864415,0.367267,6.113566
727,rtl->baseline,5.598667,14.293105,7.412519,27.350004,-0.696875,-0.139705269,52048,True,5.679463,14.447056,6.669637,26.841731,-0.1875,-0.038234503,10820,True,0.509375,0.101470766,0.375187,6.120296
728,baseline->rtl,5.623667,14.402548,7.460033,27.537691,-0.696875,-0.139507108,51794,True,5.597255,14.337242,6.652773,26.624583,-0.1875,-0.037793801,10803,True,0.509375,0.101713307,0.365737,6.111963
729,rtl->baseline,5.546801,14.317221,8.927021,28.836647,-0.709375,-0.144677843,51909,True,5.654599,14.287849,6.662933,26.655116,-0.1953125,-0.040898771,10764,True,0.5140625,0.103779072,0.372588,6.115154
730,baseline->rtl,5.584454,14.382336,7.592592,27.612427,-0.709375,-0.142996137,51835,True,5.549621,14.380676,6.650183,26.617953,-0.1953125,-0.039797008,10742,True,0.5140625,0.103199129,0.370328,6.106983
731,rtl->baseline,5.583734,14.277488,7.620554,27.52656,-0.709375,-0.142323455,51834,True,5.692562,14.347304,6.659994,26.747702,-0.1953125,-0.039356303,10750,True,0.5140625,0.102967152,0.364287,6.119073
732,baseline->rtl,5.641858,14.335112,7.578011,27.606636,-0.709375,-0.142054382,51619,True,5.608246,14.336763,6.662224,26.648975,-0.1953125,-0.039180021,10694,True,0.5140625,0.102874361,0.376068,6.107443
733,rtl->baseline,5.634378,14.328862,7.671728,27.681762,-0.709375,-0.141946753,51639,True,5.620967,14.346093,6.652813,26.667667,-0.1953125,-0.039109509,10700,True,0.5140625,0.102837244,0.365447,6.117904
734,baseline->rtl,5.773108,14.338313,7.511717,27.676232,-0.709375,-0.141903701,51662,True,5.67083,14.30402,6.654483,26.668626,-0.1953125,-0.039081303,10711,True,0.5140625,0.102822398,0.366767,6.114903
735,rtl->baseline,5.605655,14.372185,7.672199,27.696183,-0.7125,-0.14319898,50928,True,5.606665,14.492404,6.656464,26.801757,-0.203125,-0.042351271,10572,True,0.509375,0.100847709,0.369188,6.113133
736,baseline->rtl,5.8027,14.339903,7.506066,27.701543,-0.7125,-0.142779592,50881,True,5.690362,14.289249,6.679525,26.698269,-0.203125,-0.041315509,10544,True,0.509375,0.101464083,0.365497,6.109773
737,rtl->baseline,5.583514,14.30888,7.534878,27.472036,-0.7125,-0.142611837,50985,True,5.6646,14.423229,6.901352,27.035984,-0.203125,-0.040901203,10575,True,0.509375,0.101710634,0.369937,6.356721
738,baseline->rtl,5.629517,14.380126,7.493546,27.555443,-0.715625,-0.143857235,50321,True,5.641608,14.279588,6.665724,26.624733,-0.2109375,-0.044016731,10446,True,0.5046875,0.099840504,0.371187,6.121174
739,rtl->baseline,5.586154,14.284689,7.460383,27.377299,-0.721875,-0.146042894,50331,True,5.735425,14.354154,6.654493,26.790146,-0.2109375,-0.042919193,10445,True,0.5109375,0.103123701,0.369968,6.112693
740,baseline->rtl,5.614086,14.392347,7.406269,27.466866,-0.721875,-0.145042158,50327,True,5.686361,14.31152,6.646723,26.683608,-0.2109375,-0.042480177,10445,True,0.5109375,0.102561981,0.369427,6.106913
741,rtl->baseline,5.584364,14.396937,7.413479,27.439204,-0.728125,-0.147266863,49779,True,5.595815,14.403838,6.661374,26.708269,-0.2109375,-0.042304571,10365,True,0.5171875,0.104962292,0.368027,6.118273
742,baseline->rtl,5.581214,14.415969,7.463943,27.514119,-0.728125,-0.146281745,49779,True,5.675681,14.44004,6.657754,26.812417,-0.2109375,-0.042234328,10365,True,0.5171875,0.104047417,0.368078,6.114793
743,rtl->baseline,5.544571,14.420669,7.322511,27.332115,-0.728125,-0.145887698,49809,True,5.592285,14.507926,6.667604,26.815187,-0.2109375,-0.042206231,10369,True,0.5171875,0.103681467,0.370367,6.123433
744,baseline->rtl,5.682509,14.384071,7.417047,27.53526,-0.740625,-0.150980079,48815,True,5.56514,14.464666,6.662881,26.732481,-0.2265625,-0.048757493,10147,True,0.5140625,0.102222586,0.368597,6.121511
745,rtl->baseline,5.617834,14.317615,7.540706,27.521308,-0.740625,-0.149267032,48780,True,5.608484,14.350968,6.688384,26.694638,-0.2265625,-0.046690497,10145,True,0.5140625,0.102576535,0.4008,6.112721
746,baseline->rtl,5.573451,14.544322,7.447879,27.619406,-0.740625,-0.148581813,48803,True,5.624745,14.354708,6.6538,26.673236,-0.2265625,-0.045863699,10144,True,0.5140625,0.102718114,0.366737,6.11375
747,rtl->baseline,5.577741,14.358098,8.620665,28.603999,-0.759375,-0.156182725,47077,True,5.583322,14.362068,6.660071,26.652355,-0.2421875,-0.05209548,9779,True,0.5171875,0.104087245,0.368788,6.114211
748,baseline->rtl,5.585871,14.545962,7.363483,27.548091,-0.759375,-0.15359809,47079,True,5.662467,14.438314,6.654031,26.795255,-0.2421875,-0.049900692,9775,True,0.5171875,0.103697398,0.371487,6.10818
749,rtl->baseline,5.579481,14.385151,7.358193,27.367027,-0.759375,-0.152564236,47073,True,5.597933,14.318395,6.665662,26.629893,-0.3671875,-0.101522777,9714,True,0.3921875,0.051041459,0.373848,6.115061
750,baseline->rtl,5.654737,14.342557,7.425157,27.475026,-0.778125,-0.160025694,45156,True,5.712851,14.349388,6.91466,27.016811,-0.2578125,-0.038734111,9330,True,0.5203125,0.121291583,0.372867,6.370339
751,rtl->baseline,5.639256,14.309035,8.317383,28.312447,-0.778125,-0.157385278,45058,True,5.576751,14.38209,6.668271,26.674477,-0.2578125,-0.046431144,9326,True,0.5203125,0.110954134,0.369357,6.122511
752,baseline->rtl,5.602573,14.370059,7.32083,27.390099,-0.778125,-0.156329111,45104,True,5.69701,14.417073,6.684193,26.837188,-0.2578125,-0.049509958,9334,True,0.5203125,0.106819153,0.361466,6.10435
753,rtl->baseline,5.584812,14.364499,7.386265,27.380528,-0.778125,-0.155906644,44366,True,5.582901,14.288763,6.684553,26.602871,-0.265625,-0.054022733,9164,True,0.5125,0.101883911,0.363897,6.144753
754,baseline->rtl,5.615003,14.38296,7.403145,27.454844,-0.778125,-0.155737658,44364,True,5.56757,14.320436,6.659791,26.58765,-0.265625,-0.053484093,9167,True,0.5125,0.102253565,0.366497,6.118041
755,rtl->baseline,5.586491,14.270902,7.333041,27.237027,-0.778125,-0.155670063,44382,True,5.638695,14.448915,6.663911,26.800506,-0.265625,-0.053268637,9168,True,0.5125,0.102401426,0.367957,6.118631
756,baseline->rtl,5.606853,14.354939,7.402716,27.415891,-0.79375,-0.162205525,42478,True,5.598133,14.313455,6.666561,26.616542,-0.28125,-0.059744955,8792,True,0.5125,0.10246057,0.368958,6.120881
757,rtl->baseline,5.56959,14.426253,7.45755,27.500257,-0.803125,-0.16406971,42443,True,5.679209,14.415623,6.678793,26.819637,-0.28125,-0.057647982,8785,True,0.521875,0.106421728,0.360997,6.141373
758,baseline->rtl,5.706051,14.412112,7.498893,27.67208,-0.79375,-0.158065384,42466,True,5.589542,14.489458,6.656081,26.774473,-0.28125,-0.056809193,8783,True,0.5125,0.101256191,0.373108,6.11197
759,rtl->baseline,5.643576,14.335127,8.488625,28.513102,-0.80625,-0.163726154,41785,True,5.615594,14.395401,6.65511,26.714039,-0.2890625,-0.059754927,8639,True,0.5171875,0.103971227,0.367608,6.115461
760,baseline->rtl,5.589289,14.46328,7.476629,27.582242,-0.80625,-0.162240461,41801,True,5.615862,14.484802,6.906167,27.044803,-0.2890625,-0.058589471,8630,True,0.5171875,0.10365099,0.363887,6.369567
761,rtl->baseline,5.616362,14.245725,7.523542,27.429841,-0.80625,-0.161646185,41779,True,5.665976,14.32285,6.671779,26.707498,-0.2890625,-0.058123288,8637,True,0.5171875,0.103522897,0.389149,6.109308
762,baseline->rtl,5.59612,14.381694,7.547554,27.577891,-0.775,-0.148283474,43858,True,5.601121,14.468181,6.649858,26.757112,-0.2578125,-0.044811815,9084,True,0.5171875,0.103471659,0.363487,6.108748
763,rtl->baseline,5.673946,14.311519,7.548813,27.580282,-0.775,-0.15231339,43861,True,5.645374,14.411476,6.649737,26.754351,-0.2578125,-0.048862226,9082,True,0.5171875,0.103451164,0.367957,6.109608
764,baseline->rtl,5.682937,14.408786,7.419834,27.564511,-0.775,-0.153925356,43871,True,5.58924,14.523905,6.68919,26.840057,-0.2578125,-0.05048239,9089,True,0.5171875,0.103442966,0.375247,6.126849
765,rtl->baseline,5.666175,14.301408,7.433325,27.446362,-0.7625,-0.149320142,44517,True,5.656665,14.389695,6.661979,26.754181,-0.2578125,-0.051130456,9234,True,0.5046875,0.098189686,0.373998,6.115078
766,baseline->rtl,5.637864,14.354753,7.4998,27.545209,-0.7625,-0.151228057,44509,True,5.631853,14.33482,6.647897,26.654574,-0.2578125,-0.051389682,9233,True,0.5046875,0.099838375,0.364356,6.110038
767,rtl->baseline,5.664535,14.32111,7.340278,27.369927,-0.76875,-0.154616223,44503,True,5.632053,14.358523,6.652708,26.690417,-0.2578125,-0.051493373,9233,True,0.5109375,0.10312285,0.368677,6.109538
768,baseline->rtl,5.624112,14.336971,7.457216,27.470984,-0.759375,-0.150158989,45292,True,5.603611,14.338141,6.662128,26.642833,-0.2421875,-0.044972349,9403,True,0.5171875,0.10518664,0.371938,6.112768
769,rtl->baseline,5.565248,14.267116,7.451216,27.328804,-0.759375,-0.151188596,45296,True,5.671826,14.284047,6.662108,26.665485,-0.2421875,-0.04705144,9410,True,0.5171875,0.104137156,0.375778,6.113508
770,baseline->rtl,5.698958,14.311719,7.383122,27.447442,-0.759375,-0.151600438,45298,True,5.621672,14.419938,6.660608,26.741211,-0.2421875,-0.047883076,9404,True,0.5171875,0.103717362,0.369397,6.116329
771,rtl->baseline,5.623372,14.311849,8.485062,28.465507,-0.746875,-0.146515175,46386,True,5.615421,14.341241,6.653618,26.657874,-0.234375,-0.04493448,9623,True,0.5125,0.101580695,0.368067,6.110688
772,baseline->rtl,5.643994,14.357683,7.3636,27.41778,-0.746875,-0.14823107,46380,True,5.693557,14.370164,6.67942,26.781014,-0.234375,-0.046098792,9621,True,0.5125,0.102132278,0.398699,6.106848
773,rtl->baseline,5.624802,14.407247,7.354559,27.431011,-0.74375,-0.147604928,46411,True,5.637064,14.294878,6.688671,26.667275,-0.234375,-0.046564517,9626,True,0.509375,0.101040411,0.372558,6.14015
774,baseline->rtl,5.756032,14.392255,7.465818,27.665958,-0.746875,-0.149604471,46864,True,5.651764,14.292317,6.661758,26.646073,-0.2265625,-0.043469557,9723,True,0.5203125,0.106134914,0.371717,6.116719
775,rtl->baseline,5.669795,14.319429,8.234303,28.267422,-0.746875,-0.149466788,46855,True,5.610132,14.390005,6.661849,26.709168,-0.2265625,-0.044575323,9734,True,0.5203125,0.104891465,0.370337,6.118889
776,baseline->rtl,5.770842,14.357056,7.325854,27.506318,-0.746875,-0.149411715,46855,True,5.641952,14.417361,6.698808,26.796874,-0.2265625,-0.045017629,9722,True,0.5203125,0.104394086,0.362697,6.111585
777,rtl->baseline,5.76261,14.81113,7.427202,28.047335,-0.73125,-0.142827186,48482,True,5.588617,14.713593,6.714649,27.063544,-0.21875,-0.041913302,10076,True,0.5125,0.100913884,0.377177,6.148998
778,baseline->rtl,5.62532,14.379668,7.40615,27.463822,-0.73125,-0.144880874,48518,True,5.655072,14.305803,6.656975,26.655013,-0.21875,-0.043015321,10080,True,0.5125,0.101865553,0.370447,6.112855
779,rtl->baseline,5.564136,14.319854,12.455458,32.384902,-0.73125,-0.14570235,48491,True,5.598028,14.439073,6.664966,26.74884,-0.21875,-0.043456128,10081,True,0.5125,0.102246222,0.374877,6.115026
780,baseline->rtl,5.652772,14.349907,7.573652,27.628715,-0.725,-0.14340594,48854,True,5.580697,14.332495,6.648945,26.601869,-0.2109375,-0.040351201,10117,True,0.5140625,0.103054739,0.367027,6.107975
781,rtl->baseline,5.609379,14.296592,7.513537,27.465222,-0.725,-0.144362376,48806,True,5.650262,14.53324,6.643405,26.87377,-0.2109375,-0.041452981,10131,True,0.5140625,0.102909395,0.361396,6.109465
782,baseline->rtl,5.607159,14.321704,7.530089,27.512827,-0.725,-0.14474495,48957,True,5.62708,14.364737,6.649965,26.681356,-0.2109375,-0.041893692,10133,True,0.5140625,0.102851258,0.365656,6.109146
783,rtl->baseline,5.636291,14.278922,7.650288,27.609953,-0.715625,-0.14096048,49931,True,5.691755,14.433023,6.655965,26.827006,-0.203125,-0.038788727,10384,True,0.5125,0.102171753,0.362326,6.122027
784,baseline->rtl,5.682464,14.376058,7.560482,27.673607,-0.715625,-0.142259192,49927,True,5.574487,14.446113,6.659165,26.719918,-0.203125,-0.039890491,10378,True,0.5125,0.102368701,0.372078,6.114005
785,rtl->baseline,5.633501,14.27062,7.55191,27.499965,-0.715625,-0.142778677,49912,True,5.672634,14.300813,6.649985,26.671555,-0.203125,-0.040331196,10371,True,0.5125,0.102447481,0.363196,6.115766
786,baseline->rtl,5.632091,14.306223,7.527479,27.519867,-0.709375,-0.140361471,51356,True,5.6179,14.514848,6.663176,26.833366,-0.1953125,-0.037226229,10679,True,0.5140625,0.103135242,0.378708,6.109735
787,rtl->baseline,5.664233,14.381048,7.54543,27.637906,-0.709375,-0.141269588,51489,True,5.642422,14.349466,6.663626,26.703727,-0.1953125,-0.038327991,10713,True,0.5140625,0.102941597,0.370907,6.118926
788,baseline->rtl,5.724288,14.507958,7.562562,27.84586,-0.709375,-0.141632835,51491,True,5.561336,18.436494,6.726541,30.762323,-0.1953125,-0.038768697,10702,True,0.5140625,0.102864138,0.389178,6.138477
789,rtl->baseline,5.567786,14.323615,7.552521,27.489114,-0.696875,-0.136528134,52178,True,5.652012,14.484727,6.652445,26.835556,-0.1875,-0.035663729,10853,True,0.509375,0.100864405,0.369277,6.109865
790,baseline->rtl,5.63295,14.373778,7.464874,27.525317,-0.696875,-0.138236254,52163,True,5.668513,14.518649,6.929606,27.15482,-0.1875,-0.036765491,10850,True,0.509375,0.101470763,0.392369,6.365654
791,rtl->baseline,5.575246,14.303963,12.732138,32.657421,-0.696875,-0.138919501,52199,True,5.597928,14.307653,6.652215,26.60376,-0.1875,-0.037206197,10865,True,0.509375,0.101713304,0.368047,6.109625
792,baseline->rtl,5.615108,14.500652,7.530786,27.697839,-0.68125,-0.132630301,52751,True,5.667982,14.365971,6.769251,26.841337,-0.171875,-0.030819979,11001,True,0.509375,0.101810322,0.369587,6.221691
793,rtl->baseline,5.688672,14.242783,7.580889,27.558998,-0.678125,-0.13348962,52810,True,5.623677,14.309848,6.685585,26.664624,-0.171875,-0.032952991,11010,True,0.50625,0.100536629,0.403009,6.109773
794,baseline->rtl,5.65417,14.325119,7.573359,27.606372,-0.68125,-0.136083348,52810,True,5.603206,14.403025,6.649712,26.695165,-0.171875,-0.033806197,11009,True,0.509375,0.102277151,0.365766,6.110233
795,rtl->baseline,5.542622,14.452338,7.559458,27.600611,-0.6625,-0.128308339,54531,True,5.586625,14.383573,6.674364,26.691666,-0.1484375,-0.024303729,11380,True,0.5140625,0.10400461,0.368727,6.130535
796,baseline->rtl,5.627218,14.394464,7.686417,27.760253,-0.6625,-0.130823336,54543,True,5.583895,14.379153,6.660653,26.661993,-0.1484375,-0.027533991,11365,True,0.5140625,0.103289345,0.364386,6.119993
797,rtl->baseline,5.580775,14.34529,7.415478,27.386736,-0.6625,-0.131829334,54457,True,5.588135,14.505642,6.654103,26.794233,-0.1484375,-0.028826097,11356,True,0.5140625,0.103003237,0.370387,6.112673
798,baseline->rtl,5.611436,14.400944,7.361774,27.427129,-0.653125,-0.128294234,55741,True,5.65286,14.420076,6.672764,26.784812,-0.1484375,-0.029342939,11631,True,0.5046875,0.098951295,0.391048,6.108173
799,rtl->baseline,5.65522,14.349831,7.355964,27.404267,-0.653125,-0.129692693,55735,True,5.620767,14.403744,6.666933,26.739139,-0.1484375,-0.029549675,11627,True,0.5046875,0.100143018,0.371437,6.122784
800,baseline->rtl,5.610337,14.332079,9.350218,29.346758,-0.653125,-0.130252077,55771,True,5.613637,14.324029,6.678215,26.655243,-0.1484375,-0.02963237,11627,True,0.5046875,0.100619707,0.371777,6.133675
801,rtl->baseline,5.625498,14.249723,7.551807,27.472222,-0.646875,-0.127850831,56337,True,5.687982,14.320728,6.654653,26.711157,-0.1328125,-0.023102948,11775,True,0.5140625,0.104747883,0.367077,6.114673
802,baseline->rtl,5.594426,14.490461,7.43956,27.578469,-0.646875,-0.128765332,56270,True,5.546253,14.368502,6.651012,26.60404,-0.1328125,-0.025178679,11773,True,0.5140625,0.103586653,0.368597,6.109123
803,rtl->baseline,5.592545,14.448838,7.364844,27.45165,-0.646875,-0.129131133,56325,True,5.614137,14.34074,6.659483,26.661723,-0.1328125,-0.026008972,11772,True,0.5140625,0.103122161,0.372077,6.112393
804,baseline->rtl,5.545323,14.365632,7.740711,27.702799,-0.615625,-0.116152453,57530,True,5.582005,14.505001,6.661743,26.786062,-0.1015625,-0.013216089,12020,True,0.5140625,0.102936364,0.374287,6.112383
805,rtl->baseline,5.588435,14.34506,7.608572,27.5886,-0.615625,-0.120335981,57543,True,5.615927,14.75617,6.642582,27.063303,-0.1015625,-0.017473935,12022,True,0.5140625,0.102862046,0.361266,6.109193
806,baseline->rtl,5.639349,14.371192,7.575139,27.639395,-0.615625,-0.122009393,57591,True,5.588745,14.310218,6.666084,26.605249,-0.1015625,-0.019177074,12021,True,0.5140625,0.102832319,0.364877,6.127364
807,rtl->baseline,5.603527,14.34191,7.425759,27.417349,-0.60625,-0.118741257,57794,True,5.584875,14.372212,6.658132,26.661774,-0.09375,-0.01657708,12062,True,0.5125,0.102164177,0.368017,6.117614
808,baseline->rtl,5.617066,14.392768,7.442127,27.504325,-0.60625,-0.120246503,57821,True,5.585783,14.323073,6.65562,26.602818,-0.09375,-0.017880832,12081,True,0.5125,0.102365671,0.371577,6.11162
809,rtl->baseline,5.629806,14.29076,12.573606,32.538537,-0.60625,-0.120848601,57837,True,5.735814,14.390438,6.680031,26.855287,-0.1015625,-0.021683583,12079,True,0.5046875,0.099165018,0.397309,6.105081
810,baseline->rtl,5.566642,14.382707,7.564825,27.565968,-0.6,-0.11846444,57873,True,5.558231,14.355055,6.66306,26.614269,-0.0703125,-0.007735933,12095,True,0.5296875,0.110728507,0.376087,6.114571
811,rtl->baseline,5.590574,14.259098,7.572676,27.467291,-0.6,-0.119385776,57864,True,5.630266,14.360915,6.680091,26.717537,-0.0703125,-0.011531873,12100,True,0.5296875,0.107853903,0.368117,6.109781
812,baseline->rtl,5.651658,14.422581,7.543534,27.671976,-0.6,-0.11975431,57869,True,5.601114,14.346315,6.910968,26.89769,-0.0703125,-0.013050249,12103,True,0.5296875,0.106704061,0.367906,6.36909
813,rtl->baseline,5.605975,14.344054,7.584757,27.581659,-0.596875,-0.118589224,57735,True,5.580202,14.441961,6.66181,26.732068,-0.078125,-0.01693885,12064,True,0.51875,0.101650374,0.373287,6.116762
814,baseline->rtl,5.632397,14.393958,7.558015,27.636523,-0.596875,-0.11906069,57717,True,5.615165,14.311832,6.652539,26.61799,-0.078125,-0.01615054,12059,True,0.51875,0.10291015,0.365657,6.114631
815,rtl->baseline,5.585333,14.306612,7.402704,27.339842,-0.596875,-0.119249276,57721,True,5.614755,14.42882,6.65749,26.749519,-0.078125,-0.015835216,12056,True,0.51875,0.10341406,0.372856,6.11143
816,baseline->rtl,5.568281,14.359725,11.017144,31.000126,-0.590625,-0.11669971,56807,True,5.558281,14.367706,6.696683,26.660393,-0.0625,-0.009146586,11946,True,0.528125,0.107553124,0.371387,6.145864
817,rtl->baseline,5.575392,14.29174,7.459308,27.371774,-0.590625,-0.117554884,56854,True,5.601554,14.372587,6.65902,26.680034,-0.0625,-0.011158635,11946,True,0.528125,0.106396249,0.366976,6.116722
818,baseline->rtl,5.597704,14.402149,7.328939,27.381764,-0.590625,-0.117896954,56882,True,5.638827,14.383928,6.682642,26.744019,-0.0625,-0.011963454,11944,True,0.528125,0.1059335,0.362946,6.11249
819,rtl->baseline,5.615675,14.293841,7.445247,27.397396,-0.5625,-0.106221281,57889,True,5.565862,14.431851,6.680382,26.725267,-0.0390625,-0.002441632,12116,True,0.5234375,0.103779649,0.374797,6.132192
820,baseline->rtl,5.584963,14.41662,7.444277,27.499934,-0.56875,-0.112613513,58050,True,5.577712,14.56487,6.65465,26.836416,-0.0390625,-0.005664153,12125,True,0.5296875,0.10694936,0.368826,6.10956
821,rtl->baseline,5.616915,14.366396,7.48583,27.516534,-0.5625,-0.110670405,58000,True,5.632686,14.425111,6.665901,26.770981,-0.0390625,-0.006953161,12121,True,0.5234375,0.103717244,0.375037,6.118041
822,baseline->rtl,5.648597,14.28802,7.422586,27.410447,-0.55,-0.106518162,57845,True,5.626366,14.27574,6.661911,26.603589,-0.03125,-0.004187514,12090,True,0.51875,0.102330648,0.370147,6.116271
823,rtl->baseline,5.6766,14.27907,7.443727,27.44712,-0.55,-0.108607265,57792,True,5.54929,14.334423,6.6608,26.594728,-0.0234375,-0.002143756,12101,True,0.5265625,0.106463509,0.374687,6.11273
824,baseline->rtl,5.660378,14.49932,7.928869,28.141311,-0.55,-0.109442906,57807,True,5.636184,14.357329,6.673568,26.705566,-0.03125,-0.006951252,12099,True,0.51875,0.102491654,0.371826,6.12631
825,rtl->baseline,5.614443,14.294955,7.569543,27.524344,-0.540625,-0.105839662,58285,True,5.56943,14.428115,6.643777,26.688024,-0.0234375,-0.003249251,12226,True,0.5171875,0.102590411,0.362066,6.109958
826,baseline->rtl,5.672267,14.36022,7.52833,27.614541,-0.54375,-0.108523365,58255,True,5.626954,14.333508,6.68517,26.684324,-0.0234375,-0.0041122,12224,True,0.5203125,0.104411165,0.367687,6.106278
827,rtl->baseline,5.637574,14.304156,7.552141,27.537545,-0.540625,-0.107346846,58229,True,5.562469,14.3603,6.629286,26.599368,-0.0234375,-0.00445738,12213,True,0.5171875,0.102889466,0.360926,6.099737
828,baseline->rtl,5.612463,14.255293,7.566883,27.545886,-0.540625,-0.107813738,58349,True,5.587931,14.351629,6.661398,26.63874,-0.0078125,0.005248298,12229,True,0.5328125,0.113062036,0.373077,6.112909
829,rtl->baseline,5.57398,14.35304,7.566913,27.536886,-0.5375,-0.106687995,58389,True,5.70671,14.401123,6.707871,26.861607,-0.0078125,0.002099319,12243,True,0.5296875,0.108787314,0.395928,6.13551
830,baseline->rtl,5.611713,14.375961,17.683888,37.724706,-0.5375,-0.107175198,58381,True,5.557968,14.423635,6.647227,26.668333,-0.0078125,0.000839728,12240,True,0.5296875,0.108014926,0.364996,6.107468
831,rtl->baseline,5.604622,14.289275,15.612,35.55012,-0.528125,-0.103432579,58151,True,5.633234,14.49224,6.654557,26.825725,0.0,0.000335891,12204,True,0.528125,0.10376847,0.366516,6.115609
832,baseline->rtl,5.675557,14.333868,9.534584,29.597943,-0.528125,-0.104748032,58194,True,5.585871,14.353,6.654897,26.633011,0.0,0.000134356,12221,True,0.528125,0.104882388,0.369636,6.112709
833,rtl->baseline,5.623463,14.327648,8.119303,28.114477,-0.528125,-0.105274213,58197,True,5.619403,14.430686,6.671899,26.770921,-0.0078125,5.3743e-05,12209,True,0.5203125,0.105327956,0.367576,6.13312
834,baseline->rtl,5.597702,14.391682,16.901582,36.946,-0.496875,-0.092359685,58387,True,5.610432,14.586297,6.69011,26.927511,0.0234375,0.009865247,12277,True,0.5203125,0.102224932,0.398258,6.112448
835,rtl->baseline,5.623723,14.410384,9.325409,29.40502,-0.496875,-0.096568874,58358,True,5.552998,14.428535,6.658328,26.687245,0.0234375,0.006758599,12270,True,0.5203125,0.103327473,0.372956,6.111978
836,baseline->rtl,5.628014,14.461938,7.620837,27.763131,-0.496875,-0.09825255,58203,True,5.56938,14.331288,6.661328,26.601258,0.0234375,0.00551594,12252,True,0.5203125,0.10376849,0.364566,6.122439
837,rtl->baseline,5.617063,14.233651,7.608985,27.503633,-0.490625,-0.09630102,57788,True,5.668976,14.302626,6.679689,26.699276,0.03125,0.008300126,12149,True,0.521875,0.104601146,0.371667,6.13647
838,baseline->rtl,5.617163,14.344189,7.592145,27.60445,-0.484375,-0.094770408,57722,True,5.542908,14.337308,6.655977,26.574936,0.03125,0.00707005,12135,True,0.515625,0.101840458,0.369777,6.114779
839,rtl->baseline,5.558739,14.311597,7.502915,27.418414,-0.484375,-0.096033163,57763,True,5.617013,14.332878,6.680419,26.678024,0.03125,0.00657802,12159,True,0.515625,0.102611183,0.366316,6.140471
840,baseline->rtl,5.646993,14.314542,9.493817,29.509235,-0.484375,-0.096538265,57495,True,5.676385,14.29202,6.927104,26.935581,0.0390625,0.009662458,12098,True,0.5234375,0.106200723,0.394898,6.361104
841,rtl->baseline,5.595599,14.30085,7.871222,27.813644,-0.484375,-0.096740306,56733,True,5.633632,14.523977,6.661005,26.864556,0.0390625,0.008552483,12085,True,0.5234375,0.105292789,0.370206,6.115387
842,baseline->rtl,5.692036,14.319892,7.633935,27.696306,-0.484375,-0.096821122,57388,True,5.733539,14.282339,6.775683,26.832044,0.0390625,0.008108493,12118,True,0.5234375,0.104929615,0.393108,6.208222
843,rtl->baseline,5.580749,14.424919,7.599252,27.651963,-0.4625,-0.087665949,58200,True,5.562727,14.315092,6.653615,26.576556,0.0703125,0.021055897,12196,True,0.5328125,0.108721846,0.369236,6.115206
844,baseline->rtl,5.648803,14.274868,7.676097,27.652193,-0.4625,-0.09056638,58191,True,5.636892,14.400837,6.652384,26.729537,0.0703125,0.016859859,12240,True,0.5328125,0.107426239,0.370637,6.108456
845,rtl->baseline,5.574938,14.248867,9.10502,28.974547,-0.4625,-0.091726552,58133,True,5.623461,14.338443,6.678246,26.687324,0.0703125,0.015181444,12239,True,0.5328125,0.106907996,0.369526,6.136378
846,baseline->rtl,5.589179,14.320642,7.661567,27.624851,-0.4625,-0.092190621,58182,True,5.593919,14.316391,6.648985,26.597378,0.0625,0.011228827,12206,True,0.525,0.103419448,0.366206,6.108816
847,rtl->baseline,5.532554,14.427759,7.759554,27.76434,-0.4625,-0.092376248,58219,True,5.587569,14.387937,6.677217,26.700645,0.0703125,0.015272781,12239,True,0.5328125,0.107649029,0.372847,6.131987
848,baseline->rtl,5.60504,14.335493,7.70859,27.699187,-0.4625,-0.092450499,58501,True,5.59901,14.329342,6.654894,26.6209,0.0625,0.011265362,12330,True,0.525,0.103715861,0.369277,6.110576
849,rtl->baseline,5.567428,14.30173,15.037123,34.950644,-0.465625,-0.0937927,59599,True,5.567008,14.400717,6.654944,26.669663,0.0625,0.012006145,12522,True,0.528125,0.105798845,0.371517,6.110746
850,baseline->rtl,5.528825,14.338133,14.189652,34.107683,-0.465625,-0.09339208,59344,True,5.638042,14.371376,6.670616,26.717986,0.0625,0.012302458,12488,True,0.528125,0.105694538,0.393728,6.102945
851,rtl->baseline,5.60123,14.464312,8.039033,28.149228,-0.465625,-0.093231832,59715,True,5.579648,14.356614,6.654884,26.637371,0.0625,0.012420983,12543,True,0.528125,0.105652815,0.368187,6.113166
852,baseline->rtl,5.641033,14.305281,7.868041,27.864848,-0.5125,-0.112855233,61217,True,5.61422,14.29772,6.654035,26.604968,0.015625,-0.013781607,12820,True,0.528125,0.099073626,0.369076,6.110406
853,rtl->baseline,5.631032,14.269828,7.602193,27.547315,-0.5125,-0.106642093,61239,True,5.553056,14.377196,6.901503,26.878748,0.015625,-0.005512643,12813,True,0.528125,0.10112945,0.368267,6.360903
854,baseline->rtl,5.627252,14.366775,7.516857,27.563686,-0.509375,-0.102844337,61212,True,5.635302,14.28894,6.660435,26.62221,0.015625,-0.002205057,12819,True,0.525,0.10063928,0.372036,6.115827
855,rtl->baseline,5.589679,14.394162,7.515273,27.544538,-0.53125,-0.111450235,60782,True,5.557257,14.485834,6.643014,26.733217,-0.0078125,-0.000882023,12722,True,0.5234375,0.110568212,0.367606,6.100205
856,baseline->rtl,5.619369,14.455825,7.505352,27.635141,-0.53125,-0.108330094,60799,True,5.593117,14.766168,6.865697,27.257894,-0.0078125,-0.000352809,12738,True,0.5234375,0.107977285,0.349815,6.34693
857,rtl->baseline,5.592227,14.306395,14.348938,34.293793,-0.53125,-0.107082038,60796,True,8.280997,14.481777,6.658943,29.463721,-0.0078125,-0.000141124,12717,True,0.5234375,0.106940914,0.379027,6.104073
858,baseline->rtl,5.629989,14.38057,10.262639,30.325882,-0.58125,-0.127582815,60761,True,5.567115,14.599236,6.974045,27.181439,-0.046875,-0.019743949,12711,True,0.534375,0.107838866,0.370077,6.428926
859,rtl->baseline,5.557164,14.245681,7.663434,27.511142,-0.58125,-0.120783126,60781,True,5.679573,14.345868,6.656523,26.726947,-0.046875,-0.01352258,12720,True,0.534375,0.107260546,0.370746,6.112774
860,baseline->rtl,5.615149,14.348548,7.543005,27.562315,-0.58125,-0.11806325,60690,True,5.904349,14.554943,6.659852,27.158957,-0.046875,-0.011034032,12705,True,0.534375,0.107029218,0.376507,6.107384
861,rtl->baseline,5.539993,14.309296,7.645823,27.543134,-0.590625,-0.1209128,60038,True,5.615109,14.51569,6.657433,26.836084,-0.0703125,-0.019882363,12583,True,0.5203125,0.101030437,0.372877,6.112863
862,baseline->rtl,5.616108,14.326306,7.61101,27.606269,-0.5875,-0.11792762,60032,True,5.669212,14.363709,6.651622,26.723106,-0.0703125,-0.016390445,12586,True,0.5171875,0.101537175,0.364486,6.113604
863,rtl->baseline,5.563065,14.293594,7.457879,27.359511,-0.590625,-0.118983548,60072,True,5.558974,14.37944,6.640041,26.625899,-0.0703125,-0.014993678,12585,True,0.5203125,0.10398987,0.364966,6.102163
864,baseline->rtl,5.582086,14.412432,7.569157,27.614579,-0.60625,-0.125030919,60082,True,5.611858,14.523221,6.659873,26.832914,-0.09375,-0.024278721,12551,True,0.5125,0.100752198,0.371936,6.115054
865,rtl->baseline,5.63602,14.523621,7.597299,27.801923,-0.60625,-0.122762368,60095,True,5.588627,14.361719,6.674604,26.671392,-0.09375,-0.020961488,12564,True,0.5125,0.10180088,0.371417,6.129645
866,baseline->rtl,5.77332,14.37016,7.576998,27.773081,-0.60625,-0.121854947,60069,True,5.666063,14.386691,6.655422,26.748348,-0.09375,-0.019634595,12550,True,0.5125,0.102220352,0.369106,6.111894
867,rtl->baseline,5.595767,14.356019,7.474811,27.472239,-0.646875,-0.138554479,59155,True,5.602958,14.565264,6.661993,26.878627,-0.1328125,-0.035510088,12353,True,0.5140625,0.103044391,0.375837,6.113543
868,baseline->rtl,5.63645,14.362459,7.450309,27.500182,-0.646875,-0.133046792,59147,True,5.584847,14.394961,6.650322,26.670023,-0.1328125,-0.030141535,12339,True,0.5140625,0.102905257,0.367946,6.107613
869,rtl->baseline,5.575395,14.402552,7.400855,27.422836,-0.646875,-0.130843717,59269,True,5.63596,14.386281,6.691135,26.759199,-0.1328125,-0.027994114,12367,True,0.5140625,0.102849603,0.365966,6.119964
870,baseline->rtl,5.63052,14.294045,7.455209,27.433857,-0.69375,-0.149649987,57535,True,5.592116,14.432444,6.656922,26.719747,-0.1796875,-0.046822646,12027,True,0.5140625,0.102827341,0.370166,6.114194
871,rtl->baseline,5.595347,14.251926,7.454717,27.350402,-0.69375,-0.143109995,57260,True,5.612448,14.349198,6.682074,26.691134,-0.1796875,-0.040291558,11984,True,0.5140625,0.102818437,0.403839,6.104643
872,baseline->rtl,5.588564,14.548517,7.517041,27.709225,-0.69375,-0.140493998,57636,True,5.559682,14.376784,6.66002,26.63569,-0.1796875,-0.037679123,12047,True,0.5140625,0.102814875,0.371607,6.115052
873,rtl->baseline,5.589494,14.341592,7.597436,27.573956,-0.68125,-0.134197599,58490,True,5.625027,14.426618,6.64787,26.746768,-0.171875,-0.033352899,12205,True,0.509375,0.1008447,0.364906,6.112271
874,baseline->rtl,5.645928,14.350693,7.529791,27.578796,-0.68125,-0.13542904,58636,True,5.786338,14.281608,6.675851,26.78208,-0.171875,-0.03396616,12222,True,0.509375,0.10146288,0.367916,6.131843
875,rtl->baseline,5.656759,14.368364,7.51644,27.587647,-0.68125,-0.135921616,58678,True,5.580904,14.577989,6.649499,26.856495,-0.171875,-0.034211464,12234,True,0.509375,0.101710152,0.371246,6.105641
876,baseline->rtl,5.612026,14.324311,7.562804,27.551654,-0.678125,-0.134806146,58412,True,5.628407,14.282018,6.672571,26.674643,-0.171875,-0.034309586,12190,True,0.50625,0.10049656,0.373567,6.126163
877,rtl->baseline,5.596285,14.355753,12.117035,32.114117,-0.678125,-0.135297459,58576,True,5.625407,14.407407,6.66189,26.741098,-0.171875,-0.034348834,12216,True,0.50625,0.100948625,0.371876,6.114122
878,baseline->rtl,5.66796,14.44229,7.416313,27.580506,-0.678125,-0.135493983,58365,True,5.673571,14.45714,6.94612,27.114804,-0.171875,-0.034364534,12177,True,0.50625,0.101129449,0.404179,6.366909
879,rtl->baseline,5.608086,14.31201,7.476937,27.441767,-0.675,-0.134260093,59569,True,5.585164,14.369744,6.654199,26.655502,-0.1640625,-0.031089563,12427,True,0.5109375,0.10317053,0.361776,6.117972
880,baseline->rtl,5.626317,14.345692,7.428565,27.453607,-0.675,-0.134704037,59551,True,5.572203,14.567109,6.645649,26.822883,-0.1640625,-0.032123325,12430,True,0.5109375,0.102580712,0.363366,6.111981
881,rtl->baseline,5.611537,14.379645,7.37408,27.410925,-0.675,-0.134881615,59575,True,5.617347,14.379165,6.6633,26.708335,-0.1640625,-0.03253683,12424,True,0.5109375,0.102344785,0.374526,6.114992
882,baseline->rtl,5.684522,14.326401,7.469908,27.533573,-0.665625,-0.131015146,60166,True,5.818901,14.323741,6.680682,26.862226,-0.1640625,-0.032702232,12540,True,0.5015625,0.098312914,0.373676,6.133753
883,rtl->baseline,5.567453,14.223424,7.442375,27.278025,-0.665625,-0.132281058,60195,True,5.563262,14.369544,6.65703,26.6372,-0.1640625,-0.032768393,12541,True,0.5015625,0.099512665,0.374236,6.108771
884,baseline->rtl,5.601526,14.348653,7.531571,27.534653,-0.665625,-0.132787423,60259,True,5.616316,14.384325,6.651599,26.690344,-0.1640625,-0.032794857,12548,True,0.5015625,0.099992566,0.367586,6.110421
885,rtl->baseline,5.636207,14.387495,8.515301,28.584947,-0.6625,-0.131677469,60446,True,5.636308,14.4483,6.65477,26.785931,-0.15625,-0.029524193,12604,True,0.50625,0.102153276,0.369006,6.108861
886,baseline->rtl,5.587395,14.418078,7.65145,27.710126,-0.665625,-0.133483488,60477,True,5.662069,14.437569,6.657189,26.794611,-0.15625,-0.030559677,12600,True,0.509375,0.102923811,0.368956,6.113912
887,rtl->baseline,5.600216,14.347378,7.613884,27.606831,-0.6625,-0.131955895,60482,True,5.630077,14.31616,6.65924,26.653971,-0.15625,-0.030973871,12595,True,0.50625,0.100982024,0.367556,6.116662
888,baseline->rtl,5.624935,14.343047,7.670208,27.690784,-0.653125,-0.128344858,61347,True,5.640276,14.38937,6.662148,26.729616,-0.1484375,-0.027858298,12801,True,0.5046875,0.10048656,0.379167,6.109268
889,rtl->baseline,5.590202,14.317695,7.607014,27.562305,-0.653125,-0.129712943,61349,True,5.617725,14.362188,6.683699,26.711785,-0.1484375,-0.028955819,12791,True,0.5046875,0.100757124,0.371456,6.139421
890,baseline->rtl,5.661118,14.336446,7.606494,27.656721,-0.653125,-0.130260177,61359,True,5.655497,14.399381,6.643197,26.736907,-0.1484375,-0.029394828,12806,True,0.5046875,0.100865349,0.368466,6.103478
891,rtl->baseline,5.565041,14.267341,7.706641,27.585036,-0.653125,-0.130479071,61719,True,5.735592,14.349657,6.651857,26.78265,-0.1484375,-0.029570431,12859,True,0.5046875,0.10090864,0.368836,6.107778
892,baseline->rtl,5.601144,14.442784,7.540289,27.63813,-0.653125,-0.130566628,61691,True,5.584602,14.343807,6.659518,26.626609,-0.1484375,-0.029640672,12863,True,0.5046875,0.100925956,0.368836,6.115589
893,rtl->baseline,5.577171,14.291993,7.466424,27.381092,-0.653125,-0.130601651,61673,True,5.593633,14.338837,6.659758,26.64001,-0.1484375,-0.029668769,12845,True,0.5046875,0.100932882,0.371066,6.114009
894,baseline->rtl,5.630695,14.265652,7.54191,27.49146,-0.634375,-0.122740661,63209,True,5.620265,14.3935,6.664327,26.718116,-0.125,-0.019836258,13160,True,0.509375,0.102904403,0.373427,6.11867
895,rtl->baseline,5.618684,14.283483,7.503327,27.453017,-0.634375,-0.125221264,63231,True,5.589693,14.360318,6.697951,26.697274,-0.125,-0.022934503,13153,True,0.509375,0.102286761,0.42395,6.101098
896,baseline->rtl,5.567661,14.348557,7.602043,27.570205,-0.6375,-0.127526006,63219,True,5.606333,14.345567,6.651907,26.64262,-0.125,-0.024173801,13151,True,0.5125,0.103352205,0.369626,6.110079
897,rtl->baseline,5.595863,14.305434,7.596573,27.543764,-0.6,-0.111760402,62640,True,5.656447,14.371349,6.655197,26.730436,-0.09375,-0.01154452,13097,True,0.50625,0.100215882,0.366585,6.11294
898,baseline->rtl,5.636206,14.325476,7.504637,27.520842,-0.6,-0.116704161,62713,True,5.672798,14.315865,6.659298,26.686493,-0.09375,-0.015867808,13109,True,0.50625,0.100836353,0.370886,6.114179
899,rtl->baseline,5.589443,14.279062,7.542159,27.457958,-0.6,-0.118681664,62699,True,5.605973,14.418432,6.659167,26.729777,-0.09375,-0.017597123,13083,True,0.50625,0.101084541,0.369156,6.111909
900,baseline->rtl,5.598143,14.504869,7.592593,27.749028,-0.5875,-0.114222666,62488,True,5.582032,14.39026,6.660517,26.670763,-0.0859375,-0.015007599,13047,True,0.5015625,0.099215067,0.375046,6.112949
901,rtl->baseline,5.636046,14.319095,7.552591,27.550714,-0.5875,-0.116189066,62550,True,5.636996,14.347167,6.665738,26.697385,-0.078125,-0.01303429,13038,True,0.509375,0.103154776,0.372186,6.11829
902,baseline->rtl,5.626345,14.374029,7.589443,27.64236,-0.5875,-0.116975627,62212,True,5.653107,14.419012,6.654447,26.767579,-0.078125,-0.014588716,13009,True,0.509375,0.102386911,0.369215,6.114169
903,rtl->baseline,5.563311,14.2927,7.505724,27.405988,-0.571875,-0.110727751,62218,True,5.595843,14.433784,6.654817,26.731206,-0.0703125,-0.011929236,13062,True,0.5015625,0.098798515,0.369376,6.110509
904,baseline->rtl,5.668736,14.410266,7.556557,27.689053,-0.571875,-0.1129161,62232,True,5.567819,14.331751,6.684767,26.622119,-0.0625,-0.009927945,13059,True,0.509375,0.102988155,0.371876,6.138969
905,rtl->baseline,5.596561,14.32178,7.512785,27.475849,-0.571875,-0.11379144,62238,True,5.600331,14.536335,6.652664,26.838034,-0.0625,-0.011471178,13056,True,0.509375,0.102320262,0.369735,6.109417
906,baseline->rtl,5.590711,14.372244,7.553387,27.568805,-0.565625,-0.111516576,62036,True,5.572809,14.377984,6.675456,26.664462,-0.0625,-0.012088471,12979,True,0.503125,0.099428105,0.369406,6.132288
907,rtl->baseline,5.58606,14.3227,7.468341,27.420445,-0.565625,-0.11248163,61851,True,5.633393,14.421037,6.907342,27.008335,-0.0625,-0.012335388,12961,True,0.503125,0.100146242,0.368715,6.365545
908,baseline->rtl,5.621802,14.430808,7.534896,27.63892,-0.565625,-0.112867652,61905,True,5.610692,14.393505,6.664245,26.707255,-0.0625,-0.012434155,12964,True,0.503125,0.100433497,0.369136,6.117187
909,rtl->baseline,5.597471,14.286798,7.59324,27.524652,-0.540625,-0.102522061,61730,True,5.618972,14.407056,6.663995,26.737457,-0.0390625,-0.002629912,12942,True,0.5015625,0.099892149,0.372746,6.115897
910,baseline->rtl,5.669266,14.380694,7.5921,27.694433,-0.540625,-0.105883824,61797,True,5.645044,14.374623,6.662905,26.722426,-0.0390625,-0.005739465,12923,True,0.5015625,0.100144359,0.370436,6.116387
911,rtl->baseline,5.557538,14.306289,7.506264,27.414874,-0.540625,-0.10722853,61758,True,5.57941,14.407796,6.658075,26.691263,-0.0390625,-0.006983286,12943,True,0.5015625,0.100245244,0.369296,6.112767
912,baseline->rtl,5.609682,14.343492,7.625892,27.631349,-0.534375,-0.105141412,61970,True,5.59558,14.272696,6.654025,26.587856,-0.03125,-0.004199564,12973,True,0.503125,0.100941848,0.364046,6.115147
913,rtl->baseline,5.552318,14.340091,7.469762,27.405674,-0.534375,-0.106181565,62047,True,5.594011,14.368673,6.665165,26.675852,-0.03125,-0.005429826,12987,True,0.503125,0.100751739,0.373446,6.118358
914,baseline->rtl,5.597931,14.453599,7.636743,27.742997,-0.534375,-0.106597626,61984,True,5.58438,14.32575,6.685477,26.63559,-0.03125,-0.00592193,12966,True,0.503125,0.100675696,0.368926,6.141099
915,rtl->baseline,5.677596,14.30872,7.569738,27.604667,-0.521875,-0.10151405,61531,True,5.636484,14.351952,6.681737,26.716125,-0.015625,0.007006228,12921,True,0.50625,0.108520278,0.398578,6.108276
916,baseline->rtl,5.58818,14.416547,7.569849,27.626609,-0.521875,-0.10323062,61432,True,5.599081,14.351222,6.642924,26.6304,-0.015625,0.002802491,12852,True,0.50625,0.106033111,0.360265,6.109967
917,rtl->baseline,5.647754,14.558687,7.494034,27.745487,-0.521875,-0.103917248,61289,True,5.620813,14.417217,6.905052,26.991554,-0.015625,0.001120996,12892,True,0.50625,0.105038244,0.365005,6.368495
918,baseline->rtl,5.594821,14.310709,7.583149,27.541293,-0.503125,-0.096316899,61512,True,5.57785,14.354392,6.656515,26.6267,0.0,0.000448399,12898,True,0.503125,0.096765298,0.372436,6.110617
919,rtl->baseline,5.742951,15.945454,8.358011,30.100499,-0.503125,-0.09890176,61441,True,5.663396,14.427638,6.670746,26.809992,0.0,0.000179359,12879,True,0.503125,0.099081119,0.370406,6.128088
920,baseline->rtl,5.965784,15.563821,8.384453,29.969931,-0.503125,-0.099935704,61496,True,5.870028,15.414911,6.742058,28.07049,0.0,7.1744e-05,12878,True,0.503125,0.100007448,0.377636,6.166588
921,rtl->baseline,5.896599,15.535579,8.443186,29.926058,-0.475,-0.088536782,61282,True,5.913291,15.443482,6.807063,28.21378,0.0234375,0.009872448,12899,True,0.4984375,0.09840923,0.44538,6.133216
922,baseline->rtl,5.753059,15.132331,7.951053,28.881936,-0.475,-0.092414713,61304,True,5.913661,15.448533,6.720047,28.123673,0.0234375,0.006761479,12910,True,0.4984375,0.099176192,0.389147,6.142347
923,rtl->baseline,6.002987,15.587002,8.152376,29.79603,-0.475,-0.093965885,61389,True,5.90178,15.381318,6.7778,28.109273,0.0234375,0.005517092,12913,True,0.4984375,0.099482977,0.407369,6.158898
924,baseline->rtl,5.795493,15.624855,8.259413,29.740055,-0.471875,-0.093273854,61080,True,6.198231,15.367577,6.76224,28.36928,0.03125,0.008300587,12854,True,0.503125,0.101574441,0.388907,6.155907
925,rtl->baseline,5.985626,16.12643,8.669162,30.839712,-0.471875,-0.093934542,60902,True,5.870438,15.649447,6.92064,28.492589,0.03125,0.007070235,12837,True,0.503125,0.101004777,0.44387,6.205261
926,baseline->rtl,5.988216,15.591192,8.309027,29.94632,-0.471875,-0.094198817,61017,True,5.807453,15.383229,6.821804,28.058079,0.03125,0.006578094,12853,True,0.503125,0.100776911,0.484284,6.123405
927,rtl->baseline,5.693176,14.639977,7.865556,28.248022,-0.434375,-0.078554527,60401,True,5.768611,15.057236,6.666193,27.540312,0.0625,0.019506238,12777,True,0.496875,0.098060765,0.370056,6.115635
928,baseline->rtl,5.61269,14.769276,7.597178,28.034207,-0.434375,-0.083546811,60380,True,5.596049,14.344336,6.647532,26.625209,0.0625,0.015302495,12752,True,0.496875,0.098849306,0.368286,6.107574
929,rtl->baseline,5.643082,14.25029,7.541364,27.480238,-0.434375,-0.085543724,60362,True,5.657533,14.426592,6.898109,27.027917,0.0625,0.013620998,12738,True,0.496875,0.099164722,0.358384,6.368762
930,baseline->rtl,5.61325,14.387289,7.600257,27.6538,-0.421875,-0.08109249,59968,True,5.590138,14.458044,6.664392,26.750038,0.078125,0.019510899,12651,True,0.5,0.100603389,0.375036,6.112564
931,rtl->baseline,6.012407,15.173904,14.490666,35.726611,-0.421875,-0.083061996,59980,True,5.60621,14.463554,6.685244,26.801301,0.078125,0.01717936,12657,True,0.5,0.100241356,0.372076,6.136786
932,baseline->rtl,6.33318,15.536499,10.846493,32.771406,-0.421875,-0.083849798,59968,True,5.626781,14.650947,6.953713,27.272094,0.078125,0.016246744,12639,True,0.5,0.100096542,0.655726,6.106555
933,rtl->baseline,5.649632,14.502878,9.918979,30.119161,-0.390625,-0.071039919,59326,True,5.670224,14.753065,6.674624,27.146666,0.109375,0.028998698,12476,True,0.5,0.100038617,0.381226,6.114775
934,baseline->rtl,5.630781,15.245429,8.033478,28.966562,-0.390625,-0.075290968,59381,True,5.61701,14.513188,6.939591,27.110343,0.109375,0.024724479,12501,True,0.5,0.100015447,0.391127,6.366792
935,rtl->baseline,5.697424,14.437818,7.862263,28.046608,-0.390625,-0.076991387,59413,True,5.743927,14.751969,6.670531,27.21404,0.109375,0.023014792,12502,True,0.5,0.100006179,0.382717,6.110132
936,baseline->rtl,5.807722,14.938192,14.436928,35.235324,-0.375,-0.071109055,59028,True,5.814332,15.240733,6.683132,27.778279,0.125,0.028893417,12447,True,0.5,0.100002472,0.353284,6.151155
937,rtl->baseline,5.665611,14.517643,7.919507,28.160745,-0.375,-0.073443622,59183,True,5.622708,14.666633,6.689152,27.025547,0.1171875,0.023276117,12484,True,0.4921875,0.096719739,0.392317,6.114223
938,baseline->rtl,5.816361,14.47742,7.981441,28.330727,-0.375,-0.074377449,59040,True,5.729646,14.660283,6.681742,27.113653,0.1171875,0.023372947,12459,True,0.4921875,0.097750396,0.381346,6.118512
939,rtl->baseline,5.668412,14.422096,7.531721,27.667511,-0.353125,-0.06556348,58773,True,5.632439,14.312718,6.66482,26.657561,0.140625,0.033255429,12395,True,0.49375,0.098818909,0.377126,6.115003
940,baseline->rtl,5.610618,14.432797,7.559152,27.65646,-0.353125,-0.068600392,58422,True,5.595047,14.565126,6.65663,26.854155,0.140625,0.030177171,12359,True,0.49375,0.098777563,0.370006,6.113733
941,rtl->baseline,5.575585,14.283527,7.547041,27.452006,-0.353125,-0.069815157,58529,True,5.638829,14.320409,6.913008,26.91895,0.140625,0.028945869,12380,True,0.49375,0.098761026,0.375736,6.364859
942,baseline->rtl,5.578865,14.372623,7.494527,27.49835,-0.321875,-0.057176063,57735,True,5.636869,14.393855,6.679781,26.748818,0.171875,0.041578347,12146,True,0.49375,0.09875441,0.398247,6.106282
943,rtl->baseline,5.592666,14.322249,7.550732,27.511561,-0.321875,-0.061495425,57767,True,5.599627,14.516543,6.6576,26.821733,0.171875,0.037256339,12134,True,0.49375,0.098751764,0.368195,6.115513
944,baseline->rtl,5.64333,14.433997,7.545231,27.676962,-0.321875,-0.06322317,57753,True,5.600127,14.429377,6.646989,26.714095,0.171875,0.035527536,12141,True,0.49375,0.098750706,0.372325,6.100812
945,rtl->baseline,5.590556,14.283126,7.570653,27.490349,-0.309375,-0.058664268,57941,True,5.64555,14.362652,6.6561,26.712735,0.1875,0.041398514,12286,True,0.496875,0.100062782,0.372636,6.111592
946,baseline->rtl,5.613468,14.383223,7.423952,27.469788,-0.309375,-0.060590707,57902,True,5.63898,14.389194,6.666551,26.735687,0.1875,0.039059406,12278,True,0.496875,0.099650113,0.372296,6.120633
947,rtl->baseline,5.608597,14.315289,7.478476,27.448246,-0.309375,-0.061361283,57827,True,5.567294,14.406706,6.644799,26.665332,0.1875,0.038123762,12272,True,0.496875,0.099485045,0.364925,6.110402
948,baseline->rtl,5.862915,15.324439,14.90969,36.146007,-0.284375,-0.051169513,58030,True,5.655531,14.493531,6.65879,26.846805,0.2265625,0.054155755,12255,True,0.5109375,0.105325268,0.369986,6.114802
949,rtl->baseline,5.557764,14.306928,10.55881,30.468354,-0.284375,-0.054592805,58020,True,5.562524,14.499281,6.906467,27.014696,0.2265625,0.048849802,12250,True,0.5109375,0.103442607,0.369026,6.364549
950,baseline->rtl,5.552524,14.359052,7.698872,27.661071,-0.284375,-0.055962122,57855,True,5.577305,14.370573,6.650027,26.637877,0.2265625,0.046727421,12224,True,0.5109375,0.102689543,0.368355,6.10919
951,rtl->baseline,5.570073,14.362717,7.725301,27.703594,-0.26875,-0.049947349,57972,True,5.587544,14.312694,6.656077,26.656391,0.234375,0.049159718,12241,True,0.503125,0.099107067,0.373415,6.11117
952,baseline->rtl,5.658199,14.347926,7.583621,27.641039,-0.26875,-0.05222894,58033,True,5.589984,14.498766,6.656557,26.78561,0.234375,0.047788887,12290,True,0.503125,0.100017827,0.368476,6.117691
953,rtl->baseline,5.608855,14.251949,7.587501,27.493219,-0.26875,-0.053141576,58048,True,5.617516,14.346035,6.657897,26.667092,0.234375,0.047240555,12248,True,0.503125,0.100382131,0.371896,6.1146
954,baseline->rtl,5.632187,14.349606,7.468934,27.500999,-0.2375,-0.04038163,57311,True,5.701402,14.338115,6.672338,26.752498,0.265625,0.060146222,12186,True,0.503125,0.100527852,0.393137,6.10432
955,rtl->baseline,5.618626,14.723711,7.486104,27.873276,-0.23125,-0.042027652,57183,True,5.602645,14.302993,6.654077,26.606529,0.265625,0.055933489,12130,True,0.496875,0.097961141,0.366065,6.11775
956,baseline->rtl,5.709462,14.448832,7.485154,27.697733,-0.2375,-0.047186061,57216,True,5.654488,14.342506,6.654278,26.692684,0.265625,0.054248396,12192,True,0.503125,0.101434457,0.367995,6.11306
957,rtl->baseline,5.595014,14.349436,7.562369,27.551913,-0.2125,-0.036874424,56017,True,5.601795,14.321724,6.660388,26.673243,0.28125,0.060136858,11816,True,0.49375,0.097011282,0.374926,6.1136
958,baseline->rtl,5.725773,14.350006,7.503735,27.633909,-0.2125,-0.04024977,55932,True,5.659479,14.291702,6.653867,26.643901,0.28125,0.057804743,11857,True,0.49375,0.098054513,0.368135,6.11368
959,rtl->baseline,5.581153,14.349486,7.543898,27.521612,-0.215625,-0.042912408,56103,True,5.598625,14.340275,6.650127,26.637101,0.28125,0.056871897,11833,True,0.496875,0.099784305,0.366266,6.11081
960,baseline->rtl,5.659849,14.304913,17.124657,37.141342,-0.178125,-0.027289963,55533,True,5.619636,14.332415,6.687429,26.679194,0.3203125,0.072905009,11741,True,0.4984375,0.100194972,0.368955,6.10866
961,rtl->baseline,5.589254,14.326054,9.59867,29.559951,-0.178125,-0.032290985,55482,True,5.641657,14.376958,6.658487,26.722537,0.3125,0.064318254,11722,True,0.490625,0.096609239,0.373345,6.11025
962,baseline->rtl,5.535,14.460173,7.591562,27.64113,-0.178125,-0.034291394,55527,True,5.586004,14.458923,6.902025,26.986334,0.3125,0.063227301,11737,True,0.490625,0.097518695,0.366705,6.362487
963,rtl->baseline,5.574483,14.530549,7.508236,27.658281,-0.165625,-0.029841558,55639,True,5.605225,14.307433,6.664008,26.62366,0.3359375,0.072634671,11720,True,0.5015625,0.102476229,0.369776,6.11923
964,baseline->rtl,5.629707,14.339156,17.769241,37.792486,-0.165625,-0.031811623,55553,True,5.654609,14.489956,6.644827,26.829674,0.3359375,0.069366368,11711,True,0.5015625,0.101177991,0.366105,6.107089
965,rtl->baseline,5.544231,14.380408,9.186542,29.154363,-0.165625,-0.032599649,55499,True,5.631627,14.374748,6.660848,26.713805,0.3359375,0.068059047,11699,True,0.5015625,0.100658696,0.375956,6.1124
966,baseline->rtl,5.606395,14.389859,7.506016,27.555424,-0.125,-0.01585236,56725,True,5.564582,14.484081,6.652025,26.73949,0.3671875,0.080661119,11982,True,0.4921875,0.096513479,0.368265,6.110498
967,rtl->baseline,5.585012,14.463278,7.515883,27.609027,-0.125,-0.021340944,56682,True,5.565711,14.446477,6.666056,26.724496,0.3671875,0.076326948,11989,True,0.4921875,0.097667892,0.369576,6.124519
968,baseline->rtl,5.599622,14.565485,7.585889,27.80414,-0.125,-0.023536378,56634,True,5.602953,14.383093,6.660605,26.687144,0.3671875,0.074593279,11985,True,0.4921875,0.098129657,0.371386,6.116978
969,rtl->baseline,5.625455,14.295697,7.583268,27.550063,-0.109375,-0.017852051,56470,True,5.603363,14.477429,6.912282,27.039178,0.3828125,0.080462312,11956,True,0.4921875,0.098314363,0.370226,6.367846
970,baseline->rtl,5.622674,14.434427,7.706917,27.861805,-0.109375,-0.02026582,56507,True,6.30285,16.444714,6.690467,29.492106,0.3828125,0.078122425,11943,True,0.4921875,0.098388245,0.401407,6.110428
971,rtl->baseline,5.613444,14.233893,11.466174,31.358764,-0.109375,-0.021231328,56677,True,5.623514,14.437916,6.640213,26.747199,0.3828125,0.07718647,11965,True,0.4921875,0.098417798,0.365295,6.100047
972,baseline->rtl,5.632275,14.357381,9.782239,29.826208,-0.071875,-0.005867531,55759,True,5.682829,14.293997,6.645474,26.660822,0.421875,0.093218338,11821,True,0.49375,0.099085869,0.370995,6.101017
973,rtl->baseline,5.591112,14.455578,14.056431,34.149135,-0.071875,-0.010972013,55780,True,5.605064,14.364662,6.651545,26.668223,0.421875,0.087912335,11836,True,0.49375,0.098884348,0.364565,6.116578
974,baseline->rtl,5.612074,14.294707,7.5935,27.552383,-0.071875,-0.013013805,55801,True,5.659997,14.301097,6.660865,26.659752,0.421875,0.085789934,11837,True,0.49375,0.098803739,0.372406,6.114808
975,rtl->baseline,5.56337,14.273656,7.639752,27.519751,0.040625,0.033419478,56354,True,5.621595,14.316948,6.665245,26.650051,0.5390625,0.134159724,11887,True,0.4984375,0.100740246,0.359715,6.133729
976,baseline->rtl,5.55747,14.339271,7.46959,27.419964,0.040625,0.018242791,56325,True,5.621924,14.402085,6.673266,26.736297,0.5390625,0.118351389,11873,True,0.4984375,0.100108598,0.395368,6.107427
977,rtl->baseline,5.552069,14.318759,8.796151,28.711782,0.040625,0.012172116,56296,True,5.583042,14.409595,6.658776,26.698725,0.5390625,0.112028056,11890,True,0.4984375,0.09985594,0.369586,6.114208
978,baseline->rtl,5.585712,14.424406,7.513013,27.573535,0.053125,0.014993847,56196,True,5.579201,14.452558,6.647875,26.717486,0.546875,0.112779972,11863,True,0.49375,0.097786125,0.365835,6.108597
979,rtl->baseline,5.591503,14.589027,7.592969,27.818392,0.053125,0.012372539,56186,True,5.570841,14.437047,6.660405,26.716156,0.546875,0.110736989,11877,True,0.49375,0.09836445,0.370405,6.113578
980,baseline->rtl,5.641706,14.384233,7.460479,27.540142,0.053125,0.011324015,56177,True,5.664897,14.369853,6.644654,26.718476,0.546875,0.109919796,11868,True,0.49375,0.098595781,0.360335,6.111197
981,rtl->baseline,5.633285,14.317308,8.585597,28.580614,0.0625,0.014842106,56573,True,5.70176,14.219852,6.663115,26.632041,0.5546875,0.112874168,11941,True,0.4921875,0.098032062,0.378996,6.115188
982,baseline->rtl,5.654306,14.362222,7.584758,27.65449,0.05625,0.010811842,56455,True,5.631284,14.381218,6.91255,26.964465,0.5546875,0.111712167,11930,True,0.4984375,0.100900325,0.376165,6.362763
983,rtl->baseline,5.613452,14.336025,7.599087,27.593686,0.05625,0.011074737,56454,True,5.655314,14.325214,6.659942,26.687625,0.5546875,0.111247367,11913,True,0.4984375,0.10017263,0.364285,6.121426
984,baseline->rtl,5.703088,14.303833,7.528992,27.587975,0.06875,0.016429895,56413,True,5.661655,14.347246,6.656923,26.706286,0.5625,0.114342697,11899,True,0.49375,0.097912802,0.369685,6.101495
985,rtl->baseline,5.575319,14.296462,13.737904,33.653658,0.06875,0.014821958,56448,True,5.59105,14.369617,6.658963,26.666473,0.5625,0.113237079,11907,True,0.49375,0.098415121,0.367715,6.119516
986,baseline->rtl,5.603431,14.306013,9.735292,29.69705,0.06875,0.014178783,56444,True,5.657765,14.324484,6.656653,26.678124,0.5625,0.112794831,11902,True,0.49375,0.098616048,0.373505,6.110466
987,rtl->baseline,5.600411,14.511217,7.371281,27.527682,0.071875,0.015234013,56450,True,5.623442,14.439472,6.868517,26.976445,0.5703125,0.115899183,11932,True,0.4984375,0.10066517,0.369575,6.32116
988,baseline->rtl,5.652335,14.398259,7.461217,27.566054,0.071875,0.014718605,56447,True,5.600221,14.399179,6.650342,26.688014,0.5703125,0.114797173,11897,True,0.4984375,0.100078568,0.368035,6.107646
989,rtl->baseline,5.5813,14.405409,7.50433,27.535212,0.071875,0.014512442,56466,True,5.60235,14.359146,6.666223,26.674574,0.5703125,0.114356369,11884,True,0.4984375,0.099843927,0.368795,6.128296
990,baseline->rtl,5.568459,14.386648,7.489439,27.497619,0.08125,0.018367477,56505,True,5.598501,14.390398,6.662503,26.687974,0.5703125,0.114180048,11877,True,0.4890625,0.095812571,0.376145,6.114736
991,rtl->baseline,5.625492,14.381858,7.459147,27.510811,0.08125,0.017096991,56600,True,5.58966,14.485335,6.665994,26.787811,0.5703125,0.114109519,11906,True,0.4890625,0.097012528,0.370925,6.121086
992,baseline->rtl,5.634744,14.332264,7.49268,27.513071,0.08125,0.016588796,56416,True,5.640054,14.333204,6.650872,26.664173,0.5703125,0.114081308,11883,True,0.4890625,0.097492512,0.364965,6.113055
993,rtl->baseline,5.600901,14.298582,7.583725,27.527452,0.09375,0.021635519,56661,True,5.662415,14.323594,6.661973,26.696305,0.5859375,0.120632523,11909,True,0.4921875,0.098997004,0.369045,6.120516
994,baseline->rtl,5.649844,14.443772,7.468558,27.614108,0.09375,0.019904207,56680,True,5.668315,14.378578,6.679624,26.76661,0.5859375,0.118565509,11912,True,0.4921875,0.098661302,0.398097,6.107735
995,rtl->baseline,5.612482,14.336585,8.429913,28.424943,0.09375,0.019211683,56703,True,5.598921,14.594252,6.661493,26.901609,0.5859375,0.117738704,11930,True,0.4921875,0.098527021,0.372616,6.114356
996,baseline->rtl,5.58809,14.336764,7.584096,27.562794,0.103125,0.022872173,57085,True,5.583329,14.367317,6.654543,26.643742,0.6015625,0.123970481,12016,True,0.4984375,0.101098308,0.370415,6.111005
997,rtl->baseline,5.575749,14.439952,7.557994,27.617987,0.103125,0.021523869,57076,True,5.621553,14.335115,6.677614,26.680764,0.6015625,0.121775693,12017,True,0.4984375,0.100251824,0.366495,6.140067
998,baseline->rtl,5.703208,14.274261,7.479038,27.50952,0.103125,0.020984548,57116,True,5.680156,14.273225,6.651279,26.643264,0.6015625,0.120897777,12019,True,0.4984375,0.099913229,0.372185,6.107573
999,rtl->baseline,5.588558,14.336509,8.638374,28.608674,0.103125,0.020768819,57330,True,5.564366,14.411724,6.659651,26.681945,0.6015625,0.120546611,12086,True,0.4984375,0.099777792,0.371725,6.110063
1000,baseline->rtl,5.600269,14.323999,7.546701,27.524891,0.103125,0.020682528,57305,True,5.604839,14.457268,6.65836,26.75809,0.6015625,0.120406144,12050,True,0.4984375,0.099723616,0.376325,6.107053
1001,rtl->baseline,5.648442,14.78942,7.599184,28.083089,0.103125,0.020648011,57320,True,5.680254,14.328319,6.65597,26.712287,0.6015625,0.120349958,12073,True,0.4984375,0.099701947,0.365245,6.117023
1002,baseline->rtl,5.823683,14.461778,9.478181,29.818097,0.103125,0.020634204,57390,True,5.603869,14.319538,6.65291,26.6152,0.6015625,0.120327483,12057,True,0.4984375,0.099693279,0.371035,6.110293
1003,rtl->baseline,5.565726,14.245404,12.737871,32.593534,0.103125,0.020628682,57434,True,5.639611,14.319998,6.64685,26.651542,0.6015625,0.120318493,12065,True,0.4984375,0.099689811,0.364805,6.110063
1004,baseline->rtl,5.622371,14.311808,7.715082,27.702024,0.103125,0.020626473,57419,True,5.596799,14.447127,6.65007,26.731798,0.6015625,0.120314897,12058,True,0.4984375,0.099688424,0.364615,6.112024
1005,rtl->baseline,5.645422,14.269465,7.715922,27.672612,0.096875,0.018000589,57041,True,5.62511,14.324398,6.676691,26.673974,0.59375,0.117032209,12027,True,0.496875,0.09903162,0.367295,6.134855
1006,baseline->rtl,5.710037,14.289436,7.647087,27.698863,0.096875,0.018825236,57011,True,5.629101,14.274845,6.65707,26.600549,0.59375,0.118062884,12022,True,0.496875,0.099237648,0.368675,6.115963
1007,rtl->baseline,5.587918,14.289756,7.580473,27.50432,0.096875,0.019155094,56978,True,5.557056,14.405864,6.65621,26.666284,0.59375,0.118475153,12032,True,0.496875,0.099320059,0.374446,6.107083
1008,baseline->rtl,5.613879,14.283546,7.628746,27.577895,0.096875,0.019287038,57773,True,5.559236,14.319209,6.65973,26.576898,0.59375,0.118640061,12170,True,0.496875,0.099353023,0.374135,6.114674
1009,rtl->baseline,5.595888,14.504291,7.506588,27.65224,0.096875,0.019339815,57702,True,5.632271,14.49239,6.657881,26.831835,0.59375,0.118706025,12173,True,0.496875,0.09936621,0.369825,6.115013
1010,baseline->rtl,5.670673,14.369372,7.543011,27.635429,0.096875,0.019360926,57726,True,5.757179,14.404985,6.671231,26.873257,0.59375,0.11873241,12179,True,0.496875,0.099371484,0.368555,6.128365
1011,rtl->baseline,5.569986,14.272625,7.555641,27.442686,0.090625,0.01674437,57553,True,5.576487,14.370662,6.65148,26.648112,0.59375,0.118742964,12126,True,0.503125,0.101998594,0.371665,6.105833
1012,baseline->rtl,5.561496,14.372062,7.601884,27.590966,0.096875,0.020197748,57563,True,5.605479,14.421615,6.676701,26.742188,0.59375,0.118747186,12131,True,0.496875,0.098549438,0.376046,6.109724
1013,rtl->baseline,5.599919,14.291496,7.572342,27.50911,0.096875,0.019704099,57593,True,5.60883,14.390723,6.64933,26.693975,0.59375,0.118748874,12137,True,0.496875,0.099044775,0.370835,6.106663
1014,baseline->rtl,5.579068,14.332339,7.625205,27.590236,0.0875,0.01556914,57512,True,5.647252,14.329244,6.653408,26.668276,0.59375,0.11874955,12113,True,0.50625,0.10318041,0.372545,6.108341
1015,rtl->baseline,5.596167,14.313743,7.564609,27.516191,0.084375,0.015415156,57550,True,5.624688,14.352776,6.660008,26.682275,0.5859375,0.11546857,12139,True,0.5015625,0.100053414,0.372675,6.110381
1016,baseline->rtl,5.560024,14.42242,7.538737,27.575035,0.0875,0.017603562,57551,True,5.603707,14.362236,6.644787,26.651392,0.5859375,0.116499928,12130,True,0.4984375,0.098896366,0.363264,6.107971
1017,rtl->baseline,5.594007,14.395518,8.550826,28.584683,0.084375,0.016228925,57076,True,5.572055,14.608753,6.647817,26.875228,0.5859375,0.116912471,12104,True,0.5015625,0.100683546,0.369275,6.106611
1018,baseline->rtl,5.609318,14.42003,7.57723,27.660711,0.0875,0.01792907,57416,True,5.625168,14.601362,6.672249,26.937802,0.5859375,0.117077488,12093,True,0.4984375,0.099148418,0.381936,6.10075
1019,rtl->baseline,5.585896,14.457073,7.658695,27.747767,0.084375,0.016359128,57373,True,5.602557,14.469233,6.908895,27.028448,0.5859375,0.117143495,12102,True,0.5015625,0.100784367,0.371795,6.371379
1020,baseline->rtl,5.665021,14.357876,7.509695,27.584786,0.075,0.012731151,56628,True,5.662311,14.409909,6.671009,26.781261,0.578125,0.113888648,11999,True,0.503125,0.101157497,0.365235,6.107771
1021,rtl->baseline,5.619539,14.261329,7.57638,27.501091,0.075,0.01409246,56569,True,5.681312,14.360556,6.628756,26.716998,0.578125,0.114930459,11963,True,0.503125,0.100837999,0.367605,6.09903
1022,baseline->rtl,5.679192,14.327354,7.555408,27.614538,0.08125,0.017261984,56545,True,5.684842,14.288021,6.630776,26.643032,0.578125,0.115347184,11989,True,0.496875,0.0980852,0.363445,6.104611
1023,rtl->baseline,5.600807,14.307803,7.508435,27.461708,0.075,0.014029794,56860,True,5.576355,14.380758,6.901504,26.90491,0.578125,0.115513873,12032,True,0.503125,0.101484079,0.363414,6.371228
1024,baseline->rtl,5.550633,14.348975,7.604212,27.557414,0.075,0.014611917,56991,True,5.557894,14.331904,6.660268,26.586159,0.578125,0.115580549,12075,True,0.503125,0.100968632,0.372405,6.121582
1025,rtl->baseline,5.623019,14.26716,7.520396,27.457497,0.075,0.014844767,56949,True,5.578135,14.361196,6.627986,26.614261,0.578125,0.11560722,12081,True,0.503125,0.100762453,0.363245,6.10021
1026,baseline->rtl,5.605357,14.351206,7.562749,27.571825,0.071875,0.013625407,57140,True,5.587956,14.405549,6.620125,26.652583,0.578125,0.115617888,12064,True,0.50625,0.101992481,0.356884,6.102821
1027,rtl->baseline,5.598527,14.27962,7.586301,27.50902,0.071875,0.014075163,57186,True,5.599157,14.365787,6.626426,26.638852,0.578125,0.115622155,12074,True,0.50625,0.101546992,0.363964,6.101321
1028,baseline->rtl,5.686072,14.346275,7.460792,27.544454,0.071875,0.014255065,57072,True,5.6393,14.357036,6.926716,26.961374,0.578125,0.115623862,12032,True,0.50625,0.101368797,0.393577,6.371329
1029,rtl->baseline,5.574455,14.497696,12.590937,32.709211,0.071875,0.014327026,56681,True,5.588056,14.409959,6.702181,26.746949,0.578125,0.115624545,11961,True,0.50625,0.101297519,0.371595,6.165665
1030,baseline->rtl,5.553434,14.663057,7.656795,27.926469,0.071875,0.01435581,56740,True,5.613548,14.398734,6.896841,26.949656,0.578125,0.115624818,11984,True,0.50625,0.101269008,0.363155,6.372446
1031,rtl->baseline,5.563692,14.284236,7.665693,27.557714,0.071875,0.014367324,56728,True,5.68192,14.274176,6.636094,26.682065,0.578125,0.115624927,11978,True,0.50625,0.101257603,0.367974,6.101728
1032,baseline->rtl,5.588604,14.389503,17.048961,37.080671,0.04375,0.00255943,57804,True,5.588084,14.383983,6.634684,26.645993,0.5546875,0.105781221,12204,True,0.5109375,0.103221791,0.369075,6.101389
1033,rtl->baseline,5.591184,14.252923,7.602408,27.49272,0.04375,0.006273772,57730,True,5.652079,14.349,6.664676,26.712088,0.5546875,0.108874988,12187,True,0.5109375,0.102601216,0.362304,6.138781
1034,baseline->rtl,5.582893,14.50142,7.46306,27.598897,0.04375,0.007759509,57669,True,5.621066,14.369631,6.921994,26.953184,0.5546875,0.110112495,12180,True,0.5109375,0.102352986,0.391426,6.368877
1035,rtl->baseline,5.588214,14.436746,7.47831,27.547584,0.040625,0.007041303,57444,True,5.604555,14.392213,6.628914,26.671905,0.546875,0.107326248,12112,True,0.50625,0.100284945,0.366455,6.101578
1036,baseline->rtl,5.588624,14.407715,7.564206,27.612738,0.040625,0.007691521,57356,True,5.575274,14.401073,6.898301,26.912851,0.546875,0.108555499,12107,True,0.50625,0.100863978,0.364915,6.373026
1037,rtl->baseline,5.544131,14.382212,7.568807,27.539983,0.040625,0.007951609,57383,True,5.636617,14.405354,6.631453,26.719898,0.546875,0.1090472,12105,True,0.50625,0.101095591,0.363215,6.104598
1038,baseline->rtl,5.579353,14.368831,7.572727,27.574066,0.021875,0.000180643,56993,True,5.594344,14.470909,6.627603,26.732259,0.53125,0.10268138,12078,True,0.509375,0.102500737,0.363134,6.099678
1039,rtl->baseline,5.590034,14.305117,7.498632,27.437287,0.021875,0.002697257,56881,True,5.582334,14.354141,6.627844,26.610841,0.53125,0.104822552,12062,True,0.509375,0.102125295,0.364564,6.100169
1040,baseline->rtl,5.631607,14.396744,7.550045,27.632889,0.021875,0.003703903,56797,True,5.590574,14.366061,6.629783,26.624092,0.53125,0.105679021,12018,True,0.509375,0.101975118,0.366175,6.099248
1041,rtl->baseline,5.570953,14.361301,7.546265,27.522392,-0.0125,-0.005080939,57593,True,5.633107,14.463668,6.636064,26.780572,0.5,0.092896608,12159,True,0.5125,0.097977547,0.372894,6.100898
1042,baseline->rtl,5.642477,14.406404,7.511403,27.611958,-0.0125,-0.002032376,57706,True,5.647298,14.303387,6.645185,26.634252,0.5,0.097158643,12162,True,0.5125,0.099191019,0.376335,6.104178
1043,rtl->baseline,5.600415,14.379593,7.495891,27.520492,-0.0125,-0.00081295,57391,True,5.574794,14.389293,6.897221,26.905781,0.5,0.098863457,12111,True,0.5125,0.099676407,0.363835,6.370966
1044,baseline->rtl,5.600565,14.390313,7.542235,27.585786,-0.034375,-0.01476268,58108,True,5.607726,14.336629,6.655596,26.637473,0.4765625,0.089701633,12224,True,0.5109375,0.104464313,0.365694,6.12534
1045,rtl->baseline,5.590644,14.270955,7.543584,27.450047,-0.034375,-0.010030072,58140,True,5.610335,14.316518,6.621553,26.593719,0.4765625,0.093068153,12232,True,0.5109375,0.103098225,0.360174,6.100658
1046,baseline->rtl,5.605315,14.461427,7.454639,27.573495,-0.034375,-0.008137029,58146,True,5.670479,14.322855,6.919131,26.951727,0.4765625,0.094414761,12234,True,0.5109375,0.10255179,0.385975,6.370814
1047,rtl->baseline,5.605283,14.308332,7.446515,27.404464,-0.04375,-0.011317312,58068,True,5.646186,14.293181,6.639852,26.627803,0.46875,0.091672155,12230,True,0.5125,0.102989467,0.370635,6.105617
1048,baseline->rtl,5.653416,14.56314,7.590535,27.860435,-0.04375,-0.009776925,58079,True,5.650706,14.324394,6.629501,26.643804,0.46875,0.092918862,12226,True,0.5125,0.102695787,0.366374,6.099676
1049,rtl->baseline,5.594972,14.316193,7.551572,27.507351,-0.04375,-0.00916077,58073,True,5.594132,14.337455,6.652953,26.684917,0.46875,0.093417545,12236,True,0.5125,0.102578315,0.365385,6.124958
1050,baseline->rtl,5.589992,14.338975,7.486799,27.468709,-0.059375,-0.015476808,58105,True,5.619744,14.312813,6.933422,26.904491,0.453125,0.087054518,12233,True,0.5125,0.102531326,0.361794,6.372155
1051,rtl->baseline,5.592712,14.498915,7.628097,27.766248,-0.059375,-0.013315723,58148,True,5.655507,14.603032,6.631662,26.936513,0.453125,0.089196807,12232,True,0.5125,0.10251253,0.367194,6.101546
1052,baseline->rtl,5.572151,14.349585,7.581194,27.556345,-0.059375,-0.012451289,58099,True,5.538809,14.351135,6.633402,26.562918,0.453125,0.090053723,12236,True,0.5125,0.102505012,0.372865,6.100236
1053,rtl->baseline,5.551879,14.279901,7.542562,27.419826,-0.090625,-0.025230516,58558,True,5.658547,14.56083,6.632482,26.900371,0.421875,0.077271489,12295,True,0.5125,0.102502005,0.365594,6.105637
1054,baseline->rtl,5.646036,14.353206,7.489918,27.542114,-0.090625,-0.020967206,58549,True,5.646946,14.385297,6.659313,26.730059,0.421875,0.081533596,12293,True,0.5125,0.102500802,0.364465,6.131088
1055,rtl->baseline,5.587762,14.254309,7.478668,27.366211,-0.090625,-0.019261883,58521,True,5.593382,14.344155,6.633462,26.618862,0.421875,0.083238438,12288,True,0.5125,0.102500321,0.364214,6.106827
1056,baseline->rtl,5.602573,14.400039,8.042215,28.098361,-0.109375,-0.026454753,58537,True,5.580341,14.293222,6.627021,26.537696,0.40625,0.077357875,12303,True,0.515625,0.103812628,0.364085,6.099516
1057,rtl->baseline,5.602763,14.26017,7.65571,27.563225,-0.109375,-0.023706901,58507,True,6.015331,14.524497,6.6148,27.201031,0.40625,0.07969315,12297,True,0.515625,0.103400051,0.355143,6.100017
1058,baseline->rtl,5.590392,14.378688,19.240441,39.264024,-0.109375,-0.02260776,58578,True,5.619664,14.330024,6.640472,26.630063,0.40625,0.08062726,12295,True,0.515625,0.10323502,0.373335,6.104787
1059,rtl->baseline,5.577461,14.330434,8.121631,28.073999,-0.146875,-0.037918104,56998,True,5.628515,14.541628,6.883979,27.100434,0.3671875,0.064594654,11999,True,0.5140625,0.102512758,0.363194,6.356453
1060,baseline->rtl,5.621275,14.350715,7.596056,27.621269,-0.146875,-0.032792242,56959,True,5.55752,14.508796,6.627041,26.73066,0.3671875,0.069900362,11987,True,0.5140625,0.102692604,0.363934,6.100296
1061,rtl->baseline,5.589222,14.347275,7.538742,27.520402,-0.146875,-0.030741897,56963,True,5.602913,14.483735,6.623531,26.757511,0.3671875,0.072022645,11991,True,0.5140625,0.102764542,0.360394,6.099796
1062,baseline->rtl,5.630495,14.307862,7.51721,27.508222,-0.184375,-0.045671759,57736,True,5.618973,14.307777,6.893807,26.86026,0.3359375,0.059746558,12154,True,0.5203125,0.105418317,0.366364,6.364132
1063,rtl->baseline,5.647814,14.241793,7.544699,27.48084,-0.184375,-0.040393703,57629,True,5.604552,14.390853,6.630509,26.671836,0.3359375,0.064211123,12126,True,0.5203125,0.104604826,0.367994,6.099124
1064,baseline->rtl,5.601101,14.381743,7.450573,27.486891,-0.18125,-0.036969981,57643,True,5.74493,14.308218,6.929239,27.021139,0.3359375,0.065996949,12139,True,0.5171875,0.10296693,0.399506,6.368972
1065,rtl->baseline,5.656665,14.384123,7.524608,27.610999,-0.221875,-0.053600493,58163,True,5.632503,14.417085,6.65129,26.748862,0.296875,0.05030503,12239,True,0.51875,0.103905523,0.364174,6.124295
1066,baseline->rtl,5.642703,14.460787,7.476306,27.63245,-0.215625,-0.045440197,58081,True,5.664545,14.34636,6.63165,26.680817,0.296875,0.055747012,12217,True,0.5125,0.101187209,0.363574,6.105675
1067,rtl->baseline,5.646414,14.355871,7.520568,27.568265,-0.215625,-0.044051079,58116,True,5.5816,14.64792,6.684013,26.960905,0.296875,0.057923805,12223,True,0.5125,0.101974884,0.368504,6.151568
1068,baseline->rtl,5.683467,14.270285,7.527109,27.532983,-0.23125,-0.050057932,58128,True,5.614182,14.406154,6.630389,26.688838,0.28125,0.052232022,12218,True,0.5125,0.102289954,0.363994,6.103064
1069,rtl->baseline,5.704448,14.435516,7.537409,27.725466,-0.23125,-0.047773173,58150,True,5.633483,14.33691,6.628179,26.644595,0.28125,0.054642809,12214,True,0.5125,0.102415982,0.364455,6.099544
1070,baseline->rtl,5.628302,14.323278,7.449164,27.452638,-0.234375,-0.048171769,58101,True,5.644854,14.330359,6.626479,26.642644,0.28125,0.055607124,12215,True,0.515625,0.103778893,0.365414,6.099744
1071,rtl->baseline,5.58582,14.251364,7.472015,27.352652,-0.275,-0.064456208,58575,True,5.5925,14.387462,6.900087,26.924763,0.2421875,0.039586599,12324,True,0.5171875,0.104042807,0.367084,6.370282
1072,baseline->rtl,5.598121,14.335339,7.512518,27.500101,-0.275,-0.058782483,58576,True,5.598621,14.387673,6.880506,26.906522,0.2421875,0.04489714,12329,True,0.5171875,0.103679623,0.365574,6.351931
1073,rtl->baseline,5.569979,14.334879,7.435392,27.385084,-0.275,-0.056512993,58583,True,5.809525,14.393344,6.631659,26.88264,0.2421875,0.047021356,12319,True,0.5171875,0.103534349,0.366274,6.099794
1074,baseline->rtl,5.625362,14.370191,7.497687,27.544815,-0.29375,-0.063480197,58530,True,5.595841,14.50056,6.64393,26.778814,0.21875,0.038027292,12317,True,0.5125,0.101507489,0.364944,6.113865
1075,rtl->baseline,5.630693,14.356761,7.472845,27.505971,-0.29375,-0.060642079,58552,True,5.58445,14.49836,6.900517,27.02863,0.21875,0.041460917,12327,True,0.5125,0.102102996,0.367654,6.368942
1076,baseline->rtl,5.5986,14.425625,7.496187,27.573366,-0.29375,-0.059506832,58502,True,5.551628,14.375072,6.633569,26.598022,0.21875,0.042834367,12326,True,0.5125,0.102341199,0.371024,6.099384
1077,rtl->baseline,5.603821,14.557044,7.625615,27.833233,-0.34375,-0.080052733,55028,True,5.610612,14.538153,6.668202,26.866249,0.1796875,0.026977497,11672,True,0.5234375,0.10703023,0.390136,6.104255
1078,baseline->rtl,5.603091,14.405854,7.436082,27.497481,-0.34375,-0.073271093,55123,True,5.657365,14.460284,6.630267,26.787298,0.1796875,0.032353499,11702,True,0.5234375,0.105624592,0.363084,6.104622
1079,rtl->baseline,5.564456,14.430291,7.469402,27.510622,-0.340625,-0.069245937,55395,True,5.517163,14.454043,6.903755,26.923974,0.1796875,0.034503899,11733,True,0.5203125,0.103749836,0.367084,6.37153
1080,baseline->rtl,5.648722,14.529747,7.490283,27.721806,-0.365625,-0.079073375,56365,True,5.675764,14.361446,6.900535,26.975417,0.15625,0.02552031,11930,True,0.521875,0.104593685,0.365874,6.37181
1081,rtl->baseline,5.538095,14.494155,8.448587,28.525959,-0.365625,-0.07550435,56313,True,5.656542,14.403568,6.654348,26.762853,0.15625,0.028958124,11909,True,0.521875,0.104462474,0.374505,6.116523
1082,baseline->rtl,5.583848,14.501936,7.416028,27.556355,-0.365625,-0.07407674,56194,True,5.687254,14.415059,6.883374,27.0244,0.15625,0.03033325,11875,True,0.521875,0.10440999,0.373915,6.351408
1083,rtl->baseline,5.656513,14.308062,7.599791,27.608859,-0.415625,-0.094505696,58561,True,5.576137,14.336835,6.892014,26.850859,0.109375,0.0111958,12308,True,0.525,0.105701496,0.361184,6.36787
1084,baseline->rtl,9.86259,14.384778,7.455021,31.753952,-0.415625,-0.087677278,58577,True,5.744898,14.341515,6.634277,26.760203,0.109375,0.01760332,12322,True,0.525,0.105280598,0.371704,6.100162
1085,rtl->baseline,5.584168,14.293311,7.520725,27.443428,-0.415625,-0.084945911,58566,True,5.608699,14.327834,6.908735,26.891962,0.109375,0.020166328,12311,True,0.525,0.105112239,0.371485,6.37384
1086,baseline->rtl,5.599439,14.306103,7.499894,27.457139,-0.440625,-0.094353365,58175,True,5.62496,14.276151,6.636517,26.57691,0.078125,0.008066531,12227,True,0.51875,0.102419896,0.362154,6.108562
1087,rtl->baseline,5.573247,14.299933,7.498594,27.417616,-0.440625,-0.090616346,58183,True,5.660273,14.355306,6.904545,26.969326,0.0859375,0.015882862,12227,True,0.5265625,0.106499208,0.367064,6.37175
1088,baseline->rtl,5.61816,14.299203,7.523275,27.490681,-0.440625,-0.089121538,58170,True,5.641811,14.275521,6.659279,26.614873,0.0859375,0.016665645,12219,True,0.5265625,0.105787183,0.367024,6.129754
1089,rtl->baseline,5.602059,14.381447,7.513104,27.541754,-0.5125,-0.118711115,57989,True,5.591839,14.405079,6.896675,26.942215,0.0234375,-0.009271242,12150,True,0.5359375,0.109439873,0.364304,6.37038
1090,baseline->rtl,5.626041,14.429451,7.484573,27.592608,-0.50625,-0.106359446,57984,True,5.639961,14.350486,6.634127,26.662396,0.03125,0.002385253,12169,True,0.5375,0.108744699,0.362794,6.107233
1091,rtl->baseline,5.553626,14.354655,7.470712,27.427176,-0.5125,-0.105918778,57988,True,5.543836,14.57964,6.908695,27.080174,0.03125,0.004704101,12159,True,0.54375,0.110622879,0.373435,6.37288
1092,baseline->rtl,5.630341,14.389758,7.477133,27.547855,-0.540625,-0.115680011,57899,True,5.61075,14.459312,6.639638,26.749552,-0.0078125,-0.007493359,12162,True,0.5328125,0.108186652,0.373405,6.100402
1093,rtl->baseline,5.584118,14.500785,7.510144,27.640331,-0.540625,-0.111147005,57924,True,5.62364,14.42312,6.633827,26.727011,-0.0078125,-0.002997344,12155,True,0.5328125,0.108149661,0.368434,6.101462
1094,baseline->rtl,5.62205,14.353446,7.469672,27.497042,-0.540625,-0.109333802,57897,True,5.669993,14.423528,6.634615,26.765138,-0.0078125,-0.001198938,12155,True,0.5328125,0.108134864,0.364344,6.10544
1095,rtl->baseline,5.565564,14.305067,7.454169,27.370203,-0.590625,-0.129608521,57299,True,5.540644,14.713054,6.632105,26.931525,-0.0703125,-0.030010825,11995,True,0.5203125,0.099597696,0.369974,6.09954
1096,baseline->rtl,5.626529,14.462488,7.519962,27.662533,-0.590625,-0.122718408,57269,True,5.560174,19.149675,6.687979,31.43432,-0.078125,-0.02372308,11994,True,0.5125,0.098995328,0.389606,6.11655
1097,rtl->baseline,5.590236,14.318559,8.09332,28.046968,-0.590625,-0.119962363,57276,True,5.641509,14.405844,6.894602,27.018511,-0.078125,-0.018864232,11989,True,0.5125,0.101098131,0.363793,6.368057
1098,baseline->rtl,5.584456,14.292207,7.513532,27.442299,-0.603125,-0.124109945,56919,True,5.570515,14.369692,6.637235,26.615644,-0.09375,-0.023483193,11903,True,0.509375,0.100626752,0.362513,6.112431
1099,rtl->baseline,5.585246,14.300798,7.552465,27.483681,-0.603125,-0.122018978,56912,True,5.655851,14.378072,6.650946,26.731512,-0.09375,-0.020643277,11909,True,0.509375,0.101375701,0.373724,6.11328
1100,baseline->rtl,5.634239,14.345571,8.145554,28.177947,-0.603125,-0.121182591,56903,True,5.609598,14.422445,6.637685,26.70824,-0.09375,-0.019507311,11902,True,0.509375,0.10167528,0.367814,6.10506
1101,rtl->baseline,5.588567,14.279686,7.512772,27.425538,-0.646875,-0.139223037,55518,True,5.732936,14.363702,6.664727,26.807577,-0.1328125,-0.035459174,11576,True,0.5140625,0.103763863,0.367384,6.131942
1102,baseline->rtl,5.623438,14.367062,7.495001,27.538695,-0.646875,-0.133314215,55526,True,5.635089,14.360891,6.905983,26.940555,-0.1328125,-0.03012117,11571,True,0.5140625,0.103193045,0.367194,6.372117
1103,rtl->baseline,5.615958,14.541733,7.547844,27.750309,-0.646875,-0.130950686,55491,True,5.654761,14.386393,6.640965,26.729372,-0.1328125,-0.027985968,11560,True,0.5140625,0.102964718,0.361353,6.11498
1104,baseline->rtl,5.595277,14.531652,14.664431,34.842933,-0.7375,-0.168067774,49843,True,5.581056,14.337649,6.627404,26.584462,-0.2265625,-0.066506887,10352,True,0.5109375,0.101560887,0.363064,6.09938
1105,rtl->baseline,5.630199,14.277616,7.711625,27.664773,-0.7375,-0.15572711,49867,True,5.64171,14.432426,6.633065,26.754993,-0.21875,-0.050509005,10355,True,0.51875,0.105218105,0.368834,6.1021
1106,baseline->rtl,5.600377,14.451107,7.378434,27.481861,-0.73125,-0.148165844,49842,True,5.677302,14.377053,6.932314,27.025731,-0.21875,-0.046453602,10354,True,0.5125,0.101712242,0.395176,6.373698
1107,rtl->baseline,5.630629,14.363491,7.382143,27.421917,-0.73125,-0.147016338,50116,True,5.6384,14.363611,6.645645,26.694269,-0.21875,-0.044831441,10427,True,0.5125,0.102184897,0.376285,6.10696
1108,baseline->rtl,5.827182,14.633979,7.428197,27.936771,-0.728125,-0.145244035,50124,True,5.584516,14.516251,6.636805,26.775335,-0.21875,-0.044182576,10427,True,0.509375,0.101061459,0.369504,6.100979
1109,rtl->baseline,5.581776,14.302207,7.455319,27.384235,-0.728125,-0.145472614,50132,True,5.670341,14.35484,6.904442,26.977998,-0.21875,-0.043923031,10420,True,0.509375,0.101549583,0.371855,6.369317
1110,baseline->rtl,5.606447,14.351661,7.489521,27.498823,-0.728125,-0.145564046,50107,True,5.618959,14.474295,6.640103,26.77181,-0.2109375,-0.040537962,10419,True,0.5171875,0.105026084,0.375995,6.100757
1111,rtl->baseline,5.600425,14.437581,7.484958,27.566607,-0.728125,-0.145600618,50098,True,5.598245,14.375808,6.639193,26.658898,-0.2109375,-0.041527685,10419,True,0.5171875,0.104072933,0.369074,6.106378
1112,baseline->rtl,5.693931,14.317054,7.506569,27.572148,-0.728125,-0.145615247,50076,True,5.660989,14.331954,6.91068,26.943246,-0.2109375,-0.041923574,10420,True,0.5171875,0.103691673,0.375885,6.371885
1113,rtl->baseline,5.558742,14.280682,7.485558,27.369444,-0.725,-0.144308599,50782,True,5.631598,14.322294,6.627872,26.630196,-0.203125,-0.03880068,10556,True,0.521875,0.105507919,0.361493,6.104228
1114,baseline->rtl,5.579324,14.479214,7.428054,27.539136,-0.725,-0.14472344,50778,True,5.667519,14.391799,6.935852,27.033622,-0.203125,-0.039895272,10553,True,0.521875,0.104828168,0.402077,6.370955
1115,rtl->baseline,5.851161,14.349556,7.473267,27.718667,-0.725,-0.144889376,50790,True,5.608476,14.384658,6.634533,26.675799,-0.203125,-0.040333109,10563,True,0.521875,0.104556267,0.367654,6.103628
1116,baseline->rtl,5.643128,14.469134,7.449986,27.61544,-0.715625,-0.14101825,51250,True,5.603505,14.346776,6.637453,26.626386,-0.1953125,-0.037226993,10673,True,0.5203125,0.103791257,0.365513,6.108779
1117,rtl->baseline,5.616446,14.303063,7.406003,27.369795,-0.715625,-0.1422823,51021,True,5.615486,14.356086,6.932282,26.950118,-0.1953125,-0.038328297,10655,True,0.5203125,0.103954003,0.359063,6.372515
1118,baseline->rtl,5.577654,14.41705,7.476097,27.524395,-0.715625,-0.14278792,51186,True,5.598685,14.367957,6.628452,26.633346,-0.1953125,-0.038768819,10671,True,0.5203125,0.104019101,0.363484,6.103168
1119,rtl->baseline,5.593104,14.312613,7.418163,27.370495,-0.70625,-0.139052668,52780,True,5.618957,14.347075,6.906091,26.917325,-0.1875,-0.035663778,10969,True,0.51875,0.10338889,0.367884,6.370736
1120,baseline->rtl,5.657359,14.374737,7.50107,27.586899,-0.70625,-0.140371067,52579,True,5.618696,14.344626,6.647633,26.647967,-0.1953125,-0.040046761,10963,True,0.5109375,0.100324306,0.372345,6.110628
1121,rtl->baseline,5.589054,14.354226,7.52197,27.510124,-0.70625,-0.140898427,52622,True,5.722863,14.336015,6.627042,26.732973,-0.1875,-0.036174954,10961,True,0.51875,0.104723473,0.363723,6.102538
1122,baseline->rtl,5.578204,14.355256,7.409773,27.394446,-0.690625,-0.134546871,53393,True,5.641717,14.443282,6.930312,27.054394,-0.1796875,-0.033688732,11134,True,0.5109375,0.100858139,0.394626,6.372305
1123,rtl->baseline,5.608446,14.357936,7.443826,27.45582,-0.690625,-0.136693748,53529,True,5.585674,14.533917,6.638123,26.803647,-0.1796875,-0.035037993,11180,True,0.5109375,0.101655755,0.367134,6.108678
1124,baseline->rtl,5.645518,14.490085,7.591415,27.780912,-0.690625,-0.137552499,53434,True,5.597795,14.71001,6.649643,26.996541,-0.1796875,-0.035577697,11135,True,0.5109375,0.101974802,0.378925,6.103248
1125,rtl->baseline,5.597255,14.402039,7.458286,27.505443,-0.68125,-0.1339585,54342,True,5.659148,14.370057,6.638353,26.717192,-0.171875,-0.032512329,11295,True,0.509375,0.101446171,0.369544,6.104608
1126,baseline->rtl,5.67626,14.460663,7.446766,27.634431,-0.68125,-0.1353334,54132,True,5.589704,14.452702,6.638861,26.72136,-0.171875,-0.033629932,11267,True,0.509375,0.101703468,0.369454,6.107996
1127,rtl->baseline,5.600043,14.469268,7.418531,27.531865,-0.68125,-0.13588336,54036,True,5.624495,14.387113,6.639401,26.697692,-0.171875,-0.034076973,11271,True,0.509375,0.101806387,0.367664,6.106376
1128,baseline->rtl,5.627625,14.442667,10.650961,30.773616,-0.678125,-0.134790844,55004,True,5.589023,14.430716,6.637411,26.696312,-0.2890625,-0.083474539,11388,True,0.3890625,0.051316305,0.367854,6.105176
1129,rtl->baseline,5.591902,14.317448,7.479016,27.433749,-0.678125,-0.135291338,55038,True,5.629596,14.302478,6.677673,26.657619,-0.1640625,-0.015577316,11486,True,0.5140625,0.119714022,0.366134,6.148029
1130,baseline->rtl,5.605174,14.393704,7.477055,27.529146,-0.678125,-0.135491535,55026,True,5.647287,14.380043,6.623809,26.691122,-0.1640625,-0.025918426,11473,True,0.5140625,0.109573109,0.356273,6.104516
1131,rtl->baseline,5.600524,14.269975,7.408841,27.322743,-0.66875,-0.131634114,54623,True,5.723541,14.438986,6.633801,26.844201,-0.15625,-0.02677362,11404,True,0.5125,0.104860494,0.366314,6.104936
1132,baseline->rtl,5.599053,14.447197,7.464364,27.564837,-0.66875,-0.132903646,54505,True,5.605924,14.439216,6.901247,26.9834,-0.15625,-0.029459448,11390,True,0.5125,0.103444198,0.368684,6.366273
1133,rtl->baseline,5.582623,14.522612,7.445523,27.59689,-0.66875,-0.133411458,54731,True,5.579122,14.34562,6.636361,26.607186,-0.15625,-0.030533779,11414,True,0.5125,0.102877679,0.365843,6.107097
1134,baseline->rtl,5.715811,14.366652,7.450364,27.586879,-0.628125,-0.116552083,55800,True,5.660597,14.400624,6.64067,26.741585,-0.109375,-0.011276012,11675,True,0.51875,0.105276071,0.370374,6.105326
1135,rtl->baseline,5.659687,14.279627,7.485525,27.472472,-0.628125,-0.121995833,55733,True,5.588283,14.425946,6.63719,26.698182,-0.109375,-0.017635405,11650,True,0.51875,0.104360428,0.370644,6.102736
1136,baseline->rtl,5.680188,14.417525,7.415611,27.565738,-0.628125,-0.124173333,55820,True,5.673448,14.371522,6.663983,26.747665,-0.109375,-0.020179162,11678,True,0.51875,0.103994171,0.401326,6.100066
1137,rtl->baseline,5.698549,14.411795,7.375669,27.531375,-0.6125,-0.118481833,56883,True,5.649567,14.330279,6.645401,26.67505,-0.1015625,-0.017915415,11891,True,0.5109375,0.100566418,0.366294,6.114247
1138,baseline->rtl,5.644016,14.33977,7.482656,27.517685,-0.6125,-0.120892733,56914,True,5.667638,14.277676,6.641671,26.627447,-0.1015625,-0.019353666,11893,True,0.5109375,0.101539067,0.371374,6.105316
1139,rtl->baseline,5.713921,14.300707,7.452284,27.510734,-0.6125,-0.121857093,56817,True,5.662237,14.362172,6.919989,26.990831,-0.1015625,-0.019928966,11868,True,0.5109375,0.101928127,0.389975,6.363703
1140,baseline->rtl,5.682999,14.295708,7.998768,28.030098,-0.571875,-0.105180337,57707,True,5.639386,14.33835,6.63261,26.649828,-0.0234375,0.012653413,12095,True,0.5484375,0.11783375,0.364093,6.105156
1141,rtl->baseline,5.619154,14.328789,7.628634,27.619622,-0.571875,-0.110697135,57559,True,5.537259,14.466528,6.898568,26.952398,-0.0234375,0.002248865,12097,True,0.5484375,0.112946,0.364573,6.370684
1142,baseline->rtl,5.644997,14.482089,7.615084,27.793913,-0.571875,-0.112903854,57503,True,5.646346,14.356871,6.658232,26.699802,-0.0234375,-0.001912954,12107,True,0.5484375,0.1109909,0.369224,6.125507
1143,rtl->baseline,5.597981,14.326344,7.59133,27.560569,-0.54375,-0.101974042,56768,True,5.590971,14.444092,6.928368,27.009983,-0.0078125,0.006266068,11941,True,0.5359375,0.10824011,0.394716,6.371922
1144,baseline->rtl,5.610642,14.40272,10.2359,30.301746,-0.54375,-0.106039617,56858,True,5.57942,14.342265,6.897325,26.858014,-0.015625,0.002506427,11966,True,0.528125,0.108546044,0.365473,6.36788
1145,rtl->baseline,5.616493,14.27163,7.630762,27.562579,-0.54375,-0.107665847,56953,True,5.609132,14.430632,6.901455,26.988171,-0.0078125,0.001002571,11972,True,0.5359375,0.108668418,0.365974,6.372281
1146,baseline->rtl,5.639704,14.360567,7.613851,27.669165,-0.5375,-0.105691339,56486,True,5.650814,14.641245,6.900976,27.232437,0.015625,0.000401028,11850,True,0.553125,0.106092367,0.365374,6.372821
1147,rtl->baseline,5.58692,14.370828,7.543617,27.545507,-0.53125,-0.104151535,56495,True,5.516126,14.370487,6.892865,26.825291,0.0078125,0.000160411,11864,True,0.5390625,0.104311946,0.361403,6.367211
1148,baseline->rtl,5.673856,14.476025,7.473982,27.674315,-0.5375,-0.108035614,56349,True,5.57235,14.345256,6.651999,26.608647,0.015625,6.4165e-05,11840,True,0.553125,0.108099779,0.373825,6.112504
1149,rtl->baseline,5.607832,14.491085,8.354689,28.498359,-0.509375,-0.095901746,54230,True,5.601792,14.343726,6.857212,26.850062,0.0234375,0.009869416,11475,True,0.5328125,0.105771162,0.369134,6.322868
1150,baseline->rtl,5.623893,14.454583,9.366235,29.527335,-0.509375,-0.099485698,54246,True,5.592241,14.359686,6.648549,26.637649,0.03125,0.010041516,11456,True,0.540625,0.109527214,0.361653,6.124856
1151,rtl->baseline,5.634254,14.285012,7.448031,27.412119,-0.50625,-0.099606779,54101,True,5.693497,14.271071,6.633208,26.64465,0.0234375,0.004485357,11431,True,0.5296875,0.104092136,0.366844,6.102413
1152,baseline->rtl,5.626653,14.40902,7.375836,27.465633,-0.4375,-0.071717712,56442,True,5.599762,14.488455,6.937058,27.064997,0.0859375,0.030856643,11898,True,0.5234375,0.102574355,0.403596,6.367961
1153,rtl->baseline,5.583371,14.323664,8.611796,28.562334,-0.44375,-0.083812085,56502,True,5.598372,14.359377,6.631628,26.636599,0.0859375,0.022655157,11897,True,0.5296875,0.106467242,0.361224,6.106974
1154,baseline->rtl,5.567669,14.372708,7.43573,27.42666,-0.4375,-0.084149834,56501,True,5.688527,14.375788,6.922687,27.026794,0.0859375,0.019374563,11892,True,0.5234375,0.103524397,0.388205,6.371291
1155,rtl->baseline,5.598291,14.312134,7.383006,27.339044,-0.43125,-0.083534934,57284,True,5.617423,14.310064,6.650859,26.624538,0.09375,0.021343575,12101,True,0.525,0.104878509,0.365154,6.121855
1156,baseline->rtl,5.593511,14.352636,7.511495,27.508886,-0.434375,-0.086476473,57239,True,5.691878,14.336305,6.627718,26.694213,0.09375,0.01978743,12090,True,0.528125,0.106263903,0.363033,6.102194
1157,rtl->baseline,5.591891,14.268871,7.519575,27.42524,-0.434375,-0.086715589,57050,True,5.591401,14.375008,6.650389,26.664191,0.09375,0.019164972,12050,True,0.528125,0.105880561,0.364653,6.121815
1158,baseline->rtl,5.742251,14.347306,7.448911,27.58896,-0.525,-0.124873736,56885,True,5.647484,14.330115,6.641308,26.65893,0.0078125,-0.020459011,12039,True,0.5328125,0.104414725,0.370774,6.107144
1159,rtl->baseline,5.61009,14.344631,7.420166,27.41932,-0.525,-0.112949494,56713,True,5.590828,14.389343,6.904393,26.931809,0.0078125,-0.008183604,12003,True,0.5328125,0.10476589,0.369174,6.372019
1160,baseline->rtl,5.620301,14.438697,7.555235,27.669346,-0.525,-0.108179798,56811,True,5.620691,14.355881,6.635306,26.64935,0.0078125,-0.003273442,12034,True,0.5328125,0.104906356,0.369654,6.105521
1161,rtl->baseline,5.601329,14.516052,8.291123,28.454607,-0.58125,-0.129896919,58134,True,5.593059,14.34358,6.69909,26.683573,-0.046875,-0.020996877,12178,True,0.534375,0.108900042,0.368314,6.164736
1162,baseline->rtl,5.557656,14.459118,7.4737,27.544298,-0.58125,-0.121708768,58167,True,5.59542,14.367602,6.907784,26.910188,-0.046875,-0.014023751,12177,True,0.534375,0.107685017,0.370013,6.373619
1163,rtl->baseline,5.714997,14.320669,7.552064,27.632584,-0.56875,-0.113183507,58128,True,5.672854,14.352162,6.638886,26.711284,-0.046875,-0.0112345,12181,True,0.521875,0.101949007,0.371143,6.104842
1164,baseline->rtl,5.722927,14.31908,7.4841,27.579691,-0.5875,-0.121398403,58453,True,5.676574,14.289007,6.640977,26.645651,-0.0625,-0.0166813,12240,True,0.525,0.104717103,0.373934,6.099742
1165,rtl->baseline,5.680515,14.308879,7.489821,27.523647,-0.5875,-0.119059361,58474,True,5.625991,14.338121,6.645576,26.657982,-0.0625,-0.01417252,12242,True,0.525,0.104886841,0.364444,6.121233
1166,baseline->rtl,5.672275,14.33167,7.497741,27.554249,-0.5875,-0.118123744,58429,True,5.659143,14.271876,6.633135,26.604768,-0.0625,-0.013169008,12243,True,0.525,0.104954736,0.363163,6.107202
1167,rtl->baseline,5.577388,14.292547,7.455099,27.368827,-0.634375,-0.137436998,57368,True,5.586119,14.392424,6.628036,26.652401,-0.1171875,-0.035736353,11958,True,0.5171875,0.101700645,0.360843,6.102502
1168,baseline->rtl,5.564328,14.468429,7.455118,27.541128,-0.634375,-0.131099799,57383,True,5.578318,14.309589,6.632185,26.558865,-0.1171875,-0.028357041,11975,True,0.5171875,0.102742758,0.366564,6.102712
1169,rtl->baseline,5.615061,14.276727,7.468189,27.40603,-0.634375,-0.12856492,57317,True,5.61592,14.334231,6.632896,26.62937,-0.1171875,-0.025405317,11951,True,0.5171875,0.103159603,0.365974,6.102302
1170,baseline->rtl,5.61235,14.32505,7.458699,27.448332,-0.65,-0.134113468,56730,True,5.627841,14.33034,6.629495,26.625889,-0.1328125,-0.030787127,11803,True,0.5171875,0.103326341,0.365574,6.103832
1171,rtl->baseline,5.805732,14.293578,7.430707,27.57461,-0.65,-0.131645387,56617,True,5.61438,14.336231,6.898763,26.897237,-0.1328125,-0.028252351,11785,True,0.5171875,0.103393036,0.372764,6.361019
1172,baseline->rtl,5.583818,14.589567,7.484901,27.711459,-0.65,-0.130658155,56671,True,5.583568,14.352692,6.630136,26.606628,-0.1328125,-0.02723844,11795,True,0.5171875,0.103419715,0.364273,6.100682
1173,rtl->baseline,5.622871,14.465918,7.46293,27.595752,-0.684375,-0.144700762,55406,True,5.605459,14.374292,6.620595,26.647541,-0.171875,-0.043239126,11552,True,0.5125,0.101461636,0.359473,6.102732
1174,baseline->rtl,5.60481,14.398294,7.387145,27.441581,-0.684375,-0.140005305,55372,True,5.623051,14.339661,6.670328,26.670602,-0.171875,-0.03792065,11543,True,0.5125,0.102084655,0.367624,6.140914
1175,rtl->baseline,5.577936,14.24453,7.426124,27.292334,-0.684375,-0.138127122,55390,True,5.646721,14.381689,6.904061,26.980323,-0.171875,-0.03579326,11554,True,0.5125,0.102333862,0.367484,6.372767
1176,baseline->rtl,5.63512,14.24598,7.476648,27.409621,-0.7125,-0.149188349,53789,True,5.734646,14.307334,6.641594,26.721176,-0.1953125,-0.044786054,11185,True,0.5171875,0.104402295,0.373614,6.10463
1177,rtl->baseline,5.603748,14.351116,7.356979,27.355087,-0.7125,-0.14517534,53791,True,5.586767,14.476555,6.641754,26.751018,-0.1953125,-0.041351922,11181,True,0.5171875,0.103823418,0.366843,6.10643
1178,baseline->rtl,5.649531,14.379888,7.406273,27.486905,-0.7125,-0.143570136,53801,True,5.602888,14.333115,6.698138,26.672603,-0.1953125,-0.039978269,11179,True,0.5171875,0.103591867,0.360593,6.174694
1179,rtl->baseline,5.565386,14.315244,7.451646,27.376499,-0.73125,-0.150803054,51720,True,5.591357,14.370578,6.627824,26.636251,-0.21875,-0.049272557,10730,True,0.5125,0.101530497,0.364663,6.09941
1180,baseline->rtl,5.706175,14.393059,7.441885,27.596692,-0.73125,-0.148071222,51698,True,5.63705,14.605593,6.905431,27.187386,-0.21875,-0.045959023,10732,True,0.5125,0.102112199,0.368463,6.372017
1181,rtl->baseline,5.653301,14.297723,7.470718,27.464454,-0.73125,-0.146978489,51689,True,5.616459,14.376528,6.636374,26.677244,-0.21875,-0.044633609,10727,True,0.5125,0.10234488,0.368403,6.100179
1182,baseline->rtl,5.723075,14.353937,7.366851,27.497786,-0.75625,-0.157041395,49299,True,5.598278,14.378978,6.635584,26.649642,-0.2421875,-0.053947194,10195,True,0.5140625,0.103094201,0.366493,6.10476
1183,rtl->baseline,5.682043,14.319084,7.420894,27.466364,-0.75625,-0.153566558,49295,True,5.63938,14.352486,6.657235,26.697245,-0.2421875,-0.050641377,10195,True,0.5140625,0.102925181,0.394645,6.09884
1184,baseline->rtl,5.588027,14.358978,7.418283,27.416351,-0.75625,-0.152176623,49302,True,5.557705,14.4102,6.88421,26.890447,-0.2421875,-0.049319051,10194,True,0.5140625,0.102857572,0.364223,6.358046
1185,rtl->baseline,5.562295,14.279382,8.654122,28.539543,-0.784375,-0.163433149,46129,True,5.561675,14.359587,6.630273,26.598208,-0.2734375,-0.06191512,9549,True,0.5109375,0.101518029,0.364184,6.103659
1186,baseline->rtl,5.678923,14.417551,7.35786,27.507247,-0.784375,-0.15949826,46179,True,5.6368,14.482445,6.897,27.053858,-0.2734375,-0.057578548,9554,True,0.5109375,0.101919712,0.363103,6.371217
1187,rtl->baseline,5.659932,14.352667,7.453346,27.514088,-0.784375,-0.157924304,46169,True,5.663012,14.329475,6.635653,26.676574,-0.2734375,-0.055843919,9550,True,0.5109375,0.102080385,0.366024,6.104619
1188,baseline->rtl,5.669142,14.430301,7.399332,27.5514,-0.7875,-0.158607222,45688,True,5.698503,14.355736,6.648034,26.742868,-0.2734375,-0.055150068,9458,True,0.5140625,0.103457154,0.364334,6.121401
1189,rtl->baseline,5.611028,14.277922,7.404933,27.340277,-0.7875,-0.157942889,45666,True,5.594508,14.460654,6.668606,26.77094,-0.2734375,-0.054872527,9464,True,0.5140625,0.103070362,0.371264,6.132412
1190,baseline->rtl,5.657721,14.336295,7.408944,27.455363,-0.7875,-0.157677155,45701,True,5.672352,14.308424,6.635984,26.655862,-0.2734375,-0.054761511,9469,True,0.5140625,0.102915644,0.364243,6.1087
1191,rtl->baseline,5.621348,14.298618,7.39394,27.358539,-0.76875,-0.149695862,47430,True,5.564295,14.508432,6.629752,26.749822,-0.2578125,-0.048154604,9852,True,0.5109375,0.101541258,0.367283,6.099778
1192,baseline->rtl,5.627288,14.296038,7.412481,27.38795,-0.76875,-0.152128345,47400,True,5.532011,14.333211,6.639771,26.547027,-0.2578125,-0.050199342,9845,True,0.5109375,0.101929003,0.377224,6.100268
1193,rtl->baseline,5.596166,14.32296,9.783172,29.74794,-0.76875,-0.153101338,47412,True,5.588165,14.512473,6.901328,27.047889,-0.2578125,-0.051017237,9848,True,0.5109375,0.102084101,0.370954,6.366104
1194,baseline->rtl,5.578045,14.397145,7.330566,27.359239,-0.75625,-0.148240535,48241,True,5.81658,14.393085,6.938391,27.187178,-0.25,-0.048063145,10024,True,0.50625,0.10017739,0.404336,6.365485
1195,rtl->baseline,5.617417,14.347312,7.373389,27.38375,-0.75625,-0.150046214,48296,True,5.622127,14.329671,6.635681,26.632733,-0.25,-0.049225258,10036,True,0.50625,0.100820956,0.365924,6.104508
1196,baseline->rtl,5.802769,14.280588,7.39116,27.528119,-0.75625,-0.150768486,48271,True,5.654089,14.401935,6.904148,27.000516,-0.25,-0.049690103,10031,True,0.50625,0.101078383,0.369134,6.372265
1197,rtl->baseline,5.610567,14.47157,8.250804,28.377554,-0.746875,-0.147119894,49415,True,5.720574,14.309919,6.662444,26.740369,-0.2421875,-0.046594791,10272,True,0.5046875,0.100525103,0.367573,6.13215
1198,baseline->rtl,5.652209,14.328311,7.942415,27.975177,-0.746875,-0.148472958,49385,True,5.584405,14.419766,6.897019,26.939712,-0.2421875,-0.047700417,10278,True,0.5046875,0.100772541,0.362773,6.371195
1199,rtl->baseline,5.66702,14.296939,7.499216,27.508828,-0.746875,-0.149014183,49357,True,5.619917,14.283358,6.644232,26.59519,-0.2421875,-0.048142667,10276,True,0.5046875,0.100871516,0.370253,6.110898
1200,baseline->rtl,5.683161,14.32292,7.412571,27.471516,-0.740625,-0.146605673,49985,True,5.737104,14.352902,6.632962,26.76129,-0.234375,-0.045038317,10367,True,0.50625,0.101567356,0.369163,6.098978
1201,rtl->baseline,5.684571,14.341991,7.471825,27.54406,-0.740625,-0.147517269,49965,True,5.606817,14.436567,6.634882,26.724808,-0.234375,-0.046140327,10370,True,0.50625,0.101376942,0.368943,6.103038
1202,baseline->rtl,5.630527,14.387444,7.39917,27.470426,-0.740625,-0.147881908,49970,True,5.645569,14.410966,6.897238,26.992326,-0.234375,-0.046581131,10371,True,0.50625,0.101300777,0.365353,6.367765
1203,rtl->baseline,5.596296,14.442108,7.56324,27.646997,-0.73125,-0.144090263,50741,True,5.66456,14.279417,6.898648,26.890149,-0.2265625,-0.043476202,10567,True,0.5046875,0.100614061,0.364843,6.370945
1204,baseline->rtl,5.609676,14.357972,7.410521,27.430283,-0.73125,-0.145386105,50769,True,5.66194,14.366213,6.644442,26.711158,-0.2265625,-0.044577981,10567,True,0.5046875,0.100808124,0.366913,6.112058
1205,rtl->baseline,5.562833,14.296809,7.471335,27.376379,-0.73125,-0.145904442,50785,True,5.570454,14.387274,6.627451,26.631832,-0.2265625,-0.045018692,10567,True,0.5046875,0.10088575,0.364153,6.099958
1206,baseline->rtl,5.619887,14.399875,7.996108,28.070373,-0.725,-0.143486777,51734,True,5.598846,14.294988,6.635132,26.569308,-0.21875,-0.041913727,10762,True,0.50625,0.10157305,0.366663,6.104798
1207,rtl->baseline,5.630806,14.347657,7.558378,27.581184,-0.725,-0.144394711,51817,True,5.66593,14.446406,6.663021,26.821869,-0.21875,-0.043015491,10769,True,0.50625,0.10137922,0.399186,6.100116
1208,baseline->rtl,5.644557,14.583292,18.961819,39.242201,-0.725,-0.144757884,51805,True,5.552111,14.308295,6.64957,26.549039,-0.21875,-0.043456196,10769,True,0.50625,0.101301688,0.363943,6.099845
1209,rtl->baseline,5.562181,14.288714,7.5989,27.495468,-0.684375,-0.127840654,57158,True,5.646257,14.338997,6.661651,26.694248,-0.1796875,-0.027226229,11899,True,0.5046875,0.100614425,0.369044,6.127867
1210,baseline->rtl,5.572013,14.411021,7.533676,27.568273,-0.684375,-0.133261261,57144,True,5.69253,14.337817,6.900976,26.971725,-0.1796875,-0.032452991,11936,True,0.5046875,0.10080827,0.366413,6.370872
1211,rtl->baseline,5.598034,14.427863,8.004716,28.074865,-0.684375,-0.135429505,57190,True,5.599414,14.570001,6.63307,26.849148,-0.1796875,-0.034543697,11950,True,0.5046875,0.100885808,0.368483,6.100516
1212,baseline->rtl,5.608944,14.39294,19.166772,39.22055,-0.65,-0.121859302,62304,True,5.582793,14.359188,6.901757,26.88236,-0.1484375,-0.022254979,12990,True,0.5015625,0.099604323,0.371383,6.365903
1213,rtl->baseline,5.607444,14.287543,7.622902,27.562732,-0.65,-0.126743721,62298,True,5.621855,14.292883,6.6341,26.596691,-0.1484375,-0.026714491,12986,True,0.5015625,0.10002923,0.363423,6.104906
1214,baseline->rtl,5.585264,14.452503,7.401348,27.492908,-0.65,-0.128697488,62315,True,5.764484,14.364459,6.901116,27.071251,-0.1484375,-0.028498297,12984,True,0.5015625,0.100199191,0.363593,6.373953
1215,rtl->baseline,5.568762,14.422002,7.494974,27.529591,-0.590625,-0.104541495,63269,True,5.584543,14.362168,6.632149,26.625814,-0.0859375,-0.002961819,13274,True,0.5046875,0.101579676,0.368183,6.099106
1216,baseline->rtl,5.632996,14.497416,7.523705,27.704802,-0.590625,-0.112691598,63704,True,5.627936,14.288134,6.6419,26.596642,-0.0859375,-0.011497227,13338,True,0.5046875,0.101194371,0.371694,6.103716
1217,rtl->baseline,5.592194,14.346687,7.564488,27.551062,-0.590625,-0.115951639,63637,True,5.572783,14.388139,6.907226,26.915651,-0.0859375,-0.014911391,13331,True,0.5046875,0.101040248,0.368613,6.372612
1218,baseline->rtl,5.600334,14.281943,7.499754,27.433505,-0.55625,-0.102818156,63677,True,5.627586,14.358438,6.63838,26.663716,-0.046875,0.000129194,13323,True,0.509375,0.10294735,0.369203,6.106606
1219,rtl->baseline,5.653647,14.430733,7.504044,27.632477,-0.55625,-0.107877262,63578,True,5.571982,14.378059,6.656501,26.654205,-0.046875,-0.005573323,13300,True,0.509375,0.102303939,0.367763,6.125637
1220,baseline->rtl,5.628335,14.301394,7.492664,27.475347,-0.55625,-0.109900905,63596,True,5.630576,14.368588,6.620789,26.660245,-0.046875,-0.007854329,13319,True,0.509375,0.102046576,0.359393,6.101325
1221,rtl->baseline,5.553961,14.330996,7.479353,27.410613,-0.525,-0.097585362,62043,True,5.588693,14.375299,6.901306,26.911992,-0.0234375,0.001077018,13026,True,0.5015625,0.09866238,0.365963,6.372393
1222,baseline->rtl,5.601334,14.336707,7.528046,27.519419,-0.525,-0.102034145,62167,True,5.627866,14.364498,6.929668,26.961975,-0.0234375,-0.002381693,13049,True,0.5015625,0.099652452,0.363123,6.402514
1223,rtl->baseline,5.57421,14.373344,7.476111,27.468788,-0.525,-0.103813658,62175,True,5.624054,14.379915,6.626787,26.676628,-0.0234375,-0.003765177,13019,True,0.5015625,0.100048481,0.361023,6.101284
1224,baseline->rtl,5.706078,14.276418,7.47627,27.510791,-0.44375,-0.070400463,59036,True,5.636155,14.444168,6.632968,26.751523,0.0625,0.031775179,12446,True,0.50625,0.102175642,0.366723,6.103594
1225,rtl->baseline,5.574171,14.414207,7.451459,27.486389,-0.44375,-0.081410185,59022,True,5.707799,14.482401,6.930756,27.166919,0.0625,0.020210072,12440,True,0.50625,0.101620257,0.359203,6.370071
1226,baseline->rtl,5.586531,14.498512,7.500922,27.638579,-0.44375,-0.085814074,59001,True,5.594952,14.30056,6.880893,26.815407,0.0625,0.015584029,12453,True,0.50625,0.101398103,0.367033,6.351099
1227,rtl->baseline,5.596582,14.273758,7.566796,27.483588,-0.29375,-0.02457563,59083,True,5.629224,14.287169,6.627707,26.591392,0.203125,0.072796111,12477,True,0.496875,0.097371741,0.363883,6.103364
1228,baseline->rtl,5.684228,14.337812,7.507152,27.580185,-0.29375,-0.045080252,58966,True,5.664476,14.290908,6.639377,26.634965,0.203125,0.053493445,12460,True,0.496875,0.098573697,0.369703,6.107924
1229,rtl->baseline,5.664016,14.363873,7.476241,27.548003,-0.29375,-0.053282101,59190,True,5.632814,14.341662,6.902104,26.923124,0.203125,0.045772378,12497,True,0.496875,0.099054479,0.367833,6.372251
1230,baseline->rtl,5.699239,14.337922,7.486301,27.578234,-0.1875,-0.01193784,56702,True,5.604033,14.364933,6.636368,26.643626,0.3125,0.088621451,12096,True,0.5,0.100559291,0.368043,6.103194
1231,rtl->baseline,5.591401,14.332752,7.497721,27.466128,-0.1875,-0.027275136,56562,True,5.619593,14.391635,6.639688,26.698449,0.3125,0.07294858,11974,True,0.5,0.100223716,0.368793,6.105754
1232,baseline->rtl,5.643965,14.302309,7.464119,27.463078,-0.1875,-0.033410054,56814,True,5.700219,14.349342,6.642207,26.733862,0.3125,0.066679432,12043,True,0.5,0.100089486,0.366833,6.112125
1233,rtl->baseline,5.638895,14.362583,7.556336,27.605206,-0.1375,-0.014864022,56609,True,5.600942,14.347502,6.901034,26.894791,0.359375,0.083859273,11990,True,0.496875,0.098723295,0.364003,6.37296
1234,baseline->rtl,5.647265,14.353943,7.567086,27.621407,-0.1375,-0.022445609,56629,True,5.576231,14.365513,6.635318,26.617284,0.359375,0.076668709,12019,True,0.496875,0.099114318,0.371323,6.101184
1235,rtl->baseline,5.611483,14.366783,7.526434,27.549182,-0.1375,-0.025478243,56615,True,5.579851,14.347282,6.632828,26.608904,0.359375,0.073792484,11998,True,0.496875,0.099270727,0.362723,6.106324
1236,baseline->rtl,5.622023,14.416146,7.535884,27.625138,-0.078125,-0.001753797,56150,True,5.605432,14.419217,6.890084,26.953765,0.4140625,0.095610743,11872,True,0.4921875,0.09736454,0.370183,6.35685
1237,rtl->baseline,5.597642,14.285978,7.493422,27.421524,-0.078125,-0.010076519,56156,True,5.587131,14.372274,6.903764,26.911023,0.4140625,0.087931797,11867,True,0.4921875,0.098008316,0.368313,6.372631
1238,baseline->rtl,5.574291,14.329841,7.507113,27.464967,-0.078125,-0.013405608,56217,True,5.545439,14.297419,6.632367,26.514718,0.4140625,0.084860219,11896,True,0.4921875,0.098265827,0.363423,6.106874
1239,rtl->baseline,5.570389,14.301015,7.563523,27.48083,-0.06875,-0.010799743,57100,True,5.596081,14.357169,6.655956,26.657128,0.4296875,0.090194088,12026,True,0.4984375,0.100993831,0.365353,6.126923
1240,baseline->rtl,5.656374,14.336807,7.478218,27.525823,-0.06875,-0.012569897,57029,True,5.705847,14.312066,6.630215,26.6885,0.4296875,0.087640135,12051,True,0.4984375,0.100210032,0.361363,6.105492
1241,rtl->baseline,5.671675,14.293344,7.50573,27.517392,-0.071875,-0.014590459,56900,True,5.59611,14.427232,6.905582,26.978818,0.4296875,0.086618554,12016,True,0.5015625,0.101209013,0.373384,6.366858
1242,baseline->rtl,5.59621,14.409752,7.485889,27.545224,-0.040625,-0.001336184,55737,True,5.613621,14.340828,6.636125,26.629666,0.4609375,0.099334922,11791,True,0.5015625,0.100671106,0.365133,6.108272
1243,rtl->baseline,5.672585,14.417483,7.456826,27.591777,-0.040625,-0.005409473,55775,True,5.652914,14.330187,6.903682,26.933706,0.4609375,0.095046469,11790,True,0.5015625,0.100455942,0.365453,6.373209
1244,baseline->rtl,5.988625,14.368349,7.462057,27.869854,-0.040625,-0.007038789,55696,True,5.698326,14.879822,6.708339,27.32555,0.4609375,0.093331087,11843,True,0.5015625,0.100369876,0.382354,6.135994
1245,rtl->baseline,5.669885,14.312716,7.444436,27.47267,-0.025,-0.001128016,56224,True,5.671175,14.294754,6.634776,26.648518,0.4765625,0.099207435,11845,True,0.5015625,0.100335451,0.368833,6.100792
1246,baseline->rtl,5.59438,14.300855,7.596816,27.545704,-0.025,-0.003451206,55622,True,5.583699,14.365589,6.640946,26.628456,0.4765625,0.096870474,11840,True,0.5015625,0.10032168,0.372413,6.104542
1247,rtl->baseline,5.568559,14.343817,7.448706,27.406625,-0.021875,-0.003067983,55595,True,5.630043,14.333047,6.640945,26.649618,0.4765625,0.09593569,11818,True,0.4984375,0.099003673,0.369784,6.108253
1248,baseline->rtl,5.687646,14.319776,7.429195,27.489711,0.025,0.015835307,56092,True,5.612722,14.403681,6.646006,26.702561,0.53125,0.118530526,11794,True,0.50625,0.102695219,0.366513,6.118633
1249,rtl->baseline,5.566628,14.296595,7.515851,27.424306,0.025,0.009334123,56116,True,5.60105,14.361018,6.930914,26.940706,0.53125,0.11116221,11817,True,0.50625,0.101828087,0.393315,6.373398
1250,baseline->rtl,5.616251,14.302535,7.51546,27.48674,0.025,0.006733649,55994,True,5.633393,14.295544,6.631525,26.598605,0.53125,0.108214884,11794,True,0.50625,0.101481235,0.366503,6.100961
1251,rtl->baseline,5.601831,14.476216,13.635913,33.759163,0.003125,-0.00480654,56084,True,5.638313,14.330277,6.653597,26.669729,0.5,0.093910954,11875,True,0.496875,0.098717494,0.363823,6.126324
1252,baseline->rtl,5.629812,14.327086,7.641989,27.65242,0.003125,-0.001922616,56074,True,5.625932,14.372439,6.905513,26.941846,0.5,0.097564381,11874,True,0.496875,0.099486997,0.369603,6.370399
1253,rtl->baseline,5.643553,14.2098,7.600846,27.498061,0.003125,-0.000769046,56220,True,5.652004,14.337277,6.936644,26.973718,0.5,0.099025753,11893,True,0.496875,0.099794799,0.404435,6.370629
1254,baseline->rtl,5.580099,14.282804,7.615597,27.531533,-0.00625,-0.000307619,56788,True,5.615312,14.361578,6.626915,26.642167,0.4921875,0.096329051,11978,True,0.4984375,0.09663667,0.362403,6.099981
1255,rtl->baseline,5.62138,14.28774,7.620075,27.572717,-0.00625,-0.000123047,56796,True,5.565918,14.405487,6.869908,26.888805,0.4921875,0.09759412,11977,True,0.4984375,0.097717167,0.359293,6.350026
1256,baseline->rtl,5.574177,14.348214,7.619584,27.592538,-0.00625,-4.9219e-05,56811,True,5.549236,14.264948,6.635113,26.486899,0.4921875,0.098100148,11977,True,0.4984375,0.098149367,0.364812,6.10539
1257,rtl->baseline,5.713726,15.048357,7.55333,28.361066,-0.034375,-0.014457188,55836,True,5.678354,14.396506,6.720028,26.840421,0.4609375,0.085177559,11834,True,0.4953125,0.099634747,0.365643,6.141402
1258,baseline->rtl,5.662473,14.354354,7.639696,27.710645,-0.034375,-0.009907875,55871,True,5.61658,14.448679,6.654164,26.758126,0.4609375,0.089383524,11835,True,0.4953125,0.099291399,0.362903,6.127202
1259,rtl->baseline,5.637441,14.324272,7.570762,27.577027,-0.034375,-0.00808815,55969,True,5.62213,14.386626,6.624212,26.679742,0.4609375,0.091065909,11849,True,0.4953125,0.099154059,0.359742,6.09881
1260,baseline->rtl,5.642382,14.370255,7.504907,27.572537,-0.059375,-0.01786026,56675,True,5.692445,14.395786,6.632453,26.758106,0.4375,0.081895114,11991,True,0.496875,0.099755374,0.364653,6.10368
1261,rtl->baseline,5.600679,14.277749,7.485046,27.408016,-0.059375,-0.014269104,56643,True,5.662633,14.349034,6.977554,27.037193,0.4375,0.085258046,11997,True,0.496875,0.09952715,0.445458,6.366446
1262,baseline->rtl,5.629911,14.325002,7.54987,27.559386,-0.059375,-0.012832642,56667,True,5.608369,14.489153,6.629063,26.767277,0.4375,0.086603218,11995,True,0.496875,0.09943586,0.363013,6.09976
1263,rtl->baseline,5.598029,14.29324,8.562443,28.498855,-0.09375,-0.026695557,57127,True,5.604529,14.44822,6.677576,26.777817,0.3984375,0.070735037,12056,True,0.4921875,0.097430594,0.370644,6.145693
1264,baseline->rtl,5.640922,14.412167,7.408902,27.513463,-0.09375,-0.021928223,57008,True,5.691744,14.395697,6.629342,26.755456,0.3984375,0.076106515,12043,True,0.4921875,0.098034738,0.366113,6.10004
1265,rtl->baseline,5.706905,14.29862,7.433103,27.483601,-0.09375,-0.020021289,57152,True,5.695395,14.370985,6.630493,26.745975,0.3984375,0.078255106,12059,True,0.4921875,0.098276395,0.359692,6.10695
1266,baseline->rtl,5.672993,14.46258,7.55083,27.739467,-0.103125,-0.023196016,57086,True,5.696685,14.365005,6.630043,26.731495,0.390625,0.075833292,12073,True,0.49375,0.099029308,0.366273,6.10273
1267,rtl->baseline,5.62902,14.423398,8.518851,28.615582,-0.103125,-0.021653406,57120,True,5.61291,14.45616,6.630213,26.746315,0.390625,0.077208317,12075,True,0.49375,0.098861723,0.362783,6.10731
1268,baseline->rtl,5.544025,14.431699,7.431413,27.460309,-0.103125,-0.021036362,57108,True,5.653342,14.643082,6.700167,27.034463,0.390625,0.077758327,12065,True,0.49375,0.098794689,0.396735,6.1177
1269,rtl->baseline,5.62312,14.30603,7.491946,27.467011,-0.103125,-0.020789545,57337,True,5.815862,14.44872,6.89854,27.207454,0.3984375,0.081259581,12117,True,0.5015625,0.102049126,0.365583,6.369937
1270,baseline->rtl,5.606839,14.506333,7.461315,27.62821,-0.103125,-0.020690818,57333,True,5.738827,14.411018,6.925521,27.115328,0.3984375,0.080316332,12110,True,0.5015625,0.10100715,0.391104,6.372806
1271,rtl->baseline,5.64131,14.305246,8.634785,28.626853,-0.103125,-0.020651327,57334,True,5.634041,14.392783,6.637651,26.711367,0.3984375,0.079939033,12114,True,0.5015625,0.10059036,0.367062,6.106678
1272,baseline->rtl,5.594477,14.433144,7.484834,27.564007,-0.0875,-0.014073031,57516,True,5.623798,14.437385,6.905168,27.005543,0.40625,0.083069363,12144,True,0.49375,0.097142394,0.369663,6.370715
1273,rtl->baseline,5.604638,14.297615,7.502895,27.451461,-0.0875,-0.016129212,57488,True,5.669702,14.291805,6.636171,26.645191,0.40625,0.081977745,12137,True,0.49375,0.098106957,0.369693,6.103909
1274,baseline->rtl,5.65058,14.286015,7.551988,27.542006,-0.0875,-0.016951685,57497,True,5.703913,14.455646,6.652192,26.850683,0.40625,0.081541098,12150,True,0.49375,0.098492783,0.371863,6.113929
1275,rtl->baseline,5.560515,14.268384,8.335856,28.209048,-0.046875,-0.000218174,57073,True,5.763397,14.287695,6.886766,26.984291,0.453125,0.101053939,12069,True,0.5,0.101272113,0.367203,6.354613
1276,baseline->rtl,5.619268,14.372001,7.920561,27.965062,-0.046875,-0.00571227,57104,True,5.689162,14.36923,6.899977,26.997852,0.4453125,0.091515326,12069,True,0.4921875,0.097227596,0.368563,6.366604
1277,rtl->baseline,5.572145,14.290505,7.709728,27.618261,-0.046875,-0.007909908,57051,True,5.627169,14.327018,6.634461,26.63632,0.453125,0.09332488,12071,True,0.5,0.101234788,0.366563,6.102668
1278,baseline->rtl,5.685343,14.320187,11.201924,31.261757,-0.009375,0.010898537,56308,True,5.622049,14.297705,6.630311,26.587107,0.484375,0.104829952,11886,True,0.49375,0.093931415,0.363793,6.106638
1279,rtl->baseline,5.65073,14.3735,7.533136,27.60345,-0.009375,0.004359415,56304,True,5.680522,14.309336,6.632451,26.668072,0.484375,0.100056981,11893,True,0.49375,0.095697566,0.364232,6.105608
1280,baseline->rtl,5.748926,14.302456,7.635153,27.741649,-0.009375,0.001743766,56310,True,5.699493,14.349689,6.634551,26.721675,0.484375,0.098147792,11875,True,0.49375,0.096404026,0.367113,6.104918
1281,rtl->baseline,5.65179,14.282965,7.613682,27.59384,0.009375,0.000697506,56079,True,5.65198,14.428554,6.898647,27.026415,0.5078125,0.107227867,11827,True,0.4984375,0.106530361,0.368833,6.368455
1282,baseline->rtl,5.589107,14.324247,7.653575,27.619061,0.009375,0.000279003,56034,True,5.564775,14.499638,6.632451,26.735616,0.5078125,0.103828647,11805,True,0.4984375,0.103549644,0.367452,6.102098
1283,rtl->baseline,5.643829,14.308067,7.635223,27.632501,0.009375,0.000111601,56087,True,5.630369,14.423894,6.630031,26.731806,0.5078125,0.102468959,11827,True,0.4984375,0.102357358,0.364982,6.101228
1284,baseline->rtl,5.664471,14.422413,7.464982,27.605971,0.046875,0.01973214,56502,True,5.636109,14.387442,6.634801,26.697364,0.5390625,0.115050083,11865,True,0.4921875,0.095317943,0.367032,6.102788
1285,rtl->baseline,5.641379,14.318118,7.442851,27.44884,0.046875,0.013517856,56498,True,5.684592,14.389041,6.920809,27.041055,0.5390625,0.110707533,11868,True,0.4921875,0.097189677,0.387924,6.368834
1286,baseline->rtl,5.609067,14.546831,7.602871,27.810983,0.046875,0.011032142,56472,True,5.610058,14.363349,6.635831,26.649241,0.5390625,0.108970513,11858,True,0.4921875,0.097938371,0.366063,6.104428
1287,rtl->baseline,5.652448,14.373946,8.527176,28.599682,0.1375,0.048100357,56065,True,5.64493,14.310363,6.64219,26.645825,0.640625,0.150931955,11604,True,0.503125,0.102831598,0.368733,6.110147
1288,baseline->rtl,5.580484,14.358515,7.405096,27.396609,0.1375,0.035740143,56081,True,5.616447,14.347984,6.939758,26.944421,0.640625,0.137247782,11618,True,0.503125,0.101507639,0.405305,6.373073
1289,rtl->baseline,5.640368,14.326843,7.426938,27.436171,0.1375,0.030796057,56066,True,5.610606,14.304852,6.632509,26.59499,0.640625,0.131774113,11612,True,0.503125,0.100978056,0.362943,6.107477
1290,baseline->rtl,5.646048,14.257429,7.455729,27.41339,0.16875,0.041943423,55909,True,5.717072,14.390397,6.621818,26.76975,0.65625,0.136147145,11522,True,0.4875,0.094203722,0.359112,6.099976
1291,rtl->baseline,5.608826,14.28885,13.806231,33.74805,0.16875,0.037027369,55884,True,5.610286,14.489164,6.625428,26.7745,0.65625,0.133208858,11518,True,0.4875,0.096181489,0.361743,6.101066
1292,baseline->rtl,5.626216,14.358256,7.976851,28.012387,0.16875,0.035060948,55895,True,5.566213,14.347574,6.633839,26.585759,0.65625,0.132033543,11525,True,0.4875,0.096972595,0.365662,6.105686
1293,rtl->baseline,5.588515,14.325293,7.506552,27.464713,0.178125,0.038211879,56024,True,5.633487,14.376537,6.629508,26.686864,0.6640625,0.134844667,11550,True,0.4859375,0.096632788,0.362973,6.101147
1294,baseline->rtl,5.608316,14.43304,7.417217,27.512556,0.178125,0.036659752,56012,True,5.693441,14.380497,6.916846,27.029876,0.65625,0.130344117,11536,True,0.478125,0.093684365,0.387234,6.365992
1295,rtl->baseline,5.624796,14.234427,7.492622,27.399919,0.178125,0.036038901,55991,True,5.636217,14.525736,6.667971,26.877517,0.6640625,0.134168897,11548,True,0.4859375,0.098129996,0.404935,6.098826
1296,baseline->rtl,5.558032,14.454561,7.536065,27.602352,0.16875,0.03185306,55863,True,5.549702,14.413489,6.905845,26.907649,0.65625,0.130073809,11528,True,0.4875,0.098220749,0.370633,6.371403
1297,rtl->baseline,5.597245,14.283001,7.590288,27.516106,0.16875,0.032991224,55841,True,5.639098,15.146294,6.862563,27.696007,0.65625,0.130779523,11527,True,0.4875,0.097788299,0.338851,6.368153
1298,baseline->rtl,5.578564,14.422289,7.523113,27.57652,0.16875,0.03344649,55739,True,5.598775,14.360645,6.626058,26.624592,0.65625,0.131061809,11523,True,0.4875,0.097615319,0.360302,6.101416
1299,rtl->baseline,5.613356,14.326123,8.76768,28.754252,0.128125,0.016566096,55445,True,5.613816,14.390137,6.625909,26.680295,0.625,0.118049724,11541,True,0.496875,0.101483628,0.362362,6.102146
1300,baseline->rtl,5.606636,14.370456,7.492271,27.523246,0.128125,0.022001438,55721,True,5.559272,14.515345,6.909356,27.023445,0.625,0.12221989,11578,True,0.496875,0.100218452,0.372643,6.370322
1301,rtl->baseline,5.612646,14.353715,7.489172,27.499865,0.128125,0.024175575,55389,True,5.631647,14.359365,6.631858,26.669854,0.625,0.123887956,11500,True,0.496875,0.099712381,0.364853,6.103267
1302,baseline->rtl,5.682741,14.372506,7.490082,27.598651,0.11875,0.02110773,55591,True,5.669759,14.356635,6.64342,26.706616,0.6171875,0.121273932,11569,True,0.4984375,0.100166202,0.373213,6.103956
1303,rtl->baseline,5.612944,14.272916,8.49176,28.424783,0.11875,0.022693092,55582,True,5.608536,14.31931,6.640257,26.616065,0.6171875,0.122572073,11556,True,0.4984375,0.099878981,0.368383,6.106484
1304,baseline->rtl,5.548211,14.415784,7.380823,27.39886,0.11875,0.023327237,55577,True,5.637126,14.398433,6.919024,26.993155,0.6171875,0.123091329,11569,True,0.4984375,0.099764092,0.362723,6.36726
1305,rtl->baseline,5.740592,15.470409,7.484329,28.740472,0.1125,0.020955895,55361,True,5.622865,14.34898,6.634577,26.654775,0.609375,0.120017782,11521,True,0.496875,0.099061887,0.366413,6.105514
1306,baseline->rtl,5.794455,15.298628,7.432476,28.577813,0.1125,0.021882358,55316,True,5.596913,14.596385,6.902513,27.134855,0.609375,0.121132113,11522,True,0.496875,0.099249755,0.365212,6.371731
1307,rtl->baseline,5.583432,14.313308,7.372882,27.314195,0.1125,0.022252943,55347,True,5.610745,14.465557,6.895733,27.020577,0.609375,0.121577845,11525,True,0.496875,0.099324902,0.361282,6.37148
1308,baseline->rtl,5.614674,14.50466,7.622848,27.794875,0.090625,0.013213677,55169,True,5.595633,14.335049,6.646558,26.617912,0.59375,0.115193638,11538,True,0.503125,0.101979961,0.371143,6.110745
1309,rtl->baseline,5.580633,14.271766,7.451447,27.348287,0.090625,0.016160471,55213,True,5.691539,14.301887,6.635807,26.677626,0.59375,0.117327455,11547,True,0.503125,0.101166984,0.364852,6.107085
1310,baseline->rtl,5.557241,14.410594,7.407244,27.428803,0.090625,0.017339188,55210,True,5.660497,14.399164,6.927364,27.026468,0.59375,0.118180982,11547,True,0.503125,0.100841794,0.392484,6.371741
1311,rtl->baseline,5.638415,14.478888,8.65178,28.815268,0.08125,0.013873175,55171,True,5.592643,14.34999,6.638757,26.631683,0.578125,0.111959893,11571,True,0.496875,0.098086718,0.372023,6.105004
1312,baseline->rtl,5.556651,14.423515,7.404074,27.437703,0.08125,0.01529927,55172,True,5.669608,14.404713,6.902283,27.017337,0.578125,0.114158957,11572,True,0.496875,0.098859687,0.368853,6.36862
1313,rtl->baseline,5.652486,14.33671,7.487959,27.523768,0.08125,0.015869708,55134,True,5.601544,14.380062,6.647918,26.675976,0.578125,0.115038583,11565,True,0.496875,0.099168875,0.375143,6.109285
1314,baseline->rtl,5.646866,14.364621,7.443216,27.509287,0.06875,0.010847883,55417,True,5.640176,14.397223,6.916045,26.991676,0.5703125,0.112109183,11638,True,0.5015625,0.1012613,0.379113,6.371071
1315,rtl->baseline,5.624565,14.314348,8.700653,28.684229,0.06875,0.012589153,55391,True,5.590712,14.339919,6.644098,26.623263,0.5703125,0.113281173,11650,True,0.5015625,0.10069202,0.371393,6.105794
1316,baseline->rtl,5.565281,14.503219,7.369942,27.492386,0.06875,0.013285661,55375,True,5.618004,14.429575,6.889623,26.978974,0.5703125,0.113749969,11633,True,0.5015625,0.100464308,0.355842,6.36923
1317,rtl->baseline,5.618255,14.365971,7.520341,27.54956,0.053125,0.007001765,55104,True,5.512818,14.478038,6.650918,26.691367,0.546875,0.104093738,11604,True,0.49375,0.097091973,0.375333,6.108714
1318,baseline->rtl,5.725701,14.388523,7.428856,27.598182,0.053125,0.009175706,55111,True,5.622755,14.431415,6.636557,26.729829,0.546875,0.107262495,11615,True,0.49375,0.098086789,0.366173,6.106604
1319,rtl->baseline,5.632193,14.291742,8.825048,28.793437,0.053125,0.010045282,55148,True,5.601283,14.497647,6.633405,26.781419,0.546875,0.108529998,11613,True,0.49375,0.098484716,0.360962,6.109813
1320,baseline->rtl,5.57723,14.336754,7.643976,27.609945,0.04375,0.006455613,55395,True,5.557499,14.359887,6.633685,26.589693,0.546875,0.109036999,11662,True,0.503125,0.102581386,0.370303,6.099642
1321,rtl->baseline,5.647995,14.487424,7.694089,27.873681,0.04375,0.007832245,55195,True,5.58364,14.363696,6.623124,26.616685,0.546875,0.1092398,11656,True,0.503125,0.101407555,0.364612,6.099393
1322,baseline->rtl,5.57518,14.40964,7.646957,27.684919,0.04375,0.008382898,55388,True,5.565919,14.517756,6.641836,26.764233,0.546875,0.10932092,11657,True,0.503125,0.100938022,0.369763,6.107103
1323,rtl->baseline,5.663956,14.360036,7.620095,27.68963,0.025,0.000728159,56093,True,5.630543,14.411609,6.625994,26.713581,0.5234375,0.099509618,11855,True,0.4984375,0.098781459,0.363092,6.100843
1324,baseline->rtl,5.625143,14.390219,7.442414,27.508598,0.025,0.003291264,56005,True,5.652095,14.351556,6.88485,26.929473,0.5234375,0.102616347,11845,True,0.4984375,0.099325083,0.373012,6.345237
1325,rtl->baseline,5.655766,14.362716,7.428223,27.490468,0.025,0.004316505,55976,True,5.602752,14.430571,6.635705,26.71588,0.5234375,0.103859039,11834,True,0.4984375,0.099542534,0.371483,6.102862
1326,baseline->rtl,5.646074,14.393739,11.396765,31.489962,0.0125,-0.005773398,55837,True,5.594662,14.531327,6.652496,26.818077,0.515625,0.101074866,11804,True,0.503125,0.106848264,0.362122,6.126044
1327,rtl->baseline,5.670796,14.42019,7.633696,27.770665,0.0125,-0.002309359,55775,True,5.636304,14.391519,6.637355,26.71445,0.515625,0.102304946,11799,True,0.503125,0.104614305,0.369773,6.104753
1328,baseline->rtl,5.620473,14.326434,7.550231,27.549051,0.0125,-0.000923744,55812,True,5.638284,14.297282,6.642805,26.617754,0.515625,0.102796978,11818,True,0.503125,0.103720722,0.368303,6.108863
1329,rtl->baseline,5.762232,14.59293,7.5282,27.927144,0.00625,-0.000369497,55956,True,5.606003,14.386218,6.633514,26.671588,0.5,0.096431291,11816,True,0.49375,0.096800788,0.366473,6.102803
1330,baseline->rtl,5.625903,14.889379,7.53947,28.106825,0.00625,-0.000147799,55916,True,5.852287,14.321074,6.655027,26.86624,0.5,0.098572517,11797,True,0.49375,0.098720316,0.366212,6.124824
1331,rtl->baseline,5.586321,14.4181,7.600134,27.651078,0.00625,-5.912e-05,56012,True,5.629143,14.346295,6.639215,26.663258,0.5,0.099429007,11814,True,0.49375,0.099488127,0.372793,6.099863
1332,baseline->rtl,5.654415,14.309893,7.538771,27.556872,-0.025,-0.010523648,56298,True,5.610222,14.345796,6.628104,26.624404,0.4765625,0.089927853,11870,True,0.5015625,0.100451501,0.364433,6.102342
1333,rtl->baseline,5.622033,14.375237,7.517828,27.556762,-0.025,-0.007209459,56260,True,5.56183,14.550988,6.629625,26.791095,0.4765625,0.093158641,11865,True,0.5015625,0.1003681,0.360682,6.106423
1334,baseline->rtl,5.627913,14.385478,7.498098,27.565123,-0.025,-0.005883784,56331,True,5.594972,14.344315,6.88652,26.865379,0.4765625,0.094450956,11870,True,0.5015625,0.10033474,0.368342,6.352278
1335,rtl->baseline,5.60252,14.32071,8.510887,28.479449,-0.084375,-0.030291013,56450,True,5.627064,14.332071,6.633633,26.63907,0.4140625,0.068717883,11896,True,0.4984375,0.099008896,0.365192,6.10219
1336,baseline->rtl,5.570438,14.570615,7.73743,27.929565,-0.084375,-0.022241405,56450,True,5.613811,14.81589,6.632053,27.095625,0.4140625,0.077174653,11898,True,0.4984375,0.099416058,0.365022,6.10353
1337,rtl->baseline,5.594499,14.344671,7.549379,27.533252,-0.084375,-0.019021562,56462,True,5.701566,14.300528,6.630653,26.67792,0.4140625,0.080557361,11897,True,0.4984375,0.099578923,0.363332,6.105011
1338,baseline->rtl,5.562608,14.432996,7.4068,27.582904,-0.0875,-0.019046125,56788,True,5.631212,14.405035,6.934381,27.01041,0.40625,0.078629194,11986,True,0.49375,0.097675319,0.398185,6.372627
1339,rtl->baseline,5.544336,14.329421,8.058089,27.978078,-0.0875,-0.01811845,56781,True,5.621781,14.65091,6.899569,27.217443,0.40625,0.080201678,11985,True,0.49375,0.098320128,0.366112,6.370857
1340,baseline->rtl,5.540626,14.443857,7.607271,27.644439,-0.0875,-0.01774738,56835,True,5.629911,14.389034,6.902749,26.961177,0.40625,0.080830671,11994,True,0.49375,0.098578051,0.367982,6.372217
1341,rtl->baseline,5.573538,14.265367,7.486254,27.369642,-0.0875,-0.017598952,56969,True,5.638192,14.547703,6.632472,26.866261,0.40625,0.081082268,11994,True,0.49375,0.09868122,0.367702,6.101121
1342,baseline->rtl,5.531956,14.408805,7.505086,27.49745,-0.0875,-0.017539581,56986,True,5.647253,14.310119,6.929541,26.926765,0.40625,0.081182907,12017,True,0.49375,0.098722488,0.361062,6.370497
1343,rtl->baseline,5.625111,14.368902,17.149131,37.189438,-0.0875,-0.017515832,57002,True,5.640622,14.470338,6.635783,26.792366,0.40625,0.081223163,12001,True,0.49375,0.098738995,0.372352,6.10228
1344,baseline->rtl,5.541946,14.497921,7.623183,27.717133,-0.0625,-0.007006333,57229,True,5.546527,14.448597,6.634383,26.667489,0.4296875,0.091083015,12063,True,0.4921875,0.098089348,0.367832,6.10512
1345,rtl->baseline,5.590439,14.401415,7.708218,27.744935,-0.0625,-0.010302533,57235,True,5.622602,14.448407,6.654154,26.772005,0.4296875,0.087995706,12065,True,0.4921875,0.098298239,0.391773,6.10048
1346,baseline->rtl,5.572988,14.32028,7.654005,27.601396,-0.0625,-0.011621013,57209,True,5.522775,14.307939,6.630743,26.499959,0.4296875,0.086760782,12066,True,0.4921875,0.098381795,0.366582,6.09964
1347,rtl->baseline,5.630062,14.471878,9.005347,29.15037,-0.05625,-0.009523405,57263,True,5.60214,14.48721,6.638463,26.774326,0.4375,0.089548063,12065,True,0.49375,0.099071468,0.367832,6.109811
1348,baseline->rtl,5.580769,14.372963,8.549479,28.557884,-0.05625,-0.010559362,57309,True,5.58488,14.32369,6.648874,26.596395,0.4375,0.088319225,12082,True,0.49375,0.098878587,0.367052,6.115891
1349,rtl->baseline,5.59252,14.337821,8.57345,28.549674,-0.05625,-0.010973745,57291,True,5.632062,14.466558,6.623332,26.768516,0.4375,0.08782769,12069,True,0.49375,0.098801435,0.360802,6.101141
1350,baseline->rtl,5.700046,14.358182,8.524697,28.634029,-0.03125,-0.000639498,56932,True,5.59586,14.538383,6.643684,26.818699,0.46875,0.100756076,12030,True,0.5,0.101395574,0.370512,6.104871
1351,rtl->baseline,5.709985,14.348737,8.601819,28.709165,-0.03125,-0.004005799,57019,True,5.61267,14.377609,6.900067,26.937778,0.46875,0.09655243,12041,True,0.5,0.100558229,0.366082,6.371975
1352,baseline->rtl,5.647351,14.429482,8.535296,28.665882,-0.028125,-0.00403982,56989,True,5.664422,14.421151,6.898807,27.023033,0.46875,0.094870972,12053,True,0.496875,0.098910792,0.361172,6.375866
1353,rtl->baseline,5.618909,14.332886,7.627391,27.62737,-0.025,-0.003678428,57020,True,5.618389,14.477214,6.625791,26.769477,0.4765625,0.097479639,12080,True,0.5015625,0.101158067,0.360212,6.101359
1354,baseline->rtl,5.635041,14.326555,7.568957,27.584276,-0.025,-0.004471371,57093,True,5.739217,14.350767,6.62825,26.758197,0.4765625,0.096179356,12067,True,0.5015625,0.100650727,0.360341,6.105209
1355,rtl->baseline,5.553915,14.282623,7.515714,27.400775,-0.025,-0.004788548,57108,True,5.62482,14.367248,6.654232,26.692332,0.4765625,0.095659242,12079,True,0.5015625,0.10044779,0.365712,6.12391
1356,baseline->rtl,5.62962,14.456293,7.470961,27.609658,-0.009375,0.005584581,56515,True,5.676433,14.375908,6.909388,27.000081,0.4921875,0.102013697,11935,True,0.5015625,0.096429116,0.392214,6.352724
1357,rtl->baseline,5.682294,14.304144,7.567107,27.597038,-0.009375,0.002233832,56333,True,5.605508,14.307334,6.660822,26.619069,0.4921875,0.099867979,11921,True,0.5015625,0.097634147,0.372112,6.12342
1358,baseline->rtl,5.657912,14.314535,7.454961,27.47853,-0.00625,0.000893533,56451,True,5.701974,14.324596,6.647081,26.712944,0.4921875,0.099009692,11939,True,0.4984375,0.098116159,0.365273,6.12013
1359,rtl->baseline,5.603269,14.487065,17.057471,37.193047,0.0,0.000357413,55400,True,5.608739,14.499006,6.635801,26.791088,0.5,0.101947627,11875,True,0.5,0.101590214,0.370102,6.100388
1360,baseline->rtl,5.602859,14.556869,7.644882,27.855983,0.0,0.000142965,55423,True,5.565907,14.323855,6.637701,26.565505,0.5,0.100779051,11797,True,0.5,0.100636086,0.362022,6.110259
1361,rtl->baseline,5.615179,14.263142,7.592969,27.515942,0.0,5.7186e-05,55351,True,5.722856,14.395,6.923128,27.090326,0.5,0.10031162,11787,True,0.5,0.100254434,0.393574,6.368794
1362,baseline->rtl,5.592547,14.264261,7.657943,27.566296,-0.0875,-0.036727126,56548,True,5.540225,14.381049,6.900747,26.859483,0.4296875,0.070593398,11902,True,0.5171875,0.107320524,0.368522,6.368085
1363,rtl->baseline,5.604128,14.302475,7.603349,27.553565,-0.0875,-0.02519085,56555,True,5.598859,14.422771,6.632131,26.698723,0.4296875,0.079799859,11901,True,0.5171875,0.104990709,0.368702,6.101638
1364,baseline->rtl,5.566966,14.383909,7.548866,27.553115,-0.0875,-0.02057634,56557,True,5.587027,14.325796,6.635801,26.586736,0.4296875,0.083482444,11905,True,0.5171875,0.104058784,0.367373,6.105839
1365,rtl->baseline,5.563047,14.284803,7.535635,27.428138,-0.153125,-0.046293036,56660,True,5.657692,14.373889,6.668923,26.748286,0.3671875,0.058705477,11968,True,0.5203125,0.104998513,0.361132,6.106399
1366,baseline->rtl,5.677893,14.455263,7.556216,27.741816,-0.153125,-0.036892214,56637,True,5.61964,14.693647,6.63086,26.98203,0.3671875,0.067544691,11947,True,0.5203125,0.104436905,0.366532,6.101258
1367,rtl->baseline,5.606867,14.259107,7.438957,27.350725,-0.153125,-0.033131886,56631,True,5.693372,14.423487,6.882784,27.047126,0.3671875,0.071080376,11938,True,0.5203125,0.104212262,0.368463,6.351122
1368,baseline->rtl,5.589696,14.345752,7.507691,27.496113,-0.23125,-0.064440254,56362,True,5.607977,14.358673,6.619968,26.624801,0.2890625,0.039682151,11877,True,0.5203125,0.104122405,0.359502,6.099807
1369,rtl->baseline,5.613518,14.336092,7.471279,27.465932,-0.23125,-0.053526102,56417,True,5.624698,14.29423,6.670571,26.637272,0.2890625,0.05056036,11887,True,0.5203125,0.104086462,0.374543,6.132319
1370,baseline->rtl,5.64932,14.285369,7.443078,27.430539,-0.23125,-0.049160441,56351,True,5.652589,14.287299,6.636029,26.61518,0.2890625,0.054911644,11867,True,0.5203125,0.104072085,0.368342,6.102937
1371,rtl->baseline,5.609978,14.31476,12.443889,32.414959,-0.2625,-0.060539176,56478,True,5.612428,14.269268,6.633079,26.597799,0.2578125,0.043527158,11894,True,0.5203125,0.104066334,0.362431,6.105097
1372,baseline->rtl,5.582956,14.352573,7.369013,27.357935,-0.2625,-0.055715671,56383,True,5.767357,14.429478,6.907535,27.144672,0.2578125,0.048348363,11882,True,0.5203125,0.104064034,0.367433,6.372543
1373,rtl->baseline,5.588536,14.335982,7.404065,27.372105,-0.2625,-0.053786268,56357,True,5.614337,14.356873,6.65739,26.675613,0.2578125,0.050276845,11853,True,0.5203125,0.104063113,0.369673,6.122938
1374,baseline->rtl,5.6527,14.343673,7.506261,27.555317,-0.321875,-0.077952007,55814,True,5.669011,14.292749,6.636529,26.637892,0.203125,0.028079488,11893,True,0.525,0.106031495,0.369662,6.102297
1375,rtl->baseline,5.607117,14.3033,13.626429,33.580139,-0.321875,-0.069805803,55831,True,5.589366,14.275448,6.636929,26.549937,0.203125,0.035606795,11868,True,0.525,0.105412598,0.361012,6.112438
1376,baseline->rtl,5.604927,14.447708,8.118188,28.222037,-0.31875,-0.065234821,55017,True,5.584406,14.312201,6.65468,26.590319,0.203125,0.038617718,11729,True,0.521875,0.103852539,0.366922,6.101427
1377,rtl->baseline,5.607197,14.382885,7.538353,27.572348,-0.353125,-0.078781428,55487,True,5.669941,14.355603,6.636989,26.710746,0.171875,0.026697087,11810,True,0.525,0.105478515,0.365602,6.107288
1378,baseline->rtl,5.591596,14.408116,7.344201,27.395517,-0.353125,-0.073887571,54987,True,5.674071,14.382814,6.656531,26.751228,0.171875,0.031303835,11654,True,0.525,0.105191406,0.394594,6.099017
1379,rtl->baseline,5.580776,14.31128,8.445338,28.382936,-0.353125,-0.071930029,55593,True,5.631418,14.309521,6.631358,26.61911,0.171875,0.033146534,11747,True,0.525,0.105076563,0.367492,6.101517
1380,baseline->rtl,5.568355,14.338942,7.399375,27.357555,-0.421875,-0.100022011,56440,True,5.618008,14.591338,6.925516,27.172953,0.1015625,0.004352364,11858,True,0.5234375,0.104374375,0.394594,6.369322
1381,rtl->baseline,5.609327,14.525063,8.31255,28.494093,-0.421875,-0.090633805,56475,True,5.725294,14.315031,6.642929,26.729147,0.1015625,0.013928445,11856,True,0.5234375,0.10456225,0.372213,6.107467
1382,baseline->rtl,5.723605,14.338022,7.509051,27.659023,-0.421875,-0.086878522,56477,True,5.594427,14.351883,6.938887,26.924719,0.1015625,0.017758878,11850,True,0.5234375,0.1046374,0.402794,6.369213
1383,rtl->baseline,5.580814,14.253652,7.632417,27.512306,-0.45625,-0.099813909,56329,True,5.596965,14.36687,6.909213,26.91924,0.078125,0.009447301,11819,True,0.534375,0.10926121,0.370232,6.372611
1384,baseline->rtl,5.634757,14.353028,7.553202,27.593061,-0.45625,-0.094675563,56278,True,5.644097,14.309446,6.644288,26.637054,0.078125,0.013153921,11797,True,0.534375,0.107829484,0.363542,6.118116
1385,rtl->baseline,5.590055,14.311766,8.471347,28.41741,-0.459375,-0.093932725,56315,True,5.577323,14.53051,6.884541,27.037448,0.078125,0.014636568,11820,True,0.5375,0.108569293,0.363392,6.359481
1386,baseline->rtl,5.69498,14.944384,7.570733,28.259521,-0.509375,-0.11369809,56165,True,5.592285,14.419292,6.899072,26.950173,0.03125,-0.004457873,11756,True,0.540625,0.109240217,0.364232,6.372342
1387,rtl->baseline,5.595385,14.295465,7.606475,27.541818,-0.51875,-0.110541736,56195,True,5.590715,14.433763,6.903823,26.975244,0.0234375,-0.001314399,11772,True,0.5421875,0.109227337,0.369852,6.369541
1388,baseline->rtl,5.590874,14.362649,7.666019,27.672075,-0.509375,-0.102529194,56127,True,5.632167,14.292335,6.651058,26.616222,0.03125,0.00556799,11756,True,0.540625,0.108097184,0.362502,6.104396
1389,rtl->baseline,5.571763,14.310686,7.509029,27.434201,-0.56875,-0.127074178,56345,True,5.711782,14.283145,6.888712,26.929191,-0.0390625,-0.023554054,11806,True,0.5296875,0.103520124,0.369602,6.35295
1390,baseline->rtl,5.595205,14.479396,7.438065,27.565339,-0.56875,-0.119079671,56423,True,5.584924,14.430974,6.630956,26.682357,-0.0390625,-0.014109122,11824,True,0.5296875,0.104970549,0.367142,6.099305
1391,rtl->baseline,5.580634,14.324617,8.53217,28.483774,-0.56875,-0.115881868,56318,True,5.557393,14.438744,6.630706,26.674525,-0.03125,-0.007049899,11817,True,0.5375,0.108831969,0.361572,6.103846
1392,baseline->rtl,5.68668,14.405172,7.51594,27.660144,-0.590625,-0.123790247,55771,True,5.553492,14.480756,6.645668,26.719728,-0.0703125,-0.022976209,11717,True,0.5203125,0.100814038,0.363992,6.105155
1393,rtl->baseline,5.610066,14.288575,7.554422,27.499715,-0.590625,-0.120391099,55783,True,5.632827,14.38252,6.673879,26.73389,-0.0703125,-0.017627984,11712,True,0.5203125,0.102763115,0.384103,6.115936
1394,baseline->rtl,5.624616,14.329148,7.52588,27.533337,-0.590625,-0.11903144,55771,True,5.717242,14.325727,6.660759,26.74354,-0.0703125,-0.015488694,11720,True,0.5203125,0.103542746,0.376382,6.118106
1395,rtl->baseline,5.588784,14.326117,8.281145,28.2427,-0.63125,-0.135550076,54368,True,5.652268,14.301016,6.635877,26.634613,-0.1171875,-0.034320477,11381,True,0.5140625,0.101229599,0.364162,6.107555
1396,baseline->rtl,5.615286,14.427213,7.385302,27.479674,-0.628125,-0.12865753,54372,True,5.668669,14.413812,6.932705,27.056598,-0.1171875,-0.027790691,11377,True,0.5109375,0.100866839,0.392614,6.371521
1397,rtl->baseline,5.568173,14.289955,7.549232,27.452302,-0.628125,-0.126838012,54375,True,5.598185,14.386001,6.630356,26.660124,-0.1171875,-0.025178776,11373,True,0.5109375,0.101659236,0.366862,6.099775
1398,baseline->rtl,5.650008,14.298245,7.437515,27.438322,-0.65,-0.135297705,54371,True,5.608816,14.55,6.659358,26.858367,-0.1328125,-0.030696511,11369,True,0.5171875,0.104601194,0.388993,6.102335
1399,rtl->baseline,5.592283,14.312412,8.619233,28.569491,-0.65,-0.132119082,54281,True,5.613036,14.296901,6.637476,26.594765,-0.1328125,-0.028216104,11348,True,0.5171875,0.103902978,0.367582,6.105424
1400,baseline->rtl,5.606634,14.377806,7.438783,27.476636,-0.646875,-0.129535133,54350,True,5.670297,14.532955,6.650926,26.89308,-0.1328125,-0.027223942,11380,True,0.5140625,0.102311191,0.376552,6.106404
1401,rtl->baseline,5.53788,14.376695,7.436303,27.395411,-0.66875,-0.138626553,53983,True,5.616574,14.409057,6.899541,26.972615,-0.15625,-0.036670827,11259,True,0.5125,0.101955726,0.367542,6.369079
1402,baseline->rtl,5.622574,14.394377,7.419972,27.492297,-0.66875,-0.135700621,53958,True,5.663527,14.380707,6.883579,26.968736,-0.15625,-0.033418331,11261,True,0.5125,0.10228229,0.362582,6.358369
1403,rtl->baseline,5.605804,14.379226,8.093232,28.126465,-0.66875,-0.134530248,53982,True,5.586143,14.374076,6.900331,26.908832,-0.15625,-0.032117332,11267,True,0.5125,0.102412916,0.367672,6.368049
1404,baseline->rtl,5.573962,14.403928,7.354777,27.3853,-0.690625,-0.143249599,53287,True,5.736681,14.328993,6.942984,27.049311,-0.171875,-0.038159433,11116,True,0.51875,0.105090166,0.408164,6.368819
1405,rtl->baseline,5.628085,14.315042,7.524508,27.511287,-0.690625,-0.14017484,53323,True,5.688578,15.243607,6.859578,27.834167,-0.171875,-0.035888773,11118,True,0.51875,0.104286067,0.33685,6.365189
1406,baseline->rtl,5.641556,14.329563,7.429303,27.452024,-0.690625,-0.138944936,53293,True,5.606143,14.28096,6.631595,26.55672,-0.171875,-0.034980509,11118,True,0.51875,0.103964427,0.365702,6.100653
1407,rtl->baseline,5.588632,14.319333,12.320933,32.273412,-0.709375,-0.146327974,52601,True,5.566972,14.342564,6.633555,26.590333,-0.1875,-0.041179704,10951,True,0.521875,0.10514827,0.363072,6.108404
1408,baseline->rtl,5.621385,14.374355,7.415861,27.464245,-0.709375,-0.14365619,52605,True,5.906842,14.332983,6.936663,27.21663,-0.1875,-0.038971881,10955,True,0.521875,0.104684309,0.403184,6.370949
1409,rtl->baseline,5.687358,14.308582,7.414821,27.454994,-0.709375,-0.142587476,52617,True,5.645076,14.28646,6.645206,26.622375,-0.1875,-0.038088753,10960,True,0.521875,0.104498723,0.372202,6.110154
1410,baseline->rtl,5.625975,14.368456,7.443943,27.492566,-0.834375,-0.19465999,42435,True,5.584432,14.417629,6.634455,26.675818,-0.3125,-0.090235501,8777,True,0.521875,0.104424489,0.366082,6.104783
1411,rtl->baseline,5.549831,14.377045,8.380509,28.354258,-0.834375,-0.177988996,42410,True,5.595514,14.419858,6.639195,26.70219,-0.3125,-0.0735942,8766,True,0.521875,0.104394796,0.374712,6.100494
1412,baseline->rtl,5.594003,15.361014,7.913241,28.920262,-0.834375,-0.171320598,42455,True,5.621475,14.360515,6.89657,26.917063,-0.3125,-0.06693768,8778,True,0.521875,0.104382918,0.366312,6.367059
1413,rtl->baseline,5.572041,14.289301,7.55884,27.466195,-0.853125,-0.176528239,40970,True,5.71605,14.337573,6.904381,27.005417,-0.328125,-0.070837572,8482,True,0.525,0.105690667,0.368452,6.370949
1414,baseline->rtl,5.632725,14.402638,7.381749,27.470366,-0.853125,-0.172986296,40993,True,5.780974,14.378986,6.900951,27.100023,-0.328125,-0.067710029,8485,True,0.525,0.105276267,0.365912,6.371999
1415,rtl->baseline,5.574061,14.239833,7.398528,27.256945,-0.853125,-0.171569518,40976,True,5.636745,14.34828,6.929191,26.96138,-0.328125,-0.066459012,8485,True,0.525,0.105110506,0.395193,6.370347
1416,baseline->rtl,5.603342,14.34953,7.42661,27.430935,-0.915625,-0.197252807,35883,True,5.592811,14.444186,6.900419,26.976818,-0.390625,-0.092208605,7395,True,0.525,0.105044202,0.367292,6.369887
1417,rtl->baseline,5.597291,14.491749,7.642242,27.776805,-0.915625,-0.188776123,35882,True,5.638524,14.337499,6.634823,26.658139,-0.390625,-0.083758442,7392,True,0.525,0.105017681,0.367692,6.102731
1418,baseline->rtl,5.683717,15.231422,7.446341,28.407823,-0.915625,-0.185385449,35886,True,5.588321,14.365961,6.883848,26.875732,-0.390625,-0.080378377,7395,True,0.525,0.105007072,0.366151,6.353576
1419,rtl->baseline,5.603052,14.305217,16.720551,36.673962,-0.903125,-0.17877918,35946,True,5.622263,14.311028,6.635633,26.615106,-0.3828125,-0.075745101,7409,True,0.5203125,0.103034079,0.368821,6.102451
1420,baseline->rtl,5.586491,14.407024,7.568738,27.616436,-0.909375,-0.182511672,35956,True,5.572411,14.404084,6.904889,26.919175,-0.3828125,-0.07623554,7412,True,0.5265625,0.106276132,0.371492,6.367857
1421,rtl->baseline,5.603072,14.34993,7.522636,27.52001,-0.903125,-0.179504669,35960,True,5.591251,14.286146,6.641193,26.567224,-0.3828125,-0.076431716,7401,True,0.5203125,0.103072953,0.374792,6.101572
1422,baseline->rtl,5.688617,14.34321,7.493044,27.578033,-0.8875,-0.173614367,35345,True,5.640394,14.395243,6.907629,26.979598,-0.375,-0.073228936,7301,True,0.5125,0.100385431,0.369832,6.372957
1423,rtl->baseline,5.631964,14.265015,7.459061,27.401733,-0.8875,-0.175945747,35362,True,5.5671,14.553102,6.635663,26.803527,-0.375,-0.074291575,7291,True,0.5125,0.101654172,0.366751,6.106002
1424,baseline->rtl,5.650515,14.304087,7.463022,27.472407,-0.8875,-0.176878299,35353,True,5.562199,14.381892,6.906639,26.889192,-0.375,-0.07471663,7297,True,0.5125,0.102161669,0.370092,6.373307
1425,rtl->baseline,5.57173,14.354461,7.310693,27.281386,-0.853125,-0.16281382,38379,True,5.594231,14.481208,6.932911,27.055713,-0.3359375,-0.058480402,7927,True,0.5171875,0.104333418,0.395193,6.370527
1426,baseline->rtl,5.598192,15.86892,8.072068,29.589633,-0.853125,-0.167500528,38354,True,5.642304,14.448706,6.898339,27.027831,-0.3359375,-0.063704661,7925,True,0.5171875,0.103795867,0.364492,6.369987
1427,rtl->baseline,5.576441,14.313127,7.493644,27.427785,-0.853125,-0.169375211,38334,True,5.563799,14.398322,6.904149,26.913535,-0.3359375,-0.065794364,7912,True,0.5171875,0.103580847,0.367432,6.371208
1428,baseline->rtl,5.766731,14.35266,7.480993,27.655869,-0.825,-0.158312584,40643,True,5.634314,14.313558,6.637573,26.623747,-0.3046875,-0.053505246,8395,True,0.5203125,0.104807338,0.364131,6.111332
1429,rtl->baseline,5.610543,14.229993,13.222874,33.108801,-0.825,-0.162325034,40651,True,5.731929,15.163738,6.856616,27.793567,-0.3046875,-0.057964598,8394,True,0.5203125,0.104360436,0.33928,6.358337
1430,baseline->rtl,5.799283,14.715382,7.497235,28.088824,-0.825,-0.163930014,40611,True,5.707158,14.301237,6.932521,26.981228,-0.3046875,-0.059748339,8394,True,0.5203125,0.104181675,0.363861,6.369487
1431,rtl->baseline,5.658653,14.305264,7.455869,27.464669,-0.803125,-0.155384505,42769,True,5.665174,14.340905,6.668273,26.721035,-0.28125,-0.050618086,8857,True,0.521875,0.104766419,0.376482,6.125311
1432,baseline->rtl,5.661204,14.404939,7.474881,27.594746,-0.803125,-0.158528802,42757,True,5.637562,14.288353,6.634151,26.600648,-0.28125,-0.053997234,8857,True,0.521875,0.104531568,0.372892,6.09938
1433,rtl->baseline,5.615471,14.286282,7.514613,27.463048,-0.803125,-0.159786521,42749,True,5.59712,14.336155,6.942049,26.922347,-0.28125,-0.055348894,8856,True,0.521875,0.104437627,0.401134,6.371205
1434,baseline->rtl,5.655933,14.297523,7.542615,27.549414,-0.771875,-0.147164608,45883,True,5.572778,14.349856,6.909367,26.869414,-0.2578125,-0.046045807,9514,True,0.5140625,0.101118801,0.372452,6.370836
1435,rtl->baseline,5.549907,14.275922,7.774368,27.642469,-0.771875,-0.151490843,45889,True,5.667244,14.439602,6.6269,26.778758,-0.2578125,-0.049355823,9507,True,0.5140625,0.10213502,0.360791,6.100429
1436,baseline->rtl,5.566118,14.539927,7.418427,27.576436,-0.771875,-0.153221337,45888,True,5.694896,14.454922,6.933039,27.121959,-0.2578125,-0.050679829,9509,True,0.5140625,0.102541508,0.396033,6.372566
1437,rtl->baseline,5.560108,14.496395,7.406477,27.507741,-0.753125,-0.146038535,48121,True,5.618861,14.358646,6.644892,26.669942,-0.2421875,-0.044646932,10002,True,0.5109375,0.101391603,0.367552,6.11422
1438,baseline->rtl,5.719667,14.346306,7.389466,27.507821,-0.753125,-0.148790414,48115,True,5.672484,14.361977,7.12611,27.200083,-0.2421875,-0.046921273,9998,True,0.5109375,0.101869141,0.367642,6.579158
1439,rtl->baseline,5.594569,14.337296,7.367724,27.364563,-0.753125,-0.149891166,48109,True,5.534796,14.381368,6.907977,26.867354,-0.2421875,-0.047831009,9998,True,0.5109375,0.102060157,0.374192,6.369705
1440,baseline->rtl,5.626262,14.363966,7.408917,27.449968,-0.740625,-0.145081466,49535,True,5.643863,14.523126,6.639001,26.844352,-0.2265625,-0.041632404,10283,True,0.5140625,0.103449062,0.369362,6.10731
1441,rtl->baseline,5.625911,14.259681,7.494902,27.425267,-0.740625,-0.146907586,49605,True,5.60156,14.387678,6.877566,26.912826,-0.2265625,-0.043840461,10307,True,0.5140625,0.103067125,0.364301,6.351584
1442,baseline->rtl,5.627831,14.348195,7.533444,27.565725,-0.740625,-0.147638035,49649,True,5.633642,14.58885,6.639281,26.899755,-0.2265625,-0.044723685,10308,True,0.5140625,0.10291435,0.362032,6.10972
1443,rtl->baseline,5.518215,14.283762,7.547175,27.395685,-0.728125,-0.142680214,51403,True,5.716777,14.334355,6.629791,26.727005,-0.21875,-0.041795724,10697,True,0.509375,0.10088449,0.363501,6.10314
1444,baseline->rtl,5.593689,14.451352,7.355874,27.454959,-0.728125,-0.144447086,51446,True,5.688175,14.300903,6.988242,27.017913,-0.21875,-0.04296829,10695,True,0.509375,0.101478796,0.360421,6.370766
1445,rtl->baseline,5.59812,14.313184,7.652691,27.609467,-0.728125,-0.145153834,51440,True,5.614141,14.800332,6.836763,27.296029,-0.21875,-0.043437316,10696,True,0.509375,0.101716518,0.34335,6.335614
1446,baseline->rtl,5.571448,14.470903,7.45539,27.550414,-0.715625,-0.140186534,53003,True,5.732428,14.340475,6.934029,27.045584,-0.203125,-0.037062426,11020,True,0.5125,0.103124108,0.400113,6.367065
1447,rtl->baseline,5.618839,14.31147,7.470348,27.447961,-0.715625,-0.141949613,53025,True,5.60867,14.317783,6.633959,26.607715,-0.203125,-0.039199971,11020,True,0.5125,0.102749642,0.364732,6.106168
1448,baseline->rtl,5.710925,14.362943,7.490019,27.61765,-0.715625,-0.142654845,53019,True,5.640691,14.394904,6.655511,26.729768,-0.203125,-0.040054988,11020,True,0.5125,0.102599857,0.367692,6.125809
1449,rtl->baseline,5.635231,14.629328,14.414866,34.726567,-0.696875,-0.135061938,55453,True,5.673833,14.376543,6.920586,27.019785,-0.1875,-0.033834495,11574,True,0.509375,0.101227443,0.386403,6.370164
1450,baseline->rtl,5.559106,14.407315,9.169318,29.186912,-0.696875,-0.137649775,55444,True,5.605709,14.392194,6.64809,26.685366,-0.1875,-0.036033798,11574,True,0.509375,0.101615977,0.371422,6.110139
1451,rtl->baseline,5.563767,14.370773,7.586305,27.566817,-0.696875,-0.13868491,55443,True,5.637321,14.380803,6.686563,26.749399,-0.1875,-0.036913519,11570,True,0.509375,0.101771391,0.361441,6.159911
1452,baseline->rtl,5.613049,14.511191,7.436156,27.61079,-0.684375,-0.133848964,57012,True,5.595698,14.424936,6.893075,26.951361,-0.1796875,-0.033984158,11876,True,0.5046875,0.099864806,0.358191,6.370444
1453,rtl->baseline,5.609809,14.329111,7.553303,27.537465,-0.68125,-0.134352086,57241,True,5.642271,14.397754,6.64638,26.732999,-0.1796875,-0.035156163,11900,True,0.5015625,0.099195923,0.375172,6.105929
1454,baseline->rtl,5.749577,14.31937,7.533912,27.655413,-0.68125,-0.135490834,57016,True,5.61902,14.292098,6.63826,26.58774,-0.1796875,-0.035624965,11870,True,0.5015625,0.099865869,0.365811,6.105298
1455,rtl->baseline,5.631941,14.291698,7.519941,27.489203,-0.66875,-0.130696334,58584,True,5.603348,14.333171,6.63849,26.622282,-0.1640625,-0.029249986,12197,True,0.5046875,0.101446348,0.370482,6.099788
1456,baseline->rtl,5.641711,14.392535,7.543672,27.630441,-0.66875,-0.132528533,58466,True,5.691594,14.345042,6.638879,26.717027,-0.1640625,-0.031387494,12170,True,0.5046875,0.101141039,0.368302,6.104868
1457,rtl->baseline,5.562147,14.290068,7.516521,27.412828,-0.66875,-0.133261413,58407,True,5.674193,14.289838,6.633329,26.644623,-0.1640625,-0.032242498,12164,True,0.5046875,0.101018915,0.364031,6.103748
1458,baseline->rtl,5.63098,14.336891,7.449607,27.469101,-0.646875,-0.124367065,62319,True,5.663202,14.358002,6.668641,26.728187,-0.1328125,-0.019459499,13033,True,0.5140625,0.104907566,0.366531,6.13626
1459,rtl->baseline,5.6141,14.351452,7.456707,27.468532,-0.64375,-0.126059326,62292,True,5.595538,14.379664,6.630989,26.652854,-0.1328125,-0.0237213,13026,True,0.5109375,0.102338026,0.366602,6.101758
1460,baseline->rtl,5.605819,14.395244,7.50635,27.560886,-0.64375,-0.12767373,62288,True,5.61857,14.345421,6.637219,26.640873,-0.1328125,-0.02542602,13038,True,0.5109375,0.10224771,0.362861,6.112039
1461,rtl->baseline,5.580717,14.394424,7.51039,27.531525,-0.628125,-0.121756992,64010,True,5.641351,14.406675,6.631459,26.726278,-0.125,-0.022826658,13390,True,0.503125,0.098930334,0.366761,6.099787
1462,baseline->rtl,5.669543,15.927054,13.577307,35.225906,-0.63125,-0.125390297,63987,True,5.767728,14.379414,6.897774,27.085229,-0.125,-0.024130663,13405,True,0.50625,0.101259634,0.364942,6.369494
1463,rtl->baseline,5.658361,14.294044,7.71523,27.715008,-0.63125,-0.125906119,64000,True,5.681413,14.314348,6.899253,26.941407,-0.125,-0.024652265,13394,True,0.50625,0.101253854,0.368212,6.367072
1464,baseline->rtl,5.611717,14.403441,7.557781,27.624963,-0.528125,-0.082799947,64127,True,5.612758,14.448333,6.930105,27.030278,-0.0234375,0.017795344,13432,True,0.5046875,0.100595291,0.393443,6.369012
1465,rtl->baseline,5.590467,14.298824,8.569921,28.503534,-0.528125,-0.096494979,64099,True,5.585396,14.478855,6.641678,26.752282,-0.0234375,0.004305638,13428,True,0.5046875,0.100800617,0.370151,6.105996
1466,baseline->rtl,5.554364,14.438733,7.678098,27.723389,-0.528125,-0.101972992,64069,True,5.573916,14.326227,6.887732,26.827596,-0.0234375,-0.001090245,13426,True,0.5046875,0.100882747,0.371232,6.353001
1467,rtl->baseline,5.581876,14.311645,7.679609,27.618432,-0.490625,-0.088414197,63711,True,5.666411,14.281224,6.709881,26.705448,0.015625,0.006595152,13373,True,0.50625,0.095009349,0.369252,6.178491
1468,baseline->rtl,5.947757,14.367229,7.561701,27.929771,-0.490625,-0.094240679,63670,True,5.730475,15.342835,6.869571,27.980013,0.015625,0.002638061,13349,True,0.50625,0.09687874,0.35199,6.358072
1469,rtl->baseline,5.569285,14.268893,7.505208,27.386908,-0.4875,-0.095258771,63654,True,5.569305,14.376189,6.896163,26.889879,0.015625,0.001055224,13353,True,0.503125,0.096313995,0.363851,6.370332
1470,baseline->rtl,5.585476,14.373079,7.477546,27.489315,-0.315625,-0.024416009,60696,True,5.573845,14.38412,6.623266,26.620494,0.1875,0.07917209,12820,True,0.503125,0.103588099,0.357071,6.105677
1471,rtl->baseline,5.584776,14.281774,7.623165,27.535857,-0.31875,-0.048953903,60746,True,5.606027,14.375299,6.904333,26.932942,0.1875,0.054168836,12828,True,0.50625,0.103122739,0.367081,6.372942
1472,baseline->rtl,5.590276,14.976434,7.70598,28.325914,-0.31875,-0.057831561,60724,True,5.557865,14.446473,6.882692,26.925912,0.1875,0.044167534,12817,True,0.50625,0.101999095,0.368831,6.351891
1473,rtl->baseline,5.602677,14.282574,15.958652,35.890335,-0.225,-0.022007625,58979,True,5.668051,14.38134,6.903823,27.000066,0.2734375,0.076260764,12516,True,0.4984375,0.098268389,0.368552,6.372242
1474,baseline->rtl,5.604627,14.404651,7.71354,27.775262,-0.225,-0.03580305,59008,True,5.571896,14.358589,6.898322,26.865178,0.2734375,0.063316805,12519,True,0.4984375,0.099119855,0.367772,6.363152
1475,rtl->baseline,5.635248,14.290074,7.789644,27.762501,-0.225,-0.04132122,58982,True,5.66582,14.266272,6.656319,26.636745,0.2734375,0.058139222,12495,True,0.4984375,0.099460442,0.365371,6.127017
1476,baseline->rtl,5.636699,14.371919,7.622075,27.683576,-0.159375,-0.015965988,58400,True,7.633676,14.458534,6.908903,29.040905,0.34375,0.085599439,12342,True,0.503125,0.101565427,0.373162,6.372432
1477,rtl->baseline,5.610488,14.284234,10.868545,30.807418,-0.159375,-0.025511395,58475,True,5.671591,14.520878,6.928374,27.168046,0.34375,0.075489776,12363,True,0.503125,0.101001171,0.399584,6.364922
1478,baseline->rtl,5.598617,14.38539,8.936942,28.973551,-0.159375,-0.029329558,58503,True,5.588426,14.364398,6.639897,26.632694,0.34375,0.07144591,12354,True,0.503125,0.100775468,0.365552,6.109267
1479,rtl->baseline,5.572554,14.305031,7.545018,27.465496,-0.103125,-0.007231823,58289,True,5.635239,14.316722,6.629625,26.62911,0.390625,0.089515864,12335,True,0.49375,0.096747687,0.363901,6.101485
1480,baseline->rtl,5.529141,14.469431,7.375648,27.427214,-0.103125,-0.015267729,58323,True,5.639248,14.454119,6.925523,27.055772,0.390625,0.082681346,12312,True,0.49375,0.097949075,0.390643,6.37298
1481,rtl->baseline,5.651078,14.387346,7.378348,27.460526,-0.103125,-0.018482092,58270,True,5.577464,14.378466,6.648576,26.651608,0.390625,0.079947538,12316,True,0.49375,0.09842963,0.374292,6.107885
1482,baseline->rtl,5.632007,16.537041,11.754373,33.978614,-0.04375,0.005169663,57520,True,5.667789,14.861194,6.681618,27.250373,0.4609375,0.108385265,12185,True,0.5046875,0.103215602,0.390543,6.104895
1483,rtl->baseline,5.618147,14.318232,14.487972,34.468642,-0.04375,-0.003182135,57639,True,5.604875,14.440769,6.649886,26.742564,0.4609375,0.098666606,12181,True,0.5046875,0.101848741,0.367921,6.120616
1484,baseline->rtl,5.635277,14.421867,7.551799,27.662097,-0.04375,-0.006522854,57557,True,5.622657,14.336522,6.630026,26.626887,0.4609375,0.094779142,12179,True,0.5046875,0.101301996,0.364731,6.100494
1485,rtl->baseline,5.572723,14.327632,7.57071,27.515959,-0.025,1.5858e-05,57600,True,5.656108,14.437729,6.899371,27.042121,0.4765625,0.099786657,12159,True,0.5015625,0.099770799,0.362801,6.37181
1486,baseline->rtl,5.976057,14.98057,8.596159,29.60783,-0.025,-0.002993657,57628,True,6.02064,14.727586,6.840227,27.628235,0.484375,0.100383413,12173,True,0.509375,0.10337707,0.351401,6.325307
1487,rtl->baseline,5.589815,14.450949,7.663695,27.748482,-0.025,-0.004197463,57620,True,5.598376,14.369744,6.626425,26.641188,0.484375,0.098278365,12166,True,0.509375,0.102475828,0.360641,6.101985
1488,baseline->rtl,5.592875,14.590938,8.276551,28.515286,-0.021875,-0.003366485,57215,True,5.647928,14.330502,6.628755,26.647177,0.484375,0.097436346,12063,True,0.50625,0.100802831,0.362641,6.100975
1489,rtl->baseline,5.558713,14.404787,7.782862,27.793664,-0.021875,-0.003971594,57217,True,5.546772,14.398427,6.911541,26.902762,0.484375,0.097099538,12072,True,0.50625,0.101071132,0.373422,6.373341
1490,baseline->rtl,5.582614,14.394457,7.542888,27.572671,-0.021875,-0.004213638,57197,True,5.554233,14.457349,6.630286,26.68042,0.484375,0.096964815,12090,True,0.50625,0.101178453,0.364111,6.100934
1491,rtl->baseline,5.543102,14.340364,7.972613,27.901211,-0.015625,0.004877045,57436,True,5.635258,14.358334,6.628065,26.670339,0.484375,0.096910926,12126,True,0.5,0.092033881,0.365732,6.099904
1492,baseline->rtl,5.596886,14.556635,7.602312,27.808845,-0.0125,0.001950818,57299,True,5.613966,14.426408,6.623225,26.701631,0.484375,0.09688937,12112,True,0.496875,0.094938552,0.361501,6.102014
1493,rtl->baseline,5.589125,14.529814,7.622063,27.787814,-0.0125,0.000780327,57437,True,5.600335,14.406157,6.643896,26.69711,0.484375,0.096880748,12125,True,0.496875,0.096100421,0.367891,6.114305
1494,baseline->rtl,5.636257,14.336452,7.616153,27.640945,-0.00625,0.000312131,56997,True,5.595625,14.374885,6.809846,26.820168,0.5,0.103439799,12021,True,0.50625,0.103127668,0.367761,6.266644
1495,rtl->baseline,5.629245,14.397802,9.284087,29.355577,-0.00625,0.000124852,57021,True,5.582394,14.390832,6.906409,26.926427,0.5,0.10137592,12013,True,0.50625,0.101251068,0.370202,6.372998
1496,baseline->rtl,5.592954,14.376631,9.560972,29.58131,-0.00625,4.9941e-05,57017,True,5.558511,14.294136,6.650235,26.540235,0.5,0.100550368,12025,True,0.50625,0.100500427,0.365291,6.121614
1497,rtl->baseline,5.618034,14.303477,7.690595,27.653908,0.003125,1.9976e-05,55848,True,5.590713,14.450275,6.893259,26.98179,0.5,0.100220147,11768,True,0.496875,0.100200171,0.361881,6.368508
1498,baseline->rtl,5.903701,14.482727,7.405228,27.84259,0.003125,7.991e-06,55887,True,5.667538,14.517629,6.776582,27.034203,0.5,0.100088059,11781,True,0.496875,0.100080068,0.392022,6.202169
1499,rtl->baseline,5.562842,14.434474,7.43835,27.479609,0.003125,3.196e-06,55696,True,5.576752,14.337419,6.874908,26.837512,0.5,0.100035224,11761,True,0.496875,0.100032028,0.363491,6.347907
1500,baseline->rtl,5.596774,14.517759,14.466517,34.635352,0.003125,1.278e-06,55986,True,5.673918,14.419383,6.989624,27.122788,0.5078125,0.103295339,11828,True,0.5046875,0.103294061,0.373412,6.455683
1501,rtl->baseline,5.611725,14.345319,9.138468,29.141185,0.003125,5.11e-07,56226,True,5.591733,14.394682,6.9077,26.940918,0.5078125,0.102255636,11829,True,0.5046875,0.102255125,0.371261,6.373228
1502,baseline->rtl,5.609844,14.432975,8.987429,29.084442,0.003125,2.05e-07,55977,True,5.634116,14.322878,6.637454,26.63444,0.5078125,0.101839754,11828,True,0.5046875,0.101839549,0.374731,6.099443
1503,rtl->baseline,5.651067,15.069081,11.851275,32.614565,0.009375,8.2e-08,56182,True,5.71587,14.488588,6.635473,26.888345,0.5078125,0.101673402,11822,True,0.4984375,0.10167332,0.372192,6.100583
1504,baseline->rtl,5.53807,14.450735,7.504714,27.545843,0.009375,3.3e-08,56238,True,5.579553,14.368731,6.628153,26.617829,0.5078125,0.101606861,11838,True,0.4984375,0.101606828,0.364691,6.099562
1505,rtl->baseline,5.52602,14.322298,8.879093,28.774634,0.009375,1.3e-08,56267,True,5.605874,14.35898,6.662346,26.675682,0.5078125,0.101580244,11855,True,0.4984375,0.101580231,0.373692,6.121974
1506,baseline->rtl,5.585853,14.452516,7.522965,27.611686,0.0125,5e-09,55735,True,5.571752,14.413573,6.894489,26.916946,0.515625,0.104850848,11736,True,0.503125,0.104850843,0.362021,6.371238
1507,rtl->baseline,5.604204,14.322998,7.535996,27.5069,0.0125,2e-09,55789,True,5.619914,14.374921,6.625423,26.667752,0.515625,0.103815339,11750,True,0.503125,0.103815337,0.364131,6.098923
1508,baseline->rtl,5.758363,14.393242,7.501024,27.704791,0.0125,1e-09,55805,True,5.937623,14.743152,6.661435,27.384353,0.515625,0.103401136,11758,True,0.503125,0.103401135,0.390363,6.102963
1509,rtl->baseline,5.561892,14.402872,9.887622,29.897529,0.03125,0.013125,56141,True,5.563892,14.554641,6.661896,26.824291,0.5234375,0.106516704,11901,True,0.4921875,0.093391704,0.377812,6.118754
1510,baseline->rtl,5.565831,14.426994,8.406346,28.451795,0.03125,0.009,56075,True,5.627565,14.398072,6.636612,26.700481,0.53125,0.108700432,11909,True,0.5,0.099700432,0.367552,6.104571
1511,rtl->baseline,5.597092,14.311514,7.534663,27.487532,0.03125,0.00735,56206,True,5.602452,14.442801,6.636462,26.727568,0.53125,0.107230173,11932,True,0.5,0.099880173,0.367791,6.103661
1512,baseline->rtl,5.592752,14.399339,7.4812,27.525524,0.0375,0.009315,56709,True,5.650745,14.536566,6.898037,27.123081,0.53125,0.106642069,11968,True,0.49375,0.097327069,0.364661,6.372147
1513,rtl->baseline,5.645034,14.265701,7.421777,27.375414,0.0375,0.008226,56565,True,5.662806,14.399689,6.628581,26.737568,0.53125,0.106406828,11956,True,0.49375,0.098180828,0.364161,6.101001
1514,baseline->rtl,5.606743,14.294262,7.46788,27.420797,0.0375,0.0077904,56489,True,5.759721,14.329955,6.625231,26.754889,0.53125,0.106312731,11939,True,0.49375,0.098522331,0.363371,6.100931
1515,rtl->baseline,5.598492,14.358756,7.479831,27.482711,0.040625,0.00892866,56378,True,5.618034,14.366916,6.644862,26.676365,0.546875,0.112837592,11928,True,0.50625,0.103908932,0.360481,6.123282
1516,baseline->rtl,5.595512,14.42558,7.389855,27.46112,0.040625,0.008446464,56462,True,5.648595,15.445448,6.879966,28.012601,0.546875,0.110760037,11916,True,0.50625,0.102313573,0.443895,6.247769
1517,rtl->baseline,5.584192,14.395559,7.471079,27.495002,0.040625,0.008253586,56348,True,5.681387,14.350446,6.897257,26.978252,0.546875,0.109929015,11930,True,0.50625,0.101675429,0.365301,6.368096
1518,baseline->rtl,5.603082,14.611151,7.459349,27.725645,0.046875,0.010801434,56336,True,5.581081,14.396218,6.895497,26.912938,0.546875,0.109596606,11948,True,0.5,0.098795172,0.366831,6.368287
1519,rtl->baseline,5.588841,14.329605,7.503631,27.46807,0.046875,0.009945574,56311,True,5.617853,14.43583,6.635252,26.736538,0.546875,0.109463642,11913,True,0.5,0.099518068,0.364061,6.108321
1520,baseline->rtl,5.646295,14.397758,7.434058,27.529973,0.046875,0.009603229,56237,True,5.658515,14.346636,6.894256,26.93847,0.546875,0.109410457,11883,True,0.5,0.099807228,0.364401,6.366456
1521,rtl->baseline,5.610053,14.389408,8.328089,28.372853,0.05,0.010778792,56191,True,5.616373,14.342516,6.638772,26.693596,0.5546875,0.112670433,11830,True,0.5046875,0.101891641,0.371842,6.103101
1522,baseline->rtl,5.602912,14.42401,7.47627,27.555395,0.05,0.010311517,56106,True,5.652216,14.352305,6.930519,26.972622,0.5546875,0.111630673,11805,True,0.5046875,0.101319156,0.366291,6.365336
1523,rtl->baseline,5.582201,14.319023,7.446319,27.391945,0.05,0.010124607,56054,True,5.685247,14.354036,6.658553,26.744889,0.5546875,0.111214769,11797,True,0.5046875,0.101090162,0.367571,6.126172
1524,baseline->rtl,5.638525,14.359806,7.443408,27.495212,0.0375,0.004799843,57794,True,5.594502,14.331835,6.634042,26.656014,0.5390625,0.104485908,12166,True,0.5015625,0.099686065,0.368402,6.104711
1525,rtl->baseline,5.588331,14.655073,7.591177,27.875994,0.034375,0.005107437,57900,True,5.583371,14.483164,6.633991,26.747668,0.5390625,0.106481863,12208,True,0.5046875,0.101374426,0.366571,6.108832
1526,baseline->rtl,7.052266,14.503144,12.297768,33.90589,0.034375,0.006167975,57872,True,5.579361,14.389498,6.63542,26.641551,0.5390625,0.107280245,12199,True,0.5046875,0.10111227,0.366171,6.10392
1527,rtl->baseline,5.58584,14.392464,7.674609,27.699256,0.025,0.00265469,57737,True,5.605291,14.352802,6.937127,26.940492,0.53125,0.104318348,12198,True,0.50625,0.101663658,0.403513,6.368624
1528,baseline->rtl,5.559268,14.357192,7.551583,27.520696,0.025,0.004061876,57765,True,5.573619,14.421435,6.6245,26.657777,0.53125,0.105477339,12196,True,0.50625,0.101415463,0.363191,6.100369
1529,rtl->baseline,5.667424,14.307469,9.398258,29.417854,0.028125,0.00593725,57803,True,5.641953,14.305509,6.897955,26.943492,0.53125,0.105940936,12189,True,0.503125,0.100003686,0.366061,6.370824
1530,baseline->rtl,5.696416,16.383178,9.117382,31.245989,0.0125,-0.0060626,57722,True,5.611742,14.409735,6.905175,26.965134,0.5234375,0.102845124,12160,True,0.5109375,0.108907724,0.370681,6.371884
1531,rtl->baseline,5.641183,14.623658,7.592624,27.902508,0.0125,-0.00242504,57672,True,5.672004,14.410685,6.923407,27.052199,0.5234375,0.10395055,12138,True,0.5109375,0.10637559,0.390252,6.368324
1532,baseline->rtl,5.700136,14.439767,7.5116,27.704276,0.0125,-0.000970016,57732,True,5.657874,14.390104,6.63743,26.72332,0.5234375,0.10439272,12160,True,0.5109375,0.105362736,0.369091,6.104009
1533,rtl->baseline,5.737838,14.3211,7.424365,27.526246,-0.009375,-0.000388006,57183,True,5.75457,14.337281,6.63844,26.778853,0.5,0.094725838,12022,True,0.509375,0.095113844,0.367051,6.107949
1534,baseline->rtl,5.665654,14.482919,7.433555,27.635172,-0.009375,-0.000155203,57258,True,5.659844,14.604907,6.65097,26.955504,0.5,0.097890335,12035,True,0.509375,0.098045538,0.366241,6.123911
1535,rtl->baseline,5.643063,14.379363,7.409314,27.475903,-0.0125,-6.2081e-05,57248,True,5.637253,14.423446,6.901765,27.009196,0.5,0.099156134,12040,True,0.5125,0.099218215,0.366531,6.371964
1536,baseline->rtl,5.75809,14.307699,7.423195,27.544257,-0.028125,-0.011837332,56561,True,5.598191,14.578894,6.664762,26.880769,0.4765625,0.089818704,11874,True,0.5046875,0.101656036,0.363551,6.11534
1537,rtl->baseline,5.550248,14.410235,7.392333,27.397778,-0.028125,-0.008109933,56509,True,5.620972,14.379423,6.6356,26.683867,0.4765625,0.093114981,11868,True,0.5046875,0.101224914,0.367091,6.10408
1538,baseline->rtl,5.610191,14.312499,7.457507,27.432841,-0.028125,-0.006618973,56522,True,5.537637,14.278808,6.63465,26.489477,0.4765625,0.094433493,11866,True,0.5046875,0.101052466,0.364501,6.108159
1539,rtl->baseline,5.58361,14.3182,7.444866,27.391759,-0.04375,-0.012585089,56439,True,5.605801,14.422466,6.894965,26.969284,0.46875,0.091679647,11837,True,0.5125,0.104264736,0.36196,6.367804
1540,baseline->rtl,5.619802,14.370472,7.443316,27.486784,-0.040625,-0.008971536,56408,True,5.634162,14.366983,6.626199,26.665566,0.46875,0.092921859,11828,True,0.509375,0.101893395,0.366601,6.0995
1541,rtl->baseline,5.954971,14.984748,9.285851,30.271513,-0.0375,-0.007151114,56408,True,5.624002,14.414575,6.80589,26.89289,0.46875,0.093418744,11838,True,0.50625,0.100569858,0.368111,6.260869
1542,baseline->rtl,5.593971,14.407775,7.551702,27.608351,-0.06875,-0.020485446,56553,True,5.59073,14.386124,6.899573,26.914699,0.4375,0.080492497,11872,True,0.50625,0.100977943,0.369261,6.366223
1543,rtl->baseline,5.578288,14.300254,7.669577,27.592012,-0.06875,-0.016444178,56685,True,5.579637,14.349898,6.636688,26.612166,0.4375,0.084696999,11895,True,0.50625,0.101141177,0.367751,6.105038
1544,baseline->rtl,5.650522,14.361448,7.678838,27.74236,-0.06875,-0.014827671,56710,True,5.6239,14.275134,6.66796,26.605146,0.4375,0.0863788,11912,True,0.50625,0.101206471,0.371091,6.135909
1545,rtl->baseline,5.619981,14.322716,7.516428,27.504528,-0.078125,-0.018118569,56180,True,5.6033,14.456363,6.622318,26.728813,0.4296875,0.08377027,11874,True,0.5078125,0.101888839,0.35806,6.102318
1546,baseline->rtl,5.581908,14.421752,7.446144,27.502057,-0.078125,-0.016622427,56427,True,5.570238,14.39134,6.642798,26.642478,0.4296875,0.085070608,11881,True,0.5078125,0.101693035,0.369181,6.108738
1547,rtl->baseline,5.602419,14.39683,7.518859,27.56171,-0.078125,-0.016023971,56434,True,5.6192,14.375389,6.631518,26.67397,0.4296875,0.085590743,11895,True,0.5078125,0.101614714,0.365471,6.101918
1548,baseline->rtl,5.579248,14.399511,7.401101,27.431923,-0.1,-0.024972088,55495,True,5.630441,14.347748,6.707302,26.727253,0.4140625,0.079236297,11667,True,0.5140625,0.104208385,0.398573,6.13355
1549,rtl->baseline,5.634241,14.369959,12.892794,32.942047,-0.1,-0.021988835,55666,True,5.534255,14.361249,6.625877,26.565883,0.4140625,0.081382019,11711,True,0.5140625,0.103370854,0.361171,6.101188
1550,baseline->rtl,5.650272,14.365258,18.040178,38.110302,-0.1,-0.020795534,55535,True,5.683744,14.381549,6.903724,27.009409,0.4140625,0.082240308,11684,True,0.5140625,0.103035842,0.366931,6.372893
1551,rtl->baseline,5.555057,14.291094,14.792113,34.682716,-0.1375,-0.036068214,57388,True,5.699955,14.345247,6.65969,26.750635,0.375,0.066177373,12076,True,0.5125,0.102245587,0.369061,6.127159
1552,baseline->rtl,5.764268,14.363338,14.371389,34.552238,-0.1375,-0.030927285,57301,True,5.564937,14.371979,6.632868,26.610236,0.375,0.071470949,12058,True,0.5125,0.102398234,0.366241,6.102987
1553,rtl->baseline,5.566938,16.15576,9.770867,31.538917,-0.1375,-0.028870914,57346,True,5.647012,14.406531,6.651369,26.750544,0.375,0.07358838,12070,True,0.5125,0.102459294,0.365131,6.124289
1554,baseline->rtl,5.599519,14.353178,7.412353,27.417772,-0.1625,-0.038548366,57125,True,5.604629,14.496086,6.928515,27.068182,0.3515625,0.064591602,12024,True,0.5140625,0.103139968,0.396052,6.369523
1555,rtl->baseline,5.578398,14.375489,7.481067,27.481166,-0.165625,-0.036231846,57093,True,5.582048,14.398871,6.633538,26.660809,0.3515625,0.068024141,12028,True,0.5171875,0.104255987,0.366751,6.101098
1556,baseline->rtl,5.626041,14.378779,7.466435,27.523568,-0.165625,-0.034367739,57066,True,5.641161,14.39036,6.636058,26.704642,0.3515625,0.069397156,12037,True,0.5171875,0.103764895,0.365521,6.106508
1557,rtl->baseline,5.593019,14.339297,7.423683,27.399781,-0.184375,-0.041497095,57230,True,5.60663,14.383149,6.900003,26.937905,0.328125,0.060102613,12050,True,0.5125,0.101599708,0.368801,6.370323
1558,baseline->rtl,5.572898,14.436863,7.427683,27.490066,-0.184375,-0.038723838,57261,True,5.576727,14.346213,6.626666,26.589158,0.328125,0.063416045,12036,True,0.5125,0.102139883,0.364901,6.100106
1559,rtl->baseline,5.575246,14.938727,10.493215,31.050041,-0.184375,-0.037614535,57263,True,5.596608,14.513133,6.906441,27.062714,0.203125,0.012241418,12043,True,0.3875,0.049855953,0.370191,6.372842
1560,baseline->rtl,5.65554,14.318642,7.438861,27.467118,-0.25,-0.064733314,56882,True,5.584627,14.364615,6.646697,26.634651,0.28125,0.062084067,11951,True,0.53125,0.126817381,0.365921,6.117557
1561,rtl->baseline,5.572306,14.292031,7.485124,27.395984,-0.25625,-0.058518326,56826,True,5.617739,14.317892,6.630166,26.612199,0.28125,0.058583627,11934,True,0.5375,0.117101953,0.365191,6.103716
1562,baseline->rtl,5.550755,14.45719,7.415231,27.476128,-0.25,-0.05153233,56827,True,5.64917,14.311871,6.929933,26.928217,0.28125,0.057183451,11940,True,0.53125,0.108715781,0.396722,6.367611
1563,rtl->baseline,5.608388,14.535614,15.380502,35.569857,-0.278125,-0.062425432,56979,True,5.588777,14.81263,6.619195,27.065565,0.25,0.04349838,11984,True,0.528125,0.105923812,0.34705,6.109056
1564,baseline->rtl,5.613498,14.360934,23.890145,43.917381,-0.278125,-0.058345173,57003,True,5.740406,14.524843,6.637047,26.941248,0.25,0.047399352,11985,True,0.528125,0.105744525,0.368721,6.104006
1565,rtl->baseline,5.582457,14.426898,7.40442,27.460947,-0.278125,-0.056713069,57014,True,5.621148,14.454779,6.985916,27.109238,0.25,0.048959741,11985,True,0.528125,0.10567281,0.461056,6.361271
1566,baseline->rtl,5.631909,14.648211,8.875124,29.209666,-0.30625,-0.067872728,56926,True,5.680152,14.723374,6.791445,27.235835,0.21875,0.036458896,11964,True,0.525,0.104331624,0.483858,6.115197
1567,rtl->baseline,5.63905,14.410277,7.591851,27.68629,-0.30625,-0.063899091,56935,True,5.652621,14.377105,6.892561,26.965149,0.21875,0.040833559,11970,True,0.525,0.10473265,0.368271,6.359801
1568,baseline->rtl,5.633589,14.462771,7.489284,27.637697,-0.30625,-0.062309636,56928,True,5.6356,14.421318,6.930893,27.026213,0.21875,0.042583423,11958,True,0.525,0.104893059,0.368681,6.366251
1569,rtl->baseline,5.579986,14.361055,7.481694,27.468608,-0.3625,-0.085298855,57547,True,5.64273,14.362234,6.654057,26.706215,0.1640625,0.020314619,12098,True,0.5265625,0.105613474,0.36594,6.124018
1570,baseline->rtl,5.663851,14.390896,7.530747,27.636717,-0.3625,-0.077619542,57546,True,5.649081,14.321432,6.635176,26.646061,0.1640625,0.027813348,12096,True,0.5265625,0.10543289,0.365251,6.106666
1571,rtl->baseline,5.618399,14.578246,7.59838,27.840409,-0.35625,-0.071922817,57583,True,5.667541,14.538135,6.681609,26.936648,0.1640625,0.030812839,12107,True,0.5203125,0.102735656,0.379692,6.138748
1572,baseline->rtl,5.733215,14.476661,8.065317,28.39209,-0.390625,-0.085956627,57206,True,5.556765,14.387036,6.900411,26.883175,0.140625,0.022168886,12056,True,0.53125,0.108125513,0.36415,6.371992
1573,rtl->baseline,5.589377,14.364374,7.57204,27.569943,-0.390625,-0.081257651,57214,True,5.597877,14.442779,6.645587,26.733626,0.140625,0.025742554,12060,True,0.53125,0.107000205,0.365801,6.118637
1574,baseline->rtl,5.64782,14.300857,7.527705,27.528365,-0.390625,-0.07937806,57241,True,5.607836,14.271166,6.627714,26.544508,0.140625,0.027172022,12056,True,0.53125,0.106550082,0.365401,6.100024
1575,rtl->baseline,5.617477,14.305737,7.546336,27.516293,-0.41875,-0.090438724,57677,True,5.585445,14.300577,6.632224,26.564849,0.109375,0.014618809,12131,True,0.528125,0.105057533,0.368541,6.101565
1576,baseline->rtl,5.685581,14.365261,7.538105,27.63985,-0.41875,-0.08642549,57695,True,5.627718,14.36375,6.627514,26.657655,0.109375,0.018972523,12121,True,0.528125,0.105398013,0.3641,6.099404
1577,rtl->baseline,5.823899,14.331029,9.517547,29.720508,-0.41875,-0.084820196,57651,True,5.599476,14.912181,6.635475,27.194075,-0.015625,-0.025223491,12111,True,0.403125,0.059596705,0.35862,6.112285
1578,baseline->rtl,5.621468,14.372491,8.823898,28.869719,-0.4625,-0.102553078,57503,True,5.616247,14.341769,6.90425,26.900818,0.0703125,0.019441854,12066,True,0.5328125,0.121994932,0.369651,6.369999
1579,rtl->baseline,5.592906,14.307627,15.097512,35.042318,-0.4625,-0.096521231,57440,True,5.68248,14.488268,6.632834,26.849205,0.0703125,0.016214242,12063,True,0.5328125,0.112735473,0.368051,6.100265
1580,baseline->rtl,5.631178,14.36342,9.437512,29.484464,-0.4625,-0.094108493,57519,True,5.636738,14.446715,6.634124,26.75595,0.0703125,0.014923197,12069,True,0.5328125,0.10903169,0.364451,6.105164
1581,rtl->baseline,5.564584,14.312228,8.819098,28.740232,-0.571875,-0.139080897,57455,True,5.610637,14.36382,6.650436,26.672285,-0.0390625,-0.031530721,12054,True,0.5328125,0.107550176,0.36327,6.122916
1582,baseline->rtl,5.621727,14.316208,11.469567,31.460126,-0.571875,-0.124257359,57440,True,5.603436,14.281866,6.895809,26.816804,-0.0390625,-0.017299789,12050,True,0.5328125,0.10695757,0.36195,6.3711
1583,rtl->baseline,5.635828,14.638636,10.763977,31.088385,-0.571875,-0.118327944,57452,True,5.644459,14.490748,6.91236,27.096029,-0.0390625,-0.011607415,12041,True,0.5328125,0.106720529,0.370291,6.37394
1584,baseline->rtl,5.585645,14.362841,8.924254,28.925932,-0.5875,-0.122518677,57466,True,5.565004,14.319838,6.636024,26.558769,-0.0703125,-0.022455466,12034,True,0.5171875,0.100063211,0.367731,6.105075
1585,rtl->baseline,5.561084,14.306067,8.955086,28.868079,-0.5875,-0.119507471,57467,True,5.604426,14.513019,6.90126,27.066368,-0.0703125,-0.017419686,12044,True,0.5171875,0.102087785,0.36856,6.366399
1586,baseline->rtl,5.555454,14.501908,10.97376,31.083054,-0.5875,-0.118302988,57461,True,5.614957,14.319308,6.91924,26.891907,-0.0703125,-0.015405375,12039,True,0.5171875,0.102897613,0.360971,6.36514
1587,rtl->baseline,5.606236,14.342609,7.656893,27.65111,-0.621875,-0.132258695,56909,True,5.586115,14.306838,6.633064,26.571229,-0.109375,-0.0310059,11903,True,0.5125,0.101252795,0.370301,6.099484
1588,baseline->rtl,5.987808,14.647587,7.540255,28.224693,-0.621875,-0.127528478,56883,True,5.588876,14.35241,6.751481,26.730889,-0.109375,-0.02552736,11899,True,0.5125,0.102001118,0.362151,6.225461
1589,rtl->baseline,5.575414,14.270205,7.704183,27.593634,-0.621875,-0.125636391,56886,True,5.644579,14.409263,6.656156,26.75756,-0.109375,-0.023335944,11899,True,0.5125,0.102300447,0.36236,6.128936
1590,baseline->rtl,5.734312,14.352746,10.952775,31.093237,-0.64375,-0.134067057,56101,True,5.634647,14.374587,6.629102,26.677808,-0.125,-0.029021878,11731,True,0.51875,0.105045179,0.363281,6.102823
1591,rtl->baseline,5.598184,14.346556,7.553424,27.543797,-0.6375,-0.128251823,56163,True,5.642007,15.655239,6.76451,28.109229,-0.125,-0.026608751,11737,True,0.5125,0.101643072,0.405152,6.175277
1592,baseline->rtl,5.612485,14.312143,8.927482,28.904053,-0.6375,-0.127800729,56111,True,5.70392,14.480764,6.896047,27.121233,-0.125,-0.0256435,11726,True,0.5125,0.102157229,0.361101,6.372477
1593,rtl->baseline,5.589204,14.41896,7.441658,27.493864,-0.696875,-0.152557792,54281,True,5.662928,14.340206,6.904127,26.954044,-0.1796875,-0.04822615,11296,True,0.5171875,0.104331642,0.364071,6.374888
1594,baseline->rtl,5.568343,14.433821,7.723034,27.77706,-0.696875,-0.144648117,54304,True,5.611305,14.393998,6.878337,26.922752,-0.1796875,-0.04085296,11303,True,0.5171875,0.103795157,0.3662,6.348977
1595,rtl->baseline,5.596575,14.312314,7.603207,27.557178,-0.69375,-0.140171747,54257,True,5.618395,14.324634,6.634733,26.625156,-0.1796875,-0.037903684,11300,True,0.5140625,0.102268063,0.36834,6.100612
1596,baseline->rtl,7.968487,14.536287,7.444488,30.001506,-0.79375,-0.181318699,47071,True,5.683359,14.387368,6.736739,26.844238,-0.2734375,-0.076098974,9762,True,0.5203125,0.105219725,0.369981,6.198158
1597,rtl->baseline,5.665528,14.475583,7.402146,27.587629,-0.79375,-0.167777479,47087,True,5.629267,14.321674,6.636003,26.636986,-0.2734375,-0.063252089,9756,True,0.5203125,0.10452539,0.36656,6.105793
1598,baseline->rtl,5.651177,14.350376,7.430718,27.486124,-0.79375,-0.162360992,47089,True,5.641487,14.535256,6.9427,27.158655,-0.2734375,-0.058113336,9759,True,0.5203125,0.104247656,0.489347,6.278583
1599,rtl->baseline,5.621015,14.326465,7.763066,27.757429,-0.884375,-0.198256897,39155,True,5.642547,15.368053,6.843764,27.900557,-0.3515625,-0.088870334,8098,True,0.5328125,0.109386563,0.338179,6.345907
1600,baseline->rtl,5.740903,14.337425,15.174502,35.305723,-0.884375,-0.185427759,39165,True,5.627347,14.280213,6.638432,26.584914,-0.359375,-0.081016884,8089,True,0.525,0.104410875,0.370171,6.104093
1601,rtl->baseline,5.549022,14.382837,8.427504,28.406605,-0.884375,-0.180296103,39165,True,5.752503,14.338265,6.889947,27.028288,-0.359375,-0.075531753,8089,True,0.525,0.10476435,0.3684,6.356177
1602,baseline->rtl,5.595214,14.472873,8.829856,28.951276,-0.85,-0.163805941,40831,True,5.618585,14.321415,6.661434,26.640526,-0.328125,-0.060212701,8436,True,0.521875,0.10359324,0.373131,6.122713
1603,rtl->baseline,5.571383,14.274222,8.030921,27.922578,-0.85,-0.167522377,40800,True,5.632166,14.327145,6.646593,26.652207,-0.328125,-0.063460081,8434,True,0.521875,0.104062296,0.370171,6.113743
1604,baseline->rtl,5.564542,14.447792,9.547946,29.611273,-0.85,-0.169008951,40821,True,5.596145,14.358287,6.633232,26.625656,-0.328125,-0.064759032,8434,True,0.521875,0.104249919,0.365721,6.101133
1605,rtl->baseline,5.589123,14.291079,7.964335,27.889489,-0.840625,-0.16566608,41227,True,5.612545,14.369407,6.933269,26.961095,-0.3203125,-0.061997363,8513,True,0.5203125,0.103668717,0.396452,6.372518
1606,baseline->rtl,5.582712,14.353772,7.480549,27.468885,-0.840625,-0.167141432,41209,True,5.55813,14.362853,6.639931,26.600597,-0.3203125,-0.063236445,8510,True,0.5203125,0.103904987,0.36027,6.116662
1607,rtl->baseline,5.573232,14.364443,7.52709,27.510408,-0.840625,-0.167731573,41154,True,5.638785,14.372333,6.637631,26.696743,-0.3203125,-0.063732078,8510,True,0.5203125,0.103999495,0.36663,6.105601
1608,baseline->rtl,5.73252,14.323881,7.393133,27.499037,-0.846875,-0.170592629,41425,True,5.681498,14.296319,6.637661,26.65472,-0.3203125,-0.063930331,8563,True,0.5265625,0.106662298,0.36684,6.105402
1609,rtl->baseline,5.615744,14.388775,7.483779,27.533139,-0.85,-0.171174552,41437,True,5.577442,14.376054,6.637711,26.637749,-0.3203125,-0.064009632,8568,True,0.5296875,0.10716492,0.370901,6.102391
1610,baseline->rtl,5.567431,14.301519,7.386903,27.308327,-0.85,-0.170469821,41441,True,5.586003,14.352152,6.636031,26.613638,-0.3203125,-0.064041353,8567,True,0.5296875,0.106428468,0.36961,6.102351
1611,rtl->baseline,5.813305,15.098774,7.376972,28.335765,-0.85,-0.170187928,41639,True,5.641955,14.30223,6.886115,26.876882,-0.3203125,-0.064054041,8604,True,0.5296875,0.106133887,0.37257,6.350815
1612,baseline->rtl,5.631784,14.599076,7.420044,27.702839,-0.85,-0.170075171,41651,True,5.624055,14.49737,6.642741,26.801799,-0.3203125,-0.064059116,8604,True,0.5296875,0.106016055,0.36542,6.113102
1613,rtl->baseline,5.611854,14.3084,7.439326,27.403782,-0.85,-0.170030069,41653,True,5.757772,14.515371,6.659573,26.978478,-0.3203125,-0.064061147,8605,True,0.5296875,0.105968922,0.373681,6.121102
1614,baseline->rtl,5.635715,14.382514,7.372722,27.443735,-0.840625,-0.166074527,42182,True,5.617324,14.290229,6.635311,26.581636,-0.3203125,-0.064061959,8724,True,0.5203125,0.102012568,0.365821,6.107351
1615,rtl->baseline,5.598023,14.331081,7.364832,27.338728,-0.840625,-0.167304811,42180,True,5.572872,14.417156,6.63203,26.669811,-0.3203125,-0.064062283,8722,True,0.5203125,0.103242528,0.368221,6.100011
1616,baseline->rtl,5.594243,14.334002,7.416154,27.397652,-0.840625,-0.167796924,42172,True,5.691018,14.358363,6.6263,26.713703,-0.3203125,-0.064062413,8718,True,0.5203125,0.103734511,0.35905,6.102801
1617,rtl->baseline,5.590092,14.495121,7.452836,27.582672,-0.821875,-0.16011877,43354,True,5.623534,14.405916,6.6271,26.703172,-0.296875,-0.054218715,8963,True,0.525,0.105900055,0.35818,6.106672
1618,baseline->rtl,5.575882,14.573765,7.484428,27.686468,-0.821875,-0.162672508,43347,True,5.555701,14.374393,6.630801,26.599627,-0.296875,-0.057312486,8970,True,0.525,0.105360022,0.368941,6.100011
1619,rtl->baseline,5.593332,14.342822,7.437726,27.417852,-0.821875,-0.163694003,43343,True,5.619754,14.527662,6.636881,26.82994,-0.296875,-0.058549994,8964,True,0.525,0.105144009,0.36621,6.105911
1620,baseline->rtl,5.646956,14.395405,7.427855,27.522468,-0.803125,-0.156227601,45067,True,5.673047,14.366013,6.635341,26.713283,-0.28125,-0.052482498,9333,True,0.521875,0.103745103,0.368261,6.103411
1621,rtl->baseline,5.585212,14.968927,7.407782,28.004804,-0.803125,-0.158866041,45081,True,5.550581,14.420326,6.62987,26.64846,-0.28125,-0.054742999,9332,True,0.521875,0.104123042,0.363081,6.100891
1622,baseline->rtl,5.620513,14.531328,7.37512,27.578705,-0.803125,-0.159921416,45056,True,5.578601,14.349428,6.634609,26.60123,-0.28125,-0.0556472,9335,True,0.521875,0.104274216,0.3664,6.10449
1623,rtl->baseline,5.5569,14.306036,7.443715,27.351262,-0.7875,-0.153781066,46037,True,5.668445,14.355799,6.903064,26.974161,-0.265625,-0.04944638,9537,True,0.521875,0.104334686,0.368261,6.369874
1624,baseline->rtl,5.583701,14.423282,7.286726,27.346481,-0.7875,-0.156012427,46022,True,5.648564,14.358669,6.936346,26.981451,-0.265625,-0.051653552,9535,True,0.521875,0.104358875,0.399743,6.371864
1625,rtl->baseline,5.611862,14.339268,7.343498,27.340431,-0.7875,-0.156904971,46054,True,5.565999,14.334687,6.633119,26.578999,-0.265625,-0.052536421,9537,True,0.521875,0.10436855,0.36793,6.1035
1626,baseline->rtl,5.641414,14.293025,7.602463,27.588775,-0.775,-0.152011988,47150,True,5.669505,14.531709,6.641149,26.882126,-0.2578125,-0.049608318,9782,True,0.5171875,0.10240367,0.372981,6.10212
1627,rtl->baseline,5.600921,14.413552,7.385731,27.445027,-0.775,-0.153804795,47160,True,5.585401,14.423262,6.900074,26.95466,-0.2578125,-0.050780827,9781,True,0.5171875,0.103023968,0.36478,6.371324
1628,baseline->rtl,5.629733,14.357849,7.482646,27.522382,-0.775,-0.154521918,47156,True,5.588751,14.452134,6.637199,26.716006,-0.2578125,-0.051249831,9780,True,0.5171875,0.103272087,0.36556,6.10733
1629,rtl->baseline,5.58225,14.492967,8.293461,28.412331,-0.759375,-0.148246267,48156,True,5.615713,14.307106,6.637399,26.60884,-0.25,-0.048156182,9999,True,0.509375,0.100090085,0.364401,6.10628
1630,baseline->rtl,5.667035,14.316106,7.605234,27.640628,-0.759375,-0.150423507,48154,True,5.606442,14.37507,6.625869,26.645882,-0.25,-0.049262473,9997,True,0.509375,0.101161034,0.36254,6.102679
1631,rtl->baseline,5.619522,14.394901,7.586232,27.644418,-0.7625,-0.152606903,48166,True,5.686557,14.328227,6.636719,26.699735,-0.25,-0.049704989,9994,True,0.5125,0.102901914,0.369911,6.10289
1632,baseline->rtl,5.621093,14.335067,7.463696,27.472098,-0.759375,-0.151230261,48868,True,5.645004,14.420832,6.64454,26.748438,-0.2421875,-0.046600746,10148,True,0.5171875,0.104629515,0.36459,6.11623
1633,rtl->baseline,5.594031,14.412672,7.455755,27.50798,-0.759375,-0.151617104,48865,True,5.546599,14.56083,6.943496,27.097937,-0.2421875,-0.047702798,10149,True,0.5171875,0.103914306,0.365311,6.352393
1634,baseline->rtl,5.659425,14.343008,7.465286,27.520251,-0.759375,-0.151771842,48889,True,5.58402,14.385941,6.635379,26.643422,-0.2421875,-0.048143619,10148,True,0.5171875,0.103628223,0.368191,6.104089
1635,rtl->baseline,5.55691,14.36897,7.515388,27.48486,-0.74375,-0.145271237,50160,True,5.652994,14.457965,6.921125,27.076477,-0.2265625,-0.041757448,10418,True,0.5171875,0.103513789,0.390292,6.369084
1636,baseline->rtl,5.56651,14.355419,7.495797,27.471818,-0.74375,-0.147358495,50168,True,5.590941,14.345148,6.677532,26.652003,-0.2265625,-0.043890479,10419,True,0.5171875,0.103468016,0.3677,6.143882
1637,rtl->baseline,5.644354,14.492826,7.577632,27.761084,-0.74375,-0.148193398,50160,True,5.645704,14.346458,6.64137,26.678944,-0.2265625,-0.044743692,10415,True,0.5171875,0.103449706,0.369081,6.109139
1638,baseline->rtl,5.578749,14.364185,7.447662,27.442901,-0.728125,-0.141964859,51428,True,5.701016,14.344784,6.67002,26.755292,-0.2109375,-0.038522477,10716,True,0.5171875,0.103442382,0.397462,6.105968
1639,rtl->baseline,5.557248,14.498732,7.523746,27.62654,-0.728125,-0.144160944,51462,True,5.640252,14.492553,6.653278,26.833005,-0.2109375,-0.040721491,10716,True,0.5171875,0.103439453,0.36224,6.124329
1640,baseline->rtl,5.618671,14.362895,7.487685,27.523044,-0.728125,-0.145039377,51417,True,5.690235,14.2589,6.636537,26.626884,-0.2109375,-0.041601096,10712,True,0.5171875,0.103438281,0.368631,6.105778
1641,rtl->baseline,5.609381,14.760587,7.653054,28.072645,-0.715625,-0.140140751,52305,True,5.59488,15.640227,6.650479,27.934027,-0.203125,-0.038671689,10907,True,0.5125,0.101469062,0.36575,6.114689
1642,baseline->rtl,5.652683,14.364676,7.537087,27.608628,-0.715625,-0.1419313,52309,True,5.735448,14.306493,6.657778,26.738291,-0.203125,-0.039843675,10902,True,0.5125,0.102087625,0.372301,6.120869
1643,rtl->baseline,5.59973,14.386587,7.537867,27.567747,-0.715625,-0.14264752,52281,True,5.566218,14.489112,6.635157,26.738771,-0.203125,-0.04031247,10902,True,0.5125,0.10233505,0.364471,6.104198
1644,baseline->rtl,5.632732,14.369375,7.598181,27.652592,-0.7125,-0.141621508,53067,True,5.59421,14.370125,6.638768,26.640125,-0.1953125,-0.037218738,11068,True,0.5171875,0.10440277,0.36615,6.109069
1645,rtl->baseline,5.95214,14.385996,8.313261,28.699129,-0.7125,-0.142148603,53053,True,5.656293,14.271011,6.641277,26.617034,-0.1953125,-0.038324995,11071,True,0.5171875,0.103823608,0.369641,6.106198
1646,baseline->rtl,5.59266,14.349924,7.562219,27.557146,-0.7125,-0.142359441,53053,True,5.58928,14.382327,6.910293,26.921481,-0.1953125,-0.038767498,11064,True,0.5171875,0.103591943,0.373581,6.372173
1647,rtl->baseline,5.585819,14.357775,7.599561,27.589168,-0.715625,-0.143756277,52977,True,5.688875,14.401007,6.642238,26.778652,-0.1953125,-0.038944499,11060,True,0.5203125,0.104811778,0.375531,6.103448
1648,baseline->rtl,5.616251,14.476782,7.500265,27.645181,-0.715625,-0.143377511,52943,True,5.669594,14.376286,6.936154,27.023047,-0.1953125,-0.0390153,11065,True,0.5203125,0.104362211,0.400422,6.369383
1649,rtl->baseline,5.609771,14.387687,7.529777,27.572747,-0.715625,-0.143226004,52966,True,5.60381,14.382837,6.648708,26.681768,-0.1953125,-0.03904362,11067,True,0.5203125,0.104182384,0.35927,6.129199
1650,baseline->rtl,5.664704,14.308043,7.638012,27.660942,-0.684375,-0.130040402,54782,True,5.617851,14.340754,6.641808,26.642266,-0.171875,-0.029211198,11440,True,0.5125,0.100829204,0.371651,6.104518
1651,rtl->baseline,5.598791,14.324764,7.530717,27.499413,-0.684375,-0.134141161,54836,True,5.665134,14.510344,6.629767,26.852437,-0.171875,-0.032309479,11449,True,0.5125,0.101831682,0.36443,6.100298
1652,baseline->rtl,5.735617,14.339604,7.432742,27.560987,-0.684375,-0.135781464,54808,True,5.574469,14.450881,6.723132,26.785193,-0.171875,-0.033548792,11443,True,0.5125,0.102232672,0.387212,6.152621
1653,rtl->baseline,5.58751,14.304182,7.605731,27.544135,-0.684375,-0.136437586,54289,True,5.647593,14.380356,6.633748,26.707329,-0.1640625,-0.030763267,11317,True,0.5203125,0.105674319,0.36414,6.104348
1654,baseline->rtl,5.59591,14.356875,7.333604,27.339752,-0.684375,-0.136700034,54267,True,5.715475,14.376793,6.671407,26.803648,-0.1640625,-0.031992807,11321,True,0.5203125,0.104707227,0.394642,6.110247
1655,rtl->baseline,5.578267,14.432086,7.45263,27.509836,-0.684375,-0.136805014,54252,True,5.617509,14.50284,6.884219,27.052811,-0.2890625,-0.084984623,11290,True,0.3953125,0.051820391,0.36591,6.353761
1656,baseline->rtl,5.679813,14.376982,7.420949,27.532238,-0.6375,-0.117159505,56359,True,5.638681,14.51993,6.71321,26.911013,-0.125,0.000224901,11772,True,0.5125,0.117384406,0.36975,6.16897
1657,rtl->baseline,5.576798,14.415985,7.524995,27.564129,-0.6375,-0.123363802,56381,True,5.578447,14.440616,6.905361,26.970967,-0.125,-0.01491004,11766,True,0.5125,0.108453762,0.36678,6.371711
1658,baseline->rtl,5.578408,14.382113,7.483452,27.497786,-0.6375,-0.125845521,56353,True,5.580578,14.425485,6.890379,26.933315,-0.125,-0.020964016,11766,True,0.5125,0.104881505,0.3665,6.358251
1659,rtl->baseline,5.568797,14.432645,7.521105,27.568879,-0.61875,-0.118963208,58672,True,5.572247,14.622636,6.915111,27.158187,-0.09375,-0.010260606,12270,True,0.525,0.108702602,0.386751,6.362241
1660,baseline->rtl,5.598678,14.435646,7.525785,27.613442,-0.61875,-0.121835283,58836,True,5.713595,14.369492,6.636696,26.759445,-0.09375,-0.015354243,12264,True,0.525,0.10648104,0.368481,6.101896
1661,rtl->baseline,5.555446,14.291178,7.517434,27.408971,-0.61875,-0.122984113,58894,True,5.671103,14.398614,6.641196,26.755755,-0.09375,-0.017391697,12275,True,0.525,0.105592416,0.370761,6.105456
1662,baseline->rtl,5.531015,14.480378,8.824416,28.890683,-0.7625,-0.183818645,50988,True,5.665413,14.32402,6.668507,26.696292,-0.25,-0.083831679,10598,True,0.5125,0.099986966,0.368931,6.108927
1663,rtl->baseline,5.580457,14.32393,7.739866,27.690246,-0.7625,-0.165027458,50990,True,5.650271,14.404654,6.643356,26.744254,-0.2421875,-0.060251422,10597,True,0.5203125,0.104776036,0.37175,6.105357
1664,baseline->rtl,5.594149,14.413644,7.564927,27.626003,-0.7625,-0.157510983,50988,True,5.648681,14.297859,6.664737,26.651919,-0.2421875,-0.053163069,10598,True,0.5203125,0.104347914,0.398172,6.099246
1665,rtl->baseline,5.61318,14.486089,7.549466,27.694407,-0.7625,-0.154504393,51720,True,5.62669,14.377613,6.634476,26.684891,-0.2421875,-0.050327727,10710,True,0.5203125,0.104176666,0.36221,6.111967
1666,baseline->rtl,6.278916,14.369222,7.590499,28.292159,-0.7625,-0.153301757,51916,True,5.629591,14.34552,6.633336,26.648339,-0.2421875,-0.049193591,10718,True,0.5203125,0.104108166,0.3671,6.102156
1667,rtl->baseline,5.600649,14.307498,8.150139,28.104089,-0.7625,-0.152820703,51918,True,5.574667,14.542041,6.638126,26.802357,-0.2421875,-0.048739936,10721,True,0.5203125,0.104080767,0.36974,6.102127
1668,baseline->rtl,5.62978,14.359322,7.463951,27.504146,-0.75625,-0.150003281,53050,True,5.624,14.362992,6.89739,26.924874,-0.234375,-0.045277225,11016,True,0.521875,0.104726056,0.36201,6.371151
1669,rtl->baseline,5.569357,14.34153,7.480312,27.436802,-0.75625,-0.150751312,53056,True,5.569897,14.427685,6.625605,26.67217,-0.234375,-0.04623589,11010,True,0.521875,0.104515422,0.365,6.099006
1670,baseline->rtl,5.594458,14.387153,7.493283,27.529187,-0.75625,-0.151050525,52923,True,5.598629,14.603991,6.637924,26.876977,-0.234375,-0.046619356,11013,True,0.521875,0.104431169,0.37258,6.104055
1671,rtl->baseline,5.581916,14.644413,7.535724,27.806755,-0.75625,-0.15117021,54096,True,5.65219,14.329796,6.642334,26.671753,-0.234375,-0.046772742,11239,True,0.521875,0.104397468,0.373041,6.102495
1672,baseline->rtl,5.562545,14.432072,7.47824,27.526561,-0.75625,-0.151218084,53396,True,5.684952,14.395339,6.904229,27.023192,-0.234375,-0.046834097,11146,True,0.521875,0.104383987,0.36566,6.37225
1673,rtl->baseline,5.563235,14.434002,7.455519,27.499048,-0.75625,-0.151237234,53605,True,5.599517,14.361968,6.640844,26.647912,-0.234375,-0.046858639,11166,True,0.521875,0.104378595,0.36609,6.111786
1674,baseline->rtl,5.733664,14.322966,7.437788,27.547742,-0.746875,-0.147307393,54601,True,5.671101,14.476944,6.656976,26.844603,-0.2265625,-0.043587206,11383,True,0.5203125,0.103720187,0.36208,6.134216
1675,rtl->baseline,5.605428,14.304535,7.507492,27.463257,-0.746875,-0.148547957,54524,True,5.609107,14.534588,6.902758,27.093307,-0.2265625,-0.044622382,11376,True,0.5203125,0.103925575,0.370361,6.367829
1676,baseline->rtl,5.595187,14.315705,7.48026,27.444026,-0.746875,-0.149044183,54541,True,5.621109,14.323085,6.638725,26.622781,-0.2265625,-0.045036453,11346,True,0.5203125,0.10400773,0.37001,6.105675
1677,rtl->baseline,5.576996,14.293084,7.619358,27.535691,-0.73125,-0.142680173,57614,True,5.63919,14.365128,6.883718,26.935588,-0.21875,-0.041920831,11948,True,0.5125,0.100759342,0.36188,6.357469
1678,baseline->rtl,5.580766,14.361278,7.557514,27.553022,-0.73125,-0.144822069,57617,True,5.519643,14.421661,6.791343,26.771339,-0.21875,-0.043018332,11943,True,0.5125,0.101803737,0.425383,6.178029
1679,rtl->baseline,5.572605,14.272363,7.636389,27.52664,-0.73125,-0.145678828,57390,True,5.576315,15.017033,6.868167,27.505499,-0.21875,-0.043457333,11938,True,0.5125,0.102221495,0.340788,6.36914
1680,baseline->rtl,5.605888,14.369068,7.47342,27.500799,-0.728125,-0.144709031,57696,True,5.660081,14.38848,6.954921,27.043214,-0.2109375,-0.040351683,12040,True,0.5171875,0.104357348,0.424084,6.364549
1681,rtl->baseline,5.588597,14.417381,8.113675,28.165405,-0.728125,-0.145258612,57580,True,5.571416,14.385909,6.641514,26.644201,-0.2109375,-0.041453173,12016,True,0.5171875,0.103805439,0.36822,6.108245
1682,baseline->rtl,5.613868,14.979342,7.509332,28.150944,-0.728125,-0.145478445,57695,True,5.749865,14.40186,6.93312,27.125328,-0.2109375,-0.041893769,12056,True,0.5171875,0.103584676,0.397761,6.37126
1683,rtl->baseline,5.634639,14.39088,7.490301,27.559972,-0.715625,-0.140316378,59842,True,5.627049,14.39876,6.631264,26.703635,-0.203125,-0.038788758,12528,True,0.5125,0.10152762,0.36766,6.101944
1684,baseline->rtl,5.603187,14.453453,7.456539,27.563743,-0.715625,-0.142001551,60457,True,5.619928,14.348818,6.622743,26.633581,-0.203125,-0.039890503,12623,True,0.5125,0.102111048,0.35914,6.099244
1685,rtl->baseline,5.600867,14.297705,7.584456,27.5273,-0.715625,-0.14267562,60429,True,5.594497,14.426982,6.629193,26.697315,-0.203125,-0.040331201,12678,True,0.5125,0.102344419,0.36297,6.100395
1686,baseline->rtl,5.605708,14.645983,8.353518,28.655592,-0.696875,-0.135070248,62002,True,5.64886,14.347817,6.653315,26.690594,-0.1875,-0.03394498,12974,True,0.509375,0.101125268,0.36677,6.123185
1687,rtl->baseline,5.687671,14.345683,7.67958,27.758406,-0.696875,-0.137653099,62181,True,5.592876,14.550404,6.900127,27.090069,-0.1875,-0.036077992,13000,True,0.509375,0.101575107,0.37003,6.367127
1688,baseline->rtl,5.602496,14.387556,8.179256,28.222111,-0.696875,-0.13868624,62112,True,5.767315,14.333913,6.641663,26.839596,-0.1875,-0.036931197,12997,True,0.509375,0.101755043,0.37481,6.102353
1689,rtl->baseline,5.660059,14.243808,7.681059,27.631529,-0.690625,-0.136474496,61583,True,5.686111,14.423727,6.910948,27.068928,-0.1796875,-0.033991229,12861,True,0.5109375,0.102483267,0.37613,6.369388
1690,baseline->rtl,5.639068,14.338673,7.725482,27.756145,-0.690625,-0.137464798,61480,True,5.653478,14.474421,6.886926,27.053357,-0.1796875,-0.035158992,12840,True,0.5109375,0.102305806,0.36977,6.352287
1691,rtl->baseline,5.626247,14.824729,7.839768,28.335687,-0.690625,-0.137860919,61279,True,5.633858,14.382875,6.664514,26.726049,-0.1796875,-0.035626097,12838,True,0.5109375,0.102234822,0.354589,6.117294
1692,baseline->rtl,5.732963,14.306081,7.666629,27.755035,-0.675,-0.131456868,62590,True,5.600826,14.606787,6.637933,26.884198,-0.1640625,-0.029250439,13106,True,0.5109375,0.102206429,0.37426,6.100123
1693,rtl->baseline,5.597216,14.302451,7.606016,27.551434,-0.675,-0.133582747,62567,True,5.630287,14.336933,6.632242,26.646725,-0.1640625,-0.031387675,13112,True,0.5109375,0.102195072,0.36403,6.104613
1694,baseline->rtl,5.555123,14.418258,7.637287,27.66292,-0.675,-0.134433099,62446,True,5.574404,14.513383,6.628721,26.756021,-0.1640625,-0.03224257,13086,True,0.5109375,0.102190529,0.36342,6.100703
1695,rtl->baseline,5.562943,15.033101,7.569033,28.20717,-0.64375,-0.12164824,62989,True,5.606596,14.795658,6.629202,27.078198,-0.1328125,-0.019459528,13208,True,0.5109375,0.102188712,0.348329,6.118775
1696,baseline->rtl,5.587185,14.46287,7.488708,27.593017,-0.64375,-0.125909296,63007,True,5.66825,14.380865,6.623872,26.711049,-0.1328125,-0.023721311,13229,True,0.5109375,0.102187985,0.3615,6.098563
1697,rtl->baseline,5.630687,14.322372,7.50627,27.506132,-0.64375,-0.127613718,62869,True,5.606706,14.329003,6.635422,26.619123,-0.1328125,-0.025426024,13198,True,0.5109375,0.102187694,0.36065,6.111114
1698,baseline->rtl,5.700091,14.331262,7.477819,27.563525,-0.565625,-0.095482987,61195,True,5.673029,14.335103,6.658384,26.706428,-0.0546875,0.00670459,12858,True,0.5109375,0.102187577,0.37136,6.122124
1699,rtl->baseline,5.617867,14.299311,7.492459,27.457489,-0.565625,-0.106068195,61200,True,5.620656,14.449279,6.904047,27.021976,-0.0546875,-0.003880664,12870,True,0.5109375,0.102187531,0.37033,6.368778
1700,baseline->rtl,5.654838,14.432248,7.552263,27.692702,-0.565625,-0.110302278,61124,True,5.628307,14.382615,6.642243,26.694387,-0.0546875,-0.008114766,12863,True,0.5109375,0.102187512,0.37046,6.105834
1701,rtl->baseline,5.637167,14.2794,8.219119,28.182638,-0.446875,-0.062120911,61541,True,5.712572,14.428128,6.923208,27.11364,0.0546875,0.036129094,12923,True,0.5015625,0.098250005,0.391061,6.370008
1702,baseline->rtl,5.603886,14.367665,7.631776,27.65515,-0.446875,-0.078473364,61584,True,5.554614,14.381685,6.643503,26.619944,0.0546875,0.021014138,12948,True,0.5015625,0.099487502,0.36918,6.109614
1703,rtl->baseline,5.575573,14.293127,7.644735,27.557758,-0.446875,-0.085014346,61668,True,5.615976,14.334259,6.63105,26.627579,0.0546875,0.014968155,12939,True,0.5015625,0.099982501,0.365429,6.103042
1704,baseline->rtl,5.588284,14.419154,7.648576,27.708696,-0.384375,-0.061380738,60550,True,5.571232,14.385252,6.907256,26.904183,0.1171875,0.038799762,12725,True,0.5015625,0.1001805,0.37485,6.367136
1705,rtl->baseline,5.604485,14.344209,7.557021,27.550968,-0.384375,-0.070677295,60618,True,5.582814,14.392982,6.639561,26.662649,0.109375,0.026301155,12733,True,0.49375,0.09697845,0.36923,6.107722
1706,baseline->rtl,5.71025,14.319329,7.540979,27.622651,-0.384375,-0.074395918,60670,True,5.672429,14.309477,6.669783,26.690491,0.109375,0.023645462,12723,True,0.49375,0.09804138,0.36673,6.137823
1707,rtl->baseline,5.649237,14.472857,7.592683,27.761549,-0.353125,-0.062758367,59090,True,5.596264,15.27618,6.657882,27.577099,0.140625,0.035708185,12438,True,0.49375,0.098466552,0.372011,6.106872
1708,baseline->rtl,5.680669,14.35518,7.528879,27.616971,-0.353125,-0.067478347,58909,True,5.747702,14.440295,6.908206,27.137555,0.140625,0.031158274,12409,True,0.49375,0.098636621,0.37289,6.371626
1709,rtl->baseline,5.673088,14.325959,7.580442,27.624651,-0.353125,-0.069366339,58940,True,5.566762,14.399003,6.887854,26.899502,0.140625,0.02933831,12415,True,0.49375,0.098704649,0.36777,6.352555
1710,baseline->rtl,5.577403,14.34737,7.560691,27.535687,-0.325,-0.058309036,57554,True,5.599065,14.381561,6.635521,26.655259,0.1640625,0.038454074,12222,True,0.4890625,0.09676311,0.36872,6.105281
1711,rtl->baseline,5.577383,14.258635,7.597113,27.478213,-0.325,-0.062323614,58175,True,5.571423,14.412733,6.62427,26.654328,0.1640625,0.03506913,12250,True,0.4890625,0.097392744,0.358619,6.102242
1712,baseline->rtl,5.579423,14.412793,7.53253,27.649173,-0.325,-0.063929446,58148,True,5.593353,14.553941,6.892555,27.077692,0.1640625,0.033715152,12235,True,0.4890625,0.097644598,0.3712,6.356885
1713,rtl->baseline,5.612175,14.321419,7.524429,27.503955,-0.275,-0.043571778,56557,True,5.655518,14.323358,6.649872,26.67725,0.2109375,0.052861061,12019,True,0.4859375,0.096432839,0.36513,6.120302
1714,baseline->rtl,5.618186,14.373521,7.510058,27.554218,-0.275,-0.050428711,56612,True,5.719191,14.295717,6.63361,26.688731,0.2109375,0.046456924,12021,True,0.4859375,0.096885635,0.3682,6.101602
1715,rtl->baseline,5.657948,14.310148,7.589842,27.603721,-0.275,-0.053171485,56532,True,5.616576,14.469346,6.761928,26.894972,0.2109375,0.04389527,11996,True,0.4859375,0.097066755,0.402172,6.178826
1716,baseline->rtl,5.561393,14.489237,7.484637,27.586689,-0.23125,-0.035893594,55947,True,5.584833,14.360511,6.63336,26.618016,0.25,0.059276858,11802,True,0.48125,0.095170452,0.36409,6.106002
1717,rtl->baseline,5.608495,14.385062,7.646215,27.683365,-0.23125,-0.042107438,56051,True,5.631576,14.34487,6.641291,26.663029,0.25,0.053710743,11843,True,0.48125,0.095818181,0.37073,6.107292
1718,baseline->rtl,5.606005,14.395652,7.505318,27.558548,-0.23125,-0.044592975,56032,True,5.596334,14.359471,6.62832,26.622937,0.25,0.051484297,11817,True,0.48125,0.096077272,0.36593,6.099631
1719,rtl->baseline,6.307851,14.275102,7.590731,28.223356,-0.165625,-0.01802469,55460,True,5.608365,14.302697,6.6375,26.596394,0.328125,0.083406219,11659,True,0.49375,0.101430909,0.36578,6.109781
1720,baseline->rtl,5.666337,14.365377,7.410221,27.493717,-0.1625,-0.025772376,55511,True,5.624324,14.393559,6.939845,26.99767,0.328125,0.072737488,11671,True,0.490625,0.098509864,0.37287,6.370775
1721,rtl->baseline,5.541149,14.305134,7.486135,27.398123,-0.1625,-0.02980895,55301,True,5.580922,14.331625,6.635939,26.595639,0.328125,0.068469995,11647,True,0.490625,0.098278945,0.373121,6.10001
1722,baseline->rtl,5.725669,14.41579,7.411711,27.606084,-0.13125,-0.01829858,55235,True,5.648556,14.422761,6.632178,26.742057,0.3515625,0.076606748,11691,True,0.4828125,0.094905328,0.3692,6.10002
1723,rtl->baseline,5.617704,14.372648,7.473864,27.509978,-0.13125,-0.023069432,55467,True,5.696979,14.337935,6.944736,27.024612,0.3515625,0.072830199,11703,True,0.4828125,0.095899631,0.414922,6.365774
1724,baseline->rtl,5.582542,14.383118,7.507166,27.526299,-0.134375,-0.026290273,55391,True,5.572701,14.379318,6.906354,26.897545,0.3515625,0.07131958,11688,True,0.4859375,0.097609853,0.36985,6.373085
1725,rtl->baseline,5.683798,14.300833,7.768701,27.796974,0.040625,0.046858891,56346,True,5.636145,14.344326,6.630819,26.659862,0.5234375,0.142902832,11829,True,0.4828125,0.096043941,0.366519,6.10287
1726,baseline->rtl,5.637605,14.380568,7.681305,27.748061,0.040625,0.023618556,56173,True,5.590533,14.391699,6.899563,26.921036,0.5234375,0.119973633,11847,True,0.4828125,0.096355077,0.36649,6.371805
1727,rtl->baseline,5.578622,14.61653,8.608226,28.84676,0.040625,0.014322423,56167,True,5.626864,14.390788,6.633539,26.696614,0.5234375,0.110801953,11803,True,0.4828125,0.09647953,0.36387,6.10643
1728,baseline->rtl,5.636895,14.736537,7.699057,28.123791,0.06875,0.022416469,56370,True,5.905569,14.595029,6.64337,27.183041,0.5546875,0.120258281,11888,True,0.4859375,0.097841812,0.37673,6.10335
1729,rtl->baseline,5.54281,14.380637,7.693176,27.663506,0.06875,0.017216588,56323,True,5.631724,14.399069,6.632969,26.709815,0.5546875,0.114665812,11847,True,0.4859375,0.097449224,0.36533,6.103971
1730,baseline->rtl,5.572571,14.374568,7.561179,27.559851,0.06875,0.015136635,55856,True,5.565561,14.380208,6.899343,26.883654,0.5546875,0.112428825,11813,True,0.4859375,0.09729219,0.360889,6.372835
1731,rtl->baseline,5.672087,14.690035,7.970801,28.427398,0.090625,0.023492154,55250,True,5.581952,14.271592,6.83474,26.733656,0.578125,0.12137778,11620,True,0.4875,0.097885626,0.36476,6.289421
1732,baseline->rtl,5.610294,14.350946,7.553869,27.567401,0.090625,0.020271862,55171,True,5.618484,14.362117,6.938725,26.957418,0.578125,0.117926112,11620,True,0.4875,0.09765425,0.403002,6.372775
1733,rtl->baseline,5.633505,14.324525,7.57645,27.580582,0.090625,0.018983745,55272,True,5.623204,14.400369,6.638369,26.710795,0.578125,0.116545445,11646,True,0.4875,0.0975617,0.36551,6.109531
1734,baseline->rtl,5.625234,14.323935,7.671505,27.673048,0.115625,0.028968498,54650,True,5.655786,14.325585,6.632239,26.653282,0.59375,0.122555678,11579,True,0.478125,0.09358718,0.36901,6.10154
1735,rtl->baseline,5.55617,14.237358,7.710705,27.551615,0.115625,0.025462399,54558,True,5.55208,14.430381,6.903633,26.932857,0.59375,0.120272271,11547,True,0.478125,0.094809872,0.36634,6.372485
1736,baseline->rtl,5.601612,14.336822,7.668163,27.661889,0.115625,0.02405996,54657,True,5.718078,14.533792,6.640328,26.93363,0.59375,0.119358908,11652,True,0.478125,0.095298948,0.37569,6.100518
1737,rtl->baseline,5.641334,14.276048,7.681154,27.644908,0.14375,0.035311484,55817,True,5.673305,14.515732,6.654448,26.891828,0.625,0.132118563,11795,True,0.48125,0.096807079,0.36354,6.102109
1738,baseline->rtl,5.589411,14.330851,7.730387,27.704312,0.14375,0.031374594,55733,True,5.557799,14.325141,6.629947,26.551599,0.625,0.127847425,11766,True,0.48125,0.096472831,0.366419,6.099949
1739,rtl->baseline,5.718518,14.316031,7.750878,27.831358,0.14375,0.029799837,55969,True,5.58061,14.982276,6.647028,27.255077,0.625,0.12613897,11832,True,0.48125,0.096339133,0.356469,6.12706
1740,baseline->rtl,5.591571,14.538173,7.731946,27.913884,0.175,0.042294935,55941,True,5.5656,14.368803,6.902462,26.875447,0.640625,0.132018088,11692,True,0.465625,0.089723153,0.36973,6.369453
1741,rtl->baseline,5.557369,14.582615,7.952548,28.135605,0.175,0.037917974,55657,True,5.590771,14.376135,6.645458,26.659726,0.640625,0.129682235,11676,True,0.465625,0.091764261,0.36281,6.11965
1742,baseline->rtl,5.57173,14.370474,7.747327,27.740454,0.171875,0.03485469,55831,True,5.580781,14.408365,6.638898,26.665536,0.640625,0.128747894,11679,True,0.46875,0.093893204,0.36993,6.106618
1743,rtl->baseline,5.5812,14.334672,7.685204,27.646519,0.225,0.056879376,56152,True,5.56056,14.414186,6.639707,26.661795,0.546875,0.088999158,11778,True,0.321875,0.032119782,0.37196,6.102629
1744,baseline->rtl,5.656655,14.30053,7.62258,27.632768,0.225,0.04975175,56292,True,5.664315,14.410626,6.645468,26.758961,0.546875,0.101224663,11760,True,0.321875,0.051472913,0.368909,6.112909
1745,rtl->baseline,5.580941,14.274058,7.632501,27.534433,0.225,0.0469007,56038,True,5.57296,14.358184,6.905881,26.882708,0.546875,0.106114865,11724,True,0.321875,0.059214165,0.36987,6.372183
1746,baseline->rtl,5.585311,14.356613,7.521135,27.517161,0.253125,0.05757278,57817,True,5.597681,14.320271,6.633227,26.590892,0.484375,0.081820946,12061,True,0.23125,0.024248166,0.363549,6.106799
1747,rtl->baseline,5.616033,14.284489,7.601209,27.546294,0.253125,0.053404112,57868,True,5.620432,14.342553,6.628877,26.638225,0.484375,0.090853378,12080,True,0.23125,0.037449266,0.36639,6.102258
1748,baseline->rtl,5.617913,14.558454,7.461782,27.690691,0.253125,0.051736645,57930,True,5.696457,14.381834,6.899162,27.016265,0.484375,0.094466351,12067,True,0.23125,0.042729706,0.36583,6.369743
1749,rtl->baseline,5.681516,14.49628,16.805615,37.029414,0.334375,0.085194658,57856,True,5.647414,15.511855,6.632317,27.836749,0.3203125,0.027005291,12120,True,0.0140625,0.058189367,0.35728,6.106499
1750,baseline->rtl,5.884617,15.196038,10.365488,31.492136,0.334375,0.074202863,57692,True,5.604462,14.341112,6.646718,26.628354,0.3046875,0.042677116,12096,True,0.0296875,0.031525747,0.37724,6.104699
1751,rtl->baseline,5.600671,14.467176,17.301898,37.414557,0.334375,0.069806145,57901,True,5.619952,14.430957,6.924613,27.024206,0.3046875,0.053633346,12128,True,0.0296875,0.016172799,0.36548,6.372283
1752,baseline->rtl,5.559708,14.525309,7.65295,27.79314,0.409375,0.099547458,57924,True,5.59673,17.394402,6.973944,30.003768,0.1875,0.008797089,12032,True,0.221875,0.090750369,0.442063,6.359491
1753,rtl->baseline,5.929118,14.322928,8.285054,28.584752,0.409375,0.088943983,57849,True,5.682935,14.608543,6.861558,27.196588,0.1875,0.026018835,12039,True,0.221875,0.062925148,0.341199,6.365021
1754,baseline->rtl,5.640372,14.478026,7.533444,27.706145,0.409375,0.084702593,57916,True,5.59482,14.473966,6.89905,27.006047,0.1875,0.032907534,12038,True,0.221875,0.051795059,0.363379,6.373252
1755,rtl->baseline,5.614971,14.463485,7.889973,28.013802,0.44375,0.097443537,58265,True,5.59501,14.313908,6.643736,26.599326,0.1171875,0.006131764,12115,True,0.3265625,0.091311773,0.37245,6.105737
1756,baseline->rtl,5.644082,14.395622,7.553865,27.647242,0.44375,0.092227415,58240,True,5.679024,14.36613,6.631055,26.715942,0.1171875,0.016515205,12089,True,0.3265625,0.07571221,0.364089,6.103237
1757,rtl->baseline,5.584239,14.459025,7.563085,27.652392,0.44375,0.090140966,58286,True,5.566279,14.400192,6.633526,26.647548,0.125,0.023949832,12110,True,0.31875,0.066191134,0.36847,6.101817
1758,baseline->rtl,5.620661,14.331448,7.587987,27.592959,0.45,0.091931386,58509,True,5.605731,14.302687,6.662427,26.607146,0.09375,0.011454933,12175,True,0.35625,0.080476453,0.374161,6.124189
1759,rtl->baseline,5.60787,16.61076,9.032925,31.296277,0.45,0.090772555,58479,True,5.635132,14.310427,6.638256,26.630667,0.09375,0.015831973,12172,True,0.35625,0.074940582,0.363719,6.110718
1760,baseline->rtl,5.774409,14.36413,7.549065,27.741197,0.45,0.090309022,58554,True,5.642892,14.565351,6.634265,26.883181,0.09375,0.017582789,12184,True,0.35625,0.072726233,0.36667,6.104967
1761,rtl->baseline,5.663724,14.321678,7.518943,27.549787,0.48125,0.103248609,58124,True,5.652503,14.421403,6.921861,27.042649,0.0390625,-0.004685634,12083,True,0.4421875,0.107934243,0.392501,6.367651
1762,baseline->rtl,5.620202,14.333278,11.415182,31.421714,0.478125,0.097736943,58119,True,5.59372,14.378411,6.629745,26.639848,0.0390625,0.002813246,12076,True,0.4390625,0.094923697,0.366839,6.100997
1763,rtl->baseline,5.60831,14.308027,7.613528,27.575759,0.478125,0.096469777,58100,True,5.60612,14.539869,6.633016,26.826128,0.0390625,0.005812799,12074,True,0.4390625,0.090656978,0.36781,6.102058
1764,baseline->rtl,5.58403,14.418143,7.734594,27.78973,0.496875,0.103837911,57326,True,5.605771,14.319358,6.646106,26.609326,0.21875,0.082481369,11932,True,0.278125,0.021356542,0.36908,6.112078
1765,rtl->baseline,5.543507,14.310037,7.680511,27.578988,0.503125,0.103785164,57297,True,5.5894,14.426133,6.657497,26.719972,0.0,-0.032632452,11898,True,0.503125,0.136417616,0.393351,6.101727
1766,baseline->rtl,5.571819,14.525359,7.66644,27.816001,0.496875,0.099264066,57157,True,5.568289,14.595402,6.661347,26.86342,0.0078125,-0.013052981,11856,True,0.4890625,0.112317047,0.38202,6.112588
1767,rtl->baseline,5.559936,14.355096,13.021455,32.98136,0.51875,0.108518126,57200,True,5.638322,14.315127,6.642765,26.644067,-0.03125,-0.018346192,11799,True,0.55,0.126864318,0.37467,6.104786
1768,baseline->rtl,5.566397,14.410729,7.635187,27.664886,0.51875,0.105657251,57194,True,5.62399,14.407848,6.629114,26.698434,-0.03125,-0.011088477,11789,True,0.55,0.116745728,0.363449,6.102176
1769,rtl->baseline,5.584118,14.361036,7.69345,27.683217,0.51875,0.1045129,57110,True,5.598219,14.361676,6.636314,26.643631,-0.0234375,-0.004904141,11764,True,0.5421875,0.109417041,0.367169,6.101126
1770,baseline->rtl,5.648141,14.398069,7.666949,27.765311,0.55625,0.11980516,57134,True,5.63574,14.354836,6.635774,26.664562,-0.09375,-0.034305406,11810,True,0.65,0.154110566,0.363729,6.110606
1771,rtl->baseline,7.546833,14.342145,7.541083,29.478073,0.55625,0.114672064,57091,True,9.314317,14.502204,6.92694,30.852906,-0.09375,-0.024972163,11828,True,0.65,0.139644227,0.391761,6.367419
1772,baseline->rtl,5.607579,14.342465,7.593425,27.595183,0.55625,0.112618826,57066,True,5.61378,14.348455,6.657345,26.659043,-0.09375,-0.021238865,11855,True,0.65,0.133857691,0.366789,6.127917
1773,rtl->baseline,5.573017,14.291572,7.4894,27.398101,0.58125,0.12229753,57103,True,5.644751,14.406379,6.93902,27.037272,-0.125,-0.032870546,11873,True,0.70625,0.155168076,0.401262,6.37355
1774,baseline->rtl,5.571377,14.42858,7.570584,27.622754,0.58125,0.118669012,57178,True,5.566947,14.369907,6.639584,26.61437,-0.125,-0.028148218,11870,True,0.70625,0.14681723,0.3682,6.107176
1775,rtl->baseline,5.573777,14.320464,7.50125,27.441304,0.58125,0.117217605,57136,True,5.590428,14.542476,6.632824,26.81252,-0.125,-0.026259287,11868,True,0.70625,0.143476892,0.368509,6.101816
1776,baseline->rtl,5.606809,14.312524,7.599145,27.571642,0.63125,0.137637042,56658,True,5.61853,14.343116,6.643224,26.644021,-0.2109375,-0.061597465,11636,True,0.8421875,0.199234507,0.36743,6.110216
1777,rtl->baseline,5.588138,14.263721,7.654839,27.5512,0.63125,0.130804817,56736,True,5.62506,14.306064,6.635714,26.61282,-0.2109375,-0.049951486,11643,True,0.8421875,0.180756303,0.36731,6.105095
1778,baseline->rtl,5.62966,14.340595,7.530232,27.553601,0.63125,0.128071927,56614,True,5.610089,14.297393,6.643965,26.592309,-0.2109375,-0.045293094,11631,True,0.8421875,0.173365021,0.367979,6.111666
1779,rtl->baseline,5.560917,14.306893,8.504394,28.417577,0.6625,0.140103771,55474,True,5.550096,14.358616,6.645955,26.601109,-0.296875,-0.079523488,11424,True,0.959375,0.219627259,0.36961,6.110696
1780,baseline->rtl,5.570727,14.398099,7.459388,27.482006,0.6625,0.135541508,55451,True,5.650672,14.348835,6.680097,26.718336,-0.296875,-0.067434395,11424,True,0.959375,0.202975903,0.412712,6.103115
1781,rtl->baseline,5.581437,14.355776,7.407735,27.390522,0.6625,0.133716603,55495,True,5.6251,14.358006,6.667366,26.695594,-0.296875,-0.062598758,11429,True,0.959375,0.196315361,0.37423,6.108045
1782,baseline->rtl,5.645071,14.322294,7.600886,27.622513,0.665625,0.134299141,55412,True,5.650811,14.363147,6.643795,26.696204,-0.3359375,-0.077070753,11438,True,1.0015625,0.211369894,0.37163,6.108896
1783,rtl->baseline,8.030966,15.025008,16.073804,39.17572,0.66875,0.134907157,55411,True,5.605909,14.349945,6.636753,26.64037,-0.3359375,-0.071140801,11422,True,1.0046875,0.206047958,0.366049,6.108965
1784,baseline->rtl,5.604857,14.457948,7.671948,27.788916,0.675,0.136837863,55397,True,5.588436,14.559523,6.898147,27.083378,-0.3359375,-0.068768821,11420,True,1.0109375,0.205606684,0.367529,6.368348
1785,rtl->baseline,5.662791,14.429386,7.676848,27.815738,0.675,0.135735145,55812,True,5.906294,14.366873,6.630172,26.950891,-0.3359375,-0.067820028,11493,True,1.0109375,0.203555173,0.36728,6.098804
1786,baseline->rtl,5.630659,14.442347,7.581632,27.708962,0.675,0.135294058,55826,True,5.595187,14.368063,6.650574,26.652206,-0.3359375,-0.067440511,11492,True,1.0109375,0.202734569,0.366639,6.118235
1787,rtl->baseline,5.613259,14.389305,7.583542,27.631308,0.678125,0.136430123,55841,True,5.636019,14.395085,6.631082,26.710629,-0.3359375,-0.067288705,11494,True,1.0140625,0.203718828,0.364069,6.103504
1788,baseline->rtl,5.610678,14.948844,10.484087,31.094281,0.69375,0.142509549,55461,True,5.630439,14.31097,6.632362,26.612633,-0.4296875,-0.106602982,11387,True,1.1234375,0.249112531,0.36649,6.102795
1789,rtl->baseline,5.607978,14.30891,7.897259,27.85897,0.69375,0.14025382,55454,True,6.02441,14.356822,6.902917,27.332022,-0.4296875,-0.094203693,11393,True,1.1234375,0.234457513,0.367939,6.370458
1790,baseline->rtl,5.591006,14.30912,7.845566,27.801217,0.69375,0.139351528,55437,True,5.598958,14.416186,6.636662,26.689698,-0.4140625,-0.082681477,11376,True,1.1078125,0.222033005,0.36965,6.103024
1791,rtl->baseline,5.617638,15.023338,17.528101,38.21467,0.69375,0.138990611,54621,True,5.611918,14.361043,6.824072,26.845255,-0.4453125,-0.095885091,11231,True,1.1390625,0.234875702,0.37678,6.272583
1792,baseline->rtl,5.613868,14.378984,9.97018,30.018134,0.69375,0.138846244,54801,True,5.591097,14.376714,6.895336,26.902509,-0.4296875,-0.085229036,11245,True,1.1234375,0.22407528,0.36348,6.365438
1793,rtl->baseline,5.594597,14.29859,7.988684,27.929894,0.69375,0.138788498,54640,True,5.604388,14.391224,6.633793,26.675607,-0.4453125,-0.092216615,11242,True,1.1390625,0.231005113,0.367439,6.101624
1794,baseline->rtl,5.638069,15.224819,11.701281,32.619623,0.69375,0.138765399,54166,True,5.692993,16.102095,6.923117,28.757868,-0.4140625,-0.077199146,11102,True,1.1078125,0.215964545,0.387741,6.367058
1795,rtl->baseline,5.64945,14.540912,11.747364,31.985078,0.69375,0.13875616,54218,True,5.598807,14.976755,6.621802,27.245837,-0.4140625,-0.080567158,11119,True,1.1078125,0.219323318,0.359429,6.099344
1796,baseline->rtl,5.565355,14.410226,7.442985,27.471999,0.69375,0.138752464,54166,True,5.670471,14.358052,6.943179,27.008274,-0.4140625,-0.081914363,11103,True,1.1078125,0.220666827,0.363929,6.372239
1797,rtl->baseline,5.588226,14.269148,7.517289,27.420327,0.69375,0.138750986,54741,True,5.766297,15.170975,6.604941,27.588775,-0.3828125,-0.069328245,11223,True,1.0765625,0.208079231,0.344328,6.101834
1798,baseline->rtl,5.629329,14.378974,7.503229,27.564794,0.69375,0.138750394,54618,True,5.573216,14.426076,6.634531,26.672755,-0.390625,-0.076950048,11199,True,1.084375,0.215700442,0.368839,6.101283
1799,rtl->baseline,5.633668,14.280695,7.544669,27.505294,0.69375,0.138750158,54353,True,5.616167,14.486016,6.63211,26.781866,-0.390625,-0.077655019,11179,True,1.084375,0.216405177,0.36889,6.100243
1800,baseline->rtl,5.606877,14.38641,7.587331,27.633691,0.7,0.141375063,54987,True,5.596356,14.416142,6.653992,26.706142,-0.3828125,-0.074655758,11261,True,1.0828125,0.216030821,0.373999,6.112873
1801,rtl->baseline,5.663729,14.286235,8.201274,28.19693,0.7,0.140550025,54959,True,5.6681,14.396571,6.894874,27.006377,-0.3828125,-0.075799803,11258,True,1.0828125,0.216349828,0.363799,6.369147
1802,baseline->rtl,5.639848,14.74619,7.775881,28.219812,0.7,0.14022001,55031,True,5.602556,14.276625,6.649271,26.567815,-0.125,0.032023829,11329,True,0.825,0.108196181,0.36732,6.119113
1803,rtl->baseline,5.644378,14.341058,7.827564,27.857853,0.696875,0.138775504,55156,True,9.46062,14.408672,6.63584,30.550446,-0.4453125,-0.136721718,11292,True,1.1421875,0.275497222,0.36772,6.100062
1804,baseline->rtl,5.649529,14.395441,7.595831,27.693695,0.696875,0.139135202,55179,True,5.592796,14.394541,6.640542,26.66608,-0.4453125,-0.108126187,11308,True,1.1421875,0.247261389,0.3759,6.104413
1805,rtl->baseline,5.593836,14.280235,7.55094,27.469422,0.696875,0.139279081,55165,True,5.633918,14.353259,6.62769,26.661809,-0.4453125,-0.096687975,11296,True,1.1421875,0.235967056,0.36693,6.099553
1806,baseline->rtl,5.564954,14.38253,7.543839,27.543606,0.696875,0.139336632,55069,True,5.565614,14.348318,6.904205,26.85519,-0.4453125,-0.09211269,11301,True,1.1421875,0.231449322,0.367979,6.372757
1807,rtl->baseline,5.572254,14.402251,7.55214,27.571837,0.696875,0.139359653,55156,True,5.586746,14.337498,6.641721,26.613687,-0.4453125,-0.090282576,11323,True,1.1421875,0.229642229,0.37356,6.101863
1808,baseline->rtl,5.585945,14.382361,7.510237,27.531085,0.696875,0.139368861,55120,True,5.583805,14.407111,6.901765,26.930353,-0.4453125,-0.08955053,11312,True,1.1421875,0.228919391,0.365169,6.372737
1809,rtl->baseline,5.608406,14.255444,7.617832,27.527705,0.69375,0.138060044,56025,True,5.635148,14.365039,6.897815,26.943214,-0.4296875,-0.082695212,11480,True,1.1234375,0.220755256,0.365089,6.369287
1810,baseline->rtl,5.573994,14.36939,7.460104,27.455222,0.69375,0.138474018,56001,True,5.716642,14.388371,6.657172,26.800877,-0.4296875,-0.084640585,11482,True,1.1234375,0.223114603,0.394411,6.100522
1811,rtl->baseline,5.568094,14.293206,7.593511,27.497734,0.69375,0.138639607,56017,True,5.591095,14.324828,6.630321,26.591196,-0.4296875,-0.085418734,11483,True,1.1234375,0.224058341,0.364849,6.102213
1812,baseline->rtl,5.956175,14.360189,9.907044,30.277011,0.690625,0.137393343,57252,True,5.596615,14.436784,6.897335,26.968806,-0.390625,-0.069323744,11771,True,1.08125,0.206717087,0.363019,6.368307
1813,rtl->baseline,5.650299,14.299666,7.677616,27.672673,0.690625,0.137832337,57226,True,5.937544,14.395551,6.909366,27.291273,-0.390625,-0.074604497,11738,True,1.08125,0.212436834,0.37367,6.372517
1814,baseline->rtl,5.587795,14.386461,7.56618,27.593199,0.690625,0.138007935,57228,True,5.626398,14.368488,6.913844,26.947632,-0.4140625,-0.086560549,11739,True,1.1046875,0.224568484,0.38267,6.367335
1815,rtl->baseline,5.597775,14.473242,8.199522,28.31567,0.68125,0.134140674,58156,True,5.620385,14.335445,6.66023,26.661744,-0.390625,-0.07446797,11968,True,1.071875,0.208608644,0.362579,6.131993
1816,baseline->rtl,5.643777,14.841681,8.743651,29.279361,0.68125,0.13540627,58148,True,5.563662,14.320834,6.630489,26.554048,-0.390625,-0.076662188,11966,True,1.071875,0.212068458,0.361549,6.105551
1817,rtl->baseline,5.557082,14.324584,7.677644,27.606073,0.68125,0.135912508,57970,True,5.740582,14.408749,6.897073,27.094226,-0.390625,-0.077539875,11945,True,1.071875,0.213452383,0.362689,6.372885
1818,baseline->rtl,5.567213,14.346826,7.635112,27.600513,0.68125,0.136115003,58208,True,5.575494,14.378417,6.905483,26.898336,-0.3828125,-0.0746097,11948,True,1.0640625,0.210724703,0.367609,6.370565
1819,rtl->baseline,5.597575,14.368376,7.871944,27.886378,0.68125,0.136196001,58174,True,5.597894,14.559567,6.901493,27.107047,-0.3828125,-0.07578138,11940,True,1.0640625,0.211977381,0.365779,6.370835
1820,baseline->rtl,5.572673,14.373806,7.572049,27.572301,0.68125,0.136228401,58220,True,5.602555,14.332095,6.639909,26.61395,-0.3828125,-0.076250052,11983,True,1.0640625,0.212478453,0.36989,6.104042
1821,rtl->baseline,5.599445,14.457291,7.60061,27.703738,0.678125,0.13492886,58716,True,5.631067,14.388897,6.934685,27.002481,-0.3671875,-0.069875021,12054,True,1.0453125,0.204803881,0.403111,6.371275
1822,baseline->rtl,5.70065,14.395728,7.649302,27.798983,0.678125,0.135346544,58693,True,5.607035,14.415349,6.670741,26.730197,-0.3671875,-0.072012508,12070,True,1.0453125,0.207359052,0.365979,6.140773
1823,rtl->baseline,5.605185,14.336304,7.551767,27.537429,0.678125,0.135513618,58663,True,5.599445,14.4451,6.630199,26.723336,-0.3671875,-0.072867503,12047,True,1.0453125,0.208381121,0.368969,6.100341
1824,baseline->rtl,5.584303,14.354866,7.493924,27.486327,0.675,0.134267947,59554,True,5.578264,14.393147,6.64598,26.653803,-0.3515625,-0.066647001,12214,True,1.0265625,0.200914948,0.37078,6.112171
1825,rtl->baseline,5.604455,14.283741,7.544007,27.476536,0.675,0.134707179,59565,True,5.614185,14.318764,6.66122,26.641382,-0.3671875,-0.075408801,12213,True,1.0421875,0.21011598,0.366359,6.128323
1826,baseline->rtl,5.573373,14.406459,7.450892,27.483016,0.675,0.134882872,59545,True,5.681509,14.337395,6.930095,26.987901,-0.3515625,-0.06766352,12211,True,1.0265625,0.202546392,0.394931,6.372745
1827,rtl->baseline,5.583544,14.297913,7.548527,27.477246,0.675,0.134953149,59497,True,5.586824,14.344295,6.635629,26.613671,-0.3828125,-0.082377908,12196,True,1.0578125,0.217331057,0.36889,6.103181
1828,baseline->rtl,5.623616,14.299853,7.518945,27.493347,0.678125,0.136293759,59453,True,5.68543,14.302933,6.635749,26.663403,-0.3828125,-0.078888663,12182,True,1.0609375,0.215182422,0.369419,6.103291
1829,rtl->baseline,5.622156,14.293022,7.563589,27.525859,0.675,0.134580004,59450,True,5.605885,14.910525,6.618078,27.17945,-0.3828125,-0.077492965,12186,True,1.0578125,0.212072969,0.355309,6.099001
1830,baseline->rtl,5.584454,14.422829,7.561948,27.623274,0.665625,0.130894502,60121,True,5.669479,14.306163,6.636089,26.650373,-0.3359375,-0.057247186,12314,True,1.0015625,0.188141688,0.368159,6.103081
1831,rtl->baseline,5.603494,14.366263,7.504463,27.517212,0.665625,0.132232801,60043,True,5.599863,14.548732,6.639697,26.834246,-0.3203125,-0.056648874,12309,True,0.9859375,0.188881675,0.37205,6.10215
1832,baseline->rtl,5.628725,14.398824,7.502453,27.583646,0.665625,0.13276812,60053,True,5.625285,14.88908,6.622427,27.172703,-0.3203125,-0.06109705,12313,True,0.9859375,0.19386517,0.344868,6.117091
1833,rtl->baseline,5.554441,14.32966,7.646421,27.576284,0.6625,0.131669748,60075,True,5.578463,16.671553,6.588045,28.881483,-0.3203125,-0.06287632,12297,True,0.9828125,0.194546068,0.331138,6.10154
1834,baseline->rtl,5.617064,14.473459,7.44829,27.591525,0.6625,0.132167899,60042,True,5.634645,14.412535,6.659859,26.744261,-0.3203125,-0.063588028,12289,True,0.9828125,0.195755927,0.392951,6.099959
1835,rtl->baseline,5.678387,14.284158,7.519874,27.527452,0.6625,0.13236716,60085,True,5.669447,14.452327,6.886331,27.080549,-0.3203125,-0.063872711,12304,True,0.9828125,0.196239871,0.368389,6.354593
1836,baseline->rtl,5.648566,14.392304,7.560666,27.653359,0.65,0.127196864,60828,True,5.610544,14.587954,6.642438,26.878408,-0.28125,-0.047580334,12381,True,0.93125,0.174777198,0.371579,6.1068
1837,rtl->baseline,5.609054,14.289978,7.620739,27.566504,0.65,0.128878746,60724,True,5.617845,14.409304,6.638598,26.712639,-0.28125,-0.052782134,12363,True,0.93125,0.18166088,0.370829,6.103
1838,baseline->rtl,5.576272,14.441087,7.44331,27.513121,0.65,0.129551498,60676,True,5.655096,14.422256,6.923883,27.040376,-0.28125,-0.054862854,12345,True,0.93125,0.184414352,0.406791,6.354033
1839,rtl->baseline,5.637126,14.578294,8.851804,29.111575,0.603125,0.110133099,58879,True,5.644376,14.391364,6.634918,26.7205,-0.203125,-0.022882641,11982,True,0.80625,0.13301574,0.363879,6.10692
1840,baseline->rtl,5.570892,14.411995,7.742225,27.777515,0.603125,0.11642824,58930,True,5.575722,14.453918,6.913522,26.983084,-0.203125,-0.033528057,11965,True,0.80625,0.149956297,0.37616,6.370763
1841,rtl->baseline,5.599824,14.318151,7.708324,27.67075,0.603125,0.118946296,58821,True,5.604684,14.387124,6.638708,26.72722,-0.203125,-0.037786223,11967,True,0.80625,0.156732519,0.3707,6.10402
1842,baseline->rtl,5.638385,14.422336,7.617749,27.730623,0.584375,0.112078518,59422,True,5.615614,14.425465,6.937184,27.017955,-0.1640625,-0.023083239,12116,True,0.7484375,0.135161757,0.369979,6.370473
1843,rtl->baseline,5.591443,14.294878,7.757407,27.68865,0.584375,0.114956407,59357,True,5.575622,14.450647,6.630687,26.703999,-0.171875,-0.032202046,12091,True,0.75625,0.147158453,0.36771,6.10138
1844,baseline->rtl,5.631775,14.348822,7.63473,27.66815,0.584375,0.116107563,59355,True,5.644436,14.282129,6.631847,26.596663,-0.1640625,-0.030224568,12117,True,0.7484375,0.146332131,0.363589,6.10426
1845,rtl->baseline,5.640145,14.793285,7.549715,28.027608,0.56875,0.110005525,58946,True,5.596623,14.353682,6.627317,26.624764,-0.1484375,-0.025214827,11953,True,0.7171875,0.135220352,0.362168,6.10322
1846,baseline->rtl,5.672917,14.322941,7.542005,27.590145,0.56875,0.11225221,58886,True,5.647275,14.474349,6.641037,26.800334,-0.1484375,-0.027898431,11954,True,0.7171875,0.140150641,0.365119,6.11022
1847,rtl->baseline,5.626453,14.338438,7.452208,27.462582,0.56875,0.113150884,59002,True,5.599502,14.320377,6.638486,26.606947,-0.1484375,-0.028971872,11961,True,0.7171875,0.142122756,0.36759,6.106449
1848,baseline->rtl,5.660305,14.279345,7.522412,27.516565,0.496875,0.083322854,59406,True,5.612783,14.37829,6.674328,26.703563,-0.03125,0.019817501,12055,True,0.528125,0.063505353,0.366969,6.14239
1849,rtl->baseline,5.590131,14.321397,7.571315,27.529275,0.496875,0.092954141,59467,True,5.594531,14.419852,6.664618,26.726404,-0.03125,0.004177,12040,True,0.528125,0.088777141,0.395201,6.103509
1850,baseline->rtl,5.588011,14.330218,7.542073,27.513075,0.496875,0.096806657,59437,True,5.624683,15.238345,6.601444,27.498124,-0.03125,-0.0020792,12055,True,0.528125,0.098885857,0.346278,6.099618
1851,rtl->baseline,5.587102,14.406842,7.610987,27.650052,0.478125,0.090472663,59102,True,5.633494,14.388831,6.90438,26.972717,0.015625,0.00854332,12016,True,0.4625,0.081929343,0.371439,6.370132
1852,baseline->rtl,5.639774,14.518547,7.494561,27.705845,0.478125,0.093564065,59124,True,5.646205,14.399251,6.887189,26.970637,0.015625,0.003417328,12001,True,0.4625,0.090146737,0.364089,6.359912
1853,rtl->baseline,5.604402,14.287255,7.528462,27.465863,0.478125,0.094800626,59121,True,5.603062,14.324187,6.633656,26.608478,0.015625,0.001366931,11980,True,0.4625,0.093433695,0.365519,6.105779
1854,baseline->rtl,5.646474,14.290795,7.539534,27.529496,0.45625,0.08610775,59164,True,5.55905,14.450774,6.645286,26.694313,0.0625,0.026796772,11963,True,0.39375,0.059310978,0.3734,6.109999
1855,rtl->baseline,5.576021,14.465184,7.719873,27.805851,0.45625,0.0891931,59178,True,5.630254,14.356109,6.90391,26.938305,0.0625,0.018218709,11988,True,0.39375,0.070974391,0.36967,6.371903
1856,baseline->rtl,5.642985,14.420422,7.507261,27.623341,0.45625,0.09042724,59184,True,5.656795,14.406911,6.635936,26.738114,0.0625,0.014787484,11974,True,0.39375,0.075639756,0.361619,6.108429
1857,rtl->baseline,5.593051,14.295886,7.556204,27.490134,0.440625,0.084358396,59161,True,5.579551,14.350959,6.643646,26.622588,0.1015625,0.029821243,11944,True,0.3390625,0.054537153,0.3741,6.106169
1858,baseline->rtl,5.572741,14.37374,7.528452,27.527296,0.440625,0.086618358,59189,True,5.578031,14.300706,6.639636,26.557705,0.1015625,0.024115997,11937,True,0.3390625,0.062502361,0.37045,6.105929
1859,rtl->baseline,5.54614,14.290465,7.512482,27.395749,0.440625,0.087522343,59191,True,5.592332,14.38215,6.660167,26.681801,0.1015625,0.021833899,11943,True,0.3390625,0.065688444,0.37261,6.12372
1860,baseline->rtl,5.650954,14.38253,7.509602,27.594999,0.378125,0.061633937,59180,True,5.586841,14.432513,6.641396,26.700072,0.2421875,0.07998356,12021,True,0.1359375,0.018349623,0.368759,6.108489
1861,rtl->baseline,5.657415,14.279895,7.47881,27.460672,0.378125,0.070028575,59181,True,5.594182,14.403351,6.667787,26.712904,0.2421875,0.061055924,12035,True,0.1359375,0.008972651,0.398571,6.105228
1862,baseline->rtl,5.650164,14.575161,11.942732,32.220161,0.378125,0.07338643,59161,True,5.653795,14.433943,6.651177,26.779947,0.2421875,0.05348487,12042,True,0.1359375,0.01990156,0.367999,6.123589
1863,rtl->baseline,5.608611,14.352985,7.69396,27.699788,0.346875,0.061604572,58940,True,5.647494,14.323483,6.631244,26.647594,0.2890625,0.070143948,12001,True,0.0578125,0.008539376,0.364389,6.103387
1864,baseline->rtl,5.580079,14.389307,7.635057,27.657206,0.35,0.067579329,58985,True,5.632672,14.378136,6.93758,26.985151,0.2890625,0.062745079,12002,True,0.0609375,0.00483425,0.39913,6.371031
1865,rtl->baseline,5.560279,14.354145,7.721491,27.679857,0.35,0.069031732,58996,True,5.591021,14.460481,6.635405,26.732778,0.2890625,0.059785532,12017,True,0.0609375,0.0092462,0.365669,6.108507
1866,baseline->rtl,5.616591,14.343165,7.644487,27.656396,0.296875,0.047300193,59242,True,5.58659,14.331324,6.631194,26.58852,0.390625,0.101257963,12143,True,0.09375,0.05395777,0.363999,6.105917
1867,rtl->baseline,5.620852,14.295182,8.47318,28.435006,0.296875,0.054545077,59229,True,5.654563,14.799509,6.861187,27.358321,0.390625,0.087378185,12131,True,0.09375,0.032833108,0.335817,6.36371
1868,baseline->rtl,5.645903,14.614239,7.694289,28.004824,0.296875,0.057443031,59198,True,5.627712,14.355005,6.877747,26.900056,0.390625,0.081826274,12143,True,0.09375,0.024383243,0.361148,6.35369
1869,rtl->baseline,5.56986,14.26932,7.8935,27.776093,0.26875,0.046789712,59361,True,5.657124,14.333944,6.642745,26.679475,0.453125,0.10585551,12132,True,0.184375,0.059065798,0.370779,6.107107
1870,baseline->rtl,5.59526,14.389197,7.714781,27.752921,0.26875,0.050965885,59324,True,5.618951,14.44801,6.899689,27.005202,0.453125,0.096717204,12128,True,0.184375,0.045751319,0.362509,6.373541
1871,rtl->baseline,5.58369,14.264751,7.671708,27.566202,0.26875,0.052636354,59346,True,5.692926,14.45966,6.887038,27.088336,0.453125,0.093061882,12128,True,0.184375,0.040425528,0.358028,6.365991
1872,baseline->rtl,5.608181,14.273961,7.721071,27.656806,0.165625,0.009992042,57801,True,5.704056,14.997909,6.627864,27.370901,0.65625,0.176912253,11970,True,0.490625,0.166920211,0.358239,6.105377
1873,rtl->baseline,5.611581,14.315003,7.747063,27.716539,0.165625,0.023871817,57776,True,5.636923,14.528464,6.670867,26.880566,0.65625,0.149514901,11968,True,0.490625,0.125643084,0.402521,6.100607
1874,baseline->rtl,5.572039,14.381717,7.658347,27.663726,0.165625,0.029423727,57880,True,5.591841,14.529205,6.643135,26.802992,0.65625,0.13855596,11980,True,0.490625,0.109132233,0.37213,6.104887
1875,rtl->baseline,5.5898,14.562656,7.757913,27.957351,0.15625,0.027706991,56858,True,5.670075,14.329164,6.639574,26.686026,0.6484375,0.130891134,11844,True,0.4921875,0.103184143,0.37176,6.102067
1876,baseline->rtl,5.640573,14.345085,7.639606,27.678097,0.15625,0.029832796,56733,True,5.639113,14.341665,6.632285,26.652054,0.6484375,0.130168954,11825,True,0.4921875,0.100336158,0.363999,6.104746
1877,rtl->baseline,6.247754,20.823131,12.144911,39.282299,0.15625,0.030683119,56878,True,5.910897,16.167749,6.843205,28.972744,0.6484375,0.129880081,11836,True,0.4921875,0.099196962,0.472645,6.16637
1878,baseline->rtl,6.769901,17.767022,8.869821,33.465297,0.103125,0.008710747,56126,True,5.964769,16.137636,6.811352,28.962331,0.609375,0.113358283,11803,True,0.50625,0.104647536,0.453593,6.137927
1879,rtl->baseline,6.640353,16.998298,8.618625,32.31132,0.103125,0.015859299,56082,True,5.965028,15.803727,6.715287,28.538045,0.609375,0.118468313,11815,True,0.50625,0.102609014,0.390441,6.128697
1880,baseline->rtl,5.826721,15.745993,8.757143,30.38969,0.103125,0.01871872,56182,True,5.886634,15.721923,6.729168,28.381777,0.609375,0.120512325,11817,True,0.50625,0.101793605,0.406091,6.135397
1881,rtl->baseline,5.849662,15.66182,8.646567,30.210971,0.08125,0.010674988,56050,True,5.828552,15.782626,6.760269,28.423329,0.5859375,0.11148618,11809,True,0.5046875,0.100811192,0.426482,6.139458
1882,baseline->rtl,5.947177,15.590936,8.50138,30.099595,0.08125,0.014019995,56010,True,5.831681,15.837189,7.835105,29.548217,0.5859375,0.114906972,11803,True,0.5046875,0.100886977,0.507707,7.095236
1883,rtl->baseline,5.839662,16.992338,7.800913,30.679765,0.08125,0.015357998,56020,True,5.790249,15.849399,6.96856,28.662512,0.5859375,0.116275289,11820,True,0.5046875,0.100917291,0.503306,6.236092
1884,baseline->rtl,5.704295,14.847647,7.644355,28.24644,0.0625,0.008018199,56789,True,5.714995,14.472628,9.165224,29.393469,0.5703125,0.110260116,11976,True,0.5078125,0.102241917,0.417461,8.545522
1885,rtl->baseline,5.587198,14.394624,11.184428,32.977655,0.0625,0.01070728,56811,True,5.61751,14.752733,6.626963,27.042238,0.5703125,0.112541546,11974,True,0.5078125,0.101834266,0.345108,6.120317
1886,baseline->rtl,5.643452,14.878639,7.661926,28.234979,0.0625,0.011782912,56735,True,5.583768,14.50048,6.766739,26.89154,0.5703125,0.113454118,11962,True,0.5078125,0.101671206,0.416202,6.159929
1887,rtl->baseline,5.6124,14.589714,13.636445,33.886161,0.0375,0.001713165,57108,True,5.630811,14.647297,6.747219,27.070279,0.546875,0.103975397,12064,True,0.509375,0.102262232,0.445353,6.111716
1888,baseline->rtl,5.62318,16.180547,8.989695,30.843245,0.0375,0.005185266,57112,True,5.632281,14.329991,6.876785,26.879009,0.546875,0.107215159,12056,True,0.509375,0.102029893,0.364839,6.335357
1889,rtl->baseline,5.585388,15.361224,13.037264,34.030009,0.0375,0.006574106,57106,True,5.692855,14.571924,6.736328,27.052868,0.546875,0.108511064,12066,True,0.509375,0.101936958,0.437363,6.114766
1890,baseline->rtl,5.692375,15.378534,14.687639,35.809871,0.009375,-0.008620357,56924,True,5.61051,16.25096,6.743489,28.646581,0.515625,0.095904425,11981,True,0.50625,0.104524782,0.468144,6.102555
1891,rtl->baseline,5.636641,14.684469,12.723518,33.09087,0.009375,-0.003448143,56938,True,5.61538,14.628287,6.870355,27.160044,0.515625,0.10023677,11984,True,0.50625,0.103684913,0.345598,6.367099
1892,baseline->rtl,5.577298,14.712481,7.681307,28.022558,0.009375,-0.001379257,56888,True,5.636082,14.52349,8.449707,28.653321,0.515625,0.101969708,11963,True,0.50625,0.103348965,2.150381,6.105486
1893,rtl->baseline,5.625321,14.317998,9.754322,29.743823,-0.0125,-0.000551703,57089,True,5.582419,14.881229,6.688296,27.199306,0.5,0.096100383,12009,True,0.5125,0.096652086,0.392811,6.117346
1894,baseline->rtl,5.627239,14.532888,14.278075,34.491075,-0.0125,-0.000220681,57085,True,5.651341,14.950479,6.726796,27.367679,0.5,0.098440153,11995,True,0.5125,0.098660834,0.423642,6.106444
1895,rtl->baseline,5.581337,14.638563,16.664978,36.92873,-0.0125,-8.8272e-05,57108,True,5.610758,15.043475,6.759027,27.462524,0.5,0.099376061,11991,True,0.5125,0.099464333,0.448993,6.114265
1896,baseline->rtl,5.593188,14.953469,8.280166,28.878016,-0.090625,-0.038097809,56951,True,5.583588,14.37801,6.916026,26.916565,0.421875,0.066937925,11952,True,0.5125,0.105035734,0.378139,6.366757
1897,rtl->baseline,6.98144,15.053304,10.525412,32.603648,-0.090625,-0.026114124,56936,True,5.680822,14.301906,6.760208,26.791749,0.421875,0.07740017,11951,True,0.5125,0.103514294,0.365589,6.2262
1898,baseline->rtl,5.655871,14.614912,10.062697,30.388614,-0.090625,-0.021320649,56971,True,5.680062,14.36723,8.538289,28.625783,0.421875,0.081585068,11966,True,0.5125,0.102905717,0.432102,7.935668
1899,rtl->baseline,5.777357,14.361249,8.94507,29.129779,-0.090625,-0.01940326,56985,True,5.787758,14.302526,6.646232,26.783798,0.421875,0.083259027,11960,True,0.5125,0.102662287,0.365198,6.109084
1900,baseline->rtl,5.597158,14.363199,8.500077,28.512487,-0.090625,-0.018636304,56986,True,5.788748,14.712817,6.892464,27.432871,0.421875,0.083928611,11958,True,0.5125,0.102564915,0.366699,6.362197
1901,rtl->baseline,6.009,14.271915,10.057857,30.385304,-0.090625,-0.018329522,56948,True,6.132076,14.338237,6.888935,27.40282,0.421875,0.084196444,11948,True,0.5125,0.102525966,0.361558,6.363738
1902,baseline->rtl,5.540625,14.427212,16.820205,36.836546,-0.11875,-0.030019309,56992,True,5.63667,14.343598,6.79656,26.81728,0.390625,0.071178578,11947,True,0.509375,0.101197887,0.368929,6.254662
1903,rtl->baseline,5.677283,14.314617,17.320311,37.356603,-0.11875,-0.026257723,56997,True,6.0241,14.348569,6.725966,27.146317,0.390625,0.075346431,11947,True,0.509375,0.101604154,0.370259,6.179828
1904,baseline->rtl,5.63999,14.601681,8.446335,28.741908,-0.11875,-0.024753089,57035,True,5.617959,14.791881,6.687004,27.136786,0.390625,0.077013572,11956,True,0.509375,0.101766661,0.39025,6.121025
1905,rtl->baseline,5.675742,14.291386,7.679395,27.691644,-0.178125,-0.049088736,55640,True,5.655651,14.863765,6.662153,27.229251,0.3359375,0.054711679,11729,True,0.5140625,0.103800415,0.385199,6.106024
1906,baseline->rtl,5.618279,14.229982,15.473206,35.37249,-0.178125,-0.041010494,55630,True,5.726154,14.712007,6.903706,27.382669,0.3359375,0.062197172,11736,True,0.5140625,0.103207666,0.365389,6.371838
1907,rtl->baseline,5.941885,15.120768,7.558739,28.664445,-0.178125,-0.037779198,55608,True,5.569577,15.414603,6.743917,27.772369,0.3359375,0.065191369,11723,True,0.5140625,0.102970567,0.37865,6.178768
1908,baseline->rtl,5.643681,14.375499,15.132569,35.204152,-0.271875,-0.075861679,57492,True,5.622979,14.541095,6.919075,27.12332,0.2421875,0.027014047,12075,True,0.5140625,0.102875726,0.379729,6.369306
1909,rtl->baseline,5.696962,14.303682,7.967848,28.016365,-0.271875,-0.062969672,57497,True,5.641469,14.410338,6.988018,27.087748,0.2421875,0.039868119,12077,True,0.5140625,0.102837791,0.434073,6.374767
1910,baseline->rtl,5.691851,14.82234,7.719386,28.284188,-0.271875,-0.057812869,57539,True,5.771206,14.792488,6.63066,27.234445,0.2421875,0.045009748,12079,True,0.5140625,0.102822617,0.361128,6.104992
1911,rtl->baseline,5.567895,15.200079,7.81986,28.630947,-0.3375,-0.083312647,56923,True,5.790616,14.396098,6.63519,26.864676,0.1796875,0.020816399,11956,True,0.5171875,0.104129046,0.372189,6.101642
1912,baseline->rtl,8.028011,14.373116,8.950548,31.404109,-0.340625,-0.075137559,56908,True,5.617828,16.19262,6.609239,28.460818,0.1796875,0.02988906,11949,True,0.5203125,0.105026619,0.341477,6.107333
1913,rtl->baseline,5.547524,15.04219,14.020948,34.652435,-0.340625,-0.070930024,56902,True,5.920163,14.963887,6.868172,27.801854,0.1796875,0.033518124,11950,True,0.5203125,0.104448148,0.337587,6.371096
1914,baseline->rtl,6.254211,14.324023,7.784079,28.411985,-0.378125,-0.084997009,57191,True,5.824078,15.433651,6.857992,28.153832,0.1328125,0.01528225,12016,True,0.5109375,0.100279259,0.339297,6.363486
1915,rtl->baseline,5.570296,14.721605,14.544826,34.879857,-0.378125,-0.079373804,57267,True,5.65325,15.323465,6.862152,27.882708,0.1328125,0.0220504,12021,True,0.5109375,0.101424204,0.329957,6.371837
1916,baseline->rtl,5.756655,14.684502,7.655962,28.151432,-0.378125,-0.077124522,57192,True,5.737314,15.309054,6.865772,27.948102,0.1328125,0.02475766,12010,True,0.5109375,0.101882182,0.333617,6.372056
1917,rtl->baseline,5.616038,14.630019,7.654992,27.942112,-0.41875,-0.093287309,57019,True,5.560264,15.039651,6.862071,27.505869,0.1015625,0.012715564,11970,True,0.5203125,0.106002873,0.332297,6.372447
1918,baseline->rtl,5.955495,14.629059,7.587289,28.224266,-0.41875,-0.087564923,57020,True,5.609368,14.697183,6.678452,27.020815,0.1015625,0.017273726,11988,True,0.5203125,0.104838649,0.371509,6.131164
1919,rtl->baseline,5.967566,14.270551,8.093824,28.376734,-0.421875,-0.086588469,57051,True,5.648049,14.752226,6.655191,27.101049,0.1015625,0.01909699,11978,True,0.5234375,0.105685459,0.377029,6.105693
1920,baseline->rtl,5.616117,14.799268,7.61264,28.078699,-0.490625,-0.114135388,57190,True,5.66409,14.351775,6.683713,26.73817,0.03125,-0.009704954,12034,True,0.521875,0.104430434,0.40426,6.109073
1921,rtl->baseline,5.644699,14.65171,7.555977,27.897339,-0.4875,-0.103216655,57143,True,5.580996,14.346345,6.63946,26.613783,0.0390625,0.003149268,12010,True,0.5265625,0.106365923,0.361579,6.107813
1922,baseline->rtl,5.66064,14.343804,14.692003,34.74674,-0.4875,-0.099786662,57161,True,5.702782,14.323193,7.702505,27.769112,0.03125,0.002665957,12029,True,0.51875,0.102452619,0.360808,7.168747
1923,rtl->baseline,5.571985,14.306553,9.79192,29.71602,-0.5375,-0.119414665,56684,True,5.613167,15.262262,6.794388,27.717879,-0.015625,-0.008308617,11901,True,0.521875,0.111106048,0.498315,6.103213
1924,baseline->rtl,5.724092,14.329961,8.745546,28.854522,-0.5375,-0.112265866,56669,True,5.753253,14.347192,6.627598,26.767505,-0.015625,-0.003323447,11900,True,0.521875,0.108942419,0.363069,6.099781
1925,rtl->baseline,5.789755,14.376033,17.83712,38.05074,-0.5375,-0.109406346,56609,True,5.655168,14.390744,6.67193,26.762685,-0.015625,-0.001329379,11898,True,0.521875,0.108076967,0.372689,6.125863
1926,baseline->rtl,5.601926,14.868888,10.98457,31.509147,-0.571875,-0.122700039,56661,True,5.605826,14.469168,6.745124,26.86085,-0.0546875,-0.023500501,11882,True,0.5171875,0.099199538,0.398811,6.151784
1927,rtl->baseline,5.639737,14.384514,8.588458,28.657581,-0.571875,-0.117705015,56696,True,5.640057,14.70664,6.704802,27.097612,-0.0546875,-0.015962701,11885,True,0.5171875,0.101742314,0.40653,6.113542
1928,baseline->rtl,5.632697,14.539142,8.392848,28.619219,-0.571875,-0.115707006,56613,True,5.593276,14.531361,6.637908,26.800257,-0.0546875,-0.01294758,11869,True,0.5171875,0.102759426,0.367569,6.101872
1929,rtl->baseline,5.987575,14.373823,7.673591,28.081072,-0.53125,-0.097845302,54414,True,5.675619,14.31175,6.67202,26.706352,-0.0390625,-0.005179032,11368,True,0.4921875,0.09266627,0.361729,6.137953
1930,baseline->rtl,5.852969,14.375633,7.599147,27.879752,-0.5375,-0.105513121,54513,True,5.624227,14.928371,6.599736,27.188856,-0.0390625,-0.006759113,11395,True,0.4984375,0.098754008,0.324847,6.118502
1931,rtl->baseline,5.595015,16.203616,7.599457,29.440552,-0.53125,-0.104080248,54340,True,5.996495,14.375693,6.637149,27.05523,-0.0390625,-0.007391145,11357,True,0.4921875,0.096689103,0.367289,6.105702
1932,baseline->rtl,5.546283,14.996745,7.498652,28.090233,-0.571875,-0.122444599,54667,True,5.583815,14.806135,6.615497,27.041749,-0.0625,-0.017487708,11424,True,0.509375,0.104956891,0.350078,6.104731
1933,rtl->baseline,5.599906,14.463947,11.36872,31.480766,-0.571875,-0.11760284,54625,True,5.649408,14.836947,6.877891,27.409858,-0.0546875,-0.011213833,11388,True,0.5171875,0.106389007,0.347618,6.371134
1934,baseline->rtl,5.600296,14.880889,10.091104,30.621762,-0.56875,-0.114353636,54575,True,5.700231,14.797234,6.704842,27.241549,-0.0625,-0.014329283,11385,True,0.50625,0.100024353,0.386799,6.103102
1935,rtl->baseline,5.579514,14.349342,13.186902,33.161141,-0.65,-0.148116454,54713,True,5.631007,14.70185,6.914662,27.294882,-0.1328125,-0.042762963,11431,True,0.5171875,0.105353491,0.376829,6.360774
1936,baseline->rtl,5.579024,14.70556,10.890536,31.229582,-0.65,-0.137246582,54690,True,5.604775,14.447207,6.783416,26.873941,-0.140625,-0.036323935,11426,True,0.509375,0.100922647,0.38174,6.223967
1937,rtl->baseline,5.639528,14.406655,16.848079,36.939144,-0.65,-0.132898633,54765,True,5.583285,14.457997,6.837359,26.925043,-0.125,-0.024842074,11445,True,0.525,0.108056559,0.367408,6.297711
1938,baseline->rtl,5.631177,14.70582,7.625429,28.013189,-0.590625,-0.106221953,55452,True,5.590585,14.502959,6.762335,26.894691,-0.078125,-0.00524933,11711,True,0.5125,0.100972623,0.368219,6.220647
1939,rtl->baseline,5.619035,14.332798,16.608523,36.606869,-0.5875,-0.112051281,54971,True,5.722942,14.290796,6.69806,26.75866,-0.078125,-0.011474732,11576,True,0.509375,0.100576549,0.363008,6.163243
1940,baseline->rtl,5.684959,14.860195,7.537193,28.135059,-0.584375,-0.114008012,55090,True,5.808975,14.336018,6.669128,26.855063,-0.078125,-0.013964893,11580,True,0.50625,0.100043119,0.39075,6.10653
1941,rtl->baseline,5.71334,14.299176,8.090111,28.15104,-0.61875,-0.130165705,56049,True,6.056957,14.471985,7.161174,27.737538,-0.109375,-0.028085957,11718,True,0.509375,0.102079748,0.647042,6.338142
1942,baseline->rtl,5.567332,14.349899,10.258061,30.225375,-0.61875,-0.126316282,56035,True,5.633356,14.338118,6.911871,26.924157,-0.109375,-0.024359383,11721,True,0.509375,0.101956899,0.39843,6.349773
1943,rtl->baseline,5.817296,14.504416,8.220357,28.587322,-0.61875,-0.124776513,56033,True,5.570082,14.341168,6.650078,26.604921,-0.109375,-0.022868753,11716,True,0.509375,0.10190776,0.381939,6.10419
1944,baseline->rtl,7.340973,14.362369,18.632756,40.388161,-0.628125,-0.128098105,56071,True,5.684079,14.336308,6.648808,26.708826,-0.1171875,-0.025553751,11714,True,0.5109375,0.102544354,0.365328,6.11452
1945,rtl->baseline,5.720441,14.364939,9.896633,30.028145,-0.628125,-0.126614242,56117,True,5.605754,14.450324,6.657518,26.760789,-0.1171875,-0.024284001,11714,True,0.5109375,0.102330241,0.373369,6.10593
1946,baseline->rtl,5.631596,14.326988,7.957744,27.96759,-0.628125,-0.126020697,56105,True,5.814505,14.480075,6.90464,27.239283,-0.1171875,-0.0237761,11713,True,0.5109375,0.102244597,0.37707,6.360993
1947,rtl->baseline,6.495419,14.746199,7.614217,28.903917,-0.646875,-0.133658279,55544,True,5.647946,14.325528,6.90568,26.923377,-0.1328125,-0.03013544,11613,True,0.5140625,0.103522839,0.374569,6.366343
1948,baseline->rtl,7.497261,14.506147,7.459799,29.515658,-0.646875,-0.131088311,55610,True,5.825085,14.870695,6.868229,27.605392,-0.1328125,-0.027991676,11621,True,0.5140625,0.103096635,0.343867,6.364464
1949,rtl->baseline,5.601585,14.622512,7.67346,27.942519,-0.646875,-0.130060325,55613,True,5.760272,14.891386,6.616836,27.315377,-0.1328125,-0.02713417,11625,True,0.5140625,0.102926155,0.346257,6.10972
1950,baseline->rtl,5.596004,14.828573,7.646048,28.122697,-0.653125,-0.13227413,55520,True,5.559512,14.797831,6.610156,27.002591,-0.140625,-0.030072418,11574,True,0.5125,0.102201712,0.346548,6.10259
1951,rtl->baseline,5.544891,14.277555,8.181655,28.048644,-0.653125,-0.131284652,55384,True,5.620065,14.831203,6.622526,27.118407,-0.140625,-0.028903967,11569,True,0.5125,0.102380685,0.345337,6.118901
1952,baseline->rtl,5.591774,14.829443,7.896911,28.367191,-0.653125,-0.130888861,55397,True,5.571953,14.540628,6.652108,26.805791,-0.140625,-0.028436587,11553,True,0.5125,0.102452274,0.37545,6.10335
1953,rtl->baseline,5.70951,14.36059,7.615526,27.733108,-0.696875,-0.149105544,52902,True,5.638496,14.392871,6.675559,26.753368,-0.1796875,-0.044655885,10994,True,0.5171875,0.104449659,0.369509,6.134581
1954,baseline->rtl,5.601154,14.645674,7.548593,27.844904,-0.696875,-0.143267218,52920,True,5.763712,14.591618,6.91198,27.310212,-0.1796875,-0.039424854,10995,True,0.5171875,0.103842364,0.361038,6.367432
1955,rtl->baseline,5.592703,15.103434,7.605244,28.343933,-0.696875,-0.140931887,52898,True,5.814094,14.614469,6.624904,27.09988,-0.1796875,-0.037332442,10987,True,0.5171875,0.103599445,0.358628,6.103028
1956,baseline->rtl,5.585072,14.962677,14.751946,35.346766,-0.7,-0.141310255,52249,True,5.572291,15.088443,6.880858,27.577594,-0.1875,-0.039776727,10842,True,0.5125,0.101533528,0.331187,6.391713
1957,rtl->baseline,5.798614,15.717314,7.772873,29.339444,-0.7,-0.140524102,52229,True,5.656776,15.143065,6.847336,27.69506,-0.1875,-0.038410691,10837,True,0.5125,0.102113411,0.328317,6.364012
1958,baseline->rtl,5.906479,14.806409,7.542312,28.308651,-0.7,-0.140209641,52235,True,5.669487,14.913474,6.886519,27.506061,-0.1875,-0.037864276,10843,True,0.5125,0.102345365,0.356418,6.371612
1959,rtl->baseline,5.579702,14.696023,12.101512,32.421049,-0.70625,-0.142708856,51614,True,5.573002,14.747746,6.876548,27.241527,-0.1953125,-0.040926961,10711,True,0.5109375,0.101781895,0.350948,6.363762
1960,baseline->rtl,5.564001,14.720174,8.600035,28.935143,-0.70625,-0.141833543,51618,True,5.592773,14.781687,6.708549,27.120851,-0.1953125,-0.039808284,10709,True,0.5109375,0.102025259,0.405401,6.12526
1961,rtl->baseline,5.646245,14.294933,8.192094,28.181305,-0.70625,-0.141483417,51618,True,5.639465,14.63413,6.766342,27.086269,-0.1953125,-0.039360814,10712,True,0.5109375,0.102122603,0.471004,6.107029
1962,baseline->rtl,5.626804,14.507814,8.170973,28.357233,-0.7125,-0.143968367,50898,True,5.584773,14.528035,6.633675,26.784934,-0.1953125,-0.039181825,10579,True,0.5171875,0.104786542,0.367759,6.101219
1963,rtl->baseline,5.669386,14.611799,14.072861,34.408499,-0.709375,-0.141774847,50954,True,5.635665,14.554516,6.72951,26.967213,-0.1953125,-0.03911023,10581,True,0.5140625,0.102664617,0.370869,6.178832
1964,baseline->rtl,5.641296,14.398907,8.056388,28.149653,-0.709375,-0.141834939,50956,True,5.655616,14.333195,6.885669,26.913501,-0.1953125,-0.039081592,10582,True,0.5140625,0.102753347,0.365749,6.352211
1965,rtl->baseline,5.822764,14.706733,7.654987,28.230387,-0.709375,-0.141858975,50627,True,5.634015,14.316564,6.631635,26.625176,-0.1953125,-0.039070137,10505,True,0.5140625,0.102788838,0.361799,6.104269
1966,baseline->rtl,5.864386,14.286712,7.537021,27.739472,-0.709375,-0.14186859,50620,True,5.643755,14.988448,6.609174,27.277429,-0.1953125,-0.039065555,10505,True,0.5140625,0.102803035,0.343357,6.102858
1967,rtl->baseline,5.587642,14.535575,7.611375,27.776964,-0.709375,-0.141872436,50584,True,6.257656,14.897843,6.873578,28.075349,-0.1953125,-0.039063722,10502,True,0.5140625,0.102808714,0.342187,6.371772
1968,baseline->rtl,5.578182,14.801228,7.576583,28.006135,-0.70625,-0.140561474,51069,True,5.597022,14.595088,6.956282,27.186165,-0.1953125,-0.039062989,10621,True,0.5109375,0.101498485,0.411321,6.361201
1969,rtl->baseline,5.559111,14.357226,8.164623,28.126662,-0.70625,-0.14097459,51069,True,5.640005,14.681642,6.73322,27.10168,-0.1953125,-0.039062696,10621,True,0.5109375,0.101911894,0.40157,6.100028
1970,baseline->rtl,5.601724,14.415586,7.969911,28.038524,-0.70625,-0.141139836,51075,True,5.600882,14.417826,6.628604,26.684493,-0.1875,-0.035781328,10626,True,0.51875,0.105358508,0.362459,6.103627
1971,rtl->baseline,5.778341,14.32399,9.939631,30.088814,-0.70625,-0.141205934,50970,True,5.969291,14.351532,6.747709,27.113084,-0.1953125,-0.040093781,10594,True,0.5109375,0.101112153,0.368659,6.209733
1972,baseline->rtl,5.620333,14.390784,7.468626,27.532045,-0.7,-0.138607374,50967,True,5.812883,14.516,6.910468,27.278563,-0.1953125,-0.039475013,10591,True,0.5046875,0.099132361,0.374029,6.371051
1973,rtl->baseline,5.56073,14.881028,7.716029,28.202209,-0.7,-0.139442949,50952,True,5.895417,14.355712,6.648044,26.942836,-0.1953125,-0.039227505,10584,True,0.5046875,0.100215444,0.380069,6.103507
1974,baseline->rtl,5.619313,15.005455,7.447635,28.123195,-0.7,-0.13977718,51220,True,5.586751,14.827986,6.614353,27.065532,-0.1875,-0.035847252,10640,True,0.5125,0.103929928,0.351168,6.100537
1975,rtl->baseline,5.594282,15.321332,14.570334,35.530318,-0.7,-0.139910872,51183,True,5.624213,14.910611,6.641015,27.22141,-0.1875,-0.036838901,10639,True,0.5125,0.103071971,0.352928,6.128558
1976,baseline->rtl,5.601291,15.189495,9.780052,30.622211,-0.7,-0.139964349,51216,True,5.599722,14.732892,6.610122,26.979717,-0.1875,-0.03723556,10639,True,0.5125,0.102728789,0.345487,6.105397
1977,rtl->baseline,5.585461,14.605515,8.099518,28.336246,-0.7,-0.13998574,51313,True,5.696366,14.921601,6.887737,27.550187,-0.1875,-0.037394224,10639,True,0.5125,0.102591516,0.356268,6.37102
1978,baseline->rtl,5.607352,14.773193,7.94141,28.371878,-0.7,-0.139994296,51329,True,5.621233,14.558253,6.980942,27.202849,-0.1875,-0.03745769,10634,True,0.5125,0.102536606,0.537947,6.249905
1979,rtl->baseline,5.646764,14.324201,8.55891,28.574858,-0.7,-0.139997718,51308,True,5.620273,14.826366,6.736709,27.2317,-0.1875,-0.037483076,10637,True,0.5125,0.102514642,0.438332,6.110698
1980,baseline->rtl,5.612922,14.671859,11.060346,31.39728,-0.696875,-0.138686587,52091,True,5.662735,14.355372,6.923079,26.980548,-0.1796875,-0.03421198,10828,True,0.5171875,0.104474607,0.371768,6.375541
1981,rtl->baseline,5.624073,14.382884,8.220063,28.273723,-0.696875,-0.139099635,52095,True,5.661605,14.765083,6.96803,27.446632,-0.1796875,-0.035247292,10825,True,0.5171875,0.103852343,0.414551,6.375621
1982,baseline->rtl,5.643474,14.30648,9.548171,29.550077,-0.696875,-0.139264854,52063,True,5.692297,14.445377,6.913028,27.091684,-0.1796875,-0.035661417,10826,True,0.5171875,0.103603437,0.377089,6.36977
1983,rtl->baseline,5.842534,14.401625,8.623654,28.914595,-0.690625,-0.136705942,52724,True,5.631573,14.330161,6.642464,26.646921,-0.1796875,-0.035827067,10973,True,0.5109375,0.100878875,0.364638,6.109337
1984,baseline->rtl,5.760439,14.348882,8.695128,28.857342,-0.684375,-0.134932377,52683,True,5.850974,14.663798,6.622813,27.178428,-0.1796875,-0.035893327,10968,True,0.5046875,0.09903905,0.356587,6.100737
1985,rtl->baseline,5.585401,14.846237,8.692025,29.165606,-0.684375,-0.136097951,52719,True,5.787942,14.472629,6.627483,26.933275,-0.1796875,-0.035919831,10969,True,0.5046875,0.10017812,0.362988,6.100477
1986,baseline->rtl,5.645373,15.035354,8.561429,29.291268,-0.678125,-0.13393918,53958,True,5.561899,14.878065,6.645123,27.121309,-0.1640625,-0.029367932,11212,True,0.5140625,0.104571248,0.354848,6.102896
1987,rtl->baseline,5.655563,16.17516,9.524258,31.403763,-0.678125,-0.134950672,53984,True,5.644433,14.839694,6.863564,27.390902,-0.1640625,-0.031434673,11209,True,0.5140625,0.103515999,0.344667,6.360549
1988,baseline->rtl,5.607671,14.826353,7.680515,28.164731,-0.678125,-0.135355269,53976,True,5.555198,14.603191,6.746628,26.944651,-0.1640625,-0.032261369,11212,True,0.5140625,0.1030939,0.424151,6.122047
1989,rtl->baseline,5.658963,14.489146,8.606111,28.801353,-0.675,-0.134204608,54083,True,5.628872,14.581371,6.736657,26.993143,-0.2890625,-0.085092048,11194,True,0.3859375,0.04911256,0.406721,6.150738
1990,baseline->rtl,5.687545,14.500157,7.813341,28.053456,-0.675,-0.134681843,54103,True,5.555318,14.332908,6.905426,26.831844,-0.1640625,-0.016224319,11244,True,0.5109375,0.118457524,0.366698,6.372009
1991,rtl->baseline,5.746398,14.656365,13.017702,33.468267,-0.675,-0.134872737,54111,True,5.573309,14.314677,6.921297,26.855886,-0.1640625,-0.026177228,11241,True,0.5109375,0.108695509,0.365829,6.37916
1992,baseline->rtl,5.599801,14.325188,7.966109,27.94191,-0.66875,-0.132324095,54193,True,5.618541,14.331668,6.639143,26.629414,-0.15625,-0.026877141,11259,True,0.5125,0.105446954,0.368468,6.103276
1993,rtl->baseline,5.772809,14.559319,8.107537,28.489607,-0.66875,-0.133179638,54003,True,5.511196,14.504677,6.929997,26.988112,-0.15625,-0.029500856,11235,True,0.5125,0.103678782,0.39712,6.369539
1994,baseline->rtl,5.827412,14.246264,8.001551,28.1261,-0.66875,-0.133521855,54009,True,5.648883,15.035053,6.923157,27.649705,-0.15625,-0.030550343,11234,True,0.5125,0.102971512,0.381559,6.38126
1995,rtl->baseline,5.565559,14.638113,7.547838,27.793453,-0.678125,-0.137596242,53993,True,6.319507,14.655034,6.637593,27.658936,-0.1640625,-0.034251387,11241,True,0.5140625,0.103344855,0.369008,6.103176
1996,baseline->rtl,5.59705,15.444704,8.496055,29.588293,-0.678125,-0.136413497,53989,True,5.641973,14.685276,6.606362,26.971632,-0.1640625,-0.033388055,11247,True,0.5140625,0.103025442,0.346457,6.099945
1997,rtl->baseline,5.59766,14.609212,7.98792,28.238875,-0.678125,-0.135940399,53976,True,5.632092,14.76047,6.919857,27.356601,-0.1640625,-0.033042722,11217,True,0.5140625,0.102897677,0.38762,6.370119
1998,baseline->rtl,5.58349,14.731138,7.798581,28.162181,-0.678125,-0.135751159,52876,True,5.60118,14.547799,6.651133,26.839854,-0.1640625,-0.032904589,11036,True,0.5140625,0.10284657,0.367449,6.109757
1999,rtl->baseline,5.619762,14.396631,7.864834,27.92915,-0.678125,-0.135675464,52399,True,5.654584,14.38163,6.76789,26.855016,-0.1640625,-0.032849336,10925,True,0.5140625,0.102826128,0.457063,6.116647
2000,baseline->rtl,5.590051,14.338189,7.807901,27.786513,-0.678125,-0.135645186,52815,True,5.698976,14.484526,6.860724,27.085277,-0.1640625,-0.032827234,11043,True,0.5140625,0.102817952,0.367848,6.328128
2001,rtl->baseline,5.748647,14.894003,7.580948,28.271971,-0.675,-0.134320574,53160,True,5.650643,14.36374,6.655573,26.712918,-0.1640625,-0.032818394,11100,True,0.5109375,0.10150218,0.370249,6.116967
2002,baseline->rtl,5.854752,14.593638,7.469673,27.970715,-0.675,-0.13472823,53078,True,5.626,15.101964,6.861303,27.625038,-0.1640625,-0.032814857,11088,True,0.5109375,0.101913373,0.334426,6.366527
2003,rtl->baseline,5.572628,14.789748,7.541706,27.948255,-0.675,-0.134891292,53248,True,5.734516,14.803718,6.871003,27.45942,-0.1640625,-0.032813443,11140,True,0.5109375,0.102077849,0.343377,6.366288
2004,baseline->rtl,5.60873,14.801318,7.478113,27.939204,-0.66875,-0.132331517,53405,True,5.575468,14.687573,6.869703,27.169635,-0.15625,-0.029531627,11161,True,0.5125,0.10279989,0.345207,6.362568
2005,rtl->baseline,5.587279,14.333065,8.139376,28.103162,-0.66875,-0.133182607,53152,True,5.637242,14.887702,6.915385,27.486951,-0.15625,-0.030562651,11128,True,0.5125,0.102619956,0.38608,6.368098
2006,baseline->rtl,5.630791,14.367447,7.725185,27.776346,-0.66875,-0.133523043,53416,True,6.043241,14.399529,6.644421,27.129133,-0.15625,-0.03097506,11158,True,0.5125,0.102547983,0.368059,6.103394
2007,rtl->baseline,5.623411,14.387198,8.959006,29.017068,-0.66875,-0.133659217,53858,True,5.632571,14.388738,6.765498,26.835039,-0.15625,-0.031140024,11254,True,0.5125,0.102519193,0.363698,6.230101
2008,baseline->rtl,5.534126,14.444111,7.353466,27.380286,-0.66875,-0.133713687,53740,True,5.839671,14.349336,6.645062,26.871891,-0.15625,-0.03120601,11195,True,0.5125,0.102507677,0.364988,6.111445
2009,rtl->baseline,5.562177,14.710454,7.482663,27.799247,-0.66875,-0.133735475,53684,True,6.894214,15.768687,6.62486,29.333804,-0.15625,-0.031232404,11198,True,0.5125,0.102503071,0.349718,6.115655
2010,baseline->rtl,5.640022,14.586007,7.869933,28.144734,-0.65,-0.12586919,55522,True,5.785528,14.991568,6.785428,27.603617,-0.1328125,-0.021399212,11580,True,0.5171875,0.104469978,0.495085,6.108955
2011,rtl->baseline,5.61829,14.506694,17.815129,37.990095,-0.65,-0.128347676,55562,True,6.641451,15.573917,6.62467,28.887722,-0.1328125,-0.024497185,11592,True,0.5171875,0.103850491,0.347188,6.121915
2012,baseline->rtl,5.648552,15.218709,12.092923,33.009217,-0.65,-0.12933907,55572,True,5.686564,15.529505,6.879473,28.133323,-0.1328125,-0.025736374,11583,True,0.5171875,0.103602696,0.349068,6.368658
2013,rtl->baseline,5.581328,15.382838,15.649391,36.657479,-0.65,-0.129735628,55125,True,6.059373,14.358987,6.634421,27.097572,-0.1328125,-0.02623205,11529,True,0.5171875,0.103503578,0.366568,6.100904
2014,baseline->rtl,6.145917,17.276782,7.927995,31.406397,-0.65,-0.129894251,55079,True,7.282504,16.225039,6.724536,30.278231,-0.1328125,-0.02643032,11518,True,0.5171875,0.103463931,0.454222,6.099194
2015,rtl->baseline,5.795599,14.721534,14.869912,35.435648,-0.646875,-0.128645201,55117,True,5.61547,14.402429,6.6318,26.690812,-0.1328125,-0.026509628,11532,True,0.5140625,0.102135573,0.366148,6.102174
2016,baseline->rtl,6.637271,16.292053,13.545206,36.530573,-0.646875,-0.12908308,54748,True,5.586728,14.255389,6.725205,26.606632,-0.1328125,-0.026541351,11426,True,0.5140625,0.102541729,0.369168,6.182277
2017,rtl->baseline,5.711944,14.485519,8.946925,29.19172,-0.646875,-0.129258232,54738,True,5.6323,14.553473,6.767416,26.998161,-0.1328125,-0.02655404,11446,True,0.5140625,0.102704192,0.454043,6.124824
2018,baseline->rtl,5.83564,16.358003,7.548705,29.808661,-0.646875,-0.129328293,54730,True,5.696773,14.318931,6.979847,27.033973,-0.1328125,-0.026559116,11456,True,0.5140625,0.102769177,0.444452,6.370966
2019,rtl->baseline,6.500463,15.991624,8.155715,30.697454,-0.646875,-0.129356317,54950,True,6.24006,14.977554,6.770516,28.044883,-0.1328125,-0.026561146,11485,True,0.5140625,0.102795171,0.363958,6.24059
2020,baseline->rtl,5.6353,14.460398,7.566216,27.714017,-0.646875,-0.129367527,55104,True,5.621169,14.869598,6.809268,27.355329,-0.1328125,-0.026561959,11494,True,0.5140625,0.102805568,0.453512,6.157075
2021,rtl->baseline,5.62342,14.31063,10.549134,30.530287,-0.646875,-0.129372011,55002,True,5.965776,15.374814,6.774747,28.159979,-0.1328125,-0.026562283,11495,True,0.5140625,0.102809728,0.474074,6.110904
2022,baseline->rtl,5.803869,14.352453,10.868709,31.079004,-0.6375,-0.125436304,55118,True,5.564756,14.437707,7.021509,27.064674,-0.1328125,-0.026562413,11479,True,0.5046875,0.098873891,0.451492,6.367946
2023,rtl->baseline,5.595468,14.29446,15.176234,35.111304,-0.64375,-0.129299522,55217,True,5.65523,14.333362,6.900483,26.936008,-0.1328125,-0.026562465,11508,True,0.5109375,0.102737057,0.368058,6.370917
2024,baseline->rtl,10.406957,15.000865,17.253847,42.716232,-0.64375,-0.128969809,55161,True,5.736855,14.375054,6.666411,26.818882,-0.1328125,-0.026562486,11508,True,0.5109375,0.102407323,0.368458,6.123164
2025,rtl->baseline,5.583998,14.390474,8.331704,28.352369,-0.6375,-0.126212923,54920,True,7.06057,16.144712,6.999158,30.253283,-0.125,-0.023281244,11462,True,0.5125,0.102931679,0.453172,6.370717
2026,baseline->rtl,7.163586,15.051508,16.696209,38.969015,-0.6375,-0.126985169,54828,True,5.618849,14.615866,6.701483,26.97573,-0.125,-0.024312498,11449,True,0.5125,0.102672671,0.423751,6.104403
2027,rtl->baseline,5.591938,14.337843,7.729823,27.702496,-0.6375,-0.127294068,54836,True,5.956866,19.245376,6.758165,32.013171,-0.125,-0.024724999,11452,True,0.5125,0.102569069,0.467843,6.112643
2028,baseline->rtl,5.798428,14.922121,10.377276,31.155757,-0.6375,-0.127417627,54985,True,5.654821,14.583515,7.010868,27.288845,-0.125,-0.02489,11473,True,0.5125,0.102527627,0.460163,6.369996
2029,rtl->baseline,5.649521,14.29259,13.855008,33.844661,-0.6375,-0.127467051,55099,True,5.584608,14.800906,8.111873,28.545828,-0.125,-0.024956,11474,True,0.5125,0.102511051,1.734566,6.127785
2030,baseline->rtl,5.64173,16.804464,7.883911,30.38949,-0.6375,-0.12748682,55034,True,6.292533,15.257747,6.920154,28.509456,-0.125,-0.0249824,11458,True,0.5125,0.10250442,0.344407,6.369447
2031,rtl->baseline,5.813497,16.442174,14.9758,37.280644,-0.628125,-0.123557228,55493,True,5.63421,14.32457,6.921372,26.925664,-0.1171875,-0.02171171,11597,True,0.5109375,0.101845518,0.40686,6.342184
2032,baseline->rtl,5.577806,14.802952,7.545773,27.976654,-0.628125,-0.124797891,55499,True,6.229138,14.920188,6.838439,28.032697,-0.1171875,-0.022747184,11591,True,0.5109375,0.102050707,0.40543,6.247299
2033,rtl->baseline,5.606757,14.828114,10.161023,30.641646,-0.628125,-0.125294157,55491,True,5.611078,14.36513,6.905232,26.929042,-0.109375,-0.019880124,11581,True,0.51875,0.105414033,0.371638,6.367574
2034,baseline->rtl,7.68977,14.449755,8.663248,30.857796,-0.61875,-0.121555163,56262,True,5.65696,14.327938,6.723783,26.746243,-0.109375,-0.021077049,11737,True,0.509375,0.100478114,0.362618,6.185586
2035,rtl->baseline,5.565456,14.384542,12.866256,32.863065,-0.60625,-0.117622065,56127,True,6.558785,16.100816,6.609687,29.31871,-0.109375,-0.02155582,11733,True,0.496875,0.096066245,0.346698,6.101862
2036,baseline->rtl,8.235597,16.797171,10.30682,35.394281,-0.603125,-0.118486326,56045,True,5.66411,14.708567,6.88513,27.29209,-0.09375,-0.015184828,11718,True,0.509375,0.103301498,0.336977,6.376355
2037,rtl->baseline,5.596307,14.847895,10.563952,31.054016,-0.61875,-0.12633203,55794,True,5.691171,14.430104,6.68379,26.854298,-0.1015625,-0.020605181,11662,True,0.5171875,0.105726849,0.414011,6.103522
2038,baseline->rtl,5.577636,14.622093,8.568564,28.820175,-0.61875,-0.124782812,55719,True,5.562345,15.661945,6.706222,27.969794,-0.1015625,-0.020429572,11653,True,0.5171875,0.10435324,0.413341,6.118812
2039,rtl->baseline,5.8677,14.875446,7.791665,28.589964,-0.61875,-0.124163125,55782,True,5.65911,15.764379,6.807106,28.282658,-0.1015625,-0.020359329,11656,True,0.5171875,0.103803796,0.487954,6.114542
2040,baseline->rtl,5.593356,16.023483,8.518251,30.189023,-0.615625,-0.12260275,56693,True,5.679941,15.983261,6.897601,28.600764,-0.1015625,-0.020331232,11840,True,0.5140625,0.102271518,0.364438,6.370415
2041,rtl->baseline,6.903042,14.678106,7.4903,29.1227,-0.615625,-0.1229161,56707,True,5.65054,14.688566,6.707282,27.09114,-0.1015625,-0.020319993,11845,True,0.5140625,0.102596107,0.425921,6.104162
2042,baseline->rtl,5.582446,14.392552,7.425107,27.453387,-0.615625,-0.12304144,56705,True,5.630798,14.772121,6.864279,27.30884,-0.1015625,-0.020315497,11852,True,0.5140625,0.102725943,0.389489,6.290391
2043,rtl->baseline,5.595537,14.453105,17.947587,38.043242,-0.60625,-0.119154076,56820,True,5.799727,15.489906,6.632778,27.970983,-0.09375,-0.017032449,11889,True,0.5125,0.102121627,0.355498,6.112853
2044,baseline->rtl,5.595067,14.737709,8.825127,29.213485,-0.60625,-0.12041163,56847,True,5.566436,14.74421,6.650409,26.998005,-0.09375,-0.01806298,11880,True,0.5125,0.10234865,0.381529,6.106662
2045,rtl->baseline,5.818308,14.281126,19.40994,39.556787,-0.60625,-0.120914652,56816,True,5.710203,14.733838,6.962655,27.454268,-0.09375,-0.018475192,11887,True,0.5125,0.10243946,0.443982,6.321323
2046,baseline->rtl,6.396997,16.798887,9.306128,32.557314,-0.60625,-0.121115861,57171,True,5.815476,14.458282,6.9046,27.21879,-0.09375,-0.018640077,11961,True,0.5125,0.102475784,0.370699,6.368734
2047,rtl->baseline,5.609156,14.285463,7.5227,27.462142,-0.60625,-0.121196344,57165,True,7.883728,15.783277,6.884319,30.597596,-0.09375,-0.018706031,11958,True,0.5125,0.102490313,0.351567,6.367984
2048,baseline->rtl,5.591015,15.312724,7.51864,28.478563,-0.603125,-0.119916038,57188,True,6.89902,15.746325,6.856278,29.549225,-0.09375,-0.018732412,11962,True,0.509375,0.101183626,0.485954,6.174254
2049,rtl->baseline,5.994125,18.267929,15.876372,40.183768,-0.60625,-0.121653915,56967,True,5.604825,16.542375,7.066408,29.264581,-0.09375,-0.018742965,11938,True,0.5125,0.10291095,0.593169,6.259918
2050,baseline->rtl,5.611736,15.536735,11.244144,32.441787,-0.60625,-0.121411566,56985,True,7.141221,14.960117,6.638417,28.783897,-0.09375,-0.018747186,11927,True,0.5125,0.10266438,0.354657,6.114681
2051,rtl->baseline,5.637937,15.810969,9.849765,31.347673,-0.60625,-0.121314626,57004,True,5.642278,14.323345,6.745082,26.757407,-0.09375,-0.018748874,11922,True,0.5125,0.102565752,0.360098,6.213006
2052,baseline->rtl,5.595775,14.537026,7.500799,27.681383,-0.603125,-0.119963351,57271,True,5.613026,15.784988,6.908731,28.346286,-0.09375,-0.01874955,11992,True,0.509375,0.101213801,0.367288,6.372743
2053,rtl->baseline,6.130302,14.666182,18.134183,38.978,-0.603125,-0.12036034,57247,True,5.572005,14.509155,6.644467,26.771338,-0.09375,-0.01874982,11982,True,0.509375,0.10161052,0.375489,6.103441
2054,baseline->rtl,5.855338,14.321596,7.885169,28.113824,-0.603125,-0.120519136,57315,True,5.633808,15.904653,6.811485,28.394049,-0.09375,-0.018749928,12000,True,0.509375,0.101769208,0.509265,6.105871
2055,rtl->baseline,5.615747,14.349727,7.640866,27.652772,-0.6,-0.119270154,57207,True,5.765134,15.505424,6.619956,27.939716,-0.0859375,-0.015468721,11956,True,0.5140625,0.103801433,0.357848,6.10072
2056,baseline->rtl,5.759984,15.788127,7.608285,29.212848,-0.6,-0.119708062,57107,True,5.633197,14.382508,6.663778,26.720555,-0.0859375,-0.016499988,11928,True,0.5140625,0.103208074,0.365238,6.128852
2057,rtl->baseline,6.90262,17.001017,7.586223,31.538593,-0.6,-0.119883225,57209,True,6.132422,15.096153,6.682189,27.961226,-0.0859375,-0.016912495,11955,True,0.5140625,0.10297073,0.400359,6.108371
2058,baseline->rtl,5.628707,14.842281,10.173241,30.698952,-0.6,-0.11995329,57554,True,7.223925,15.601979,6.819075,29.693552,-0.0859375,-0.017077498,12000,True,0.5140625,0.102875792,0.481384,6.135942
2059,rtl->baseline,8.498788,17.07261,13.751227,39.374799,-0.6,-0.119981316,57498,True,5.785135,15.573217,7.32137,28.731624,-0.0859375,-0.017143499,11986,True,0.5140625,0.102837817,0.39628,6.732782
2060,baseline->rtl,5.89248,15.982657,17.315763,39.350188,-0.6,-0.119992526,57551,True,6.852347,15.144364,6.903628,28.951222,-0.0859375,-0.0171699,12005,True,0.5140625,0.102822626,0.366768,6.371992
2061,rtl->baseline,5.597604,14.289531,9.433792,29.3646,-0.6,-0.119997011,57479,True,5.70656,16.50951,6.784513,29.050125,-0.0859375,-0.01718046,12045,True,0.5140625,0.102816551,0.495055,6.105959
2062,baseline->rtl,5.581314,14.550443,7.804603,27.990063,-0.6,-0.119998804,57403,True,5.758242,15.850527,6.617244,28.263826,-0.078125,-0.013903434,12009,True,0.521875,0.10609537,0.347617,6.109929
2063,rtl->baseline,5.648257,15.29462,13.326253,34.315853,-0.6,-0.119999522,57407,True,5.617446,14.472159,6.892938,27.030115,-0.0859375,-0.018217624,12006,True,0.5140625,0.101781898,0.368558,6.358012
2064,baseline->rtl,5.585764,14.865899,7.485777,27.985302,-0.5875,-0.114749809,55851,True,5.605004,14.779165,7.169531,27.592083,-0.078125,-0.014318299,11707,True,0.509375,0.10043151,0.697594,6.278067
2065,rtl->baseline,5.548352,14.48041,8.388042,28.461605,-0.590625,-0.117712423,56331,True,5.736751,15.206775,6.772612,27.765601,-0.078125,-0.01510232,11805,True,0.5125,0.102610103,0.403039,6.201484
2066,baseline->rtl,5.857027,14.49148,8.274876,28.678036,-0.5875,-0.116647469,56350,True,5.655517,14.291821,6.636206,26.622585,-0.078125,-0.015415928,11791,True,0.509375,0.101231541,0.370818,6.10253
2067,rtl->baseline,6.961391,14.27339,9.445873,30.727016,-0.5625,-0.106658988,55893,True,5.610845,14.813387,6.952261,27.423005,-0.0703125,-0.012260121,11725,True,0.4921875,0.094398867,0.389329,6.361602
2068,baseline->rtl,5.613415,14.446749,8.239914,28.35307,-0.553125,-0.106226095,55887,True,5.729391,15.217616,6.882558,27.873127,-0.0703125,-0.013341548,11783,True,0.4828125,0.092884547,0.347007,6.373443
2069,rtl->baseline,5.570123,17.500138,8.859164,31.976437,-0.5875,-0.123302938,56136,True,6.103929,14.258929,6.715049,27.12182,-0.0703125,-0.013774119,11795,True,0.5171875,0.109528819,0.40877,6.109129
2070,baseline->rtl,5.600875,14.443188,11.646671,31.742556,-0.56875,-0.111946175,57226,True,5.609385,14.772294,6.863776,27.284377,-0.0703125,-0.013947148,11968,True,0.4984375,0.097999027,0.343337,6.362002
2071,rtl->baseline,5.589664,14.334753,9.269984,29.239504,-0.571875,-0.11434097,57479,True,5.584864,14.331453,6.650226,26.614515,-0.0703125,-0.014016359,12057,True,0.5015625,0.100324611,0.372528,6.113319
2072,baseline->rtl,6.002164,15.07648,8.523337,29.654714,-0.58125,-0.118298888,57682,True,5.662878,14.440558,7.014394,27.156552,-0.0703125,-0.014044044,12091,True,0.5109375,0.104254844,0.496804,6.351451
2073,rtl->baseline,5.69891,14.593545,7.630854,27.968902,-0.596875,-0.123632055,58039,True,7.082088,15.09586,7.910918,30.140578,-0.078125,-0.017336367,12142,True,0.51875,0.106295688,1.543996,6.130951
2074,baseline->rtl,5.616726,14.369174,7.598593,27.636345,-0.596875,-0.121077822,57989,True,5.715501,14.418806,6.654707,26.828426,-0.078125,-0.016309547,12131,True,0.51875,0.104768275,0.366598,6.12324
2075,rtl->baseline,5.587444,14.222427,7.558471,27.412384,-0.596875,-0.120056129,58103,True,5.658307,14.572405,6.595894,26.869848,-0.078125,-0.015898819,12140,True,0.51875,0.10415731,0.340696,6.09836
2076,baseline->rtl,5.551573,17.19356,10.790267,33.589431,-0.590625,-0.117022452,58792,True,5.578102,15.97796,6.918398,28.519422,-0.078125,-0.015734528,12301,True,0.5125,0.101287924,0.387198,6.369311
2077,rtl->baseline,7.802681,15.348199,9.83648,33.083255,-0.590625,-0.117683981,58769,True,5.646025,14.366632,6.928978,26.987638,-0.078125,-0.015668811,12301,True,0.5125,0.10201517,0.377819,6.373721
2078,baseline->rtl,5.802353,15.15663,7.944788,28.950904,-0.590625,-0.117948592,58766,True,5.608084,15.37947,6.723059,27.751325,-0.078125,-0.015642524,12297,True,0.5125,0.102306068,0.443992,6.106398
2079,rtl->baseline,5.625495,15.406532,8.455062,29.532342,-0.590625,-0.118054437,58688,True,5.598504,14.384132,6.679586,26.709744,-0.078125,-0.01563201,12275,True,0.5125,0.102422427,0.40738,6.105469
2080,baseline->rtl,5.564551,15.065986,13.536421,34.222151,-0.590625,-0.118096775,58688,True,5.655406,14.390912,6.644274,26.731665,-0.078125,-0.015627804,12285,True,0.5125,0.102468971,0.362727,6.115818
2081,rtl->baseline,5.986122,15.716798,9.279033,31.032885,-0.590625,-0.11811371,58725,True,5.641606,15.635483,7.403362,28.728433,-0.078125,-0.015626122,12280,True,0.5125,0.102487588,0.399269,6.820393
2082,baseline->rtl,6.591372,15.480176,12.29474,34.42202,-0.596875,-0.120745484,58559,True,5.722529,14.388692,6.96541,27.116374,-0.078125,-0.015625449,12250,True,0.51875,0.105120035,0.432341,6.36247
2083,rtl->baseline,5.570932,14.324,12.281019,32.220073,-0.596875,-0.119923194,58517,True,7.428693,15.687625,6.617663,29.779683,-0.078125,-0.015625179,12250,True,0.51875,0.104298015,0.344176,6.113108
2084,baseline->rtl,8.331947,15.986411,7.492256,31.862076,-0.596875,-0.119594277,58460,True,5.701948,14.399203,6.924818,27.065671,-0.078125,-0.015625072,12236,True,0.51875,0.103969205,0.390289,6.370451
2085,rtl->baseline,5.690128,15.444184,13.669528,34.848191,-0.6,-0.120775211,58194,True,5.756081,16.152989,6.988371,28.951953,-0.0859375,-0.018906279,12173,True,0.5140625,0.101868932,0.459423,6.317058
2086,baseline->rtl,5.653026,17.381469,7.767079,30.855977,-0.6,-0.120310084,58165,True,5.573292,14.529119,6.629234,26.769437,-0.0859375,-0.017875011,12168,True,0.5140625,0.102435073,0.366348,6.101998
2087,rtl->baseline,5.705648,14.506528,12.307891,32.56671,-0.6,-0.120124034,58141,True,6.317628,16.59786,6.794302,29.760603,-0.0859375,-0.017462505,12169,True,0.5140625,0.102661529,0.507545,6.105688
2088,baseline->rtl,5.554321,15.067576,8.327756,29.001666,-0.603125,-0.121362114,57847,True,6.059946,14.584422,6.632613,27.317484,-0.09375,-0.020578752,12089,True,0.509375,0.100783362,0.363508,6.103558
2089,rtl->baseline,5.650866,14.653115,10.340525,30.691858,-0.603125,-0.120919845,57853,True,5.604594,14.309469,6.927959,26.888943,-0.0859375,-0.016200251,12090,True,0.5171875,0.104719594,0.393889,6.370061
2090,baseline->rtl,6.191192,14.74658,17.435411,38.424736,-0.603125,-0.120742938,57824,True,5.686678,17.069063,7.000661,29.796763,-0.09375,-0.02007385,12091,True,0.509375,0.100669088,0.452482,6.370089
2091,rtl->baseline,6.230713,14.669643,9.010588,29.959806,-0.603125,-0.120672175,57487,True,5.627213,14.358098,6.902266,26.932099,-0.09375,-0.01927954,11998,True,0.509375,0.101392635,0.367118,6.3718
2092,baseline->rtl,5.656165,14.619701,7.61072,27.939268,-0.603125,-0.12064387,57842,True,5.668346,15.065402,6.843573,27.622733,-0.09375,-0.018961816,12079,True,0.509375,0.101682054,0.512085,6.124548
2093,rtl->baseline,5.632274,14.268874,7.664102,27.608112,-0.603125,-0.120632548,57439,True,6.055474,15.136836,6.933277,28.174349,-0.09375,-0.018834726,12019,True,0.509375,0.101797822,0.392169,6.37152
2094,baseline->rtl,5.75525,15.277963,7.60333,28.692885,-0.603125,-0.120628019,57733,True,5.637304,14.341607,6.914166,26.931389,-0.09375,-0.018783891,12085,True,0.509375,0.101844128,0.371468,6.37278
2095,rtl->baseline,5.873906,14.934906,7.778538,28.632082,-0.603125,-0.120626208,57770,True,5.572581,14.870902,6.756809,27.248395,-0.09375,-0.018763556,12076,True,0.509375,0.101862652,0.431311,6.15504
2096,baseline->rtl,5.641564,14.366489,7.675864,27.736528,-0.603125,-0.120625483,57757,True,5.686987,16.408667,7.046922,29.191289,-0.09375,-0.018755422,12081,True,0.509375,0.101870061,0.589619,6.226162
2097,rtl->baseline,5.632993,14.688394,16.617148,36.983858,-0.603125,-0.120625193,57723,True,5.926768,14.494145,6.926027,27.392221,-0.09375,-0.018752169,12114,True,0.509375,0.101873024,0.391889,6.36864
2098,baseline->rtl,5.639875,14.913465,7.585029,28.19137,-0.603125,-0.120625077,57643,True,7.348477,14.325806,6.886985,28.60245,-0.0859375,-0.015469618,12099,True,0.5171875,0.105155459,0.368017,6.352979
2099,rtl->baseline,5.603893,14.832301,7.606799,28.093206,-0.603125,-0.120625031,57625,True,5.598132,14.392099,6.948268,26.985132,-0.09375,-0.019781597,12093,True,0.509375,0.100843434,0.41507,6.36712
2100,baseline->rtl,5.985801,14.305336,7.569118,27.910207,-0.584375,-0.112750012,56229,True,5.653335,14.380559,6.639383,26.712069,-0.078125,-0.012600139,11778,True,0.50625,0.100149873,0.374619,6.100416
2101,rtl->baseline,5.639924,14.60187,14.628951,34.912367,-0.578125,-0.112600005,55545,True,5.637524,17.046639,6.696415,29.428781,-0.078125,-0.014415056,11668,True,0.5,0.098184949,0.424991,6.099436
2102,baseline->rtl,5.616673,16.03719,8.4386,30.148465,-0.578125,-0.114415002,56139,True,6.045244,15.182518,6.605382,27.871945,-0.078125,-0.015141022,11724,True,0.5,0.09927398,0.335106,6.109107
2103,rtl->baseline,5.5657,14.288944,7.545337,27.443574,-0.603125,-0.125641001,56653,True,5.609102,14.870503,6.667094,27.194572,-0.078125,-0.015431409,11911,True,0.525,0.110209592,0.391219,6.110887
2104,baseline->rtl,5.659995,15.114924,9.688601,30.516824,-0.603125,-0.1226314,56526,True,5.54819,14.429802,6.642783,26.655716,-0.078125,-0.015547564,11854,True,0.525,0.107083836,0.372148,6.103216
2105,rtl->baseline,6.227513,14.484424,9.342084,30.102584,-0.590625,-0.11617756,56451,True,5.656965,14.319376,6.918566,26.940479,-0.078125,-0.015594025,11863,True,0.5125,0.100583535,0.385749,6.36943
2106,baseline->rtl,5.55509,14.378117,10.806643,30.795743,-0.596875,-0.119971024,57304,True,5.790511,14.932792,6.708635,27.47467,-0.078125,-0.01561261,11984,True,0.51875,0.104358414,0.401129,6.121936
2107,rtl->baseline,5.654554,14.88672,10.889497,31.477474,-0.6,-0.12092591,57240,True,5.662414,14.365655,6.630161,26.704723,-0.078125,-0.015620044,11976,True,0.521875,0.105305866,0.365528,6.100766
2108,baseline->rtl,5.723147,14.943904,9.10945,29.829994,-0.6,-0.120370364,57301,True,5.78518,14.442559,6.631901,26.900462,-0.078125,-0.015623018,11975,True,0.521875,0.104747346,0.361667,6.103986
2109,rtl->baseline,6.062974,16.011545,9.827615,31.952537,-0.603125,-0.121460646,57199,True,5.957828,16.256337,6.792618,29.064567,-0.0859375,-0.018905457,11984,True,0.5171875,0.102555189,0.439371,6.149548
2110,baseline->rtl,5.808411,14.572945,8.27156,28.70906,-0.603125,-0.120959258,56903,True,9.50553,14.522413,7.373617,31.447703,-0.0859375,-0.017874683,11962,True,0.5171875,0.103084575,0.463383,6.110546
2111,rtl->baseline,5.695966,15.580284,9.262198,30.586711,-0.603125,-0.120758703,56986,True,5.617322,14.603747,6.714855,26.980986,-0.0859375,-0.017462373,11963,True,0.5171875,0.10329633,0.40455,6.144968
2112,baseline->rtl,5.659544,14.450229,8.345664,28.51233,-0.596875,-0.118053481,56446,True,6.475394,15.264309,7.02086,28.809245,-0.078125,-0.014016199,11858,True,0.51875,0.104037282,0.472113,6.359458
2113,rtl->baseline,5.59302,14.304753,10.913108,30.862084,-0.6,-0.120158893,56354,True,5.756068,14.327654,6.648102,26.779666,-0.078125,-0.01498148,11841,True,0.521875,0.105177413,0.372788,6.109836
2114,baseline->rtl,5.706366,14.315813,10.566882,30.641713,-0.6,-0.120063557,56506,True,5.57801,14.360475,6.640322,26.615889,-0.078125,-0.015367592,11953,True,0.521875,0.104695965,0.371408,6.105235
2115,rtl->baseline,5.657053,14.298452,7.806448,27.809696,-0.6,-0.120025423,56674,True,5.562409,14.6787,6.895864,27.183676,-0.0859375,-0.018803287,11985,True,0.5140625,0.101222136,0.366998,6.367218
2116,baseline->rtl,5.730137,15.319031,14.840269,35.94419,-0.6,-0.120010169,56601,True,5.734258,14.479071,6.946796,27.200937,-0.0859375,-0.017833815,11923,True,0.5140625,0.102176354,0.41299,6.366899
2117,rtl->baseline,5.78517,14.309063,7.712033,27.853278,-0.6,-0.120004068,56883,True,7.487973,14.720072,6.856701,29.11724,-0.0859375,-0.017446026,11949,True,0.5140625,0.102558042,0.488804,6.159558
2118,baseline->rtl,5.609032,14.829528,8.608076,29.101739,-0.603125,-0.121314127,58628,True,5.756619,14.659429,6.960227,27.420927,-0.0859375,-0.01729091,12258,True,0.5171875,0.104023217,0.388588,6.40255
2119,rtl->baseline,5.682875,14.8757,7.617669,28.220806,-0.603125,-0.120900651,58187,True,5.669005,14.284791,6.662013,26.661141,-0.0859375,-0.017228864,12245,True,0.5171875,0.103671787,0.367857,6.121546
2120,baseline->rtl,5.557989,14.391346,7.561156,27.563705,-0.603125,-0.12073526,58136,True,5.568539,15.407826,6.646852,27.662139,-0.0859375,-0.017204046,12239,True,0.5171875,0.103531214,0.365178,6.101476
2121,rtl->baseline,5.660603,14.382093,14.423585,34.512034,-0.603125,-0.120669104,58812,True,5.655734,14.401047,6.898904,27.004227,-0.0859375,-0.017194118,12307,True,0.5171875,0.103474986,0.363938,6.371889
2122,baseline->rtl,5.81023,17.060023,26.100508,49.026213,-0.603125,-0.120642642,58836,True,5.974428,14.683888,6.995317,27.698115,-0.0859375,-0.017190147,12320,True,0.5171875,0.103452495,0.457302,6.319435
2123,rtl->baseline,5.639552,14.613724,9.356261,29.654839,-0.603125,-0.120632057,58873,True,5.662323,16.089565,6.948855,28.744335,-0.0859375,-0.017188559,12309,True,0.5171875,0.103443498,0.417581,6.356627
2124,baseline->rtl,5.979278,14.374613,11.21021,31.617653,-0.6,-0.119315323,59296,True,5.61703,14.667897,8.197455,28.521684,-0.0859375,-0.017187924,12393,True,0.5140625,0.102127399,0.395089,6.184098
2125,rtl->baseline,5.619951,14.793003,8.967982,29.425568,-0.6,-0.119726129,59264,True,5.59121,14.574212,6.916273,27.130658,-0.0859375,-0.017187669,12378,True,0.5140625,0.10253846,0.43368,6.289263
2126,baseline->rtl,5.553438,14.53353,8.780554,28.919544,-0.6,-0.119890452,59266,True,5.576909,14.362762,6.887542,26.866875,-0.0859375,-0.017187568,12382,True,0.5140625,0.102702884,0.361607,6.362377
2127,rtl->baseline,5.60177,14.266258,7.632548,27.548208,-0.603125,-0.121268681,59256,True,5.684574,14.472157,6.964846,27.16976,-0.0859375,-0.017187527,12408,True,0.5171875,0.104081154,0.4264,6.371418
2128,baseline->rtl,5.742517,14.352881,7.606197,27.751077,-0.603125,-0.120882472,59453,True,5.582889,14.551381,6.628899,26.802221,-0.0859375,-0.017187511,12413,True,0.5171875,0.103694961,0.360498,6.103404
2129,rtl->baseline,5.562539,14.579213,7.552314,27.736257,-0.603125,-0.120727989,59467,True,5.558898,14.389414,6.937894,26.932198,-0.0859375,-0.017187504,12414,True,0.5171875,0.103540485,0.41116,6.362327
2130,baseline->rtl,5.60504,14.395834,7.475531,27.529397,-0.603125,-0.120666196,59594,True,5.553128,14.601754,6.634879,26.827273,-0.0859375,-0.017187502,12430,True,0.5171875,0.103478694,0.367028,6.105614
2131,rtl->baseline,5.592899,14.410425,7.548543,27.598,-0.603125,-0.120641478,59550,True,5.650982,14.647776,6.675381,27.020853,-0.0859375,-0.017187501,12435,True,0.5171875,0.103453977,0.399829,6.101474
2132,baseline->rtl,5.582209,14.415795,7.566665,27.616521,-0.603125,-0.120631591,59593,True,5.571719,14.345151,6.667761,26.623214,-0.0859375,-0.0171875,12438,True,0.5171875,0.103444091,0.400429,6.099934
2133,rtl->baseline,5.587729,14.391584,8.195385,28.21758,-0.6125,-0.124565137,59684,True,5.61102,14.402084,6.672012,26.730949,-0.09375,-0.02046875,12484,True,0.51875,0.104096387,0.405279,6.103345
2134,baseline->rtl,5.611401,14.443896,7.428248,27.536367,-0.6125,-0.123326055,59700,True,5.660673,14.822035,6.854111,27.37568,-0.09375,-0.0194375,12474,True,0.51875,0.103888555,0.333176,6.361716
2135,rtl->baseline,5.5907,14.356962,7.598046,27.59101,-0.6125,-0.122830422,59650,True,5.584959,14.472998,6.6427,26.747129,-0.09375,-0.019025,12476,True,0.51875,0.103805422,0.371258,6.106045
2136,baseline->rtl,5.665923,14.592244,7.384846,27.692095,-0.60625,-0.120007169,60278,True,5.639662,14.32028,6.639549,26.640424,-0.09375,-0.01886,12613,True,0.5125,0.101147169,0.369538,6.105174
2137,rtl->baseline,5.581898,14.484915,8.54746,28.659286,-0.60625,-0.120752867,60294,True,5.63287,14.38971,6.638419,26.708802,-0.09375,-0.018794,12611,True,0.5125,0.101958867,0.368648,6.105363
2138,baseline->rtl,5.553817,14.574389,7.623976,27.804814,-0.60625,-0.121051147,60288,True,5.534125,14.637503,6.88971,27.09986,-0.09375,-0.0187676,12621,True,0.5125,0.102283547,0.356117,6.368926
2139,rtl->baseline,5.764267,14.362669,7.566193,27.739282,-0.6125,-0.123795459,60950,True,5.673522,14.305207,6.65596,26.680681,-0.1015625,-0.02203829,12759,True,0.5109375,0.101757169,0.368048,6.123004
2140,baseline->rtl,5.540136,14.38685,7.536442,27.515121,-0.6125,-0.123018184,61041,True,5.62207,14.446643,6.924652,27.030228,-0.1015625,-0.021002816,12767,True,0.5109375,0.102015368,0.398409,6.360735
2141,rtl->baseline,5.550356,14.384971,15.443601,35.42401,-0.6125,-0.122707273,60959,True,5.61595,15.304154,6.86882,27.836416,-0.1015625,-0.020588626,12762,True,0.5109375,0.102118647,0.345477,6.359705
2142,baseline->rtl,5.63111,14.472505,7.527991,27.683488,-0.63125,-0.130457909,60576,True,5.580307,14.862163,6.860589,27.337033,-0.1171875,-0.026985451,12648,True,0.5140625,0.103472458,0.334416,6.365755
2143,rtl->baseline,5.698404,14.352469,7.49239,27.590005,-0.63125,-0.127933164,60524,True,5.684652,14.324458,6.67408,26.730683,-0.1171875,-0.02485668,12637,True,0.5140625,0.103076484,0.40767,6.103213
2144,baseline->rtl,5.621529,14.630443,7.449038,27.749782,-0.63125,-0.126923265,60544,True,5.646421,14.342379,6.895631,26.922653,-0.1171875,-0.024005172,12645,True,0.5140625,0.102918093,0.360317,6.373516
2145,rtl->baseline,5.62757,14.38151,17.016537,37.071759,-0.65,-0.134394306,60528,True,5.696133,14.291516,6.635958,26.6719,-0.140625,-0.033508319,12649,True,0.509375,0.100885987,0.368978,6.102853
2146,baseline->rtl,5.575258,14.290506,7.720621,27.638896,-0.65,-0.131757722,60550,True,5.63391,14.641123,6.67703,26.991545,-0.140625,-0.030278328,12652,True,0.509375,0.101479394,0.40854,6.101503
2147,rtl->baseline,5.651831,14.283025,7.580314,27.561483,-0.65,-0.130703089,60542,True,5.62306,14.845772,6.692421,27.207235,-0.140625,-0.028986331,12657,True,0.509375,0.101716758,0.402549,6.109693
2148,baseline->rtl,5.645321,14.332788,7.529891,27.560533,-0.653125,-0.131593736,60552,True,5.6294,14.451634,6.632948,26.753034,-0.140625,-0.028469532,12645,True,0.5125,0.103124204,0.367438,6.101573
2149,rtl->baseline,5.606259,14.355499,7.608586,27.618225,-0.653125,-0.131012494,60547,True,5.598569,14.516477,6.637238,26.796036,-0.1484375,-0.031544063,12647,True,0.5046875,0.099468431,0.364998,6.107853
2150,baseline->rtl,5.559417,14.328638,7.525651,27.461138,-0.653125,-0.130779998,60499,True,5.557767,15.230061,6.633609,27.457178,-0.1484375,-0.030430125,12644,True,0.5046875,0.100349873,0.372258,6.101762
2151,rtl->baseline,5.564338,14.463394,7.538282,27.612236,-0.69375,-0.147749499,56635,True,5.683032,14.358709,6.639349,26.729483,-0.1796875,-0.04310955,11829,True,0.5140625,0.104639949,0.367447,6.108043
2152,baseline->rtl,5.640041,15.164218,7.399405,28.252756,-0.69375,-0.1423498,56794,True,5.647481,14.507624,6.91377,27.107958,-0.1796875,-0.03880632,11869,True,0.5140625,0.10354348,0.386638,6.362694
2153,rtl->baseline,5.620529,14.393238,8.269665,28.328354,-0.69375,-0.14018992,56864,True,5.592748,14.360786,6.638497,26.637843,-0.1796875,-0.037085028,11903,True,0.5140625,0.103104892,0.367718,6.104172
2154,baseline->rtl,5.619458,14.401718,7.565222,27.636671,-0.690625,-0.138013468,57420,True,5.65862,14.834999,6.636967,27.168259,-0.1796875,-0.036396511,11942,True,0.5109375,0.101616957,0.373688,6.100942
2155,rtl->baseline,5.64774,14.332885,8.397652,28.423108,-0.690625,-0.138080387,57431,True,5.605258,14.413859,6.644977,26.758589,-0.1796875,-0.036121104,11942,True,0.5109375,0.101959283,0.365948,6.111012
2156,baseline->rtl,5.624798,14.448681,7.477467,27.60174,-0.690625,-0.138107155,57429,True,5.636949,14.459221,6.9041,27.039242,-0.1796875,-0.036010942,11941,True,0.5109375,0.102096213,0.370788,6.366865
2157,rtl->baseline,5.84318,14.338276,7.586812,27.81612,-0.68125,-0.134180362,58317,True,6.298621,14.289603,6.90933,27.542986,-0.1796875,-0.035966877,12125,True,0.5015625,0.098213485,0.371358,6.370255
2158,baseline->rtl,5.600637,14.359127,7.645696,27.657572,-0.68125,-0.135422145,58293,True,5.608358,14.721814,6.869038,27.232212,-0.1796875,-0.035949251,12120,True,0.5015625,0.099472894,0.338956,6.369985
2159,rtl->baseline,5.624789,14.348455,7.576592,27.597359,-0.68125,-0.135918858,58325,True,5.610618,14.426189,6.893109,26.97651,-0.1796875,-0.0359422,12124,True,0.5015625,0.099976658,0.358348,6.372064
2160,baseline->rtl,5.593218,14.679092,7.586772,27.907924,-0.678125,-0.134805043,58971,True,5.610828,14.350206,6.655348,26.654544,-0.1640625,-0.02937688,12271,True,0.5140625,0.105428163,0.364368,6.128583
2161,rtl->baseline,5.622128,14.253151,7.52275,27.442861,-0.678125,-0.135297017,58977,True,5.64268,14.376777,6.664628,26.730257,-0.1640625,-0.031438252,12268,True,0.5140625,0.103858765,0.401069,6.099931
2162,baseline->rtl,5.602578,14.378787,13.515186,33.548043,-0.678125,-0.135493807,58981,True,5.680091,14.297863,6.630007,26.648433,-0.1640625,-0.032262801,12273,True,0.5140625,0.103231006,0.369217,6.099792
2163,rtl->baseline,5.762485,14.371977,7.498838,27.678093,-0.6625,-0.129010023,60478,True,5.563536,14.369907,6.943432,26.922687,-0.15625,-0.02931137,12585,True,0.50625,0.099698653,0.40788,6.367334
2164,baseline->rtl,5.65379,14.672191,7.51673,27.895013,-0.6625,-0.131104009,60479,True,5.626249,14.346216,6.679929,26.691716,-0.15625,-0.030474548,12584,True,0.50625,0.100629461,0.41573,6.099742
2165,rtl->baseline,5.557136,14.303674,7.634915,27.540016,-0.6625,-0.131941604,60480,True,5.623929,14.781687,6.867888,27.322106,-0.15625,-0.030939819,12597,True,0.50625,0.101001785,0.336256,6.370725
2166,baseline->rtl,5.6403,14.409008,7.418375,27.520995,-0.659375,-0.130964141,60897,True,5.656011,14.587907,6.957542,27.239642,-0.1484375,-0.027844678,12685,True,0.5109375,0.103119463,0.375508,6.410447
2167,rtl->baseline,5.641,14.43076,7.457396,27.573828,-0.659375,-0.131510657,60913,True,5.660061,14.354966,6.693779,26.756959,-0.1484375,-0.028950371,12684,True,0.5109375,0.102560286,0.404349,6.104231
2168,baseline->rtl,5.692012,14.351235,7.747331,27.843951,-0.659375,-0.131729263,60903,True,5.968096,16.010752,7.033515,29.060715,-0.1484375,-0.029392648,12682,True,0.5109375,0.102336615,0.445921,6.366783
2169,rtl->baseline,6.205745,16.559598,16.712666,39.535491,-0.615625,-0.113441705,62143,True,5.996296,15.955059,6.986583,28.99569,-0.109375,-0.013163309,12926,True,0.50625,0.100278396,0.569217,6.146402
2170,baseline->rtl,7.34974,21.120215,12.446943,41.023172,-0.615625,-0.119251682,62206,True,5.89012,15.678926,6.734561,28.346639,-0.109375,-0.018390324,12939,True,0.50625,0.100861358,0.383118,6.161423
2171,rtl->baseline,5.87353,15.631483,27.340352,48.897867,-0.615625,-0.121575673,62160,True,5.832068,15.309348,6.960121,28.14718,-0.109375,-0.020481129,12946,True,0.50625,0.101094544,0.521384,6.248937
2172,baseline->rtl,5.88756,15.777061,16.982118,38.698742,-0.575,-0.105442769,62066,True,5.786415,15.389073,6.671638,27.883497,-0.0703125,-0.004911202,12970,True,0.5046875,0.100531567,0.356857,6.139982
2173,rtl->baseline,5.933533,16.920845,8.665253,31.579083,-0.575,-0.111177108,62087,True,5.816647,15.447135,6.689508,27.999242,-0.0703125,-0.010401981,12969,True,0.5046875,0.100775127,0.380578,6.129252
2174,baseline->rtl,5.793616,15.400803,8.599829,29.853081,-0.575,-0.113470843,62013,True,5.757204,15.474766,6.778313,28.056916,-0.0703125,-0.012598292,12965,True,0.5046875,0.100872551,0.455471,6.121251
2175,rtl->baseline,5.999585,16.011182,9.03729,31.10543,-0.559375,-0.107825837,62014,True,5.8762,15.503708,6.916219,28.351519,-0.0625,-0.010195567,12948,True,0.496875,0.09763027,0.534766,6.161744
2176,baseline->rtl,6.08067,16.589929,8.916885,31.647196,-0.559375,-0.110255335,62034,True,5.837568,15.418124,6.786993,28.090917,-0.0625,-0.011578227,12949,True,0.496875,0.098677108,0.472632,6.114921
2177,rtl->baseline,5.730163,16.197251,10.822265,32.797141,-0.559375,-0.111227134,62037,True,5.734793,15.276257,7.116038,28.177771,-0.0546875,-0.008850041,12961,True,0.5046875,0.102377093,0.375538,6.568353
2178,baseline->rtl,5.640729,14.775234,7.77577,28.246024,-0.50625,-0.089303354,61957,True,5.676731,14.333173,6.899309,26.948313,0.0,0.012866234,12975,True,0.50625,0.102169588,0.364777,6.373614
2179,rtl->baseline,5.632899,14.384405,7.722577,27.783513,-0.50625,-0.096471341,61802,True,5.649809,14.388725,6.691488,26.777134,0.0,0.005146493,12957,True,0.50625,0.101617834,0.366788,6.161183
2180,baseline->rtl,5.68565,14.458008,7.630223,27.824444,-0.50625,-0.099338537,61810,True,5.649459,14.404855,6.71838,26.811106,0.0,0.002058597,12945,True,0.50625,0.101397134,0.411719,6.106291
2181,rtl->baseline,5.615377,14.259079,7.530068,27.448576,-0.453125,-0.078172915,60414,True,5.65723,14.371814,6.667668,26.742623,0.046875,0.020510939,12689,True,0.5,0.098683854,0.364927,6.140252
2182,baseline->rtl,5.590226,14.438237,7.510388,27.590653,-0.453125,-0.085644166,60386,True,5.569215,14.372014,6.636276,26.615457,0.046875,0.013829376,12705,True,0.5,0.099473542,0.368058,6.107011
2183,rtl->baseline,5.612296,14.276107,7.567228,27.502414,-0.453125,-0.088632666,60495,True,5.675029,14.463956,6.632944,26.818681,0.046875,0.01115675,12704,True,0.5,0.099789416,0.362467,6.104819
2184,baseline->rtl,5.604505,14.352761,7.532137,27.541165,-0.428125,-0.079328067,59661,True,5.639897,14.571001,6.687397,26.937967,0.0703125,0.01993145,12579,True,0.4984375,0.099259517,0.41297,6.108549
2185,rtl->baseline,5.618936,14.357951,7.835972,27.85813,-0.428125,-0.083106227,59823,True,5.655848,14.36251,6.637185,26.701386,0.0703125,0.01641008,12631,True,0.4984375,0.099516307,0.365047,6.110139
2186,baseline->rtl,5.835907,14.395382,7.506726,27.789987,-0.428125,-0.084617491,59628,True,5.656799,14.404543,6.638114,26.738048,0.0703125,0.015001532,12557,True,0.4984375,0.099619023,0.367978,6.107609
2187,rtl->baseline,5.616017,14.33377,14.56328,34.561228,-0.38125,-0.065534496,58551,True,5.628507,14.358471,6.635435,26.671454,0.1171875,0.034125613,12387,True,0.4984375,0.099660109,0.369767,6.101929
2188,baseline->rtl,5.602855,14.386742,7.659173,27.702403,-0.38125,-0.071963799,58622,True,5.642397,14.370691,6.652405,26.702795,0.1171875,0.027712745,12354,True,0.4984375,0.099676544,0.372158,6.11491
2189,rtl->baseline,5.581624,14.424364,7.476554,27.525764,-0.38125,-0.074535519,58637,True,5.619377,14.439524,6.635424,26.742578,0.109375,0.021866348,12325,True,0.490625,0.096401867,0.366798,6.106539
2190,baseline->rtl,5.658838,14.744529,7.828971,28.284281,-0.35625,-0.065064208,58636,True,5.633747,14.35904,6.917078,26.949537,0.140625,0.034996539,12338,True,0.496875,0.100060747,0.367357,6.350221
2191,rtl->baseline,5.619186,14.35131,9.329272,29.34516,-0.35625,-0.068775683,58504,True,5.607976,14.443304,6.642705,26.740217,0.140625,0.030873616,12409,True,0.496875,0.099649299,0.379718,6.099879
2192,baseline->rtl,5.675989,14.411263,8.791197,28.930561,-0.35625,-0.070260273,58730,True,5.716491,14.35179,6.628174,26.734907,0.140625,0.029224446,12384,True,0.496875,0.099484719,0.364537,6.102429
2193,rtl->baseline,5.652978,14.462405,10.460756,30.620341,-0.321875,-0.056416609,58603,True,5.747253,14.369191,6.913008,27.076193,0.1875,0.048252279,12373,True,0.509375,0.104668888,0.357737,6.366782
2194,baseline->rtl,5.620266,14.463055,7.570779,27.706223,-0.31875,-0.059879144,58645,True,5.615736,14.628713,6.647515,26.931126,0.1875,0.041800911,12400,True,0.50625,0.101680055,0.356057,6.099109
2195,rtl->baseline,5.596895,14.420773,7.59731,27.659341,-0.31875,-0.062201657,58808,True,5.635327,14.307498,6.631854,26.622802,0.1875,0.039220365,12468,True,0.50625,0.101422022,0.365567,6.102039
2196,baseline->rtl,5.644107,14.326159,7.628572,27.65161,-0.278125,-0.046068163,56777,True,5.672288,14.34684,6.686127,26.744418,0.21875,0.051313146,11963,True,0.496875,0.097381309,0.4174,6.10304
2197,rtl->baseline,5.607206,14.310889,7.627412,27.590387,-0.278125,-0.051802265,56871,True,5.591345,14.384312,6.675796,26.699426,0.21875,0.046775258,11994,True,0.496875,0.098577523,0.411239,6.100209
2198,baseline->rtl,5.605995,14.33718,7.726847,27.722524,-0.278125,-0.054095906,56802,True,5.597606,14.361301,6.628294,26.624612,0.21875,0.044960103,11972,True,0.496875,0.099056009,0.362708,6.105389
2199,rtl->baseline,5.633636,14.285434,7.707794,27.673616,-0.2625,-0.048450862,57701,True,5.697029,14.510785,6.927737,27.184293,0.234375,0.050796541,12258,True,0.496875,0.099247403,0.390099,6.371341
2200,baseline->rtl,5.614295,14.374048,7.674782,27.716128,-0.259375,-0.049567845,57933,True,5.576873,14.472973,6.635263,26.723871,0.234375,0.048443617,12278,True,0.49375,0.098011462,0.365887,6.109839
2201,rtl->baseline,5.626936,14.421411,7.63789,27.732849,-0.259375,-0.050952138,57872,True,5.691649,14.403239,6.685266,26.828036,0.234375,0.047502447,12268,True,0.49375,0.098454585,0.414959,6.104279
2202,baseline->rtl,5.584324,14.387779,7.502574,27.593302,-0.184375,-0.020005855,55739,True,5.652027,14.370588,6.618283,26.678499,0.3125,0.079938479,11732,True,0.496875,0.099944334,0.356587,6.100088
2203,rtl->baseline,5.658397,14.352557,9.502648,29.558305,-0.184375,-0.030127342,55728,True,5.661687,14.320526,6.892835,26.922931,0.3125,0.069475391,11728,True,0.496875,0.099602733,0.364837,6.36533
2204,baseline->rtl,5.853737,14.411921,7.873982,28.18731,-0.184375,-0.034175937,55685,True,5.612155,14.284574,6.626683,26.560493,0.3125,0.065290157,11729,True,0.496875,0.099466094,0.360907,6.102818
2205,rtl->baseline,5.572553,14.339017,7.510595,27.469236,-0.1625,-0.026607875,54751,True,5.662887,14.342127,6.899105,26.950842,0.3359375,0.073459813,11577,True,0.4984375,0.100067688,0.363907,6.372411
2206,baseline->rtl,5.578123,14.432351,7.473543,27.535979,-0.1625,-0.03014315,54785,True,5.625405,14.664402,6.894975,27.222564,0.3359375,0.069696425,11587,True,0.4984375,0.099839575,0.360807,6.371911
2207,rtl->baseline,5.584544,14.519976,7.466802,27.616893,-0.1625,-0.03155726,54740,True,5.583083,14.336197,6.679946,26.645968,0.3359375,0.06819107,11597,True,0.4984375,0.09974833,0.412129,6.102978
2208,baseline->rtl,5.706389,14.367588,7.586628,27.712358,-0.134375,-0.020310404,55510,True,5.600404,14.295064,6.633083,26.568894,0.359375,0.077432678,11822,True,0.49375,0.097743082,0.366327,6.103148
2209,rtl->baseline,5.613225,14.283134,7.619609,27.560021,-0.134375,-0.024249162,55355,True,5.595034,14.669812,6.629513,26.943002,0.359375,0.074098071,11815,True,0.49375,0.098347233,0.365238,6.102018
2210,baseline->rtl,5.599924,14.457932,7.556217,27.666756,-0.134375,-0.025824665,55846,True,5.612735,14.331416,6.641244,26.624357,0.359375,0.072764228,11877,True,0.49375,0.098588893,0.367917,6.111179
2211,rtl->baseline,5.636996,14.477353,7.459012,27.664466,-0.11875,-0.019892366,56716,True,5.605895,14.358677,6.893396,26.90401,0.3828125,0.082074441,11983,True,0.5015625,0.101966807,0.362497,6.367631
2212,baseline->rtl,5.594694,14.40591,7.497034,27.54923,-0.11875,-0.022206946,56734,True,5.645697,14.453253,6.902426,27.041126,0.3828125,0.078767277,11988,True,0.5015625,0.100974223,0.371577,6.369811
2213,rtl->baseline,5.634516,14.335837,7.526665,27.54112,-0.11875,-0.023132779,56762,True,5.701839,14.42577,6.631883,26.806725,0.3828125,0.077444411,11993,True,0.5015625,0.10057719,0.366077,6.102578
2214,baseline->rtl,5.573053,14.898313,8.48723,29.007549,-0.115625,-0.022190611,57108,True,5.647586,14.312056,6.716697,26.716461,0.3828125,0.076915264,12059,True,0.4984375,0.099105875,0.410829,6.14336
2215,rtl->baseline,5.631275,14.262601,7.66708,27.606867,-0.115625,-0.022751245,57077,True,5.679818,14.329564,6.634671,26.692147,0.3828125,0.076703606,12076,True,0.4984375,0.099454851,0.369987,6.102976
2216,baseline->rtl,5.593813,14.337724,7.65153,27.634929,-0.115625,-0.022975498,57143,True,5.718079,14.337624,6.921725,27.01546,0.3828125,0.076618942,12072,True,0.4984375,0.09959444,0.388678,6.3709
2217,rtl->baseline,5.606883,14.329924,7.574976,27.559005,-0.103125,-0.017815199,56788,True,5.624354,14.331334,6.633951,26.637091,0.390625,0.079866327,11981,True,0.49375,0.097681526,0.364757,6.107147
2218,baseline->rtl,5.645185,14.333924,7.577916,27.611038,-0.103125,-0.01950108,56776,True,5.690438,14.440828,6.674034,26.845262,0.390625,0.078821531,11982,True,0.49375,0.098322611,0.400619,6.108397
2219,rtl->baseline,5.616664,14.287332,7.608417,27.558815,-0.103125,-0.020175432,56748,True,5.621204,14.411848,6.888004,26.967317,0.390625,0.078403612,11992,True,0.49375,0.098579044,0.355357,6.371689
2220,baseline->rtl,5.593943,14.346654,7.506103,27.499702,-0.0875,-0.013882673,56532,True,5.637145,14.334494,6.658363,26.668874,0.40625,0.084798945,11947,True,0.49375,0.098681618,0.370268,6.123148
2221,rtl->baseline,5.682827,14.306753,7.523124,27.557386,-0.0875,-0.016053069,56606,True,5.592552,14.326244,6.625911,26.59033,0.40625,0.082669578,11953,True,0.49375,0.098722647,0.361467,6.100057
2222,baseline->rtl,5.621974,14.375575,7.508303,27.559856,-0.0875,-0.016921228,56681,True,5.596273,14.354934,6.894324,26.884383,0.40625,0.081817831,11969,True,0.49375,0.098739059,0.361127,6.367789
2223,rtl->baseline,5.585112,14.318173,7.568526,27.517813,-0.0625,-0.006768491,57299,True,5.619855,14.376166,6.643202,26.686204,0.4296875,0.091320882,12055,True,0.4921875,0.098089373,0.370588,6.106287
2224,baseline->rtl,5.645055,14.365855,7.460271,27.522824,-0.0625,-0.010207396,57230,True,5.657046,14.498552,6.627432,26.822841,0.4296875,0.088090853,12043,True,0.4921875,0.098298249,0.360607,6.102197
2225,rtl->baseline,5.585542,14.26048,7.465281,27.358346,-0.0625,-0.011582959,57241,True,5.598773,14.391336,6.903004,26.940957,0.4296875,0.086798841,12051,True,0.4921875,0.0983818,0.368698,6.369879
2226,baseline->rtl,5.596413,14.407897,7.483512,27.539554,-0.046875,-0.005570683,56969,True,5.582692,14.415997,6.634952,26.673443,0.4453125,0.092844536,12044,True,0.4921875,0.098415219,0.367577,6.104527
2227,rtl->baseline,5.606254,14.358594,7.505263,27.515964,-0.046875,-0.007853273,56941,True,5.631575,14.367805,6.637472,26.684324,0.4453125,0.090575315,12060,True,0.4921875,0.098428588,0.370088,6.103757
2228,baseline->rtl,5.568072,14.443929,7.523674,27.588376,-0.046875,-0.008766309,57044,True,5.616043,14.429068,6.972608,27.056322,0.4453125,0.089667626,12074,True,0.4921875,0.098433935,0.43927,6.37096
2229,rtl->baseline,5.565752,14.378496,7.527654,27.518393,-0.0125,0.010555976,56657,True,5.621474,14.434458,6.650593,26.753958,0.484375,0.1057108,11946,True,0.496875,0.095154824,0.365347,6.122648
2230,baseline->rtl,5.695437,14.404787,7.486312,27.63906,-0.0125,0.004222391,56640,True,5.666046,14.368915,6.623791,26.698495,0.484375,0.10040932,11945,True,0.496875,0.096186929,0.356406,6.103307
2231,rtl->baseline,5.613233,14.282068,7.498021,27.438625,-0.0125,0.001688956,56690,True,5.631695,14.373275,6.671724,26.724876,0.484375,0.098288728,11954,True,0.496875,0.096599772,0.410629,6.099597
2232,baseline->rtl,5.637914,14.293949,7.427798,27.413763,0.00625,0.000675582,56960,True,5.672695,14.335851,6.644211,26.692159,0.5,0.104002991,12035,True,0.49375,0.103327409,0.364607,6.117357
2233,rtl->baseline,5.663575,14.31864,7.508331,27.536279,0.00625,0.000270233,56946,True,5.613133,14.361522,6.63274,26.653758,0.5,0.101601196,12022,True,0.49375,0.101330963,0.368958,6.099675
2234,baseline->rtl,5.618133,14.363152,7.415237,27.447765,0.00625,0.000108093,56912,True,5.680816,14.3255,6.662412,26.70862,0.5,0.100640479,12027,True,0.49375,0.100532386,0.362347,6.099666
2235,rtl->baseline,5.690726,14.344982,7.378695,27.461605,0.01875,4.3237e-05,57101,True,5.608542,14.473197,6.694874,26.825806,0.515625,0.106818691,12032,True,0.496875,0.106775454,0.43022,6.101326
2236,baseline->rtl,5.653474,14.31573,7.555504,27.576651,0.01875,1.7295e-05,57154,True,5.592042,14.340061,6.886662,26.858257,0.515625,0.104602477,12029,True,0.496875,0.104585182,0.367438,6.356847
2237,rtl->baseline,5.585101,14.246357,7.549423,27.424083,0.01875,6.918e-06,57129,True,5.648724,14.388573,6.906113,26.991344,0.515625,0.103715991,12041,True,0.496875,0.103709073,0.370367,6.372428
2238,baseline->rtl,5.610602,14.336521,7.524772,27.524919,0.05,0.021002767,57236,True,5.603132,14.505459,6.63275,26.780984,0.546875,0.116486396,12046,True,0.496875,0.095483629,0.365077,6.104025
2239,rtl->baseline,5.579191,14.300429,7.491021,27.415183,0.05,0.014401107,57248,True,5.713208,14.454806,6.683583,26.897269,0.546875,0.112219559,12050,True,0.496875,0.097818452,0.41518,6.103596
2240,baseline->rtl,5.634314,14.419855,7.410637,27.516638,0.053125,0.013072943,57242,True,5.704317,14.384273,6.662262,26.791094,0.546875,0.110512823,12048,True,0.49375,0.09743988,0.363697,6.101566
2241,rtl->baseline,5.600102,14.30737,7.399257,27.383861,0.06875,0.018166677,56858,True,5.691266,14.30799,6.655101,26.70269,0.5625,0.116392629,12034,True,0.49375,0.098225952,0.366057,6.103956
2242,baseline->rtl,5.711078,14.379103,7.4783,27.620973,0.06875,0.015516671,56893,True,5.564221,14.30454,6.63141,26.539332,0.5625,0.114057052,12023,True,0.49375,0.098540381,0.364897,6.104396
2243,rtl->baseline,5.612803,14.281648,7.524892,27.463126,0.06875,0.014456668,56912,True,5.605852,14.353632,6.62499,26.631197,0.5625,0.113122821,12012,True,0.49375,0.098666153,0.362107,6.099496
2244,baseline->rtl,5.610563,14.518789,7.47075,27.652574,0.08125,0.019282667,57302,True,5.623963,14.53245,6.62538,26.822286,0.578125,0.119311628,12058,True,0.496875,0.100028961,0.359737,6.100386
2245,rtl->baseline,5.601992,14.303559,7.604116,27.55488,0.08125,0.017463067,57297,True,5.633994,14.352501,6.632421,26.666288,0.578125,0.117099651,12064,True,0.496875,0.099636584,0.368127,6.102135
2246,baseline->rtl,5.621703,14.386144,7.525202,27.585881,0.08125,0.016735227,57298,True,5.665856,14.351962,6.62614,26.682219,0.578125,0.116214861,12055,True,0.496875,0.099479634,0.359107,6.100986
2247,rtl->baseline,5.598432,14.433436,7.497689,27.572579,0.125,0.034819091,57328,True,5.671655,14.398144,6.894262,27.009714,0.625,0.135548444,12024,True,0.5,0.100729353,0.361307,6.372428
2248,baseline->rtl,5.628192,14.335988,7.523981,27.540314,0.125,0.028927636,57312,True,5.592821,14.423382,6.683761,26.737837,0.625,0.129219378,12021,True,0.5,0.100291742,0.41413,6.105364
2249,rtl->baseline,5.611952,14.303346,7.49412,27.45516,0.125,0.026571055,57284,True,5.664304,14.401392,6.980385,27.091993,0.625,0.126687751,12015,True,0.5,0.100116696,0.443041,6.371537
2250,baseline->rtl,5.610452,14.322247,7.641126,27.625358,0.159375,0.040065922,56264,True,5.58086,14.459874,6.642739,26.720886,0.6484375,0.13551885,11720,True,0.4890625,0.095452928,0.375738,6.102964
2251,rtl->baseline,5.693815,14.304087,7.50335,27.548064,0.159375,0.035151369,56146,True,5.683205,14.333228,6.632009,26.693814,0.6484375,0.13202004,11682,True,0.4890625,0.096868671,0.365147,6.104645
2252,baseline->rtl,5.670565,14.790599,7.409815,27.923152,0.159375,0.033185547,56074,True,5.660914,14.3804,6.967195,27.048931,0.6484375,0.130620516,11658,True,0.4890625,0.097434969,0.43279,6.369596
2253,rtl->baseline,5.555339,14.536528,7.563532,27.702632,0.14375,0.025836719,56603,True,5.659853,14.411922,6.65251,26.769178,0.640625,0.126779456,11802,True,0.496875,0.100942737,0.369278,6.121275
2254,baseline->rtl,5.599091,14.448653,7.471388,27.572116,0.14375,0.027584688,56504,True,5.620502,14.401941,6.634089,26.697214,0.640625,0.127586783,11787,True,0.496875,0.100002095,0.369018,6.103384
2255,rtl->baseline,5.641863,14.360859,7.468838,27.515212,0.14375,0.028283875,56640,True,5.57099,14.537527,6.636829,26.791049,0.640625,0.127909713,11806,True,0.496875,0.099625838,0.364167,6.111454
2256,baseline->rtl,5.57968,14.343469,7.622645,27.597727,0.1375,0.02593855,56996,True,5.57751,14.407731,6.631799,26.656212,0.640625,0.128038885,11914,True,0.503125,0.102100335,0.362416,6.105764
2257,rtl->baseline,5.586851,14.293297,7.467938,27.394637,0.1375,0.02687542,57049,True,5.664504,14.328888,6.635379,26.677414,0.640625,0.128090554,11914,True,0.503125,0.101215134,0.370897,6.102635
2258,baseline->rtl,5.613962,14.3724,7.413596,27.452039,0.1375,0.027250168,57014,True,5.669224,14.365849,6.913913,26.988768,0.640625,0.128111222,11892,True,0.503125,0.100861054,0.393038,6.356166
2259,rtl->baseline,5.628772,14.334328,7.475969,27.486291,0.11875,0.019525067,56925,True,5.595281,14.310637,6.698633,26.650452,0.625,0.121556989,11937,True,0.50625,0.102031922,0.363947,6.169658
2260,baseline->rtl,5.591911,14.299376,7.438097,27.379786,0.11875,0.022060027,56853,True,5.628023,14.425182,6.677751,26.768988,0.625,0.123622795,11936,True,0.50625,0.101562768,0.412289,6.099084
2261,rtl->baseline,5.659524,14.313917,7.440987,27.46238,0.11875,0.023074011,56865,True,5.559929,14.425012,6.909362,26.943126,0.625,0.124449118,11938,True,0.50625,0.101375107,0.369548,6.373327
2262,baseline->rtl,5.649984,14.330038,7.51488,27.550804,0.0875,0.010354604,56363,True,5.610981,14.38324,6.629449,26.663593,0.59375,0.111654647,12008,True,0.50625,0.101300043,0.363187,6.105715
2263,rtl->baseline,5.607251,14.292416,7.623926,27.569105,0.084375,0.013329342,56475,True,5.692005,14.303277,6.901992,26.944176,0.59375,0.115911859,12011,True,0.509375,0.102582517,0.366817,6.373088
2264,baseline->rtl,5.563559,14.494513,7.373892,27.484376,0.0875,0.016769237,56357,True,5.597769,14.350957,6.928522,26.918629,0.59375,0.117614744,12004,True,0.50625,0.100845507,0.390358,6.372536
2265,rtl->baseline,5.59796,14.372577,7.450616,27.467545,0.05625,0.004082695,56831,True,5.5909,14.472422,6.686571,26.796574,0.5703125,0.108452147,12031,True,0.5140625,0.104369452,0.419089,6.104464
2266,baseline->rtl,5.613901,14.365927,7.419275,27.450864,0.05625,0.008383078,56891,True,5.667173,14.535695,6.634478,26.876108,0.5703125,0.111818359,12030,True,0.5140625,0.103435281,0.367707,6.104294
2267,rtl->baseline,6.24887,14.980585,13.597921,34.876209,0.05625,0.010103231,56858,True,5.6061,15.755972,6.842637,28.254151,0.5703125,0.113164844,12029,True,0.5140625,0.103061613,0.463612,6.169817
2268,baseline->rtl,6.039811,14.65209,7.76193,28.513984,0.05,0.008166292,57073,True,5.676893,14.364377,6.89208,26.973892,0.5546875,0.107140937,12097,True,0.5046875,0.098974645,0.357047,6.370776
2269,rtl->baseline,5.617731,14.286293,7.555311,27.504747,0.04375,0.006641517,56541,True,5.628911,14.611468,6.949163,27.236534,0.5546875,0.109418875,12027,True,0.5109375,0.102777358,0.415609,6.367086
2270,baseline->rtl,5.614881,14.519604,7.531249,27.719147,0.04375,0.007906607,56856,True,5.701854,14.353327,6.89037,26.985942,0.5546875,0.11033005,12093,True,0.5109375,0.102423443,0.363747,6.366265
2271,rtl->baseline,5.60316,14.342946,7.676927,27.668824,0.01875,-0.009962357,57647,True,5.662623,14.394108,6.90101,27.003724,0.53125,0.10085077,12162,True,0.5125,0.110813127,0.371658,6.369155
2272,baseline->rtl,5.650513,14.414379,7.598172,27.717067,0.01875,-0.003984943,57553,True,5.568429,14.341046,6.90111,26.849986,0.53125,0.104090308,12162,True,0.5125,0.108075251,0.365217,6.375006
2273,rtl->baseline,5.636402,14.293183,7.521559,27.495016,0.01875,-0.001593977,57623,True,5.750137,14.376777,6.630718,26.804204,0.53125,0.105386123,12162,True,0.5125,0.1069801,0.363997,6.103154
2274,baseline->rtl,5.670203,15.961321,7.341671,29.024258,0.009375,-0.000637591,57790,True,5.631681,14.386988,6.90454,26.963122,0.5234375,0.102623199,12167,True,0.5140625,0.10326079,0.362407,6.379056
2275,rtl->baseline,5.622952,14.388378,7.389253,27.444354,0.009375,-0.000255036,57666,True,5.60414,14.487763,6.628748,26.768602,0.5234375,0.10386178,12168,True,0.5140625,0.104116816,0.366997,6.100493
2276,baseline->rtl,5.5985,14.444321,7.387243,27.483986,0.009375,-0.000102015,57706,True,5.635152,14.406628,6.89651,27.018064,0.5234375,0.104357212,12168,True,0.5140625,0.104459227,0.363186,6.371656
2277,rtl->baseline,5.59551,14.306004,7.496538,27.445304,0.0,-4.0806e-05,58051,True,5.630032,14.336655,6.827047,26.841526,0.5078125,0.097992885,12215,True,0.5078125,0.098033691,0.365517,6.298613
2278,baseline->rtl,5.61287,14.349266,7.424825,27.439954,0.0,-1.6322e-05,57967,True,5.621821,14.505784,6.635458,26.801025,0.5078125,0.100134654,12206,True,0.5078125,0.100150976,0.367097,6.103023
2279,rtl->baseline,5.554498,14.335486,7.446865,27.379941,0.0,-6.529e-06,58103,True,5.623861,14.338375,6.90302,26.91316,0.5078125,0.100991362,12215,True,0.5078125,0.100997891,0.364776,6.373095
2280,baseline->rtl,5.592279,14.428807,8.019031,28.090879,-0.028125,-0.011815112,58459,True,5.683933,14.350754,6.633576,26.709495,0.484375,0.091490295,12265,True,0.5125,0.103305407,0.369997,6.101522
2281,rtl->baseline,5.662251,14.327293,7.5672,27.604216,-0.028125,-0.008101045,58349,True,5.629741,14.378785,6.643197,26.696354,0.484375,0.094721118,12264,True,0.5125,0.102822163,0.375408,6.099752
2282,baseline->rtl,5.578078,14.452528,7.509737,27.594386,-0.028125,-0.006615418,58358,True,5.577718,14.459809,6.650067,26.727025,0.484375,0.096013447,12266,True,0.5125,0.102628865,0.366897,6.121353
2283,rtl->baseline,5.593889,14.311622,7.680135,27.630127,-0.04375,-0.012583667,58382,True,5.679832,14.285461,6.639217,26.652002,0.46875,0.089967879,12267,True,0.5125,0.102551546,0.371747,6.106102
2284,baseline->rtl,5.596409,14.387595,7.454264,27.491531,-0.04375,-0.010283467,58358,True,5.61389,14.438968,7.104658,27.198577,0.46875,0.092237152,12261,True,0.5125,0.102520619,0.368377,6.365484
2285,rtl->baseline,5.599819,14.421727,7.407613,27.47439,-0.05,-0.011988387,58391,True,5.566467,14.510221,6.644278,26.767028,0.46875,0.093144861,12279,True,0.51875,0.105133248,0.376947,6.102532
2286,baseline->rtl,5.62975,14.321302,7.436054,27.439869,-0.08125,-0.023920355,58610,True,5.595209,14.350783,6.625816,26.61069,0.4375,0.080382944,12296,True,0.51875,0.104303299,0.361227,6.103862
2287,rtl->baseline,5.609039,14.339123,7.456174,27.448599,-0.08125,-0.019318142,58575,True,5.649451,14.438167,6.902409,27.037721,0.4296875,0.081371928,12303,True,0.5109375,0.10069007,0.367247,6.369734
2288,baseline->rtl,5.61747,14.303851,7.450905,27.424688,-0.08125,-0.017477257,58612,True,5.587359,14.364505,6.625197,26.618161,0.4375,0.087392521,12297,True,0.51875,0.104869778,0.364107,6.100002
2289,rtl->baseline,5.62574,14.337723,7.490876,27.500371,-0.09375,-0.021990903,58434,True,5.669012,14.336673,6.624476,26.676873,0.421875,0.080894508,12252,True,0.515625,0.102885411,0.360457,6.103102
2290,baseline->rtl,5.608229,14.349283,7.400882,27.410177,-0.09375,-0.020046361,58430,True,5.642411,14.347373,6.626566,26.654892,0.421875,0.082982803,12265,True,0.515625,0.103029164,0.363307,6.102732
2291,rtl->baseline,5.652761,14.366584,7.488616,27.554684,-0.09375,-0.019268544,58456,True,5.596319,14.441457,6.628557,26.713365,0.421875,0.083818121,12266,True,0.515625,0.103086665,0.363396,6.100762
2292,baseline->rtl,5.595939,14.346604,7.496216,27.490621,-0.1375,-0.037332418,57120,True,5.600629,14.322813,6.630467,26.593449,0.375,0.064464749,12053,True,0.5125,0.101797167,0.360347,6.107852
2293,rtl->baseline,5.535755,14.431847,7.56111,27.575485,-0.1375,-0.031432967,56960,True,5.596259,14.318922,6.635467,26.599909,0.375,0.070785899,12003,True,0.5125,0.102218866,0.365647,6.104712
2294,baseline->rtl,5.644301,14.312402,7.429083,27.437739,-0.1375,-0.029073187,57014,True,5.6168,14.317171,6.931321,26.904674,0.375,0.07331436,12024,True,0.5125,0.102387547,0.366597,6.368385
2295,rtl->baseline,5.62364,14.367114,7.501277,27.537973,-0.15625,-0.036004275,56740,True,5.561837,14.297481,6.637527,26.542797,0.359375,0.067763244,11950,True,0.515625,0.103767519,0.367026,6.108132
2296,baseline->rtl,5.605719,14.337432,7.426462,27.421035,-0.15625,-0.03315171,56772,True,5.65552,14.296989,6.640726,26.633426,0.359375,0.070230298,11950,True,0.515625,0.103382008,0.373567,6.103391
2297,rtl->baseline,5.632639,14.312159,7.484015,27.475125,-0.15625,-0.032010684,56748,True,5.639049,14.32561,6.911579,26.92332,0.359375,0.071217119,11936,True,0.515625,0.103227803,0.363707,6.355463
2298,baseline->rtl,5.566756,14.351721,7.517056,27.486266,-0.175,-0.039429274,56975,True,5.596868,15.563316,6.926989,28.128155,0.34375,0.065049348,12014,True,0.51875,0.104478622,0.389287,6.370703
2299,rtl->baseline,5.600118,14.326889,7.484425,27.456124,-0.175,-0.036771709,56973,True,5.622659,14.717937,6.896568,27.283536,0.34375,0.067269739,11993,True,0.51875,0.104041448,0.360756,6.372444
2300,baseline->rtl,5.601268,14.376102,7.474714,27.504476,-0.175,-0.035708684,57024,True,5.592777,14.407893,6.913118,26.953242,0.34375,0.068157896,11993,True,0.51875,0.10386658,0.372867,6.375203
2301,rtl->baseline,5.64962,14.288228,7.492515,27.476345,-0.215625,-0.052345974,57846,True,5.678682,14.359591,6.932669,27.017764,0.296875,0.048825658,12170,True,0.5125,0.101171632,0.361797,6.372854
2302,baseline->rtl,5.606838,14.55036,7.442582,27.651903,-0.215625,-0.046813389,57743,True,5.663461,14.426854,6.630565,26.759802,0.296875,0.055155263,12157,True,0.5125,0.101968652,0.363467,6.104221
2303,rtl->baseline,5.610048,14.320049,7.483174,27.459915,-0.221875,-0.047225356,57860,True,5.600098,14.351841,6.634935,26.634206,0.296875,0.057687105,12167,True,0.51875,0.104912461,0.365877,6.104401
2304,baseline->rtl,5.556606,14.404083,7.431912,27.443353,-0.240625,-0.053390142,58345,True,5.611628,14.377532,6.635825,26.664388,0.2734375,0.048856092,12283,True,0.5140625,0.102246234,0.370357,6.103261
2305,rtl->baseline,5.550335,14.262567,7.508376,27.36593,-0.240625,-0.050231057,58408,True,5.568116,14.390493,6.635165,26.639326,0.2734375,0.052354937,12283,True,0.5140625,0.102585994,0.369237,6.102471
2306,baseline->rtl,5.582707,14.355161,7.443913,27.433893,-0.240625,-0.048967423,58371,True,5.588197,14.322519,6.626585,26.576103,0.2734375,0.053754475,12277,True,0.5140625,0.102721898,0.359506,6.102201
2307,rtl->baseline,5.625019,14.34799,7.519417,27.539678,-0.2625,-0.057649469,58193,True,5.698073,14.476267,6.644796,26.864297,0.25,0.04447054,12231,True,0.5125,0.102120009,0.378868,6.100581
2308,baseline->rtl,5.626189,14.369201,7.37978,27.427222,-0.2625,-0.054559788,58178,True,5.626359,14.322629,6.636695,26.624076,0.25,0.047788216,12225,True,0.5125,0.102348004,0.368297,6.104811
2309,rtl->baseline,5.605518,14.295679,7.429332,27.37347,-0.2625,-0.053323915,58215,True,5.586257,14.374612,6.627375,26.635926,0.2578125,0.052396536,12236,True,0.5203125,0.105720451,0.363757,6.100091
2310,baseline->rtl,5.590937,14.351321,7.485354,27.480946,-0.278125,-0.059392066,58406,True,5.592327,14.354751,6.642306,26.628356,0.2421875,0.045333615,12306,True,0.5203125,0.104725681,0.367277,6.112152
2311,rtl->baseline,5.557076,14.300168,7.506766,27.407812,-0.278125,-0.057131826,58459,True,5.694992,14.33154,6.648096,26.72253,0.2421875,0.047195946,12319,True,0.5203125,0.104327772,0.362407,6.122832
2312,baseline->rtl,5.557756,14.376692,7.401171,27.388681,-0.278125,-0.056227731,58463,True,5.623768,14.438892,6.664406,26.767828,0.2421875,0.047940878,12299,True,0.5203125,0.104168609,0.366236,6.10761
2313,rtl->baseline,5.609507,14.38764,7.513195,27.555013,-0.30625,-0.067678592,58355,True,5.633589,14.497654,6.657565,26.835691,0.2109375,0.035113851,12259,True,0.5171875,0.102792443,0.363396,6.130861
2314,baseline->rtl,5.635509,14.380169,7.505244,27.572614,-0.303125,-0.062508937,58339,True,5.616387,14.39459,6.632484,26.682393,0.2109375,0.039358041,12265,True,0.5140625,0.101866978,0.367767,6.10007
2315,rtl->baseline,5.593827,14.327497,7.519595,27.484481,-0.303125,-0.061378575,58335,True,5.597366,14.409901,6.631354,26.686814,0.2109375,0.041055716,12263,True,0.5140625,0.102434291,0.365267,6.10147
2316,baseline->rtl,5.65831,14.384239,7.41955,27.514302,-0.4125,-0.10686393,57322,True,5.594177,14.38703,6.648555,26.670153,0.1171875,0.002359786,12132,True,0.5296875,0.109223716,0.374327,6.11155
2317,rtl->baseline,5.596897,14.421342,7.517785,27.581395,-0.4125,-0.092245572,57401,True,5.943953,14.355058,6.662215,27.007799,0.1171875,0.015006415,12162,True,0.5296875,0.107251987,0.367077,6.130661
2318,baseline->rtl,5.582696,14.349948,7.370748,27.355454,-0.4125,-0.086398229,57347,True,5.594797,14.317726,6.656335,26.60845,0.1171875,0.020065066,12136,True,0.5296875,0.106463295,0.392468,6.09904
2319,rtl->baseline,5.67109,14.332827,7.41943,27.46802,-0.44375,-0.097184292,58307,True,5.613777,14.306676,6.654995,26.619911,0.0703125,0.002401026,12258,True,0.5140625,0.099585318,0.366747,6.122901
2320,baseline->rtl,5.616178,14.348168,7.402269,27.418727,-0.44375,-0.092123717,58302,True,5.560715,14.451653,6.664965,26.714995,0.0703125,0.009397911,12256,True,0.5140625,0.101521628,0.368437,6.132201
2321,rtl->baseline,5.577816,14.372789,7.459132,27.454669,-0.44375,-0.090099487,58300,True,5.629528,14.442012,6.659685,26.777868,0.0703125,0.012196664,12267,True,0.5140625,0.102296151,0.366907,6.1012
2322,baseline->rtl,5.563005,14.374979,7.441401,27.431048,-0.496875,-0.111602295,57717,True,5.629118,14.40767,6.888176,26.963126,0.03125,-0.003090084,12135,True,0.528125,0.108512211,0.365386,6.359152
2323,rtl->baseline,5.623598,14.352169,7.482754,27.505271,-0.496875,-0.104265918,57634,True,5.592497,14.334698,6.647264,26.621261,0.03125,0.002513966,12109,True,0.528125,0.106779884,0.371257,6.11267
2324,baseline->rtl,5.67137,14.354148,7.475733,27.552903,-0.50625,-0.105268867,57934,True,5.638109,14.428751,6.643925,26.749317,0.03125,0.004755587,12163,True,0.5375,0.110024454,0.360826,6.119281
2325,rtl->baseline,5.600067,14.324307,7.479723,27.449199,-0.528125,-0.112045047,57799,True,5.620588,14.387909,6.636905,26.691674,0.0,-0.007472765,12135,True,0.528125,0.104572282,0.365176,6.10564
2326,baseline->rtl,5.599997,14.411771,7.485173,27.548814,-0.528125,-0.108193019,57804,True,5.587616,14.406011,6.641405,26.673373,0.0,-0.002989106,12139,True,0.528125,0.105203913,0.368527,6.1101
2327,rtl->baseline,5.577755,14.309776,7.552267,27.48489,-0.528125,-0.106652207,57846,True,5.639309,14.326827,6.654155,26.666073,0.0,-0.001195642,12151,True,0.528125,0.105456565,0.368317,6.12108
2328,baseline->rtl,5.573426,14.410641,7.471473,27.507231,-0.5375,-0.109973383,58176,True,5.576246,14.447592,6.629334,26.690624,-0.0078125,-0.000478257,12210,True,0.5296875,0.109495126,0.366836,6.09971
2329,rtl->baseline,5.614946,14.349245,7.388118,27.397241,-0.5375,-0.108489353,58028,True,5.594425,14.362456,6.644044,26.648677,-0.0078125,-0.000191303,12204,True,0.5296875,0.10829805,0.367856,6.11254
2330,baseline->rtl,5.633947,14.351646,7.425899,27.464014,-0.5375,-0.107895741,58149,True,5.611067,14.411859,6.646543,26.71,-0.0078125,-7.6521e-05,12226,True,0.5296875,0.10781922,0.365867,6.118039
2331,rtl->baseline,5.663099,14.290763,7.498272,27.497196,-0.578125,-0.124720797,56776,True,5.675489,14.341265,6.655824,26.71984,-0.0546875,-0.022999358,11895,True,0.5234375,0.101721439,0.370567,6.12065
2332,baseline->rtl,5.592275,14.335175,7.472201,27.451634,-0.575,-0.117950819,56770,True,5.585555,14.333594,6.639703,26.598634,-0.0546875,-0.015762243,11889,True,0.5203125,0.102188576,0.369467,6.103349
2333,rtl->baseline,5.601096,14.297403,7.514233,27.457574,-0.590625,-0.122742827,56796,True,5.599556,14.4518,6.692905,26.791064,-0.0546875,-0.012867397,11897,True,0.5359375,0.10987543,0.362757,6.165091
2334,baseline->rtl,5.632807,14.356755,7.473652,27.515007,-0.60625,-0.126534631,56353,True,5.625427,14.353675,6.638793,26.657918,-0.078125,-0.021553209,11804,True,0.528125,0.104981422,0.368887,6.102828
2335,rtl->baseline,5.569544,14.344465,7.45093,27.410172,-0.60625,-0.123363852,56381,True,5.551293,14.377647,6.630822,26.606546,-0.0703125,-0.014715034,11805,True,0.5359375,0.108648818,0.363947,6.102758
2336,baseline->rtl,5.576614,14.365216,7.405898,27.401372,-0.60625,-0.122095541,56332,True,5.650058,14.343515,6.653684,26.685109,-0.0703125,-0.014323513,11786,True,0.5359375,0.107772028,0.366607,6.120549
2337,rtl->baseline,5.608206,14.267151,7.470181,27.390651,-0.60625,-0.121588216,56477,True,5.711871,14.333744,6.632863,26.72613,-0.078125,-0.017448155,11838,True,0.528125,0.104140061,0.363066,6.105179
2338,baseline->rtl,5.713001,14.408709,7.381187,27.556779,-0.60625,-0.121385287,56392,True,5.667949,14.406818,6.633963,26.747132,-0.078125,-0.016354262,11833,True,0.528125,0.105031025,0.364047,6.107269
2339,rtl->baseline,5.643407,14.311374,7.374357,27.37532,-0.60625,-0.121304115,56387,True,5.603006,14.633238,6.639773,26.92315,-0.0703125,-0.012635455,11824,True,0.5359375,0.10866866,0.369136,6.107159
2340,baseline->rtl,5.679749,14.311044,7.417658,27.460664,-0.615625,-0.125209146,57095,True,5.581615,14.341085,6.633213,26.591844,-0.1015625,-0.026616682,11952,True,0.5140625,0.098592464,0.365357,6.104089
2341,rtl->baseline,5.618847,14.338214,7.43165,27.433933,-0.615625,-0.123958658,57029,True,5.620997,14.348115,6.673065,26.687769,-0.1015625,-0.022834173,11939,True,0.5140625,0.101124485,0.371707,6.102689
2342,baseline->rtl,5.587185,14.414028,7.373067,27.428323,-0.6125,-0.122145963,57078,True,5.596926,14.348395,6.629643,26.615546,-0.1015625,-0.021321169,11948,True,0.5109375,0.100824794,0.364627,6.100129
2343,rtl->baseline,5.612936,14.424628,7.377877,27.461795,-0.61875,-0.124983385,56998,True,5.585165,14.334235,6.638213,26.605155,-0.1015625,-0.020715968,11927,True,0.5171875,0.104267417,0.368097,6.106729
2344,baseline->rtl,5.645208,14.328874,7.369826,27.396601,-0.61875,-0.124243354,56981,True,5.589295,14.351185,6.900685,26.880118,-0.1015625,-0.020473887,11923,True,0.5171875,0.103769467,0.370097,6.36764
2345,rtl->baseline,5.572854,14.29881,7.494571,27.412607,-0.61875,-0.123947342,56981,True,5.723991,14.380006,6.917165,27.066653,-0.1015625,-0.020377055,11916,True,0.5171875,0.103570287,0.362137,6.363269
2346,baseline->rtl,5.597814,14.342152,7.47339,27.46622,-0.615625,-0.122516437,57272,True,5.604815,14.455208,6.668383,26.766917,-0.1015625,-0.020338322,11992,True,0.5140625,0.102178115,0.380038,6.120698
2347,rtl->baseline,5.640366,14.275789,7.487541,27.447818,-0.615625,-0.122881575,57297,True,5.665467,14.348513,6.632811,26.692845,-0.1015625,-0.020322829,11990,True,0.5140625,0.102558746,0.363757,6.105307
2348,baseline->rtl,5.640957,14.366663,7.427018,27.488591,-0.615625,-0.12302763,57299,True,5.633796,14.351193,6.947096,26.972397,-0.1015625,-0.020316632,11986,True,0.5140625,0.102710998,0.363456,6.37359
2349,rtl->baseline,5.573024,14.337523,7.412268,27.368455,-0.61875,-0.124398552,57229,True,5.629226,14.334252,6.664103,26.674923,-0.109375,-0.023595403,11964,True,0.509375,0.100803149,0.369597,6.131779
2350,baseline->rtl,5.909599,14.366634,7.48122,27.811945,-0.61875,-0.124009421,57254,True,5.691699,14.577313,6.640112,26.948456,-0.1015625,-0.019281911,11969,True,0.5171875,0.10472751,0.374228,6.101378
2351,rtl->baseline,5.616905,14.2977,7.556054,27.514901,-0.61875,-0.123853768,57257,True,5.598825,14.368613,6.626511,26.642342,-0.109375,-0.023181514,11963,True,0.509375,0.100672254,0.363777,6.100497
2352,baseline->rtl,5.564593,14.411265,7.535223,27.563593,-0.61875,-0.123791507,57272,True,5.608555,14.349753,6.652233,26.649283,-0.109375,-0.022397606,11983,True,0.509375,0.101393901,0.366807,6.111918
2353,rtl->baseline,5.642097,14.575143,7.485331,27.747272,-0.61875,-0.123766603,57264,True,5.674388,14.372924,6.902473,26.993798,-0.109375,-0.022084042,11975,True,0.509375,0.101682561,0.374117,6.363579
2354,baseline->rtl,5.605065,14.370414,7.412968,27.441898,-0.61875,-0.123756641,57281,True,5.590105,14.335002,6.627312,26.5912,-0.109375,-0.021958617,11980,True,0.509375,0.101798024,0.362606,6.101278
2355,rtl->baseline,5.648176,14.349123,7.335323,27.377946,-0.621875,-0.125065156,56633,True,5.600295,14.306661,6.636232,26.590629,-0.109375,-0.021908447,11832,True,0.5125,0.103156709,0.363366,6.108588
2356,baseline->rtl,5.665018,14.338762,7.379486,27.433398,-0.621875,-0.124651063,56637,True,5.652817,14.337782,6.671744,26.701385,-0.109375,-0.021888379,11829,True,0.5125,0.102762684,0.367777,6.138189
2357,rtl->baseline,5.710219,14.328562,7.539823,27.623916,-0.621875,-0.124485425,56630,True,5.630367,14.334322,6.724166,26.736446,-0.109375,-0.021880351,11824,True,0.5125,0.102605074,0.416519,6.124939
2358,baseline->rtl,5.632117,14.323302,7.458289,27.464199,-0.621875,-0.12441917,56841,True,5.642846,14.449487,6.633722,26.763267,-0.109375,-0.021877141,11870,True,0.5125,0.102542029,0.360727,6.111358
2359,rtl->baseline,5.565213,14.352283,7.492931,27.456069,-0.621875,-0.124392668,56813,True,5.645127,14.5022,6.642812,26.837201,-0.109375,-0.021875856,11872,True,0.5125,0.102516812,0.370727,6.106067
2360,baseline->rtl,5.645877,14.418466,7.377765,27.492291,-0.621875,-0.124382067,56839,True,5.603485,14.367393,6.633402,26.644032,-0.109375,-0.021875342,11870,True,0.5125,0.102506725,0.361347,6.108678
2361,rtl->baseline,5.634236,14.354001,7.378355,27.414113,-0.621875,-0.124377827,56562,True,5.601305,14.413295,6.632552,26.694634,-0.1171875,-0.025156387,11822,True,0.5046875,0.09922144,0.365306,6.101468
2362,baseline->rtl,5.624454,14.421074,7.347643,27.445224,-0.621875,-0.124376131,56620,True,5.648866,14.395992,6.644121,26.728291,-0.1171875,-0.024125055,11826,True,0.5046875,0.100251076,0.373127,6.106257
2363,rtl->baseline,5.608944,14.302798,7.473269,27.428302,-0.621875,-0.124375452,56581,True,5.672097,14.330979,6.673062,26.7251,-0.1171875,-0.023712522,11828,True,0.5046875,0.10066293,0.367697,6.140498
2364,baseline->rtl,5.615694,14.392862,7.335722,27.395161,-0.621875,-0.124375181,56781,True,5.649316,14.55742,6.62697,26.873407,-0.109375,-0.020266259,11861,True,0.5125,0.104108922,0.363107,6.099676
2365,rtl->baseline,5.582022,14.493877,7.416176,27.537157,-0.621875,-0.124375072,56795,True,5.603224,14.368611,6.639471,26.658677,-0.109375,-0.021231504,11867,True,0.5125,0.103143568,0.373377,6.102706
2366,baseline->rtl,5.609084,14.35265,7.435196,27.449934,-0.621875,-0.124375029,56780,True,5.527501,14.273656,6.664862,26.558233,-0.109375,-0.021617601,11857,True,0.5125,0.102757428,0.374307,6.123047
2367,rtl->baseline,5.601193,14.312619,7.406326,27.364719,-0.63125,-0.128312512,56579,True,5.823433,15.00219,6.594228,27.460345,-0.109375,-0.021772041,11832,True,0.521875,0.106540471,0.338355,6.100206
2368,baseline->rtl,5.605304,14.372981,7.406716,27.439003,-0.63125,-0.127075005,56523,True,5.569763,14.406863,6.651021,26.665628,-0.109375,-0.021833816,11831,True,0.521875,0.105241189,0.364497,6.118897
2369,rtl->baseline,5.601103,14.297368,7.452357,27.394521,-0.63125,-0.126580002,56583,True,5.646086,14.371462,6.663512,26.727301,-0.109375,-0.021858526,11823,True,0.521875,0.104721476,0.368917,6.131128
2370,baseline->rtl,5.596753,14.502417,7.360324,27.510536,-0.63125,-0.126382001,56378,True,5.719019,14.318209,6.677903,26.752712,-0.1171875,-0.025149661,11799,True,0.5140625,0.10123234,0.407278,6.105597
2371,rtl->baseline,5.659427,14.36545,7.365254,27.433983,-0.63125,-0.1263028,56381,True,5.632366,14.396223,6.636001,26.70955,-0.1171875,-0.024122364,11799,True,0.5140625,0.102180436,0.362076,6.109367
2372,baseline->rtl,5.703498,14.336149,7.393505,27.487776,-0.63125,-0.12627112,56326,True,5.645956,14.607712,6.616489,26.901379,-0.1171875,-0.023711446,11797,True,0.5140625,0.102559674,0.354806,6.101106
2373,rtl->baseline,5.595534,14.291408,7.470758,27.403922,-0.63125,-0.126258448,55347,True,5.608925,14.414663,6.631881,26.70302,-0.1171875,-0.023547078,11624,True,0.5140625,0.10271137,0.365256,6.100647
2374,baseline->rtl,5.565822,14.370201,7.492679,27.482396,-0.63125,-0.126253379,55359,True,5.567542,14.536668,6.633131,26.774843,-0.1171875,-0.023481331,11620,True,0.5140625,0.102772048,0.368217,6.103147
2375,rtl->baseline,5.562502,14.35148,7.543512,27.504256,-0.63125,-0.126251352,55377,True,5.599783,14.32977,6.638911,26.616276,-0.1171875,-0.023455033,11625,True,0.5140625,0.102796319,0.367386,6.106957
2376,baseline->rtl,5.634205,14.339989,7.407136,27.433843,-0.634375,-0.127563041,55228,True,5.658307,14.414363,6.632471,26.744622,-0.1171875,-0.023444513,11569,True,0.5171875,0.104118528,0.365636,6.102337
2377,rtl->baseline,5.676437,14.406863,7.384174,27.514516,-0.634375,-0.127150216,55299,True,5.604414,14.815991,6.712775,27.178042,-0.1171875,-0.023440305,11596,True,0.5171875,0.103709911,0.381187,6.147648
2378,baseline->rtl,5.660686,14.465332,7.374293,27.552273,-0.634375,-0.126985087,55227,True,5.584822,14.361358,6.63544,26.621601,-0.1171875,-0.023438622,11580,True,0.5171875,0.103546465,0.368836,6.102826
2379,rtl->baseline,5.626124,14.368378,7.422045,27.461,-0.634375,-0.126919035,55516,True,5.633724,14.350488,6.898481,26.958646,-0.1171875,-0.023437949,11625,True,0.5171875,0.103481086,0.363157,6.372488
2380,baseline->rtl,5.606083,14.330776,7.434796,27.423667,-0.634375,-0.126892614,55407,True,5.610554,14.532206,6.899551,27.081202,-0.1171875,-0.02343768,11615,True,0.5171875,0.103454934,0.363737,6.372047
2381,rtl->baseline,5.577551,14.342747,7.445556,27.413247,-0.634375,-0.126882046,55416,True,5.646495,14.325866,6.637159,26.656803,-0.1171875,-0.023437572,11620,True,0.5171875,0.103444474,0.368007,6.105475
2382,baseline->rtl,5.609344,14.362368,7.766231,27.788804,-0.634375,-0.126877818,55748,True,5.633024,14.315686,6.668491,26.656523,-0.125,-0.026718779,11628,True,0.509375,0.100159039,0.405919,6.098645
2383,rtl->baseline,5.583762,14.323606,7.440076,27.393166,-0.634375,-0.126876127,55730,True,5.611443,14.360678,6.63283,26.653503,-0.125,-0.025687511,11620,True,0.509375,0.101188616,0.361486,6.105685
2384,baseline->rtl,5.748709,14.324866,7.417825,27.545203,-0.634375,-0.126875451,55753,True,5.614533,14.386689,6.641179,26.680854,-0.125,-0.025275005,11632,True,0.509375,0.101600446,0.368487,6.108075
2385,rtl->baseline,5.654365,14.287965,7.412505,27.402006,-0.634375,-0.12687518,55803,True,5.679316,14.366698,6.660961,26.753988,-0.125,-0.025110002,11631,True,0.509375,0.101765178,0.394058,6.103215
2386,baseline->rtl,5.586592,14.317916,7.477487,27.434838,-0.634375,-0.126875072,55768,True,5.585322,14.518625,6.638289,26.779468,-0.125,-0.025044001,11636,True,0.509375,0.101831071,0.363387,6.115096
2387,rtl->baseline,5.602623,14.466813,7.512589,27.628157,-0.634375,-0.126875029,55809,True,5.666175,14.322816,6.685162,26.721576,-0.125,-0.0250176,11634,True,0.509375,0.101857429,0.372406,6.150848
2388,baseline->rtl,5.642434,14.351648,7.455297,27.499861,-0.634375,-0.126875012,56005,True,5.634475,14.314176,6.64009,26.629222,-0.125,-0.02500704,11716,True,0.509375,0.101867972,0.365586,6.109936
2389,rtl->baseline,5.604683,14.309566,7.444316,27.404006,-0.6375,-0.128187505,56046,True,5.639654,14.605289,6.635879,26.926966,-0.125,-0.025002816,11721,True,0.5125,0.103184689,0.365977,6.107285
2390,baseline->rtl,5.571852,14.526756,7.399304,27.548033,-0.634375,-0.126462502,56104,True,5.628214,14.444062,6.879641,26.991638,-0.125,-0.025001126,11727,True,0.509375,0.101461376,0.377337,6.335506
2391,rtl->baseline,5.595192,14.328647,13.647285,33.615327,-0.64375,-0.130647501,55835,True,5.56172,14.318086,6.63521,26.560449,-0.125,-0.025000451,11649,True,0.51875,0.10564705,0.367686,6.104106
2392,baseline->rtl,5.569171,14.334577,9.269458,29.225498,-0.64375,-0.129509,55805,True,5.568771,14.322596,6.631749,26.562288,-0.125,-0.02500018,11640,True,0.51875,0.10450882,0.362477,6.106516
2393,rtl->baseline,5.606393,14.289915,7.504578,27.445619,-0.64375,-0.1290536,55801,True,5.595063,14.451372,6.621709,26.714695,-0.125,-0.025000072,11643,True,0.51875,0.104053528,0.360596,6.100985
2394,baseline->rtl,5.56887,14.418188,7.486316,27.524647,-0.64375,-0.12887144,56144,True,5.595201,14.541544,6.647099,26.821465,-0.1328125,-0.028281279,11701,True,0.5109375,0.100590161,0.378237,6.103664
2395,rtl->baseline,5.617453,14.328644,12.786315,32.777923,-0.64375,-0.128798576,56142,True,5.637693,14.411518,6.630998,26.729121,-0.1328125,-0.027250012,11699,True,0.5109375,0.101548564,0.365457,6.102844
2396,baseline->rtl,5.587681,14.397627,9.033816,29.071337,-0.64375,-0.12876943,56131,True,5.608482,14.47187,6.636678,26.755263,-0.1328125,-0.026837505,11699,True,0.5109375,0.101931925,0.367626,6.103334
2397,rtl->baseline,5.603752,14.309353,11.641203,31.60129,-0.646875,-0.130070272,56275,True,5.669745,14.369926,6.637049,26.723731,-0.1328125,-0.026672502,11740,True,0.5140625,0.10339777,0.367286,6.104135
2398,baseline->rtl,5.588332,14.388577,7.614012,27.644473,-0.646875,-0.129653109,56251,True,5.622152,14.341255,6.89754,26.899229,-0.1328125,-0.026606501,11726,True,0.5140625,0.103046608,0.363896,6.371337
2399,rtl->baseline,5.626233,14.347305,7.568451,27.58814,-0.646875,-0.129486244,56246,True,5.582201,14.410248,6.640019,26.679959,-0.1328125,-0.0265801,11729,True,0.5140625,0.102906144,0.367506,6.107795
2400,baseline->rtl,5.634394,14.317484,7.543599,27.547728,-0.6375,-0.125481997,56326,True,5.649244,14.341055,6.638059,26.668179,-0.125,-0.02328829,11767,True,0.5125,0.102193707,0.371406,6.101785
2401,rtl->baseline,5.626903,14.369956,7.523428,27.567199,-0.6375,-0.126692799,56316,True,5.598672,14.361875,6.636538,26.642888,-0.125,-0.024315316,11772,True,0.5125,0.102377483,0.373336,6.099724
2402,baseline->rtl,5.610462,14.47292,7.457385,27.595301,-0.6375,-0.12717712,56326,True,5.584821,14.280841,6.634759,26.540983,-0.125,-0.024726126,11776,True,0.5125,0.102450994,0.367526,6.102195
2403,rtl->baseline,5.609292,14.327414,7.522128,27.503887,-0.6375,-0.127370848,56424,True,5.610992,14.374176,6.982154,27.012214,-0.125,-0.024890451,11783,True,0.5125,0.102480397,0.45227,6.365306
2404,baseline->rtl,5.55912,14.439579,7.471756,27.522317,-0.6375,-0.127448339,56401,True,5.592422,14.338645,6.636558,26.607306,-0.125,-0.02495618,11781,True,0.5125,0.102492159,0.369317,6.101864
2405,rtl->baseline,5.543489,14.521122,7.440004,27.550778,-0.6375,-0.127479336,56421,True,5.709797,14.305553,6.633118,26.695739,-0.125,-0.024982472,11787,True,0.5125,0.102496864,0.366376,6.102674
2406,baseline->rtl,5.650364,14.333684,7.415543,27.449764,-0.6375,-0.127491734,56193,True,5.660084,14.379786,6.90203,26.980742,-0.125,-0.024992989,11725,True,0.5125,0.102498745,0.367316,6.370746
2407,rtl->baseline,5.614202,14.328074,7.470596,27.458865,-0.6375,-0.127496694,56217,True,5.583431,14.364785,6.630658,26.625406,-0.125,-0.024997196,11732,True,0.5125,0.102499498,0.366296,6.098734
2408,baseline->rtl,5.641114,14.447479,7.552639,27.695055,-0.6375,-0.127498677,56161,True,5.641254,14.296373,6.636778,26.614466,-0.125,-0.024998878,11727,True,0.5125,0.102499799,0.366017,6.107824
2409,rtl->baseline,5.623823,14.291253,7.471016,27.432733,-0.6375,-0.127499471,56328,True,5.680305,14.438419,6.931551,27.097118,-0.125,-0.024999551,11734,True,0.5125,0.10249992,0.364757,6.370386
2410,baseline->rtl,5.58119,14.444217,7.449403,27.526153,-0.6375,-0.127499788,56288,True,5.58507,14.458537,6.902549,26.986198,-0.125,-0.024999821,11731,True,0.5125,0.102499967,0.367687,6.369315
2411,rtl->baseline,5.599621,14.320782,7.570189,27.535943,-0.6375,-0.127499915,56309,True,5.628802,14.342512,6.635117,26.652693,-0.125,-0.024999928,11747,True,0.5125,0.102499987,0.367117,6.105594
2412,baseline->rtl,5.708785,14.358543,7.399622,27.518432,-0.6375,-0.127499966,56352,True,5.669934,14.322861,6.642787,26.673854,-0.125,-0.024999971,11762,True,0.5125,0.102499995,0.371747,6.105863
2413,rtl->baseline,5.673134,14.325252,7.467045,27.510631,-0.6375,-0.127499986,56388,True,5.58042,14.396184,6.902699,26.926355,-0.125,-0.024999989,11757,True,0.5125,0.102499997,0.368846,6.370205
2414,baseline->rtl,5.606171,14.327491,7.491735,27.4773,-0.6375,-0.127499995,56304,True,5.620431,14.30419,6.69577,26.656893,-0.125,-0.024999995,11754,True,0.5125,0.1025,0.365126,6.164476
2415,rtl->baseline,5.622811,14.271159,7.60405,27.544493,-0.6375,-0.127499998,56527,True,5.641613,14.50289,6.92389,27.114774,-0.125,-0.024999998,11815,True,0.5125,0.1025,0.386757,6.369125
2416,baseline->rtl,5.613512,14.431426,7.58998,27.68704,-0.6375,-0.127499999,56516,True,5.568239,14.419765,6.885338,26.910704,-0.125,-0.024999999,11808,True,0.5125,0.1025,0.371466,6.351514
2417,rtl->baseline,5.611171,14.271559,7.537887,27.465199,-0.6375,-0.1275,56510,True,5.641072,14.356103,6.635117,26.678105,-0.125,-0.025,11804,True,0.5125,0.1025,0.366876,6.107244
2418,baseline->rtl,5.673474,14.333222,7.437123,27.495901,-0.64375,-0.130125,56449,True,5.657704,14.425756,6.902429,27.02353,-0.125,-0.025,11812,True,0.51875,0.105125,0.366447,6.372295
2419,rtl->baseline,5.644493,14.331512,7.412792,27.435068,-0.64375,-0.1293,56486,True,5.621882,14.379984,6.638277,26.687845,-0.125,-0.025,11807,True,0.51875,0.1043,0.367676,6.105384
2420,baseline->rtl,5.685374,14.308981,7.511577,27.558484,-0.64375,-0.12897,56481,True,5.546339,14.363603,6.644028,26.593241,-0.125,-0.025,11807,True,0.51875,0.10397,0.370506,6.107663
2421,rtl->baseline,5.58004,14.329011,7.488446,27.442969,-0.646875,-0.1301505,56348,True,5.602641,14.388744,6.627277,26.664733,-0.1328125,-0.02828125,11778,True,0.5140625,0.10186925,0.363066,6.101503
2422,baseline->rtl,5.606581,14.338062,7.538457,27.534953,-0.646875,-0.1296852,56339,True,5.599631,14.410225,6.633717,26.682534,-0.1328125,-0.02725,11763,True,0.5140625,0.1024352,0.367046,6.104313
2423,rtl->baseline,5.596131,14.340042,7.540938,27.522513,-0.646875,-0.12949908,56354,True,5.668614,14.415595,6.639817,26.770998,-0.1328125,-0.0268375,11763,True,0.5140625,0.10266158,0.367227,6.107623
2424,baseline->rtl,5.616402,14.401594,7.410792,27.48017,-0.65,-0.130737132,56321,True,5.655544,14.316311,6.632687,26.644123,-0.1328125,-0.0266725,11755,True,0.5171875,0.104064632,0.366896,6.102603
2425,rtl->baseline,5.637072,14.29122,7.512116,27.48518,-0.65,-0.130294853,56314,True,5.558939,14.404525,6.888159,26.897134,-0.1328125,-0.0266065,11762,True,0.5171875,0.103688353,0.361026,6.361675
2426,baseline->rtl,5.678725,14.427606,7.493564,27.692769,-0.65,-0.130117941,56354,True,5.626421,14.412142,6.658297,26.737542,-0.1328125,-0.0265801,11759,True,0.5171875,0.103537841,0.362077,6.130784
2427,rtl->baseline,5.649602,14.36605,7.525926,27.5865,-0.65,-0.130047176,55796,True,5.755106,14.396812,6.925859,27.123939,-0.1484375,-0.03313204,11661,True,0.5015625,0.096915136,0.389148,6.371434
2428,baseline->rtl,5.574539,14.469816,7.482614,27.578669,-0.65,-0.130018871,55734,True,5.6225,14.56398,6.651627,26.876948,-0.1484375,-0.031065316,11656,True,0.5015625,0.098953555,0.366196,6.121803
2429,rtl->baseline,5.59681,14.312118,7.461102,27.415153,-0.65,-0.130007548,55715,True,5.657992,14.35801,6.634136,26.69757,-0.1484375,-0.030238626,11655,True,0.5015625,0.099768922,0.367266,6.102602
2430,baseline->rtl,5.578708,14.430094,7.430201,27.490546,-0.64375,-0.127378019,55083,True,5.778348,14.342009,6.665117,26.824246,-0.140625,-0.026626701,11518,True,0.503125,0.100751318,0.398857,6.099312
2431,rtl->baseline,5.60124,14.371281,7.385229,27.402652,-0.64375,-0.128201208,55206,True,5.878272,14.35721,6.635456,26.918321,-0.140625,-0.02752568,11535,True,0.503125,0.100675528,0.369367,6.102343
2432,baseline->rtl,5.647252,14.449494,7.445482,27.593501,-0.64375,-0.128530483,55218,True,5.637361,14.343599,6.631196,26.650778,-0.140625,-0.027885272,11540,True,0.503125,0.100645211,0.366716,6.101122
2433,rtl->baseline,5.682743,14.319228,7.429831,27.477075,-0.64375,-0.128662193,55215,True,5.668442,14.461225,6.895187,27.073488,-0.1328125,-0.024747859,11524,True,0.5109375,0.103914334,0.362536,6.370594
2434,baseline->rtl,5.631311,14.315798,7.443122,27.445084,-0.64375,-0.128714877,55356,True,5.60865,14.287777,6.625525,26.561285,-0.1328125,-0.025836644,11542,True,0.5109375,0.102878233,0.363617,6.099812
2435,rtl->baseline,5.670123,14.457405,7.435762,27.609701,-0.64375,-0.128735951,55193,True,5.701365,14.514868,6.650987,26.91539,-0.1328125,-0.026272157,11512,True,0.5109375,0.102463794,0.368706,6.118403
2436,baseline->rtl,5.648862,14.376741,7.452732,27.532418,-0.6375,-0.12611938,55447,True,5.618841,14.534448,6.633436,26.825706,-0.125,-0.023165113,11558,True,0.5125,0.102954267,0.367656,6.099522
2437,rtl->baseline,5.684943,14.314318,7.495544,27.539608,-0.6375,-0.126947752,55447,True,5.672183,14.35347,6.641936,26.715162,-0.125,-0.024266045,11548,True,0.5125,0.102681707,0.364126,6.113152
2438,baseline->rtl,5.670443,14.310968,7.443012,27.477925,-0.6375,-0.127279101,55464,True,5.697154,14.299178,6.896638,26.931101,-0.125,-0.024706418,11549,True,0.5125,0.102572683,0.365856,6.367864
2439,rtl->baseline,5.628651,14.302258,7.519075,27.495566,-0.6375,-0.12741164,56329,True,5.590639,14.401852,6.634045,26.67151,-0.125,-0.024882567,11740,True,0.5125,0.102529073,0.360136,6.108132
2440,baseline->rtl,5.61205,14.35654,7.576058,27.59618,-0.6375,-0.127464656,56369,True,5.605499,14.36026,6.631206,26.635508,-0.125,-0.024953027,11753,True,0.5125,0.102511629,0.367486,6.100382
2441,rtl->baseline,5.649481,14.317008,7.439172,27.450034,-0.6375,-0.127485862,56309,True,5.635801,14.538188,6.888397,27.109378,-0.125,-0.024981211,11740,True,0.5125,0.102504651,0.365836,6.359633
2442,baseline->rtl,5.582359,14.381781,7.500334,27.516467,-0.64375,-0.130119345,56317,True,5.671093,14.422191,6.898266,27.030233,-0.125,-0.024992484,11740,True,0.51875,0.105126861,0.366527,6.369002
2443,rtl->baseline,5.595349,14.371889,7.512484,27.524702,-0.64375,-0.129297738,56261,True,5.640551,14.369488,6.642745,26.699256,-0.125,-0.024996994,11741,True,0.51875,0.104300744,0.370987,6.108462
2444,baseline->rtl,5.725644,14.476963,7.465161,27.720701,-0.64375,-0.128969095,56313,True,5.62474,14.471933,6.639805,26.776329,-0.125,-0.024998797,11748,True,0.51875,0.103970298,0.374447,6.101881
2445,rtl->baseline,5.568877,14.320326,7.423929,27.358185,-0.646875,-0.130150138,56420,True,5.609569,14.379009,6.633624,26.670984,-0.125,-0.024999519,11743,True,0.521875,0.105150619,0.369107,6.102251
2446,baseline->rtl,5.768836,14.41316,7.454981,27.687959,-0.646875,-0.129685055,56402,True,5.62879,14.355128,6.640295,26.662224,-0.125,-0.024999808,11743,True,0.521875,0.104685247,0.368566,6.107882
2447,rtl->baseline,5.656541,14.41878,7.452311,27.574134,-0.646875,-0.129499022,56393,True,5.690933,14.398889,6.898126,27.033811,-0.125,-0.024999923,11741,True,0.521875,0.104499099,0.386657,6.350432
2448,baseline->rtl,5.608359,14.293245,7.491633,27.445569,-0.646875,-0.129424609,56461,True,5.604039,15.07319,6.649625,27.366395,-0.1328125,-0.028281219,11750,True,0.5140625,0.10114339,0.375827,6.111151
2449,rtl->baseline,5.566418,14.369249,7.520134,27.503382,-0.646875,-0.129394844,56477,True,5.704343,14.431581,6.894936,27.076802,-0.1328125,-0.027249988,11755,True,0.5140625,0.102144856,0.361766,6.369893
2450,baseline->rtl,5.595659,14.41419,7.487452,27.551094,-0.646875,-0.129382937,56465,True,5.604879,14.503734,6.908546,27.055361,-0.1328125,-0.026837495,11772,True,0.5140625,0.102545442,0.371947,6.371963
2451,rtl->baseline,5.586918,14.381369,7.554396,27.570165,-0.6375,-0.125440675,56889,True,5.637001,14.308805,6.627274,26.620932,-0.125,-0.023391248,11853,True,0.5125,0.102049427,0.363966,6.102211
2452,baseline->rtl,5.572798,14.525475,7.422829,27.573235,-0.6375,-0.12667627,56839,True,5.737845,14.378959,6.661676,26.817031,-0.125,-0.024356499,11850,True,0.5125,0.102319771,0.398618,6.099231
2453,rtl->baseline,5.676542,14.307676,7.489543,27.518523,-0.6375,-0.127170508,56845,True,5.64565,14.346267,6.662796,26.701126,-0.125,-0.0247426,11843,True,0.5125,0.102427908,0.372876,6.102461
2454,baseline->rtl,5.644911,14.317666,7.481382,27.496831,-0.6375,-0.127368203,56738,True,5.604399,14.340127,6.635435,26.618372,-0.125,-0.02489704,11825,True,0.5125,0.102471163,0.362987,6.109632
2455,rtl->baseline,5.619709,14.312246,7.616278,27.593205,-0.6375,-0.127447281,56724,True,5.642441,14.426941,6.936488,27.052482,-0.125,-0.024958816,11819,True,0.5125,0.102488465,0.398728,6.372333
2456,baseline->rtl,5.598998,14.310906,7.485303,27.446729,-0.6375,-0.127478913,56719,True,5.588818,14.359838,6.632685,26.620422,-0.125,-0.024983526,11823,True,0.5125,0.102495387,0.367676,6.100121
2457,rtl->baseline,5.580298,14.40707,7.577687,27.609076,-0.64375,-0.130116565,56673,True,5.675192,14.623349,6.636105,26.980849,-0.1328125,-0.028274661,11811,True,0.5109375,0.101841904,0.366777,6.102801
2458,baseline->rtl,5.64103,14.513045,7.473612,27.68099,-0.64375,-0.129296626,56654,True,5.588548,14.374198,6.633295,26.634263,-0.125,-0.023966114,11815,True,0.51875,0.105330512,0.367887,6.101431
2459,rtl->baseline,5.624338,14.434919,7.535894,27.640892,-0.64375,-0.12896865,56686,True,5.603738,14.449079,6.636163,26.737112,-0.125,-0.024586446,11813,True,0.51875,0.104382204,0.364456,6.10529
2460,baseline->rtl,5.668591,14.302003,7.481581,27.504617,-0.6375,-0.12621246,57001,True,5.65003,14.314373,6.667965,26.67131,-0.125,-0.024834578,11890,True,0.5125,0.101377882,0.371757,6.130972
2461,rtl->baseline,5.664861,14.345094,7.516203,27.57231,-0.6375,-0.126984984,57013,True,5.607948,14.585885,6.629663,26.870628,-0.25,-0.077433831,11892,True,0.3875,0.049551153,0.365806,6.09837
2462,baseline->rtl,5.625269,14.421038,7.494221,27.592251,-0.6375,-0.127293994,56982,True,5.611008,14.350155,6.642673,26.642599,-0.125,-0.008473533,11895,True,0.5125,0.118820461,0.369306,6.11208
2463,rtl->baseline,5.592508,14.339654,7.583445,27.56082,-0.6375,-0.127417597,57067,True,5.692461,14.411978,6.702456,26.853148,-0.125,-0.018389413,11899,True,0.5125,0.109028184,0.371136,6.169653
2464,baseline->rtl,5.578087,14.434059,7.513582,27.57851,-0.6375,-0.127467039,57049,True,5.594227,14.381656,6.909436,26.923531,-0.125,-0.022355765,11887,True,0.5125,0.105111274,0.369047,6.365262
2465,rtl->baseline,5.607918,14.313634,7.511873,27.476735,-0.6375,-0.127486816,57078,True,5.624258,14.437399,6.634033,26.742503,-0.125,-0.023942306,11891,True,0.5125,0.10354451,0.363406,6.10744
2466,baseline->rtl,5.703243,14.46204,7.445109,27.661034,-0.6375,-0.127494726,57680,True,5.719423,14.552484,6.653645,26.966423,-0.125,-0.024576922,12028,True,0.5125,0.102917804,0.368296,6.122641
2467,rtl->baseline,5.607378,14.378096,7.421859,27.453874,-0.6375,-0.12749789,57684,True,5.605598,14.587105,6.632893,26.873469,-0.125,-0.024830769,12032,True,0.5125,0.102667121,0.365197,6.1014
2468,baseline->rtl,5.566437,14.330964,7.436899,27.383632,-0.6375,-0.127499156,57682,True,5.609998,14.312403,6.633153,26.593446,-0.125,-0.024932308,12033,True,0.5125,0.102566848,0.366656,6.10218
2469,rtl->baseline,5.587197,14.2413,7.547254,27.423293,-0.634375,-0.126187162,57878,True,5.65144,14.302763,6.896665,26.8991,-0.1171875,-0.021691673,12068,True,0.5171875,0.104495489,0.375637,6.357441
2470,baseline->rtl,5.571746,14.339155,7.589756,27.554589,-0.634375,-0.126599865,57850,True,5.623529,14.398767,6.898655,26.960203,-0.125,-0.026020419,12071,True,0.509375,0.100579446,0.362736,6.371961
2471,rtl->baseline,5.599028,14.367546,7.511652,27.523888,-0.634375,-0.126764946,57862,True,5.692662,14.554504,6.634474,26.929102,-0.1171875,-0.022126918,12074,True,0.5171875,0.104638028,0.368366,6.10098
2472,baseline->rtl,5.65107,14.46406,7.497442,27.665504,-0.63125,-0.125518478,58392,True,5.691942,14.340674,6.902505,26.972183,-0.1171875,-0.022913267,12177,True,0.5140625,0.102605211,0.366507,6.370492
2473,rtl->baseline,5.638399,14.307553,7.45254,27.442674,-0.63125,-0.125957391,58372,True,5.622969,14.374146,6.638423,26.68245,-0.1171875,-0.023227807,12185,True,0.5140625,0.102729584,0.368836,6.10477
2474,baseline->rtl,5.603008,14.335244,7.44647,27.438614,-0.63125,-0.126132957,58424,True,5.713843,14.448039,6.896785,27.099769,-0.1171875,-0.023353623,12180,True,0.5140625,0.102779334,0.364026,6.372412
2475,rtl->baseline,5.606607,14.335712,7.557763,27.544684,-0.634375,-0.127515683,57825,True,5.65118,14.369634,6.919115,26.986531,-0.1171875,-0.023403949,12083,True,0.5171875,0.104111734,0.389778,6.367251
2476,baseline->rtl,5.589187,14.346462,7.525341,27.511443,-0.634375,-0.127131273,57871,True,5.622548,14.410645,6.624402,26.695546,-0.1171875,-0.02342408,12091,True,0.5171875,0.103707193,0.361026,6.099289
2477,rtl->baseline,5.630698,14.255368,7.589535,27.520403,-0.634375,-0.126977509,57937,True,5.652109,14.477978,6.653463,26.831532,-0.1171875,-0.023432132,12092,True,0.5171875,0.103545377,0.367386,6.12427
2478,baseline->rtl,5.573426,14.405644,7.362775,27.395317,-0.634375,-0.126916004,57249,True,5.643189,14.390974,6.928295,27.00235,-0.1171875,-0.023435353,11964,True,0.5171875,0.103480651,0.395547,6.369691
2479,rtl->baseline,5.593796,14.547281,7.465679,27.650949,-0.634375,-0.126891401,57272,True,5.589226,14.385824,6.634172,26.655704,-0.1171875,-0.023436641,11961,True,0.5171875,0.10345476,0.366856,6.102889
2480,baseline->rtl,5.943312,14.442896,7.415357,27.854697,-0.634375,-0.126881561,57244,True,5.752344,14.491228,6.628812,26.912326,-0.1171875,-0.023437156,11959,True,0.5171875,0.103444405,0.361356,6.104989
2481,rtl->baseline,5.604237,14.320561,7.521361,27.491272,-0.634375,-0.126877624,57850,True,5.593247,14.435637,6.640223,26.716257,-0.1171875,-0.023437363,12049,True,0.5171875,0.103440261,0.370716,6.106319
2482,baseline->rtl,5.599107,14.360453,7.503761,27.514893,-0.634375,-0.12687605,57798,True,5.563835,14.375023,6.631532,26.607342,-0.125,-0.026718695,12037,True,0.509375,0.100157355,0.360626,6.106669
2483,rtl->baseline,5.588046,14.329551,7.603565,27.566114,-0.634375,-0.12687542,57812,True,5.649809,14.431666,6.626942,26.753249,-0.1171875,-0.022406228,12043,True,0.5171875,0.104469192,0.364256,6.099368
2484,baseline->rtl,5.569826,14.52159,7.513981,27.656799,-0.634375,-0.126875168,58072,True,5.620577,14.414895,6.629972,26.703356,-0.125,-0.026306241,12149,True,0.509375,0.100568927,0.364466,6.100459
2485,rtl->baseline,5.626658,14.491699,7.598825,27.762333,-0.634375,-0.126875067,58079,True,5.580046,14.398104,6.633192,26.658304,-0.125,-0.025522496,12132,True,0.509375,0.101352571,0.367547,6.102969
2486,baseline->rtl,5.608047,14.380564,7.577564,27.619447,-0.634375,-0.126875027,58085,True,5.634039,14.352493,6.634662,26.660915,-0.125,-0.025208999,12139,True,0.509375,0.101666028,0.369406,6.101959
2487,rtl->baseline,5.649259,14.388234,7.562963,27.645208,-0.63125,-0.125562511,59618,True,5.601397,14.577712,6.651643,26.876764,-0.1171875,-0.021802349,12477,True,0.5140625,0.103760162,0.384277,6.099809
2488,baseline->rtl,5.784195,14.325461,7.469419,27.632077,-0.63125,-0.125975004,59513,True,5.65326,14.480208,6.632712,26.805412,-0.1171875,-0.02278344,12460,True,0.5140625,0.103191564,0.367536,6.102538
2489,rtl->baseline,5.611407,14.3029,7.48334,27.442639,-0.63125,-0.126140002,59582,True,5.593156,14.405745,6.936055,26.981249,-0.1171875,-0.023175876,12463,True,0.5140625,0.102964126,0.398098,6.37255
2490,baseline->rtl,5.640818,14.357673,7.533722,27.585805,-0.63125,-0.126206001,59654,True,5.579316,14.363673,6.633362,26.614633,-0.1171875,-0.02333285,12476,True,0.5140625,0.102873151,0.365066,6.103509
2491,rtl->baseline,5.69138,14.281837,7.552332,27.57114,-0.63125,-0.1262324,59632,True,5.649408,14.327902,6.870312,26.896675,-0.1171875,-0.02339564,12482,True,0.5140625,0.10283676,0.362256,6.346139
2492,baseline->rtl,5.653548,14.35248,7.465208,27.524198,-0.63125,-0.12624296,59600,True,5.752532,14.323279,6.895813,27.011505,-0.1171875,-0.023420756,12464,True,0.5140625,0.102822204,0.361036,6.36995
2493,rtl->baseline,5.616236,14.486386,7.669026,27.816381,-0.63125,-0.126247184,60625,True,5.577245,14.473516,6.647982,26.746194,-0.1171875,-0.023430802,12682,True,0.5140625,0.102816382,0.365106,6.120218
2494,baseline->rtl,5.637618,14.380511,7.509159,27.579351,-0.63125,-0.126248874,60660,True,5.637887,14.537858,6.628101,26.842428,-0.1171875,-0.023434821,12676,True,0.5140625,0.102814053,0.363356,6.101318
2495,rtl->baseline,5.627367,14.395132,7.584573,27.651904,-0.63125,-0.126249549,60638,True,5.609396,14.59404,6.634491,26.88484,-0.1171875,-0.023436428,12673,True,0.5140625,0.102813121,0.373147,6.099527
2496,baseline->rtl,5.599756,14.390762,7.539301,27.582941,-0.64375,-0.13149982,61499,True,5.68902,14.412372,6.637431,26.778755,-0.1328125,-0.029999571,12862,True,0.5109375,0.101500249,0.367407,6.104768
2497,rtl->baseline,5.653268,14.371551,7.50527,27.575771,-0.64375,-0.129849928,61630,True,5.652578,14.421213,6.929504,27.050347,-0.1328125,-0.027937329,12879,True,0.5109375,0.101912599,0.394907,6.369519
2498,baseline->rtl,5.616527,14.378432,7.553392,27.599951,-0.64375,-0.129189971,61533,True,5.583196,14.389382,6.62442,26.63439,-0.1328125,-0.027112431,12870,True,0.5109375,0.10207754,0.364926,6.099237
2499,rtl->baseline,5.598976,14.270816,7.667967,27.582741,-0.646875,-0.130238488,61521,True,5.613366,14.488016,6.635881,26.832358,-0.1328125,-0.026782473,12867,True,0.5140625,0.103456015,0.364716,6.103118
2500,baseline->rtl,5.547604,14.333799,7.503029,27.485136,-0.646875,-0.129720395,61542,True,5.645237,14.487236,6.960525,27.132741,-0.1328125,-0.026650489,12856,True,0.5140625,0.103069906,0.415518,6.370479
2501,rtl->baseline,5.603056,14.423323,7.447097,27.517738,-0.646875,-0.129513158,61535,True,5.574535,14.317119,6.658892,26.595807,-0.1328125,-0.026597696,12849,True,0.5140625,0.102915462,0.365856,6.105758
2502,baseline->rtl,5.68323,14.307638,7.556892,27.600391,-0.646875,-0.129430263,61552,True,5.595325,14.339979,6.645542,26.618869,-0.1328125,-0.026576578,12858,True,0.5140625,0.102853685,0.368727,6.110639
2503,rtl->baseline,5.594056,14.299398,7.617464,27.555169,-0.646875,-0.129397105,61556,True,5.631987,14.394802,6.922394,26.996335,-0.1328125,-0.026568131,12852,True,0.5140625,0.102828974,0.387157,6.36942
2504,baseline->rtl,5.613016,14.35108,7.566342,27.58472,-0.646875,-0.129383842,61580,True,5.598185,14.368861,6.631641,26.637949,-0.1328125,-0.026564753,12837,True,0.5140625,0.102819089,0.369476,6.100328
2505,rtl->baseline,5.596725,14.282537,7.688267,27.613882,-0.646875,-0.129378537,61665,True,5.6901,14.36156,6.635631,26.733704,-0.140625,-0.029844651,12894,True,0.50625,0.099533886,0.366616,6.105478
2506,baseline->rtl,5.604096,14.404442,7.451127,27.512837,-0.646875,-0.129376415,61625,True,5.666908,14.432144,6.919564,27.057918,-0.140625,-0.02881286,12881,True,0.50625,0.100563555,0.383687,6.36877
2507,rtl->baseline,5.653938,14.459035,7.648955,27.807209,-0.646875,-0.129375566,61637,True,5.660418,14.371961,6.648052,26.726183,-0.140625,-0.028400144,12888,True,0.50625,0.100975422,0.365236,6.118549
2508,baseline->rtl,5.623526,14.500574,7.537899,27.714692,-0.646875,-0.129375226,62101,True,5.648967,14.664141,6.934904,27.285613,-0.140625,-0.028235058,12987,True,0.50625,0.101140168,0.402608,6.367099
2509,rtl->baseline,5.585804,14.333567,7.473867,27.43708,-0.646875,-0.129375091,62082,True,5.616106,14.358578,6.639451,26.660226,-0.140625,-0.028169023,12987,True,0.50625,0.101206068,0.374386,6.101407
2510,baseline->rtl,5.72922,14.341537,7.500468,27.623337,-0.646875,-0.129375036,62076,True,5.630126,14.357478,6.62495,26.651846,-0.140625,-0.028142609,12983,True,0.50625,0.101232427,0.361256,6.102697
2511,rtl->baseline,5.572703,14.286485,7.54606,27.45158,-0.65,-0.130687514,62083,True,5.556763,14.495023,6.912792,27.011051,-0.140625,-0.028132044,12973,True,0.509375,0.10255547,0.374206,6.373408
2512,baseline->rtl,5.583134,14.346937,7.739118,27.722262,-0.65,-0.130275006,62091,True,5.606395,14.327297,6.823798,26.794861,-0.140625,-0.028127817,12987,True,0.509375,0.102147189,0.365086,6.295865
2513,rtl->baseline,5.553463,14.275315,7.53479,27.408958,-0.65,-0.130110002,62153,True,5.642386,14.39219,6.887592,26.968589,-0.140625,-0.028126127,13006,True,0.509375,0.101983875,0.366206,6.356538
2514,baseline->rtl,5.532552,14.473293,7.577441,27.637508,-0.65,-0.130044001,62201,True,5.71565,14.39235,6.62022,26.76714,-0.140625,-0.028125451,13004,True,0.509375,0.10191855,0.358825,6.099567
2515,rtl->baseline,5.613945,14.388959,8.382256,28.432923,-0.65,-0.1300176,62193,True,5.674348,14.478424,6.63277,26.830793,-0.140625,-0.02812518,13013,True,0.509375,0.10189242,0.363486,6.108367
2516,baseline->rtl,5.648847,14.382439,7.634924,27.719422,-0.65,-0.13000704,62153,True,5.769803,14.39355,6.732345,26.935488,-0.140625,-0.028125072,13003,True,0.509375,0.101881968,0.46008,6.103727
2517,rtl->baseline,5.629086,14.313445,7.690556,27.67863,-0.65,-0.130002816,62298,True,5.624036,14.338557,6.63671,26.646596,-0.140625,-0.028125029,13017,True,0.509375,0.101877787,0.363075,6.111337
2518,baseline->rtl,5.689458,14.320686,7.634324,27.697451,-0.65,-0.130001126,62296,True,5.774502,14.309406,6.63173,26.75568,-0.140625,-0.028125012,13015,True,0.509375,0.101876114,0.361556,6.105877
2519,rtl->baseline,5.638157,14.289204,7.718748,27.690771,-0.65,-0.130000451,62280,True,5.695649,14.420291,6.895281,27.059113,-0.140625,-0.028125005,13021,True,0.509375,0.101875446,0.358736,6.372099
2520,baseline->rtl,5.622415,14.346198,7.499378,27.520524,-0.653125,-0.13131268,62056,True,5.605285,14.374348,6.63511,26.653075,-0.1484375,-0.031406252,12953,True,0.5046875,0.099906428,0.366266,6.108577
2521,rtl->baseline,5.558343,14.284125,7.712848,27.602087,-0.653125,-0.130900072,62021,True,5.635116,14.39843,6.663251,26.744059,-0.1484375,-0.030375001,12948,True,0.5046875,0.100525071,0.364476,6.132918
2522,baseline->rtl,5.601445,14.356288,7.507108,27.517334,-0.653125,-0.130735029,62078,True,5.561103,14.520035,6.897222,27.017581,-0.1484375,-0.0299625,12954,True,0.5046875,0.100772529,0.364646,6.370379
2523,rtl->baseline,5.580354,14.466443,7.605982,27.695921,-0.653125,-0.130669012,62234,True,5.582924,14.331957,6.657812,26.619024,-0.1484375,-0.0297975,12972,True,0.5046875,0.100871512,0.366166,6.124917
2524,baseline->rtl,5.646176,14.344665,7.526238,27.56928,-0.653125,-0.130642605,62221,True,5.655586,14.302943,6.630458,26.629499,-0.1484375,-0.0297315,12973,True,0.5046875,0.100911105,0.363486,6.104415
2525,rtl->baseline,5.631905,14.261681,7.538278,27.478907,-0.653125,-0.130632042,62230,True,5.573143,14.540323,6.900181,27.060059,-0.1484375,-0.0297051,12976,True,0.5046875,0.100926942,0.363065,6.372738
2526,baseline->rtl,5.596984,14.485541,7.545938,27.679666,-0.653125,-0.130627817,62233,True,5.656986,14.362836,6.64056,26.699693,-0.1484375,-0.02969454,12958,True,0.5046875,0.100933277,0.372376,6.104446
2527,rtl->baseline,5.657206,14.321424,7.58449,27.609612,-0.653125,-0.130626127,62227,True,5.641406,14.386217,6.941783,27.015947,-0.1484375,-0.029690316,12978,True,0.5046875,0.100935811,0.405697,6.373168
2528,baseline->rtl,5.647506,14.599186,7.617732,27.917596,-0.653125,-0.130625451,62237,True,5.662356,14.420778,6.635759,26.756985,-0.1484375,-0.029688626,12967,True,0.5046875,0.100936825,0.371687,6.100786
2529,rtl->baseline,5.637386,14.386217,9.146528,29.218213,-0.653125,-0.13062518,62181,True,5.673297,14.404517,6.635979,26.762376,-0.1484375,-0.029687951,12956,True,0.5046875,0.100937229,0.364816,6.104246
2530,baseline->rtl,5.799042,14.974782,7.605901,28.427608,-0.653125,-0.130625072,62212,True,5.667947,14.354925,6.625778,26.687982,-0.1484375,-0.02968768,12951,True,0.5046875,0.100937392,0.359446,6.103076
2531,rtl->baseline,5.599314,14.305903,7.696225,27.647604,-0.653125,-0.130625029,62218,True,5.594654,14.429838,6.900751,26.971905,-0.1484375,-0.029687572,12957,True,0.5046875,0.100937457,0.365565,6.371788
2532,baseline->rtl,5.711509,14.326684,7.704175,27.796751,-0.659375,-0.133250012,61952,True,5.638355,14.317584,6.636339,26.63149,-0.1484375,-0.029687529,12918,True,0.5109375,0.103562483,0.368696,6.105506
2533,rtl->baseline,5.721329,14.298803,7.743897,27.812671,-0.659375,-0.132425005,61988,True,5.769982,14.356075,6.65934,26.833649,-0.1484375,-0.029687512,12963,True,0.5109375,0.102737493,0.394327,6.100426
2534,baseline->rtl,5.653226,14.281532,7.733447,27.720348,-0.659375,-0.132095002,61933,True,5.639285,14.381176,6.636879,26.694872,-0.1484375,-0.029687505,12911,True,0.5109375,0.102407497,0.367446,6.105226
2535,rtl->baseline,5.586323,14.345565,7.752107,27.730308,-0.659375,-0.131963001,61609,True,5.657196,14.501102,6.63922,26.841929,-0.1484375,-0.029687502,12862,True,0.5109375,0.102275499,0.366696,6.113157
2536,baseline->rtl,5.589773,14.393007,7.725556,27.761,-0.659375,-0.1319102,61703,True,5.576413,14.397967,6.635389,26.64685,-0.1484375,-0.029687501,12864,True,0.5109375,0.102222699,0.369426,6.100825
2537,rtl->baseline,5.674677,14.296722,7.734297,27.750378,-0.659375,-0.13188908,61698,True,5.693658,14.448359,6.645639,26.834459,-0.1484375,-0.0296875,12873,True,0.5109375,0.10220158,0.371377,6.111646
2538,baseline->rtl,5.719679,14.318064,7.669394,27.758849,-0.659375,-0.131880632,61651,True,5.625985,14.428518,6.632999,26.724754,-0.1484375,-0.0296875,12884,True,0.5109375,0.102193132,0.367656,6.100416
2539,rtl->baseline,5.656696,14.293442,7.57856,27.572861,-0.659375,-0.131877253,61660,True,5.598164,14.384257,6.63719,26.666682,-0.1484375,-0.0296875,12892,True,0.5109375,0.102189753,0.368706,6.104926
2540,baseline->rtl,5.806002,15.204501,7.871401,28.928658,-0.659375,-0.131875901,61648,True,5.667326,14.52291,6.852307,27.082495,-0.1484375,-0.0296875,12887,True,0.5109375,0.102188401,0.362466,6.325504
2541,rtl->baseline,5.608654,14.456228,7.574729,27.685172,-0.659375,-0.13187536,61681,True,5.699377,14.333322,6.893109,26.97378,-0.1484375,-0.0296875,12871,True,0.5109375,0.10218786,0.363486,6.366686
2542,baseline->rtl,5.696337,14.371583,7.578499,27.700551,-0.659375,-0.131875144,61695,True,5.676776,14.29719,6.634048,26.646196,-0.1484375,-0.0296875,12868,True,0.5109375,0.102187644,0.365506,6.103145
2543,rtl->baseline,5.666336,14.27709,7.627921,27.615868,-0.659375,-0.131875058,61693,True,5.651175,14.354313,6.634778,26.687268,-0.1484375,-0.0296875,12875,True,0.5109375,0.102187558,0.364206,6.105995
2544,baseline->rtl,5.676416,14.311441,7.60758,27.64993,-0.653125,-0.129250023,62222,True,5.840194,14.312611,6.642578,26.835965,-0.1484375,-0.0296875,12983,True,0.5046875,0.099562523,0.374876,6.106835
2545,rtl->baseline,5.646495,14.30811,7.635942,27.638219,-0.653125,-0.130075009,62173,True,5.885065,14.707678,6.883729,27.523014,-0.1484375,-0.0296875,12983,True,0.5046875,0.100387509,0.367856,6.350466
2546,baseline->rtl,5.594113,14.456777,7.558458,27.66387,-0.653125,-0.130405004,62208,True,5.605354,14.412436,6.628748,26.683798,-0.1484375,-0.0296875,12994,True,0.5046875,0.100717504,0.360385,6.105355
2547,rtl->baseline,5.628405,14.28004,7.694163,27.64817,-0.65,-0.129224501,62498,True,5.653806,14.382374,6.633218,26.716569,-0.1484375,-0.0296875,13014,True,0.5015625,0.099537001,0.365446,6.101935
2548,baseline->rtl,5.565132,14.448927,7.472885,27.541065,-0.65,-0.129689801,62451,True,5.632535,14.423546,6.890249,26.985571,-0.1484375,-0.0296875,13012,True,0.5015625,0.100002301,0.369136,6.354276
2549,rtl->baseline,5.633855,14.393135,7.657462,27.730213,-0.65,-0.12987592,62490,True,5.617514,14.500629,6.642888,26.806553,-0.1484375,-0.0296875,13012,True,0.5015625,0.10018842,0.369216,6.109175
2550,baseline->rtl,5.644245,14.342243,7.494476,27.533325,-0.646875,-0.128637868,62973,True,5.722658,14.398765,6.635148,26.796863,-0.140625,-0.02640625,13104,True,0.50625,0.102231618,0.373016,6.099615
2551,rtl->baseline,5.590122,14.334472,7.594199,27.563716,-0.646875,-0.129080147,62948,True,5.54668,14.418326,6.89631,26.906908,-0.140625,-0.0274375,13087,True,0.50625,0.101642647,0.363826,6.369997
2552,baseline->rtl,5.584333,14.366113,7.475264,27.477052,-0.646875,-0.129257059,62971,True,5.585002,14.416855,6.629598,26.672038,-0.140625,-0.02785,13080,True,0.50625,0.101407059,0.363076,6.101855
2553,rtl->baseline,5.630574,14.272149,7.549927,27.498013,-0.646875,-0.129327824,63132,True,5.696147,14.356853,6.93365,27.034953,-0.140625,-0.028015,13142,True,0.50625,0.101312824,0.393437,6.372046
2554,baseline->rtl,5.596893,14.394405,7.59991,27.643309,-0.646875,-0.129356129,63147,True,5.633364,14.331032,6.640068,26.641515,-0.140625,-0.028081,13163,True,0.50625,0.101275129,0.373326,6.099814
2555,rtl->baseline,5.616994,14.311711,7.639692,27.614708,-0.646875,-0.129367452,63119,True,5.602363,14.275069,6.636068,26.612585,-0.140625,-0.0281074,13151,True,0.50625,0.101260052,0.369226,6.103655
2556,baseline->rtl,5.658966,14.354113,7.541368,27.608748,-0.634375,-0.124121981,63912,True,5.697887,14.362231,6.632086,26.730106,-0.1328125,-0.02483671,13294,True,0.5015625,0.099285271,0.366096,6.105133
2557,rtl->baseline,5.576951,14.372592,7.642241,27.636424,-0.634375,-0.125773792,63924,True,5.601212,14.491226,6.650327,26.789237,-0.1328125,-0.025872184,13306,True,0.5015625,0.099901608,0.367986,6.117324
2558,baseline->rtl,5.741678,14.283817,7.552997,27.631584,-0.634375,-0.126434517,63825,True,5.568021,14.316459,6.631007,26.553938,-0.1328125,-0.026286374,13308,True,0.5015625,0.100148143,0.360676,6.106144
2559,rtl->baseline,5.594851,14.297388,7.577397,27.513389,-0.61875,-0.120136307,63814,True,5.810491,14.382801,6.925099,27.164505,-0.109375,-0.016608299,13287,True,0.509375,0.103528008,0.391427,6.371205
2560,baseline->rtl,5.599632,14.343529,7.573608,27.569472,-0.615625,-0.120992023,63652,True,5.596082,14.57284,6.628227,26.83684,-0.109375,-0.01976832,13241,True,0.50625,0.101223703,0.364406,6.100524
2561,rtl->baseline,5.585692,14.292378,7.619439,27.542191,-0.615625,-0.122271809,63664,True,5.655264,14.326709,6.640027,26.667592,-0.109375,-0.021032328,13249,True,0.50625,0.101239481,0.370566,6.105844
2562,baseline->rtl,5.563071,14.415113,7.62485,27.655665,-0.59375,-0.113596224,63119,True,5.575191,14.422034,6.625357,26.661922,-0.0859375,-0.011694181,13165,True,0.5078125,0.101902043,0.364086,6.099074
2563,rtl->baseline,5.625583,14.359401,7.573077,27.603733,-0.59375,-0.116688489,63165,True,5.622813,14.385152,6.637107,26.692834,-0.09375,-0.018271422,13175,True,0.5,0.098417067,0.369466,6.103854
2564,baseline->rtl,5.736868,14.330119,7.522005,27.641014,-0.59375,-0.117925396,63127,True,5.671606,14.290788,6.652247,26.652522,-0.0859375,-0.015277319,13173,True,0.5078125,0.102648077,0.367826,6.120014
2565,rtl->baseline,5.670195,14.208104,7.655501,27.579422,-0.590625,-0.117107658,63077,True,5.632223,14.361421,6.630556,26.672943,-0.0859375,-0.016423428,13180,True,0.5046875,0.10068423,0.366036,6.100914
2566,baseline->rtl,5.582171,14.328319,7.671462,27.636004,-0.590625,-0.117718063,63157,True,5.625873,14.33933,6.630426,26.633491,-0.0859375,-0.016881871,13196,True,0.5046875,0.100836192,0.366536,6.101813
2567,rtl->baseline,5.658025,14.453035,7.651391,27.808702,-0.590625,-0.117962225,63235,True,5.685706,14.330469,6.633687,26.696764,-0.0859375,-0.017065248,13211,True,0.5046875,0.100896977,0.361455,6.111774
2568,baseline->rtl,5.626433,14.361501,7.518405,27.558281,-0.571875,-0.11018489,62988,True,5.647914,14.319659,6.663078,26.669213,-0.0703125,-0.010576099,13138,True,0.5015625,0.099608791,0.398097,6.100504
2569,rtl->baseline,5.599152,14.379582,7.529725,27.555551,-0.571875,-0.112698956,62886,True,5.640394,14.392422,6.634777,26.713774,-0.0703125,-0.01266794,13134,True,0.5015625,0.100031016,0.370546,6.100873
2570,baseline->rtl,5.642474,14.33312,7.521815,27.550711,-0.571875,-0.113704582,62934,True,5.658185,14.384182,6.890378,26.972876,-0.0703125,-0.013504676,13138,True,0.5015625,0.100199906,0.366386,6.360135
2571,rtl->baseline,5.592412,14.34439,7.573118,27.555871,-0.559375,-0.108856833,62741,True,5.604172,14.358171,6.905179,26.912543,-0.0546875,-0.00727687,13111,True,0.5046875,0.101579963,0.367306,6.372946
2572,baseline->rtl,5.607012,14.381401,7.589498,27.630775,-0.559375,-0.110667733,62764,True,5.600022,14.406652,6.637596,26.683161,-0.0546875,-0.009473248,13107,True,0.5046875,0.101194485,0.370706,6.100893
2573,rtl->baseline,5.554879,14.296136,7.586926,27.481353,-0.559375,-0.111392093,62759,True,5.650693,14.358478,6.630935,26.688139,-0.0546875,-0.010351799,13112,True,0.5046875,0.101040294,0.364816,6.101712
2574,baseline->rtl,5.5723,14.39159,7.490743,27.506874,-0.5375,-0.102494337,62632,True,5.715646,14.377659,6.923148,27.055445,-0.0390625,-0.00414072,13091,True,0.4984375,0.098353617,0.387097,6.372284
2575,rtl->baseline,5.636543,14.431501,7.567196,27.680872,-0.5375,-0.105497735,62688,True,5.58171,14.41567,6.636146,26.679889,-0.0390625,-0.006343788,13102,True,0.4984375,0.099153947,0.366495,6.106913
2576,baseline->rtl,5.670234,14.418221,7.542385,27.685112,-0.5375,-0.106699094,62702,True,5.645953,14.312496,6.628435,26.623707,-0.0390625,-0.007225015,13093,True,0.4984375,0.099474079,0.361736,6.101552
2577,rtl->baseline,5.621552,14.338827,7.684531,27.691642,-0.528125,-0.103242138,62674,True,5.629782,14.368378,6.632666,26.679559,-0.03125,-0.004296256,13079,True,0.496875,0.098945882,0.367966,6.102663
2578,baseline->rtl,5.658203,14.451623,7.585047,27.746764,-0.528125,-0.104671855,62707,True,5.693715,14.449273,6.634866,26.818795,-0.03125,-0.005468502,13075,True,0.496875,0.099203353,0.369676,6.102503
2579,rtl->baseline,5.633612,14.306566,7.595777,27.579857,-0.528125,-0.105243742,62745,True,5.638603,14.465273,6.913367,27.065555,-0.03125,-0.005937401,13082,True,0.496875,0.099306341,0.374896,6.372564
2580,baseline->rtl,5.57967,14.41215,7.644179,27.687593,-0.521875,-0.102847497,62619,True,5.602371,14.378599,6.637965,26.658498,-0.015625,0.00700004,13076,True,0.50625,0.109847537,0.366376,6.109514
2581,rtl->baseline,5.612662,14.304136,7.606648,27.566747,-0.521875,-0.103763999,62666,True,5.719066,14.40178,6.658557,26.825445,-0.015625,0.002800016,13082,True,0.50625,0.106564015,0.368705,6.124154
2582,baseline->rtl,5.552739,14.532206,7.573876,27.712313,-0.521875,-0.104130599,62623,True,5.57738,14.514105,6.894407,27.024164,-0.015625,0.001120006,13085,True,0.50625,0.105250605,0.358186,6.372185
2583,rtl->baseline,5.598171,14.524735,7.614168,27.780006,-0.503125,-0.09640224,61921,True,5.658043,14.39592,6.639536,26.738872,0.0,0.000448003,12957,True,0.503125,0.096850243,0.367786,6.109633
2584,baseline->rtl,5.611782,14.38646,7.564225,27.614079,-0.503125,-0.098935896,61905,True,5.634132,14.360068,6.638346,26.669758,0.0,0.000179201,12950,True,0.503125,0.099115097,0.370386,6.103983
2585,rtl->baseline,5.55883,14.277624,7.560616,27.444172,-0.503125,-0.099949358,61945,True,5.547039,14.413641,6.636736,26.643857,0.0,7.168e-05,12953,True,0.503125,0.100021038,0.371986,6.100242
2586,baseline->rtl,5.594801,14.413011,7.547455,27.608069,-0.490625,-0.095104743,61651,True,5.592171,14.364968,6.640856,26.635437,0.015625,2.8672e-05,12900,True,0.50625,0.095133415,0.370136,6.105603
2587,rtl->baseline,5.616222,14.255773,7.681561,27.597818,-0.484375,-0.094291897,61612,True,5.634703,14.370158,6.637136,26.687839,0.015625,1.1469e-05,12894,True,0.5,0.094303366,0.368075,6.105813
2588,baseline->rtl,5.562879,14.416611,7.507664,27.539236,-0.490625,-0.098466759,61595,True,5.583021,14.40489,6.903127,26.92907,0.015625,4.588e-06,12889,True,0.50625,0.098471347,0.367126,6.370904
2589,rtl->baseline,5.650652,14.522913,7.667369,27.887057,-0.459375,-0.085136704,61160,True,5.643712,14.477301,6.638605,26.80772,0.046875,0.019689335,12843,True,0.50625,0.104826039,0.368856,6.105692
2590,baseline->rtl,5.619201,14.464221,7.47897,27.615665,-0.459375,-0.089179681,61216,True,5.685044,14.373346,6.627954,26.725106,0.0390625,0.010219484,12844,True,0.4984375,0.099399165,0.364176,6.100862
2591,rtl->baseline,5.59842,14.370596,7.602416,27.614944,-0.459375,-0.090796873,61133,True,5.59717,14.385747,6.888325,26.918935,0.046875,0.012056544,12840,True,0.50625,0.102853417,0.369086,6.357452
2592,baseline->rtl,5.605981,14.267022,7.67859,27.602094,-0.446875,-0.086193749,60974,True,5.656703,14.304273,6.884355,26.883583,0.0546875,0.013728867,12781,True,0.5015625,0.099922616,0.366946,6.354932
2593,rtl->baseline,5.608851,14.357125,7.775244,27.784552,-0.446875,-0.0881025,60930,True,5.58465,14.391397,6.630344,26.653343,0.0546875,0.012054047,12782,True,0.5015625,0.100156547,0.363046,6.102872
2594,baseline->rtl,5.617301,14.331355,7.599826,27.601084,-0.446875,-0.088866,60981,True,5.611191,14.382197,6.906856,26.939075,0.0546875,0.011384119,12779,True,0.5015625,0.100250119,0.368406,6.371973
2595,rtl->baseline,5.609311,14.278142,7.612827,27.546202,-0.4125,-0.0747339,60559,True,5.714375,14.316744,6.930547,27.009638,0.0859375,0.024241148,12724,True,0.4984375,0.098975048,0.397237,6.371263
2596,baseline->rtl,5.612851,14.335925,7.643907,27.646156,-0.4125,-0.07939356,60720,True,5.58644,14.403338,6.628854,26.658663,0.0859375,0.020008959,12755,True,0.4984375,0.099402519,0.365206,6.100631
2597,rtl->baseline,5.58804,14.332215,7.582936,27.549362,-0.4125,-0.081257424,60632,True,5.617481,14.377807,6.631514,26.674754,0.0859375,0.018316084,12746,True,0.4984375,0.099573508,0.363916,6.102322
2598,baseline->rtl,5.585999,14.388487,7.46867,27.49392,-0.271875,-0.02294047,59372,True,5.673543,14.363886,6.930637,27.005938,0.2265625,0.076701433,12512,True,0.4984375,0.099641903,0.397977,6.368053
2599,rtl->baseline,5.637872,14.399248,7.587096,27.669657,-0.271875,-0.041801188,59371,True,5.560209,14.360366,6.636275,26.603501,0.2265625,0.057868073,12506,True,0.4984375,0.099669261,0.368986,6.104312
2600,baseline->rtl,5.625572,14.329924,7.553744,27.563332,-0.271875,-0.049345475,59404,True,5.642092,14.394188,6.629544,26.705065,0.2265625,0.050334729,12516,True,0.4984375,0.099680204,0.364956,6.100962
2601,rtl->baseline,5.58833,14.330515,7.585735,27.548762,-0.228125,-0.03398819,58783,True,5.616831,14.533404,6.901976,27.098893,0.2734375,0.067008892,12390,True,0.5015625,0.100997082,0.366876,6.369753
2602,baseline->rtl,5.620412,14.343806,7.548094,27.565743,-0.228125,-0.040970276,58842,True,5.61095,14.307224,6.651275,26.608621,0.2734375,0.059616057,12406,True,0.5015625,0.100586333,0.368246,6.118442
2603,rtl->baseline,5.652252,14.302973,7.652469,27.654716,-0.228125,-0.04376311,58806,True,5.757777,14.410359,6.926917,27.143195,0.2734375,0.056658923,12401,True,0.5015625,0.100422033,0.394267,6.371234
2604,baseline->rtl,5.59762,14.309524,7.602516,27.561013,-0.153125,-0.013380244,58348,True,5.582769,14.386357,6.632064,26.641152,0.34375,0.085007319,12296,True,0.496875,0.098387563,0.368686,6.099241
2605,rtl->baseline,5.602469,14.28664,7.582244,27.516755,-0.15,-0.022414598,58310,True,5.5997,14.405907,6.636953,26.690712,0.34375,0.075252928,12281,True,0.49375,0.097667526,0.371486,6.10087
2606,baseline->rtl,5.642141,14.363244,7.498041,27.555667,-0.15,-0.026965839,58280,True,5.648212,14.373425,6.662855,26.721882,0.34375,0.071351171,12296,True,0.49375,0.09831701,0.364705,6.135222
2607,rtl->baseline,5.61206,17.346981,7.664517,30.668871,-0.125,-0.018286336,57944,True,5.731105,14.396155,6.633193,26.808865,0.3671875,0.079634218,12224,True,0.4921875,0.097920554,0.369916,6.09997
2608,baseline->rtl,5.63294,14.391515,8.815037,28.891615,-0.125,-0.022314534,57957,True,5.927034,14.366544,6.635033,26.967393,0.375,0.079197437,12216,True,0.5,0.101511971,0.368606,6.102401
2609,rtl->baseline,5.63378,14.379014,7.649437,27.706874,-0.125,-0.023925814,58040,True,6.479637,14.438007,6.627793,27.591659,0.3671875,0.073397725,12240,True,0.4921875,0.097323539,0.364996,6.09966
2610,baseline->rtl,5.643301,14.424926,11.144636,31.266826,0.025,0.038429675,56795,True,5.61601,14.380294,6.642044,26.67589,0.5234375,0.13904659,11905,True,0.4984375,0.100616915,0.366436,6.111501
2611,rtl->baseline,5.604279,14.402306,12.817688,32.870944,0.025,0.01837187,56783,True,5.60831,14.430986,6.657885,26.742203,0.5234375,0.118431136,11903,True,0.4984375,0.100059266,0.369526,6.125522
2612,baseline->rtl,5.541316,14.446468,9.001585,29.041281,0.025,0.010348748,56792,True,5.601559,14.378894,6.631873,26.651619,0.5234375,0.110184954,11901,True,0.4984375,0.099836206,0.369326,6.10193
2613,rtl->baseline,5.60681,14.415386,8.751184,28.817181,0.090625,0.034701999,57307,True,5.6033,14.330463,6.631504,26.610817,0.59375,0.136417732,11873,True,0.503125,0.101715733,0.369146,6.098921
2614,baseline->rtl,5.583449,14.365914,8.556846,28.55788,0.090625,0.0247558,57253,True,5.607989,14.350053,6.654994,26.652288,0.59375,0.125817093,11842,True,0.503125,0.101061293,0.371216,6.121091
2615,rtl->baseline,5.656682,14.403856,9.429142,29.535082,0.090625,0.02077732,57278,True,5.61496,14.417446,6.640784,26.721752,0.59375,0.121576837,11868,True,0.503125,0.100799517,0.370636,6.106351
2616,baseline->rtl,5.646142,14.418157,9.1142,29.229779,0.115625,0.029685928,57860,True,5.61019,14.323802,6.638063,26.610967,0.609375,0.126443235,11960,True,0.49375,0.096757307,0.370556,6.10505
2617,rtl->baseline,5.589619,14.309362,9.513766,29.458999,0.115625,0.025749371,57851,True,5.651252,14.312652,6.640584,26.652359,0.609375,0.123702294,11953,True,0.49375,0.097952923,0.368926,6.103891
2618,baseline->rtl,5.578458,14.50684,8.850848,28.987159,0.115625,0.024174748,57860,True,5.579218,14.265719,6.887054,26.771204,0.609375,0.122605918,11957,True,0.49375,0.09843117,0.367525,6.354562
2619,rtl->baseline,5.585988,14.26565,8.682892,28.579601,0.11875,0.024857399,57823,True,5.593829,14.321522,6.638913,26.602267,0.6171875,0.125448617,11945,True,0.4984375,0.100591218,0.367666,6.107261
2620,baseline->rtl,5.580908,14.433757,9.201764,29.267471,0.11875,0.02419296,57808,True,5.62269,14.392155,6.638423,26.6932,0.6171875,0.124241947,11938,True,0.4984375,0.100048987,0.369646,6.10591
2621,rtl->baseline,5.604719,14.503978,8.70671,28.861459,0.11875,0.023927184,57784,True,5.610189,14.497327,6.636053,26.789711,0.6171875,0.123759279,11939,True,0.4984375,0.099832095,0.366965,6.10615
2622,baseline->rtl,5.672232,14.518878,8.732992,28.975293,0.134375,0.030383374,57347,True,5.603938,14.57081,6.632122,26.845672,0.640625,0.133409961,11847,True,0.50625,0.103026587,0.365486,6.102819
2623,rtl->baseline,5.615979,14.476936,8.776404,28.916341,0.134375,0.028278349,57387,True,5.620439,14.454315,6.631662,26.752909,0.6328125,0.126957735,11850,True,0.4984375,0.098679386,0.367806,6.10161
2624,baseline->rtl,5.64021,14.403853,8.715441,28.812767,0.134375,0.02743634,57369,True,5.580787,14.535809,6.629162,26.78389,0.6328125,0.126720594,11848,True,0.4984375,0.099284254,0.358635,6.10516
2625,rtl->baseline,5.664941,14.32362,8.352065,28.385399,0.128125,0.024474536,57534,True,5.680071,14.32788,6.648883,26.704567,0.625,0.123344488,11858,True,0.496875,0.098869952,0.369716,6.11641
2626,baseline->rtl,5.65146,14.382172,11.400445,31.487631,0.128125,0.025164814,57438,True,5.612549,14.274367,6.892343,26.818702,0.6328125,0.127619045,11849,True,0.5046875,0.102454231,0.362306,6.367941
2627,rtl->baseline,5.6528,14.34379,9.783807,29.82627,0.128125,0.025440926,57482,True,5.63758,14.319449,6.627192,26.631243,0.625,0.123703868,11852,True,0.496875,0.098262942,0.363035,6.099689
2628,baseline->rtl,5.570687,14.32901,12.994823,32.947392,0.121875,0.02292637,57106,True,5.624339,14.349051,6.630983,26.643865,0.625,0.124481547,11788,True,0.503125,0.101555177,0.364225,6.10347
2629,rtl->baseline,5.608118,14.357711,19.161466,39.171867,0.121875,0.023795548,57050,True,5.654481,14.539299,6.640122,26.880595,0.625,0.124792619,11798,True,0.503125,0.100997071,0.372666,6.103209
2630,baseline->rtl,5.709263,14.353761,7.641595,27.759762,0.121875,0.024143219,57047,True,5.633189,14.439165,6.900344,27.01608,0.625,0.124917048,11791,True,0.503125,0.100773829,0.362666,6.370612
2631,rtl->baseline,5.591838,14.33384,7.76396,27.736711,0.11875,0.022969788,57037,True,5.64295,14.415704,6.626062,26.730908,0.6171875,0.121685569,11789,True,0.4984375,0.098715781,0.360695,6.10158
2632,baseline->rtl,5.645951,14.424874,7.637105,27.762082,0.11875,0.023437915,56967,True,5.657731,14.32716,6.629203,26.655245,0.6171875,0.122736728,11785,True,0.4984375,0.099298813,0.359755,6.10411
2633,rtl->baseline,5.615289,14.514377,7.652196,27.828934,0.11875,0.023625166,56996,True,5.62614,14.33901,6.900524,26.912816,0.6171875,0.123157191,11786,True,0.4984375,0.099532025,0.368636,6.366911
2634,baseline->rtl,5.64299,14.407843,7.52289,27.626456,0.1,0.015825066,57009,True,5.63907,14.400953,6.640823,26.718737,0.6015625,0.116762876,11830,True,0.5015625,0.10093781,0.367466,6.11061
2635,rtl->baseline,5.602288,14.297699,7.557502,27.504581,0.1,0.018330027,57008,True,5.603569,14.400123,6.902904,26.954908,0.6015625,0.118892651,11832,True,0.5015625,0.100562624,0.365816,6.372972
2636,baseline->rtl,5.619509,14.375162,7.55427,27.601203,0.1,0.019332011,56992,True,5.646989,14.334238,6.643971,26.66509,0.6015625,0.11974456,11826,True,0.5015625,0.100412549,0.369056,6.112569
2637,rtl->baseline,5.588087,14.303577,11.827941,31.765688,0.0875,0.014482804,56892,True,5.634529,14.332118,6.904413,27.051507,0.5859375,0.113522824,11845,True,0.4984375,0.09904002,0.369696,6.37291
2638,baseline->rtl,5.613458,14.510815,7.458676,27.635482,0.0875,0.016293122,56877,True,5.64891,14.395431,6.963475,27.046227,0.5859375,0.11572163,11839,True,0.4984375,0.099428508,0.429148,6.36972
2639,rtl->baseline,5.597857,14.300637,7.634524,27.57863,0.0875,0.017017249,56885,True,5.620999,14.516346,6.929394,27.11362,0.5859375,0.116601152,11843,True,0.4984375,0.099583903,0.393987,6.37296
2640,baseline->rtl,5.586237,14.37839,7.563561,27.57915,0.071875,0.010744399,56704,True,5.599068,14.447203,6.918083,27.001375,0.5703125,0.110390461,11817,True,0.4984375,0.099646062,0.367386,6.372811
2641,rtl->baseline,5.867499,14.415531,7.629413,27.958516,0.071875,0.01292276,56514,True,5.626799,14.662832,6.654913,26.990155,0.5703125,0.112593684,11825,True,0.4984375,0.099670924,0.379106,6.109999
2642,baseline->rtl,5.65414,14.38464,7.621583,27.712276,0.071875,0.013794104,56663,True,5.646919,14.394761,6.886002,26.964484,0.5703125,0.113474974,11827,True,0.4984375,0.09968087,0.368705,6.353909
2643,rtl->baseline,5.689522,14.275196,7.591772,27.601291,0.06875,0.012830142,56291,True,5.573207,14.310407,6.906733,26.835758,0.5625,0.110546239,11764,True,0.49375,0.097716097,0.371395,6.37117
2644,baseline->rtl,5.64782,14.323837,7.491418,27.516947,0.06875,0.013382057,56178,True,5.626179,14.306226,6.631511,26.603539,0.5625,0.111718496,11748,True,0.49375,0.098336439,0.365555,6.102409
2645,rtl->baseline,5.607838,14.346699,7.629153,27.630312,0.06875,0.013602823,56268,True,5.608898,14.420322,6.653213,26.729364,0.5625,0.112187398,11758,True,0.49375,0.098584575,0.371266,6.1148
2646,baseline->rtl,5.699512,14.324447,7.508268,27.58517,0.05625,0.008441129,56408,True,5.708192,14.279435,6.628531,26.65476,0.5546875,0.109093709,11813,True,0.4984375,0.10065258,0.363186,6.103099
2647,rtl->baseline,5.695631,14.252055,7.607243,27.60076,0.05625,0.010126452,56359,True,5.742964,14.353259,6.899032,27.039987,0.5546875,0.110199984,11806,True,0.4984375,0.100073532,0.367246,6.368641
2648,baseline->rtl,5.685371,14.38928,7.604642,27.731766,0.05625,0.010800581,56342,True,5.646369,14.38365,6.903923,26.972044,0.5546875,0.110642493,11809,True,0.4984375,0.099841912,0.367346,6.371971
2649,rtl->baseline,5.65549,14.288066,7.589362,27.579419,0.053125,0.009757732,56532,True,5.634719,14.380319,6.633912,26.697273,0.546875,0.107538247,11854,True,0.49375,0.097780515,0.367605,6.103179
2650,baseline->rtl,5.694712,14.38567,7.471347,27.605521,0.053125,0.010278093,56506,True,5.672421,14.349239,6.940684,27.000865,0.546875,0.108640299,11847,True,0.49375,0.098362206,0.367446,6.37347
2651,rtl->baseline,5.617148,14.296126,7.638784,27.59607,0.053125,0.010486237,56444,True,5.6571,14.37026,6.625291,26.699623,0.546875,0.10908112,11838,True,0.49375,0.098594883,0.360025,6.100459
2652,baseline->rtl,5.670301,14.38127,7.428714,27.533377,0.01875,-0.011743005,56700,True,5.67851,14.336605,6.63352,26.688928,0.515625,0.096132448,11946,True,0.496875,0.107875453,0.362735,6.105888
2653,rtl->baseline,5.560505,14.315995,7.605711,27.527263,0.01875,-0.004697202,56669,True,5.599896,14.416129,6.895621,26.958769,0.515625,0.100327979,11931,True,0.496875,0.105025181,0.360955,6.371899
2654,baseline->rtl,5.624807,14.384028,7.506757,27.569095,0.01875,-0.001878881,56743,True,5.66561,14.371688,6.659182,26.73385,0.515625,0.102006192,11945,True,0.496875,0.103885073,0.364565,6.127129
2655,rtl->baseline,5.569535,14.299044,7.58094,27.494742,-0.09375,-0.040126552,57208,True,5.627918,14.335446,6.903802,26.917158,0.40625,0.056739977,12076,True,0.5,0.096866529,0.366026,6.372639
2656,baseline->rtl,5.640828,14.469891,7.422384,27.585686,-0.09375,-0.027300621,57177,True,5.66581,14.391888,6.935683,27.030572,0.3984375,0.068164741,12090,True,0.4921875,0.095465362,0.373686,6.371059
2657,rtl->baseline,5.598807,14.299075,7.698196,27.643878,-0.09375,-0.022170248,57130,True,5.611957,14.611537,6.911072,27.184209,0.3984375,0.075078396,12088,True,0.4921875,0.097248644,0.372916,6.372859
2658,baseline->rtl,5.581786,14.456941,7.468666,27.605556,-0.09375,-0.020118099,56826,True,5.638709,14.380498,6.937063,26.994091,0.3984375,0.077843859,11992,True,0.4921875,0.097961958,0.399637,6.372409
2659,rtl->baseline,5.569555,14.368607,7.592521,27.575915,-0.090625,-0.01798474,56799,True,5.586386,14.355337,6.890091,26.879096,0.3984375,0.078950043,11993,True,0.4890625,0.096934783,0.373396,6.354049
2660,baseline->rtl,5.719631,14.456411,7.465305,27.69394,-0.090625,-0.018068896,56748,True,5.616137,14.365507,6.6312,26.651076,0.40625,0.082673767,11993,True,0.496875,0.100742663,0.359275,6.108138
2661,rtl->baseline,5.578435,14.342596,8.542321,28.508024,-0.084375,-0.015477558,56648,True,5.67787,14.368897,6.62754,26.722839,0.4140625,0.085100757,11965,True,0.4984375,0.100578315,0.365715,6.100467
2662,baseline->rtl,5.598136,14.44062,7.622982,27.716042,-0.084375,-0.016316023,56579,True,5.589916,14.505632,6.902132,27.036242,0.4140625,0.083727803,11951,True,0.4984375,0.100043826,0.365775,6.372929
2663,rtl->baseline,5.619097,14.329195,7.744867,27.738622,-0.084375,-0.016651409,56644,True,5.705071,14.376108,6.64689,26.774442,0.4140625,0.083178621,11973,True,0.4984375,0.09983003,0.365365,6.117909
2664,baseline->rtl,5.625037,14.379658,7.57126,27.627458,-0.078125,-0.014160564,56451,True,5.69255,14.381018,6.62822,26.74173,0.4140625,0.082958948,11942,True,0.4921875,0.097119512,0.364005,6.099598
2665,rtl->baseline,5.591476,14.367238,7.620652,27.622237,-0.078125,-0.015039225,56480,True,5.569835,14.408298,6.62987,26.654096,0.4140625,0.082871079,11952,True,0.4921875,0.097910304,0.368145,6.101367
2666,baseline->rtl,5.559155,14.396258,7.676194,27.682649,-0.078125,-0.01539069,56460,True,5.609027,14.396068,6.642981,26.686728,0.4140625,0.082835932,11935,True,0.4921875,0.098226622,0.371295,6.106018
2667,rtl->baseline,5.615077,14.320525,7.633862,27.614707,-0.075,-0.014218776,56514,True,5.584896,14.421089,6.908282,26.959849,0.421875,0.086103123,11937,True,0.496875,0.100321899,0.369936,6.372899
2668,baseline->rtl,5.602047,14.472861,7.525848,27.650598,-0.075,-0.01468751,56573,True,5.618586,14.332053,6.630609,26.621001,0.421875,0.085066249,11948,True,0.496875,0.099753759,0.362805,6.105477
2669,rtl->baseline,5.587765,14.306102,7.644922,27.584301,-0.075,-0.014875004,56515,True,5.662538,14.323233,6.629409,26.661742,0.421875,0.0846515,11945,True,0.496875,0.099526504,0.364015,6.100677
2670,baseline->rtl,5.621457,14.338103,7.495486,27.506558,-0.071875,-0.013637502,56599,True,5.651198,14.525951,6.917541,27.163574,0.421875,0.0844856,11954,True,0.49375,0.098123102,0.380016,6.371318
2671,rtl->baseline,5.780474,14.329323,7.657723,27.813081,-0.071875,-0.014080001,56571,True,5.643417,14.345444,6.632339,26.667352,0.421875,0.08441924,11960,True,0.49375,0.098499241,0.365136,6.102907
2672,baseline->rtl,5.648657,14.336364,7.476855,27.515279,-0.071875,-0.014257,56550,True,5.70522,14.438657,6.631179,26.814828,0.421875,0.084392696,11958,True,0.49375,0.098649696,0.362775,6.104517
2673,rtl->baseline,5.615416,14.366774,7.459344,27.485648,-0.059375,-0.0090778,56662,True,5.687419,14.318683,6.880289,26.935633,0.4375,0.090944578,11975,True,0.496875,0.100022378,0.371046,6.347847
2674,baseline->rtl,5.609546,14.348224,7.532047,27.543519,-0.059375,-0.01075612,56685,True,5.607366,14.317113,6.89089,26.852821,0.4375,0.088877831,11974,True,0.496875,0.099633951,0.368475,6.360398
2675,rtl->baseline,5.591945,14.247569,7.544198,27.430095,-0.059375,-0.011427448,56629,True,5.677749,14.356184,6.66084,26.739655,0.4375,0.088051133,11974,True,0.496875,0.099478581,0.363346,6.098986
2676,baseline->rtl,5.569514,14.345344,7.520857,27.489457,-0.05625,-0.010383479,56099,True,5.562134,14.685209,6.697902,26.981915,0.4375,0.087720453,11874,True,0.49375,0.098103932,0.401977,6.113467
2677,rtl->baseline,5.593406,14.545573,7.658992,27.843682,-0.059375,-0.012215892,56099,True,5.592826,14.409486,6.629579,26.678373,0.4375,0.087588181,11863,True,0.496875,0.099804073,0.363706,6.105077
2678,baseline->rtl,5.70356,14.399926,7.491755,27.649014,-0.05625,-0.010698857,56071,True,5.745032,14.388975,6.64975,26.822719,0.4375,0.087535272,11863,True,0.49375,0.098234129,0.357365,6.130278
2679,rtl->baseline,5.621187,14.411917,7.472255,27.586601,-0.053125,-0.009717043,56265,True,5.596136,14.421358,6.638,26.702804,0.4453125,0.090795359,11923,True,0.4984375,0.100512402,0.367905,6.109957
2680,baseline->rtl,5.640367,14.380675,7.453844,27.526969,-0.053125,-0.010261817,56243,True,5.613166,14.383406,6.655161,26.692064,0.4453125,0.089755644,11910,True,0.4984375,0.100017461,0.367135,6.123078
2681,rtl->baseline,5.604756,14.399186,7.569158,27.618993,-0.053125,-0.010479727,56260,True,5.601635,14.419857,6.929292,26.998727,0.4453125,0.089339757,11938,True,0.4984375,0.099819484,0.391457,6.372528
2682,baseline->rtl,5.602106,14.332863,7.532307,27.520899,-0.0375,-0.004004391,55656,True,5.557884,14.414737,6.634449,26.646611,0.4609375,0.095735903,11756,True,0.4984375,0.099740294,0.366936,6.105557
2683,rtl->baseline,5.590415,14.338314,7.583699,27.55714,-0.0375,-0.006101756,55656,True,5.659118,14.363125,6.634129,26.703104,0.4609375,0.093606861,11751,True,0.4984375,0.099708617,0.367376,6.103127
2684,baseline->rtl,5.607606,14.341094,7.488885,27.488677,-0.0375,-0.006940703,55632,True,5.646608,14.439558,6.637219,26.761046,0.4609375,0.092755244,11764,True,0.4984375,0.099695947,0.364525,6.108996
2685,rtl->baseline,5.604355,14.358862,7.432401,27.440561,-0.028125,-0.003338781,55799,True,5.699529,14.380444,6.639499,26.767773,0.46875,0.095695848,11797,True,0.496875,0.099034629,0.370175,6.106926
2686,baseline->rtl,5.659827,14.455996,7.473213,27.64124,-0.025,-0.003398012,55779,True,5.701599,14.337301,6.633208,26.71227,0.46875,0.094528339,11778,True,0.49375,0.097926351,0.368215,6.101506
2687,rtl->baseline,5.628976,14.29178,7.493934,27.460611,-0.025,-0.004359205,55762,True,5.629306,14.438646,6.621387,26.735731,0.46875,0.094061336,11776,True,0.49375,0.098420541,0.358715,6.099345
2688,baseline->rtl,5.615145,14.395324,7.62259,27.686222,-0.01875,0.005756318,55552,True,5.619505,14.380643,6.633558,26.671478,0.4765625,0.097155784,11736,True,0.4953125,0.091399466,0.371046,6.100826
2689,rtl->baseline,5.579374,14.56168,7.601279,27.787465,-0.01875,0.002302527,55547,True,5.648907,14.349882,6.639289,26.684309,0.4765625,0.096049814,11729,True,0.4953125,0.093747287,0.369165,6.105456
2690,baseline->rtl,5.658787,14.506628,7.446062,27.66389,-0.01875,0.000921011,55577,True,5.636856,14.341341,6.934021,26.95114,0.4765625,0.095607425,11746,True,0.4953125,0.094686414,0.397867,6.372147
2691,rtl->baseline,5.803173,14.339072,7.62542,27.814007,-0.003125,0.000368404,55533,True,5.595825,15.011889,6.647419,27.300115,0.4921875,0.10199297,11718,True,0.4953125,0.101624566,0.361336,6.123197
2692,baseline->rtl,5.643497,14.439125,7.468463,27.604058,-0.00625,0.000147362,55546,True,5.666167,14.431885,6.66867,26.806454,0.4921875,0.099859688,11763,True,0.4984375,0.099712326,0.377235,6.127397
2693,rtl->baseline,5.72915,14.446226,7.485444,27.704712,-0.003125,5.8945e-05,55537,True,5.561663,14.482907,6.636098,26.730812,0.4921875,0.099006375,11758,True,0.4953125,0.09894743,0.366285,6.104116
2694,baseline->rtl,5.621565,14.373813,7.501884,27.549946,0.003125,2.3578e-05,55940,True,5.596535,14.374963,6.634098,26.642667,0.5,0.1019463,11816,True,0.496875,0.101922722,0.368026,6.102356
2695,rtl->baseline,5.593664,14.250028,7.497005,27.385798,0.003125,9.431e-06,55942,True,5.601675,14.395984,6.91504,26.961021,0.5,0.10077852,11835,True,0.496875,0.100769089,0.386136,6.367028
2696,baseline->rtl,5.589415,14.359872,7.517045,27.519734,0.003125,3.772e-06,55943,True,5.575394,14.326661,6.866608,26.806135,0.5,0.100311408,11824,True,0.496875,0.100307636,0.357415,6.348887
2697,rtl->baseline,5.597795,14.342361,7.488864,27.472842,0.021875,0.009189009,55586,True,5.634436,14.330211,6.638629,26.651818,0.515625,0.106687063,11772,True,0.49375,0.097498054,0.368955,6.107216
2698,baseline->rtl,5.571263,14.394344,7.436341,27.453722,0.021875,0.006300604,55575,True,5.624186,14.464997,6.92566,27.053885,0.515625,0.104549825,11722,True,0.49375,0.098249221,0.393687,6.372217
2699,rtl->baseline,5.630876,14.351852,7.407681,27.4334,0.021875,0.005145241,55608,True,5.584434,14.348481,6.66517,26.643838,0.515625,0.10369493,11725,True,0.49375,0.098549689,0.365205,6.133287
2700,baseline->rtl,5.614265,14.339022,7.475074,27.478052,0.025,0.005995597,55842,True,5.664308,14.386214,6.634398,26.723941,0.5234375,0.106634222,11789,True,0.4984375,0.100638625,0.369746,6.100896
2701,rtl->baseline,5.669017,14.35711,7.543075,27.613994,0.028125,0.006710739,55668,True,5.594635,15.246937,6.70231,27.589484,0.5234375,0.105466189,11774,True,0.4953125,0.09875545,0.383666,6.134906
2702,baseline->rtl,5.639545,14.370031,7.442151,27.50467,0.025,0.004746795,55770,True,5.586543,14.376491,6.631167,26.634193,0.5234375,0.104998976,11781,True,0.4984375,0.100252181,0.365485,6.103895
2703,rtl->baseline,5.588633,14.405852,7.521055,27.560882,0.0375,0.010148718,55855,True,5.701828,14.36706,6.923849,27.037789,0.53125,0.10809334,11791,True,0.49375,0.097944622,0.390137,6.369866
2704,baseline->rtl,5.633485,14.270126,7.519704,27.476258,0.0375,0.008559487,55880,True,5.608834,14.305768,6.630337,26.584651,0.53125,0.106987336,11791,True,0.49375,0.098427849,0.368995,6.099765
2705,rtl->baseline,5.689837,14.482235,7.871279,28.091623,0.034375,0.006611295,55937,True,5.625685,14.343169,6.624756,26.640084,0.53125,0.106544934,11800,True,0.496875,0.099933639,0.363845,6.099575
2706,baseline->rtl,5.622505,14.503376,7.447251,27.626104,0.053125,0.014644518,55110,True,5.629905,14.388571,6.665629,26.723507,0.546875,0.112930474,11627,True,0.49375,0.098285956,0.395476,6.106425
2707,rtl->baseline,5.609375,14.394862,7.443931,27.492829,0.053125,0.012232807,55082,True,5.683058,14.36886,6.661218,26.758258,0.546875,0.11079719,11582,True,0.49375,0.098564383,0.376036,6.120815
2708,baseline->rtl,5.667066,14.36206,7.496403,27.577783,0.053125,0.011268123,55064,True,5.600104,14.387522,6.642698,26.670284,0.546875,0.109943876,11585,True,0.49375,0.098675753,0.372325,6.105995
2709,rtl->baseline,5.615765,14.308148,7.527024,27.493249,0.06875,0.017444749,55688,True,5.619474,14.402162,6.651408,26.720887,0.5625,0.11616505,11751,True,0.49375,0.098720301,0.367496,6.116496
2710,baseline->rtl,5.593914,14.3584,7.65116,27.656075,0.06875,0.0152279,55769,True,5.592964,14.36572,6.657618,26.654134,0.5703125,0.11724727,11731,True,0.5015625,0.10201937,0.363475,6.129016
2711,rtl->baseline,5.600644,14.402102,7.489753,27.5367,0.06875,0.01434116,55807,True,5.670267,14.410252,6.664748,26.79346,0.5625,0.112055158,11730,True,0.49375,0.097713998,0.370276,6.129997
2712,baseline->rtl,5.592283,14.560589,7.41778,27.624605,0.084375,0.020548964,56348,True,5.641266,14.372251,6.933029,26.987287,0.578125,0.118884563,11830,True,0.49375,0.098335599,0.396977,6.372236
2713,rtl->baseline,5.601074,14.36344,7.615288,27.624444,0.084375,0.018344586,56383,True,5.592003,14.411222,6.643468,26.693426,0.578125,0.116928825,11845,True,0.49375,0.098584239,0.369875,6.111326
2714,baseline->rtl,5.605344,14.373111,7.43777,27.468178,0.084375,0.017462834,56338,True,5.650436,14.37219,6.631977,26.692925,0.578125,0.11614653,11838,True,0.49375,0.098683696,0.360505,6.108725
2715,rtl->baseline,5.653867,14.292187,7.451202,27.440847,0.08125,0.015797634,56263,True,5.550552,14.413062,6.629897,26.640723,0.578125,0.115833612,11832,True,0.496875,0.100035978,0.363616,6.104155
2716,baseline->rtl,5.588194,14.330669,7.552375,27.52275,0.08125,0.016069053,56252,True,5.653376,14.387421,6.631057,26.712046,0.578125,0.115708445,11853,True,0.496875,0.099639392,0.366316,6.102955
2717,rtl->baseline,5.679877,14.283645,7.542144,27.550337,0.08125,0.016177621,56191,True,5.682897,14.35321,6.636267,26.718806,0.578125,0.115658378,11824,True,0.496875,0.099480757,0.360055,6.111325
2718,baseline->rtl,5.701277,14.390069,7.472261,27.616579,0.0875,0.018846049,56737,True,5.705907,14.311536,6.916778,26.973202,0.5859375,0.118919601,11949,True,0.4984375,0.100073552,0.395166,6.359274
2719,rtl->baseline,5.664576,14.332716,7.45364,27.496115,0.0875,0.018038419,56630,True,5.643385,14.334467,6.637457,26.6616,0.5859375,0.11788034,11950,True,0.4984375,0.099841921,0.368005,6.108804
2720,baseline->rtl,5.623664,14.318326,7.477391,27.470733,0.0875,0.017715368,56406,True,5.621804,14.367638,6.636906,26.66342,0.5859375,0.117464636,11934,True,0.4984375,0.099749268,0.369775,6.102384
2721,rtl->baseline,5.612294,14.388869,7.649239,27.695303,0.071875,0.011023647,55847,True,5.665315,14.433531,6.631066,26.778745,0.5703125,0.110735854,11801,True,0.4984375,0.099712207,0.361945,6.105664
2722,baseline->rtl,5.614903,14.476283,7.489061,27.632351,0.071875,0.013034459,55785,True,5.600453,14.402719,6.637556,26.680831,0.5703125,0.112731842,11799,True,0.4984375,0.099697383,0.367626,6.105464
2723,rtl->baseline,5.646815,14.307265,7.470391,27.468313,0.071875,0.013838784,55924,True,5.654266,14.324236,6.631266,26.65593,0.5703125,0.113530237,11818,True,0.4984375,0.099691453,0.365695,6.104564
2724,baseline->rtl,5.556232,14.467883,7.390548,27.466843,0.0375,-0.000276987,56832,True,5.669336,14.357918,6.667017,26.733733,0.5390625,0.100724595,12027,True,0.5015625,0.101001582,0.402817,6.100543
2725,rtl->baseline,5.681396,14.283945,7.46191,27.473024,0.0375,0.004389205,56848,True,5.635525,14.356457,6.644517,26.684581,0.5390625,0.104977338,12008,True,0.5015625,0.100588133,0.372565,6.108174
2726,baseline->rtl,5.627955,14.317266,7.479152,27.477424,0.0375,0.006255682,56833,True,5.640035,14.321486,6.637246,26.639249,0.5390625,0.106678435,12001,True,0.5015625,0.100422753,0.362725,6.110164
2727,rtl->baseline,5.608654,14.294375,7.467861,27.414662,-0.00625,-0.008747727,57076,True,5.665115,14.332527,6.905907,26.950972,0.5,0.090952624,12026,True,0.50625,0.099700351,0.388806,6.354874
2728,baseline->rtl,5.604964,14.390889,7.511753,27.559547,-0.00625,-0.003499091,57044,True,5.592182,14.591188,6.646967,26.869668,0.5,0.09638105,12022,True,0.50625,0.099880141,0.367635,6.116274
2729,rtl->baseline,5.614714,14.290015,7.534614,27.484605,-0.00625,-0.001399636,57068,True,5.744139,14.322286,6.633716,26.745793,0.5,0.09855242,12021,True,0.50625,0.099952056,0.363566,6.108484
2730,baseline->rtl,5.634945,14.366498,7.43774,27.490984,-0.034375,-0.014997355,56078,True,5.665476,14.363398,6.902007,26.969313,0.4765625,0.089577218,11939,True,0.5109375,0.104574573,0.366085,6.372295
2731,rtl->baseline,5.618994,14.350437,7.43869,27.450933,-0.034375,-0.010123942,55493,True,5.616513,14.41029,6.637706,26.712612,0.4765625,0.093018387,11777,True,0.5109375,0.103142329,0.371746,6.104114
2732,baseline->rtl,5.589453,14.41139,7.465961,27.517895,-0.034375,-0.008174577,55572,True,5.665645,14.307086,6.638267,26.649999,0.4765625,0.094394855,11801,True,0.5109375,0.102569432,0.367485,6.107014
2733,rtl->baseline,5.614304,14.328426,7.598325,27.585446,-0.05625,-0.016582331,55668,True,5.658015,14.316036,6.628686,26.65227,0.4453125,0.081820442,11871,True,0.5015625,0.098402773,0.366035,6.099574
2734,baseline->rtl,5.564101,14.4676,7.556253,27.641237,-0.05625,-0.013382932,55688,True,5.596662,14.441248,6.624715,26.702677,0.4453125,0.086165677,11851,True,0.5015625,0.099548609,0.361755,6.099123
2735,rtl->baseline,5.659505,14.331525,7.611965,27.647397,-0.05625,-0.012103173,55313,True,5.610422,14.45117,6.632085,26.794502,0.4453125,0.087903771,11787,True,0.5015625,0.100006944,0.367805,6.103003
2736,baseline->rtl,5.718498,14.46737,7.359895,27.599885,-0.084375,-0.023403769,57164,True,5.705757,14.389677,6.928297,27.063702,0.421875,0.078755258,12020,True,0.50625,0.102159027,0.395437,6.368574
2737,rtl->baseline,5.687526,14.419748,7.343675,27.4948,-0.084375,-0.019486508,57175,True,5.602412,14.394937,6.642145,26.685127,0.421875,0.082127103,12016,True,0.50625,0.101613611,0.368456,6.111424
2738,baseline->rtl,5.628893,14.346475,7.48556,27.514012,-0.084375,-0.017919603,57158,True,5.636074,14.727251,6.652186,27.056072,0.421875,0.083475841,12024,True,0.50625,0.101395444,0.367116,6.120154
2739,rtl->baseline,5.667365,14.300333,7.454529,27.467559,-0.35625,-0.131480341,56026,True,5.696746,14.394297,6.634785,26.773951,0.15625,-0.027547163,11797,True,0.5125,0.103933178,0.369105,6.100123
2740,baseline->rtl,5.620273,14.294652,7.46332,27.430758,-0.35625,-0.095342136,56114,True,5.584572,14.325354,6.627024,26.575113,0.15625,0.007731135,11813,True,0.5125,0.103073271,0.362995,6.102934
2741,rtl->baseline,5.628694,14.281833,7.437938,27.394636,-0.35625,-0.080886855,56032,True,5.651475,14.339485,6.656366,26.693937,0.15625,0.021842454,11796,True,0.5125,0.102729309,0.369466,6.122064
2742,baseline->rtl,5.662445,14.386157,7.371326,27.47239,-0.403125,-0.094792242,56459,True,5.653054,14.429158,6.633095,26.754179,0.125,0.014361982,11880,True,0.528125,0.109154224,0.364255,6.105743
2743,rtl->baseline,5.610143,14.297353,7.398377,27.349974,-0.4,-0.084979397,56525,True,5.577171,14.384727,6.635896,26.644495,0.125,0.020744793,11896,True,0.525,0.10572419,0.366565,6.106343
2744,baseline->rtl,5.600872,14.337304,7.523772,27.515722,-0.403125,-0.083304259,56493,True,5.607822,14.336015,6.692318,26.677106,0.125,0.023297917,11892,True,0.528125,0.106602176,0.366605,6.151125
2745,rtl->baseline,5.679696,14.430119,8.310584,28.470971,-0.490625,-0.118446703,56812,True,6.02146,14.447539,6.727139,27.24481,0.03125,-0.015055833,11932,True,0.521875,0.10339087,0.397316,6.159066
2746,baseline->rtl,5.762679,14.491291,7.692949,28.000101,-0.490625,-0.106253681,56852,True,5.714197,14.395387,6.646566,26.797972,0.03125,-0.002272333,11937,True,0.521875,0.103981348,0.375336,6.103673
2747,rtl->baseline,5.693717,14.407618,7.558183,27.70898,-0.490625,-0.101376473,56792,True,5.660695,14.578395,6.914697,27.202238,0.03125,0.002841067,11937,True,0.521875,0.10421754,0.376135,6.369184
2748,baseline->rtl,5.814191,14.47312,7.617296,27.95898,-0.540625,-0.120425589,56288,True,5.684835,14.45391,6.656806,26.837523,-0.0078125,-0.008238573,11788,True,0.5328125,0.112187016,0.385056,6.103613
2749,rtl->baseline,5.603402,14.46334,7.554273,27.666157,-0.5375,-0.111732736,56244,True,5.574321,14.736141,6.918197,27.275162,-0.0078125,-0.003295429,11782,True,0.5296875,0.108437307,0.383716,6.360394
2750,baseline->rtl,5.624073,14.629075,7.600424,27.905493,-0.5375,-0.109193094,56288,True,5.658253,14.5096,6.646824,26.85685,-0.0078125,-0.001318172,11783,True,0.5296875,0.107874922,0.373895,6.106152
2751,rtl->baseline,5.641323,14.468428,7.438157,27.59293,-0.6125,-0.139677238,55188,True,5.772288,14.455527,6.646725,26.922133,-0.1015625,-0.043183519,11535,True,0.5109375,0.096493719,0.378775,6.099712
2752,baseline->rtl,5.614802,14.464618,7.49656,27.628962,-0.6125,-0.129370895,55187,True,5.638553,14.405645,6.636644,26.720904,-0.1015625,-0.029460907,11532,True,0.5109375,0.099909988,0.369416,6.102332
2753,rtl->baseline,5.711396,14.26897,7.51771,27.542618,-0.6125,-0.125248358,55194,True,5.725467,14.339352,6.633784,26.744556,-0.1015625,-0.023971863,11537,True,0.5109375,0.101276495,0.364875,6.106013
2754,baseline->rtl,5.638553,14.489239,7.525701,27.706975,-0.7625,-0.186599343,46008,True,5.593641,14.433086,6.903175,26.967514,-0.25,-0.084119995,9561,True,0.5125,0.102479348,0.371086,6.365633
2755,rtl->baseline,5.593341,14.327222,7.415617,27.382011,-0.7625,-0.166139737,45991,True,5.594411,14.469538,6.633885,26.746966,-0.25,-0.063647998,9556,True,0.5125,0.102491739,0.366085,6.101852
2756,baseline->rtl,5.609732,14.434597,7.352473,27.449235,-0.7625,-0.157955895,46018,True,5.645033,14.332852,6.654935,26.670592,-0.25,-0.055459199,9547,True,0.5125,0.102496696,0.364196,6.123093
2757,rtl->baseline,5.589581,14.283301,7.476939,27.394692,-0.775,-0.159932358,45429,True,5.628933,14.376185,6.899956,26.953274,-0.25,-0.05218368,9435,True,0.525,0.107748678,0.365435,6.371514
2758,baseline->rtl,5.593681,14.379904,7.456128,27.480975,-0.775,-0.156972943,45406,True,5.587341,14.360613,6.640965,26.628631,-0.25,-0.050873472,9432,True,0.525,0.106099471,0.369355,6.105973
2759,rtl->baseline,5.607192,14.456757,7.512301,27.621282,-0.775,-0.155789177,45420,True,5.619602,14.316582,6.651735,26.63348,-0.25,-0.050349389,9428,True,0.525,0.105439788,0.370195,6.116082
2760,baseline->rtl,5.642063,14.471398,7.888276,28.05575,-0.7875,-0.160565671,44412,True,5.55912,14.366774,6.908385,26.872691,-0.265625,-0.056702256,9213,True,0.521875,0.103863415,0.375276,6.371464
2761,rtl->baseline,5.603282,14.304131,7.591104,27.544448,-0.7875,-0.158726268,44440,True,5.633143,14.393205,6.906426,26.979785,-0.265625,-0.054555902,9207,True,0.521875,0.104170366,0.366945,6.372983
2762,baseline->rtl,5.618652,14.327672,7.524631,27.521518,-0.7875,-0.157990507,44433,True,5.645083,14.371674,6.635515,26.689743,-0.265625,-0.053697361,9213,True,0.521875,0.104293146,0.357195,6.112523
2763,rtl->baseline,5.621342,14.335072,7.486529,27.487066,-0.825,-0.173446203,40296,True,5.685195,14.459418,6.639485,26.830709,-0.3125,-0.073041444,8318,True,0.5125,0.100404759,0.367795,6.106903
2764,baseline->rtl,5.633523,14.336073,7.410097,27.431694,-0.825,-0.168378481,40276,True,5.598731,14.357823,6.650045,26.645591,-0.3125,-0.066716578,8320,True,0.5125,0.101661903,0.369525,6.117523
2765,rtl->baseline,5.582051,14.216258,7.473159,27.314669,-0.825,-0.166351392,40292,True,5.616412,14.365804,6.662436,26.689063,-0.3125,-0.064186631,8320,True,0.5125,0.102164761,0.363535,6.105233
2766,baseline->rtl,5.652374,14.419175,7.500129,27.624429,-0.825,-0.165540557,40468,True,5.607481,14.387332,6.904564,26.935399,-0.3046875,-0.059893402,8367,True,0.5203125,0.105647155,0.370005,6.368922
2767,rtl->baseline,5.629161,14.405543,7.851333,27.93367,-0.825,-0.165216223,40476,True,5.598361,14.363142,6.647673,26.656118,-0.3046875,-0.060519861,8367,True,0.5203125,0.104696362,0.364145,6.114461
2768,baseline->rtl,5.701905,14.399063,7.481978,27.634378,-0.825,-0.165086489,40462,True,5.618622,14.388553,6.647653,26.694439,-0.3046875,-0.060770444,8361,True,0.5203125,0.104316045,0.364315,6.122192
2769,rtl->baseline,5.641152,14.358831,7.512439,27.558215,-0.803125,-0.155847096,42703,True,5.632962,14.33807,6.904944,26.924229,-0.28125,-0.051026928,8852,True,0.521875,0.104820168,0.366806,6.373432
2770,baseline->rtl,5.600481,14.34335,7.53582,27.531264,-0.803125,-0.158713838,42713,True,5.692544,14.336,6.640583,26.70882,-0.28125,-0.054160771,8850,True,0.521875,0.104553067,0.372186,6.101222
2771,rtl->baseline,5.710655,14.394883,7.511979,27.663849,-0.803125,-0.159860535,42694,True,5.623281,14.408804,6.892334,26.97087,-0.28125,-0.055414308,8848,True,0.521875,0.104446227,0.371835,6.354291
2772,baseline->rtl,5.596051,14.390813,7.520869,27.559585,-0.8,-0.159006714,42877,True,5.625621,14.363122,6.659625,26.688189,-0.28125,-0.055915723,8892,True,0.51875,0.103090991,0.375025,6.120932
2773,rtl->baseline,5.602711,14.574031,7.580853,27.802105,-0.79375,-0.156977686,42890,True,5.716636,14.435695,6.688105,26.888067,-0.28125,-0.056116289,8891,True,0.5125,0.100861397,0.369595,6.113382
2774,baseline->rtl,5.58073,14.475586,7.572682,27.68193,-0.8,-0.160666074,42884,True,5.57804,14.410493,6.631473,26.656528,-0.28125,-0.056196516,8891,True,0.51875,0.104469558,0.367045,6.099201
2775,rtl->baseline,5.630582,14.392552,7.561881,27.629688,-0.790625,-0.15632893,43737,True,5.674814,14.412934,6.634003,26.768622,-0.2734375,-0.052947356,9048,True,0.5171875,0.103381574,0.365605,6.103511
2776,baseline->rtl,5.619482,14.406554,7.479088,27.556565,-0.790625,-0.157406572,43729,True,5.698755,14.369942,6.668614,26.776602,-0.2734375,-0.053991443,9054,True,0.5171875,0.103415129,0.368275,6.133702
2777,rtl->baseline,5.626052,14.311159,7.484458,27.466611,-0.790625,-0.157837629,43728,True,5.607451,14.390773,6.641383,26.686059,-0.2734375,-0.054409077,9047,True,0.5171875,0.103428552,0.370015,6.105911
2778,baseline->rtl,5.710765,14.402103,7.393365,27.559405,-0.784375,-0.155385052,44296,True,5.633012,14.367541,6.638474,26.678369,-0.265625,-0.051294881,9179,True,0.51875,0.104090171,0.368265,6.106232
2779,rtl->baseline,5.543408,14.389043,7.50948,27.487022,-0.784375,-0.156279021,44282,True,5.627072,14.351671,6.662724,26.688539,-0.265625,-0.052392952,9169,True,0.51875,0.103886069,0.366155,6.131112
2780,baseline->rtl,5.526958,14.399403,7.350343,27.329225,-0.784375,-0.156636608,44278,True,5.676864,14.356571,6.636443,26.70986,-0.265625,-0.052832181,9158,True,0.51875,0.103804427,0.367855,6.099701
2781,rtl->baseline,5.626112,14.595141,7.403695,27.669809,-0.746875,-0.141029643,47364,True,5.607991,14.385343,6.644684,26.685899,-0.234375,-0.039882872,9841,True,0.5125,0.101146771,0.368895,6.108982
2782,baseline->rtl,5.659233,14.340311,7.378724,27.42967,-0.746875,-0.146036857,47328,True,5.636021,14.417531,6.633312,26.727026,-0.234375,-0.044078149,9833,True,0.5125,0.101958708,0.366355,6.105
2783,rtl->baseline,5.6042,14.278446,7.432215,27.360113,-0.746875,-0.148039743,47318,True,5.556478,14.324468,6.632132,26.58232,-0.234375,-0.04575626,9832,True,0.5125,0.102283483,0.365105,6.10301
2784,baseline->rtl,5.629811,14.350279,7.478157,27.510619,-0.73125,-0.142278397,48600,True,5.624371,14.464634,6.627252,26.755018,-0.21875,-0.039865004,10090,True,0.5125,0.102413393,0.362775,6.101071
2785,rtl->baseline,5.662842,14.574758,7.989427,28.27371,-0.73125,-0.144661359,48600,True,5.644702,14.314777,6.674344,26.679695,-0.21875,-0.042196002,10091,True,0.5125,0.102465357,0.372136,6.132892
2786,baseline->rtl,5.60654,15.038587,8.27908,28.975738,-0.73125,-0.145614544,48573,True,5.796477,14.962864,6.857581,27.654655,-0.21875,-0.043128401,10090,True,0.5125,0.102486143,0.330214,6.370501
2787,rtl->baseline,5.629631,14.310977,7.512788,27.497918,-0.7125,-0.138120817,51258,True,5.59306,14.366609,6.914713,26.920825,-0.1953125,-0.03365761,10644,True,0.5171875,0.104463207,0.378476,6.366232
2788,baseline->rtl,5.556988,14.293336,7.416714,27.319311,-0.7125,-0.140748327,51268,True,5.590909,14.338588,6.661853,26.630432,-0.1953125,-0.036900544,10642,True,0.5171875,0.103847783,0.368165,6.10568
2789,rtl->baseline,5.638051,14.229394,7.432695,27.344612,-0.7125,-0.141799331,51268,True,5.634511,14.331869,6.644343,26.658684,-0.1953125,-0.038197718,10641,True,0.5171875,0.103601613,0.373285,6.106061
2790,baseline->rtl,5.60685,14.464054,7.374562,27.499509,-0.7,-0.136969732,52340,True,5.651451,14.440213,6.651643,26.782548,-0.1875,-0.035435337,10884,True,0.5125,0.101534395,0.391036,6.09983
2791,rtl->baseline,5.572608,14.417782,7.366333,27.402924,-0.7,-0.138787893,52351,True,5.60898,14.365,6.655343,26.677465,-0.1875,-0.036674135,10886,True,0.5125,0.102113758,0.368065,6.102541
2792,baseline->rtl,5.574689,14.423182,7.403024,27.454657,-0.7,-0.139515157,52349,True,5.599159,14.393181,6.632632,26.663284,-0.1875,-0.037169654,10880,True,0.5125,0.102345503,0.362495,6.106751
2793,rtl->baseline,5.60308,14.424482,7.482817,27.557241,-0.68125,-0.131931063,54198,True,5.661053,14.329308,6.702735,26.740197,-0.1640625,-0.027524112,11278,True,0.5171875,0.104406951,0.366295,6.133612
2794,baseline->rtl,5.585419,14.593589,8.213107,28.440857,-0.68125,-0.134522425,54182,True,5.83978,14.427822,6.645973,26.952926,-0.1640625,-0.030697145,11277,True,0.5171875,0.10382528,0.375606,6.105931
2795,rtl->baseline,5.58846,14.345749,7.510328,27.489298,-0.68125,-0.13555897,54200,True,5.698334,14.364799,6.634102,26.743617,-0.1640625,-0.031966358,11277,True,0.5171875,0.103592612,0.366505,6.10472
2796,baseline->rtl,5.676603,14.433162,7.475097,27.639114,-0.64375,-0.120223588,57068,True,5.618941,14.664722,6.637052,26.958906,-0.1328125,-0.019349043,11864,True,0.5109375,0.100874545,0.364465,6.10836
2797,rtl->baseline,5.583889,14.36145,7.513829,27.504219,-0.64375,-0.125339435,57072,True,5.681023,14.404321,6.632902,26.764618,-0.1328125,-0.023677117,11868,True,0.5109375,0.101662318,0.369175,6.09958
2798,baseline->rtl,5.657802,14.471623,7.454186,27.636424,-0.64375,-0.127385774,57100,True,5.749806,14.375289,6.936604,27.100661,-0.1328125,-0.025408347,11875,True,0.5109375,0.101977427,0.366855,6.370981
2799,rtl->baseline,5.594569,14.317276,7.419193,27.375969,-0.615625,-0.11639181,59853,True,5.61978,14.484832,6.636261,26.786915,-0.1015625,-0.012975839,12519,True,0.5140625,0.103415971,0.364285,6.10733
2800,baseline->rtl,5.576418,14.366837,7.503576,27.494344,-0.615625,-0.120431724,59868,True,5.666521,14.378598,6.637691,26.721572,-0.1015625,-0.017377836,12516,True,0.5140625,0.103053888,0.372325,6.101689
2801,rtl->baseline,5.585818,14.266523,7.562879,27.459102,-0.615625,-0.12204769,59778,True,5.561657,14.326446,6.629281,26.564616,-0.1015625,-0.019138634,12510,True,0.5140625,0.102909056,0.368535,6.09914
2802,baseline->rtl,5.541766,14.289184,7.544558,27.426782,-0.615625,-0.122694076,60516,True,5.565377,14.329076,6.634502,26.569446,-0.1015625,-0.019842954,12635,True,0.5140625,0.102851122,0.368825,6.10035
2803,rtl->baseline,5.608019,14.794845,8.131532,28.577548,-0.615625,-0.12295263,60516,True,5.585548,14.331706,6.643262,26.605718,-0.1015625,-0.020124681,12634,True,0.5140625,0.102827949,0.374535,6.10541
2804,baseline->rtl,5.763475,14.92115,7.481516,28.211953,-0.615625,-0.123056052,60536,True,5.587439,14.330946,6.624361,26.583437,-0.1015625,-0.020237373,12631,True,0.5140625,0.102818679,0.362695,6.09973
2805,rtl->baseline,5.562397,14.317755,7.554669,27.478233,-0.6125,-0.121784921,61255,True,5.677882,14.350746,6.664072,26.741134,-0.1015625,-0.020282449,12828,True,0.5109375,0.101502472,0.374336,6.120991
2806,baseline->rtl,5.606989,14.43982,7.498107,27.599198,-0.6125,-0.122213968,61273,True,5.660752,14.454311,6.888371,27.040966,-0.09375,-0.01701923,12830,True,0.51875,0.105194738,0.360585,6.365381
2807,rtl->baseline,5.599859,14.43665,7.447594,27.530965,-0.6125,-0.122385587,61357,True,5.61748,14.45257,6.642472,26.758054,-0.09375,-0.018057692,12830,True,0.51875,0.104327895,0.369606,6.10806
2808,baseline->rtl,5.612679,14.385658,7.542918,27.592788,-0.60625,-0.119829235,61529,True,5.601079,14.500013,6.643842,26.783185,-0.1015625,-0.021754327,12876,True,0.5046875,0.098074908,0.371346,6.1092
2809,rtl->baseline,5.595869,14.275954,7.449444,27.366619,-0.60625,-0.120681694,61526,True,5.63587,14.568175,6.646442,26.89496,-0.1015625,-0.020889231,12862,True,0.5046875,0.099792463,0.374356,6.10526
2810,baseline->rtl,5.572958,14.351936,11.841884,31.821221,-0.60625,-0.121022678,61550,True,5.535716,14.359577,6.635052,26.569906,-0.09375,-0.017261942,12880,True,0.5125,0.103760736,0.366105,6.10531
2811,rtl->baseline,5.602069,14.536474,8.154614,28.335028,-0.615625,-0.125096571,62141,True,5.61752,14.464231,6.897062,27.024395,-0.1015625,-0.021436027,12973,True,0.5140625,0.103660544,0.363185,6.370951
2812,baseline->rtl,5.572478,14.43041,7.562969,27.617589,-0.615625,-0.123913628,62161,True,5.567167,14.372298,6.633841,26.612308,-0.1015625,-0.020761911,12976,True,0.5140625,0.103151717,0.366995,6.10277
2813,rtl->baseline,5.597729,14.304185,7.488596,27.437051,-0.615625,-0.123440451,62109,True,5.684023,14.384128,6.660062,26.775385,-0.1015625,-0.020492264,12960,True,0.5140625,0.102948187,0.369365,6.122831
2814,baseline->rtl,5.675112,14.43137,7.438754,27.597638,-0.628125,-0.128501181,63150,True,5.640351,14.510653,6.665302,26.855688,-0.1171875,-0.026946906,13193,True,0.5109375,0.101554275,0.397576,6.102229
2815,rtl->baseline,5.617999,14.310713,7.494116,27.466449,-0.628125,-0.126775472,63172,True,5.617499,14.368045,6.63756,26.668976,-0.1171875,-0.024841262,13200,True,0.5109375,0.10193421,0.362885,6.110649
2816,baseline->rtl,5.616769,14.367015,7.646121,27.683298,-0.628125,-0.126085189,63157,True,5.629979,14.421707,6.644301,26.734439,-0.1171875,-0.023999005,13192,True,0.5109375,0.102086184,0.373316,6.106869
2817,rtl->baseline,5.64841,14.283152,7.499686,27.476719,-0.646875,-0.133684076,63180,True,5.64333,14.390976,6.63791,26.719268,-0.1328125,-0.030224602,13201,True,0.5140625,0.103459474,0.367105,6.104069
2818,baseline->rtl,5.586508,14.314063,7.59652,27.547932,-0.646875,-0.13109863,63164,True,5.603378,14.636976,6.599649,26.875705,-0.1328125,-0.028027341,13199,True,0.5140625,0.103071289,0.337054,6.099889
2819,rtl->baseline,5.603999,14.309613,7.575088,27.533042,-0.646875,-0.130064452,63185,True,5.631049,14.318053,6.62971,26.625214,-0.1328125,-0.027148436,13200,True,0.5140625,0.102916016,0.364295,6.101868
2820,baseline->rtl,5.65981,14.418407,7.539217,27.698888,-0.64375,-0.128338281,63340,True,5.65468,14.382006,6.946483,27.021491,-0.1328125,-0.026796875,13237,True,0.5109375,0.101541406,0.412527,6.3679
2821,rtl->baseline,5.593578,14.342154,7.512046,27.49369,-0.64375,-0.128585312,63347,True,5.584798,14.341904,6.640961,26.614304,-0.1328125,-0.02665625,13244,True,0.5109375,0.101929062,0.365625,6.110029
2822,baseline->rtl,5.714842,14.427888,7.496125,27.691258,-0.64375,-0.128684125,63365,True,5.687552,14.371915,6.653791,26.75279,-0.1328125,-0.0266,13234,True,0.5109375,0.102084125,0.369945,6.119769
2823,rtl->baseline,5.62936,14.257121,7.632331,27.564973,-0.64375,-0.12872365,62087,True,5.610468,14.358885,6.6337,26.651485,-0.140625,-0.02985875,12977,True,0.503125,0.0988649,0.363415,6.104848
2824,baseline->rtl,5.569987,14.48564,7.561968,27.671277,-0.64375,-0.12873946,62029,True,5.564506,14.384906,6.63957,26.626284,-0.140625,-0.0288185,12975,True,0.503125,0.09992096,0.368585,6.104618
2825,rtl->baseline,5.65116,14.405927,7.534407,27.637906,-0.64375,-0.128745784,62231,True,5.66056,14.284342,6.655451,26.647046,-0.140625,-0.0284024,13003,True,0.503125,0.100343384,0.373845,6.113869
2826,baseline->rtl,5.549726,14.391336,7.482284,27.473689,-0.64375,-0.128748314,62632,True,5.557246,14.611105,6.6288,26.837943,-0.1328125,-0.02495471,13030,True,0.5109375,0.103793604,0.363895,6.100708
2827,rtl->baseline,5.601908,14.461119,7.526696,27.635166,-0.64375,-0.128749325,62615,True,5.568827,14.936278,6.690973,27.24177,-0.1328125,-0.025919384,13028,True,0.5109375,0.102829941,0.394076,6.117429
2828,baseline->rtl,5.655161,14.360124,7.558358,27.624205,-0.64375,-0.12874973,62618,True,5.666381,14.380766,6.88167,26.969089,-0.1328125,-0.026305254,13031,True,0.5109375,0.102444476,0.359695,6.358779
2829,rtl->baseline,5.689662,14.340745,7.467265,27.543372,-0.621875,-0.119562392,62593,True,5.64697,14.346285,6.63247,26.674747,-0.125,-0.023178351,13030,True,0.496875,0.096384041,0.363685,6.107279
2830,baseline->rtl,5.548386,14.543442,7.507126,27.651486,-0.621875,-0.122449957,62600,True,5.587048,14.612786,6.633121,26.873505,-0.125,-0.024271341,13029,True,0.496875,0.098178616,0.364085,6.103979
2831,rtl->baseline,5.634589,14.255908,7.457803,27.392742,-0.61875,-0.122292483,62554,True,5.607028,14.426296,6.64949,26.728376,-0.125,-0.024708536,13026,True,0.49375,0.097583947,0.382305,6.100867
2832,baseline->rtl,5.595447,14.453297,7.587848,27.688744,-0.596875,-0.113979493,62183,True,5.629778,14.633514,6.624658,26.926063,-0.09375,-0.011758414,12938,True,0.503125,0.102221079,0.361455,6.100758
2833,rtl->baseline,5.634629,14.28641,7.511585,27.478296,-0.596875,-0.117216797,62054,True,5.698531,14.311891,6.637179,26.694113,-0.09375,-0.015953366,12932,True,0.503125,0.101263431,0.367905,6.103687
2834,baseline->rtl,5.629728,14.382954,7.501915,27.565959,-0.596875,-0.118511719,62203,True,5.710172,14.567251,6.923391,27.238136,-0.09375,-0.017631346,12932,True,0.503125,0.100880373,0.360355,6.366738
2835,rtl->baseline,5.65447,14.313381,7.835398,27.848621,-0.5875,-0.115092188,62128,True,5.602547,14.323121,6.637199,26.61107,-0.0703125,-0.008458789,12907,True,0.5171875,0.106633399,0.364275,6.110218
2836,baseline->rtl,5.673681,14.358373,7.578618,27.664373,-0.5875,-0.116536875,62104,True,5.633059,14.388724,6.6402,26.702444,-0.0703125,-0.011821015,12913,True,0.5171875,0.10471586,0.377045,6.100888
2837,rtl->baseline,5.641189,14.347593,7.542116,27.576449,-0.5875,-0.11711475,62056,True,5.628588,14.440316,6.634569,26.750565,-0.0703125,-0.013165906,12903,True,0.5171875,0.103948844,0.361635,6.111209
2838,baseline->rtl,5.600668,14.369913,7.551826,27.576929,-0.534375,-0.0950334,61306,True,5.579906,14.429915,6.634299,26.681563,-0.0390625,-0.000578862,12783,True,0.4953125,0.094454538,0.366754,6.105838
2839,rtl->baseline,5.651269,14.466657,8.365319,28.524678,-0.534375,-0.10213836,61294,True,5.755414,14.315452,6.63786,26.755536,-0.0390625,-0.004919045,12782,True,0.4953125,0.097219315,0.365184,6.110688
2840,baseline->rtl,5.604077,14.349982,7.649491,27.657023,-0.534375,-0.104980344,61242,True,5.610788,14.451996,6.64599,26.747976,-0.0390625,-0.006655118,12756,True,0.4953125,0.098325226,0.379116,6.101608
2841,rtl->baseline,5.651989,14.263899,7.6383,27.59902,-0.5125,-0.096929638,60550,True,5.649709,14.346513,6.631569,26.675503,-0.0078125,0.009056703,12627,True,0.5046875,0.105986341,0.363854,6.102378
2842,baseline->rtl,5.586097,14.421255,7.688622,27.750687,-0.5125,-0.100271855,60523,True,5.553925,14.407295,6.90288,26.903542,-0.0078125,0.003622681,12627,True,0.5046875,0.103894536,0.367595,6.373229
2843,rtl->baseline,5.606628,14.343142,7.65194,27.646953,-0.5125,-0.101608742,60507,True,5.608907,14.356143,6.642759,26.656162,-0.0078125,0.001449072,12636,True,0.5046875,0.103057814,0.365865,6.111348
2844,baseline->rtl,5.734513,14.403444,7.659341,27.85188,-0.5,-0.096893497,60175,True,5.638578,14.402335,6.64288,26.723965,0.0,0.000579629,12568,True,0.5,0.097473126,0.372815,6.104908
2845,rtl->baseline,5.596257,14.349692,7.535216,27.527377,-0.5,-0.098757399,60220,True,5.641419,14.407825,6.630469,26.725125,0.0,0.000231852,12567,True,0.5,0.098989251,0.364685,6.100648
2846,baseline->rtl,5.621398,14.377434,7.498034,27.551238,-0.5,-0.099502959,60197,True,5.595417,14.344322,6.637419,26.615421,0.0,9.2741e-05,12553,True,0.5,0.0995957,0.367074,6.108408
2847,rtl->baseline,5.709321,14.296589,7.548056,27.599456,-0.46875,-0.086676184,59446,True,5.623598,14.371623,6.894279,26.935094,0.03125,0.013162096,12433,True,0.5,0.09983828,0.363805,6.367859
2848,baseline->rtl,5.624818,14.690814,7.525744,27.894578,-0.46875,-0.090920474,59479,True,5.637258,14.453225,6.620608,26.748552,0.03125,0.009014839,12441,True,0.5,0.099935313,0.359354,6.100856
2849,rtl->baseline,5.634647,14.322259,7.620648,27.622037,-0.46875,-0.092618189,59488,True,5.592126,14.391922,6.636738,26.668848,0.03125,0.007355935,12438,True,0.5,0.099974124,0.369855,6.104887
2850,baseline->rtl,5.662419,14.422824,7.473052,27.610487,-0.453125,-0.086734776,59026,True,5.652479,14.405423,6.91756,27.014663,0.046875,0.013254874,12367,True,0.5,0.09998965,0.394256,6.359687
2851,rtl->baseline,5.634088,14.480996,7.469002,27.630618,-0.453125,-0.08906891,58998,True,5.594486,14.326429,6.662029,26.629367,0.046875,0.01092695,12357,True,0.5,0.09999586,0.364585,6.130078
2852,baseline->rtl,5.603827,14.403302,7.501593,27.562295,-0.453125,-0.090002564,59064,True,5.570915,14.497576,6.634298,26.744221,0.046875,0.00999578,12371,True,0.5,0.099998344,0.368895,6.101377
2853,rtl->baseline,5.649708,14.255926,7.493243,27.44445,-0.403125,-0.069376026,58419,True,5.612527,14.412593,6.634199,26.70825,0.09375,0.029310812,12265,True,0.496875,0.098686838,0.368265,6.099627
2854,baseline->rtl,5.633948,14.438004,7.504434,27.629317,-0.403125,-0.07612541,58476,True,5.621518,14.548119,6.642319,26.851356,0.09375,0.022974325,12263,True,0.496875,0.099099735,0.372525,6.106737
2855,rtl->baseline,5.617327,14.274207,7.508804,27.44629,-0.403125,-0.078825164,58484,True,5.709781,14.642092,6.906609,27.303264,0.09375,0.02043973,12270,True,0.496875,0.099264894,0.369875,6.372858
2856,baseline->rtl,5.584786,14.438094,7.580357,27.655878,-0.3875,-0.073342566,58022,True,5.598927,14.451625,6.631148,26.720991,0.1171875,0.029269642,12178,True,0.5046875,0.102612208,0.365525,6.101997
2857,rtl->baseline,5.577016,14.294719,7.541085,27.457501,-0.3875,-0.075837026,57985,True,5.67638,14.313518,6.646069,26.683759,0.1171875,0.025770357,12175,True,0.5046875,0.101607383,0.372675,6.108277
2858,baseline->rtl,5.627527,14.393252,7.528134,27.602467,-0.3875,-0.076834811,57946,True,5.632938,14.656253,6.606537,26.931429,0.1171875,0.024370643,12174,True,0.5046875,0.101205454,0.351464,6.099626
2859,rtl->baseline,5.645699,14.289648,7.476442,27.456441,-0.340625,-0.057546424,57386,True,5.636058,14.34376,6.656009,26.683339,0.15625,0.040217007,12061,True,0.496875,0.097763431,0.367745,6.105017
2860,baseline->rtl,5.580606,14.373942,7.474472,27.484891,-0.340625,-0.06389357,57392,True,5.574576,14.371032,6.643249,26.627727,0.15625,0.034836803,12062,True,0.496875,0.098730373,0.372015,6.107657
2861,rtl->baseline,5.614367,14.260367,7.474113,27.395488,-0.346875,-0.069057428,57408,True,5.696771,14.332329,6.6735,26.750562,0.15625,0.032684721,12062,True,0.503125,0.101742149,0.369695,6.099197
2862,baseline->rtl,5.576175,14.552199,7.542636,27.723791,-0.31875,-0.057435471,57256,True,5.659479,14.537408,6.90518,27.142378,0.1796875,0.041667638,12052,True,0.4984375,0.099103109,0.368265,6.372148
2863,rtl->baseline,5.605906,14.280338,7.470901,27.403277,-0.31875,-0.061224188,57306,True,5.608927,14.325739,6.639729,26.620027,0.1796875,0.038229555,12055,True,0.4984375,0.099453743,0.367605,6.105167
2864,baseline->rtl,5.636477,14.837358,7.760313,28.28449,-0.31875,-0.062739675,57290,True,5.684449,14.39802,6.941559,27.063091,0.1796875,0.036854322,12058,True,0.4984375,0.099593997,0.406267,6.371747
2865,rtl->baseline,5.641537,14.340198,7.541284,27.569741,-0.303125,-0.05678337,57156,True,5.672589,14.531965,6.641378,26.894224,0.1953125,0.042866729,12024,True,0.4984375,0.099650099,0.364455,6.111527
2866,baseline->rtl,5.760222,14.330367,7.561485,27.705506,-0.303125,-0.059088348,57241,True,5.664609,14.395731,6.641108,26.738768,0.1953125,0.040584192,12032,True,0.4984375,0.09967254,0.367914,6.109516
2867,rtl->baseline,5.664128,14.228133,7.551414,27.489318,-0.303125,-0.060010339,57341,True,5.604085,14.352829,6.633988,26.640134,0.1953125,0.039671177,12058,True,0.4984375,0.099681516,0.366575,6.102186
2868,baseline->rtl,5.612246,14.313537,7.548354,27.52574,-0.24375,-0.035441636,56213,True,5.582545,14.988275,6.873187,27.479447,0.25,0.062274721,11840,True,0.49375,0.097716357,0.346183,6.367316
2869,rtl->baseline,5.668738,14.300636,7.568465,27.584492,-0.24375,-0.043426654,56356,True,5.639677,14.556776,6.905218,27.146884,0.25,0.054909888,11863,True,0.49375,0.098336542,0.388156,6.352986
2870,baseline->rtl,5.599866,14.366589,7.577146,27.594732,-0.24375,-0.046620662,56301,True,5.614096,14.364399,6.634487,26.650894,0.25,0.051963955,11865,True,0.49375,0.098584617,0.367515,6.103686
2871,rtl->baseline,5.586536,14.237484,7.507772,27.376314,-0.228125,-0.041335765,55838,True,5.669648,14.409891,6.639437,26.766148,0.2734375,0.060629332,11767,True,0.5015625,0.101965097,0.365385,6.109456
2872,baseline->rtl,5.568764,14.486084,7.45475,27.56104,-0.228125,-0.043909306,55952,True,5.673188,14.379049,6.682129,26.775189,0.2734375,0.057064233,11789,True,0.5015625,0.100973539,0.396126,6.123467
2873,rtl->baseline,5.602706,14.275826,7.458931,27.383493,-0.228125,-0.044938722,55942,True,5.628977,14.336967,6.659559,26.672905,0.2734375,0.055638193,11799,True,0.5015625,0.100576915,0.365414,6.107546
2874,baseline->rtl,5.691519,14.379289,7.462641,27.585341,-0.171875,-0.021725489,55434,True,5.594316,14.576518,6.638577,26.848702,0.3203125,0.074755277,11713,True,0.4921875,0.096480766,0.367155,6.110716
2875,rtl->baseline,5.657498,14.343638,7.43579,27.481418,-0.171875,-0.029315196,55415,True,5.629657,14.483333,6.625637,26.785419,0.3203125,0.068339611,11723,True,0.4921875,0.097654807,0.362464,6.100055
2876,baseline->rtl,5.641707,14.334957,7.553735,27.582242,-0.171875,-0.032351078,55456,True,5.567694,14.349548,6.639858,26.594112,0.3203125,0.065773344,11731,True,0.4921875,0.098124422,0.371535,6.103936
2877,rtl->baseline,5.639987,14.420811,8.367067,28.478328,-0.146875,-0.023065431,54821,True,5.69882,14.940532,6.628248,27.314521,0.3515625,0.077871838,11577,True,0.4984375,0.100937269,0.351834,6.107716
2878,baseline->rtl,5.688569,14.525166,10.954732,31.221248,-0.146875,-0.026851173,54946,True,5.564294,14.411471,6.648147,26.662235,0.3515625,0.073336235,11608,True,0.4984375,0.100187408,0.366615,6.116277
2879,rtl->baseline,5.648568,14.334028,7.529973,27.55708,-0.146875,-0.028365469,54930,True,5.653317,14.302507,6.636208,26.639194,0.3515625,0.071521994,11618,True,0.4984375,0.099887463,0.369325,6.101926
2880,baseline->rtl,5.657867,14.419219,7.432019,27.560247,-0.096875,-0.007971188,54317,True,5.647367,14.424409,6.929788,27.039676,0.40625,0.093765048,11478,True,0.503125,0.101736236,0.395526,6.372426
2881,rtl->baseline,5.675898,14.339845,7.521272,27.584958,-0.1,-0.016125975,54268,True,5.634136,14.343846,6.643037,26.666731,0.40625,0.086256019,11469,True,0.50625,0.102381994,0.372415,6.107795
2882,baseline->rtl,5.652817,14.341956,7.450309,27.498915,-0.096875,-0.01713789,54225,True,5.671677,14.333266,6.899948,26.945222,0.40625,0.083252408,11464,True,0.503125,0.100390298,0.367855,6.369656
2883,rtl->baseline,5.682118,14.329875,7.47597,27.530726,-0.0625,-0.004042656,54579,True,5.698629,14.520354,6.637087,26.90389,0.4296875,0.091894713,11528,True,0.4921875,0.095937369,0.369765,6.102965
2884,baseline->rtl,5.643707,14.283614,7.482191,27.462143,-0.0625,-0.009117062,54627,True,5.604705,14.321915,6.630866,26.595108,0.4375,0.091601635,11547,True,0.5,0.100718697,0.367115,6.101025
2885,rtl->baseline,5.599435,14.275304,7.474801,27.3951,-0.0625,-0.011146825,54517,True,5.618955,14.305044,6.634637,26.605759,0.4296875,0.085859404,11522,True,0.4921875,0.097006229,0.365064,6.105005
2886,baseline->rtl,5.662288,14.375877,7.549573,27.64075,0.103125,0.05760377,55530,True,5.562894,14.42748,6.905788,26.933612,0.6015625,0.158093762,11707,True,0.4984375,0.100489992,0.368125,6.373376
2887,rtl->baseline,5.611985,14.318985,7.499712,27.476093,0.103125,0.035416508,55536,True,5.584884,14.374557,6.632976,26.63824,0.6015625,0.135425005,11702,True,0.4984375,0.100008497,0.365395,6.105246
2888,baseline->rtl,5.73247,14.375088,7.544923,27.704643,0.103125,0.026541603,55492,True,5.650217,14.398729,6.638787,26.728763,0.609375,0.129638752,11701,True,0.50625,0.103097149,0.368144,6.105875
2889,rtl->baseline,5.574514,14.326015,7.429468,27.375789,0.1125,0.026929141,54974,True,5.594734,14.387558,6.903437,26.932472,0.6171875,0.128261751,11529,True,0.5046875,0.10133261,0.367845,6.371346
2890,baseline->rtl,5.627716,14.396088,7.46546,27.540856,0.1125,0.024271657,54944,True,5.599335,14.319406,6.634707,26.590078,0.6171875,0.1253672,11531,True,0.5046875,0.101095543,0.367734,6.102975
2891,rtl->baseline,5.590924,14.361597,7.427078,27.424631,0.1125,0.023208663,55009,True,5.649966,14.338256,6.894027,26.930042,0.6171875,0.12420938,11541,True,0.5046875,0.101000717,0.365115,6.365066
2892,baseline->rtl,5.648176,14.419389,7.47624,27.597619,0.090625,0.013595965,53967,True,5.588424,14.359786,6.920298,26.91016,0.59375,0.113902502,11360,True,0.503125,0.100306537,0.375565,6.373876
2893,rtl->baseline,5.664707,14.331996,7.488371,27.531235,0.090625,0.016313386,54031,True,5.656387,14.510133,6.642567,26.855409,0.59375,0.116811001,11369,True,0.503125,0.100497615,0.368475,6.110206
2894,baseline->rtl,5.672198,14.379957,7.398017,27.503774,0.090625,0.017400354,53973,True,5.633927,14.354817,6.641096,26.670131,0.59375,0.1179744,11365,True,0.503125,0.100574046,0.370905,6.106515
2895,rtl->baseline,5.602735,14.253583,7.352896,27.253484,0.0125,-0.020227358,53408,True,5.581134,14.326465,6.638167,26.592078,0.5234375,0.08890851,11271,True,0.5109375,0.109135868,0.367765,6.106956
2896,baseline->rtl,5.649957,14.310794,7.416426,27.43174,0.009375,-0.008090943,53429,True,5.74916,14.373046,6.643516,26.804352,0.5234375,0.098375904,11265,True,0.5140625,0.106466847,0.368654,6.107534
2897,rtl->baseline,5.600554,14.358745,7.462328,27.46652,0.0125,-0.003236377,53458,True,5.577394,14.416917,6.634675,26.673577,0.5234375,0.102162862,11264,True,0.5109375,0.105399239,0.364845,6.104305
2898,baseline->rtl,5.589364,14.472339,7.49381,27.607875,-0.009375,-0.001294551,53837,True,5.632205,14.399696,6.638865,26.706899,0.5078125,0.097115145,11344,True,0.5171875,0.098409696,0.369945,6.101555
2899,rtl->baseline,5.600635,14.387836,7.332233,27.365705,-0.009375,-0.00051782,53763,True,5.605164,14.49377,6.632915,26.779001,0.5078125,0.099783558,11342,True,0.5171875,0.100301378,0.367525,6.103544
2900,baseline->rtl,5.656036,14.362165,7.447069,27.517091,-0.009375,-0.000207128,53787,True,5.671377,14.344294,6.640426,26.695198,0.5078125,0.100850923,11338,True,0.5171875,0.101058051,0.369015,6.108194
2901,rtl->baseline,5.873485,15.457719,7.529251,28.904196,-0.0375,-0.015832851,53870,True,5.601774,14.423487,6.641995,26.71626,0.46875,0.084871619,11382,True,0.50625,0.10070447,0.369415,6.109065
2902,baseline->rtl,5.622395,14.387336,7.407236,27.47034,-0.0375,-0.010833141,53860,True,5.635635,14.347994,6.640906,26.664747,0.46875,0.090198648,11364,True,0.50625,0.101031789,0.369785,6.107114
2903,rtl->baseline,5.578003,14.306962,7.409607,27.338974,-0.0375,-0.008833256,53898,True,5.577153,14.397956,6.638276,26.659607,0.46875,0.092329459,11367,True,0.50625,0.101162715,0.367954,6.104384
2904,baseline->rtl,5.684497,14.358304,7.448698,27.544713,-0.1375,-0.050033302,53880,True,5.592394,14.595904,6.642146,26.891206,0.3828125,0.057088034,11346,True,0.5203125,0.107121336,0.369905,6.105974
2905,rtl->baseline,5.618475,14.319733,7.467419,27.451079,-0.134375,-0.035200821,53880,True,5.632356,14.387046,6.648506,26.715749,0.3828125,0.068772713,11345,True,0.5171875,0.103973534,0.368405,6.115765
2906,baseline->rtl,5.614024,14.425738,7.401907,27.49517,-0.1375,-0.031517828,53929,True,5.688698,14.49214,6.622775,26.840654,0.3828125,0.073446585,11344,True,0.5203125,0.104964413,0.358825,6.101624
2907,rtl->baseline,5.631586,14.357135,7.399356,27.434268,-0.228125,-0.067169631,54122,True,5.601344,14.350524,6.646106,26.643316,0.296875,0.039222384,11388,True,0.525,0.106392015,0.373334,6.108544
2908,baseline->rtl,5.635426,14.350644,7.486289,27.526462,-0.23125,-0.055555353,54175,True,5.699528,14.321853,6.641886,26.702078,0.296875,0.051313954,11396,True,0.528125,0.106869307,0.366825,6.112254
2909,rtl->baseline,5.600594,14.293412,7.480779,27.419407,-0.225,-0.047347141,54131,True,5.599694,14.383746,6.661707,26.692708,0.296875,0.056150581,11386,True,0.521875,0.103497722,0.394766,6.100034
2910,baseline->rtl,5.73656,14.274241,7.469169,27.532902,-0.290625,-0.073501356,54439,True,5.576103,14.350274,6.634055,26.599114,0.2265625,0.028553983,11466,True,0.5171875,0.102055339,0.363635,6.107845
2911,rtl->baseline,5.587054,14.454049,7.49058,27.577644,-0.290625,-0.064275543,54602,True,5.655436,14.553622,6.669597,26.926248,0.2265625,0.038609093,11492,True,0.5171875,0.102884636,0.378275,6.124665
2912,baseline->rtl,5.590703,14.459699,7.383495,27.486099,-0.290625,-0.060585217,54566,True,5.649095,14.388634,6.664615,26.740907,0.2265625,0.042631137,11495,True,0.5171875,0.103216354,0.397966,6.100924
2913,rtl->baseline,5.636484,14.367223,7.5409,27.59146,-0.340625,-0.080109087,53566,True,5.658365,14.336202,6.898665,26.940765,0.1796875,0.024552455,11289,True,0.5203125,0.104661542,0.372495,6.361894
2914,baseline->rtl,5.625145,14.362843,7.413806,27.454315,-0.3375,-0.071606135,53665,True,5.701617,14.345152,6.635554,26.720036,0.1796875,0.031383482,11303,True,0.5171875,0.102989617,0.373535,6.100374
2915,rtl->baseline,5.586943,14.28644,7.424516,27.34155,-0.340625,-0.070454954,53574,True,5.569792,14.531119,6.894305,27.042019,0.1796875,0.034115893,11292,True,0.5203125,0.104570847,0.359225,6.372344
2916,baseline->rtl,5.737419,14.358052,7.476518,27.626571,-0.384375,-0.087431982,55548,True,5.695087,14.29684,6.895035,26.924284,0.1328125,0.015521357,11684,True,0.5171875,0.102953339,0.364585,6.370044
2917,rtl->baseline,5.694228,14.29111,7.506079,27.537009,-0.384375,-0.081097793,55483,True,5.77426,14.477677,6.928876,27.227625,0.1328125,0.022146043,11667,True,0.5171875,0.103243836,0.362345,6.372545
2918,baseline->rtl,5.644615,14.320101,7.502069,27.520437,-0.384375,-0.078564117,55541,True,5.773121,14.489668,6.635144,26.935514,0.1328125,0.024795917,11666,True,0.5171875,0.103360034,0.365995,6.104004
2919,rtl->baseline,5.614264,14.281169,7.462848,27.403753,-0.4125,-0.089363147,56545,True,5.685057,14.29515,6.638435,26.664423,0.109375,0.016012117,11875,True,0.521875,0.105375264,0.368424,6.106773
2920,baseline->rtl,5.591293,14.450996,7.361543,27.456055,-0.4125,-0.085245259,56561,True,5.626564,14.395274,6.656246,26.716586,0.109375,0.019529847,11872,True,0.521875,0.104775106,0.363114,6.127824
2921,rtl->baseline,5.604354,14.384333,7.369914,27.401753,-0.4125,-0.083598103,56539,True,5.566792,14.465767,6.630544,26.711045,0.109375,0.020936939,11863,True,0.521875,0.104535042,0.364055,6.104114
2922,baseline->rtl,5.620144,14.363053,7.443797,27.477906,-0.440625,-0.094751741,56879,True,5.569342,14.339152,6.644565,26.59162,0.0859375,0.011656025,11931,True,0.5265625,0.106407766,0.368485,6.112234
2923,rtl->baseline,5.611294,14.348442,8.628314,28.632682,-0.440625,-0.090775697,56863,True,5.622574,14.371103,6.638275,26.678814,0.0859375,0.01497491,11934,True,0.5265625,0.105750607,0.371745,6.100033
2924,baseline->rtl,5.609123,14.436626,7.602883,27.700985,-0.440625,-0.089185279,56960,True,5.628825,14.398414,6.641565,26.708275,0.0859375,0.016302464,11939,True,0.5265625,0.105487743,0.371234,6.105963
2925,rtl->baseline,5.629904,14.266779,7.631485,27.57224,-0.509375,-0.117424111,58307,True,5.678096,14.335422,6.641204,26.702345,0.0234375,-0.009416514,12223,True,0.5328125,0.108007597,0.373935,6.104214
2926,baseline->rtl,5.597204,14.509929,7.512459,27.672704,-0.509375,-0.108094645,58327,True,5.671856,14.415445,6.920866,27.048538,0.0234375,-0.000954106,12213,True,0.5328125,0.107140539,0.393725,6.365593
2927,rtl->baseline,5.581063,14.31077,7.540381,27.477096,-0.509375,-0.104362858,58343,True,5.612283,14.346812,6.646215,26.653603,0.0234375,0.002430858,12226,True,0.5328125,0.106793716,0.371055,6.109653
2928,baseline->rtl,5.640625,14.382293,7.656005,27.730736,-0.553125,-0.121245143,58531,True,5.677156,14.324371,6.664485,26.706434,-0.015625,-0.006058907,12279,True,0.5375,0.115186236,0.375315,6.121473
2929,rtl->baseline,5.699896,14.317319,7.55498,27.616157,-0.553125,-0.114873057,58555,True,5.583612,14.504547,6.627924,26.761424,-0.015625,-0.002423563,12281,True,0.5375,0.112449494,0.367814,6.099042
2930,baseline->rtl,5.627414,14.334759,7.602932,27.616948,-0.553125,-0.112324223,58556,True,5.588532,14.33854,6.644764,26.610147,-0.015625,-0.000969425,12276,True,0.5375,0.111354798,0.370725,6.109443
2931,rtl->baseline,5.588773,14.287368,7.525769,27.445601,-0.571875,-0.119179689,58311,True,5.652225,14.350211,6.638884,26.68845,-0.0546875,-0.02335652,12246,True,0.5171875,0.095823169,0.369364,6.106012
2932,baseline->rtl,5.707617,14.668853,8.406784,28.836756,-0.571875,-0.116296876,58321,True,5.683366,14.440334,6.642334,26.806125,-0.0546875,-0.015905108,12236,True,0.5171875,0.100391768,0.370154,6.106232
2933,rtl->baseline,5.621513,14.385211,8.583501,28.636538,-0.571875,-0.11514375,58318,True,5.659225,14.443004,6.637523,26.787425,-0.0546875,-0.012924543,12243,True,0.5171875,0.102219207,0.373635,6.100173
2934,baseline->rtl,5.677116,14.533917,7.670005,27.9354,-0.60625,-0.12912,57526,True,5.584862,14.464895,6.638333,26.728392,-0.21875,-0.080638567,12039,True,0.3875,0.048481433,0.368145,6.104012
2935,rtl->baseline,5.54463,14.290047,7.574191,27.452921,-0.60625,-0.124398,57538,True,5.663165,14.435444,6.637933,26.783065,-0.09375,-0.006005427,12040,True,0.5125,0.118392573,0.371595,6.100753
2936,baseline->rtl,5.601023,14.438954,7.54376,27.637198,-0.60625,-0.1225092,57551,True,5.550621,14.381051,6.910645,26.882059,-0.09375,-0.013652171,12041,True,0.5125,0.108857029,0.371255,6.372543
2937,rtl->baseline,5.671825,14.301338,7.747588,27.765813,-0.684375,-0.15456618,55300,True,5.710097,14.423573,6.936025,27.118028,-0.1640625,-0.046242118,11538,True,0.5203125,0.108324062,0.402676,6.368953
2938,baseline->rtl,5.641974,14.303658,16.951653,36.951049,-0.684375,-0.143951472,55316,True,5.644784,14.294838,6.624973,26.604747,-0.1640625,-0.038184347,11541,True,0.5203125,0.105767125,0.360934,6.100522
2939,rtl->baseline,5.618173,14.293238,7.54616,27.502903,-0.684375,-0.139705589,55299,True,5.558761,14.391782,6.903674,26.900929,-0.1640625,-0.034961239,11532,True,0.5203125,0.10474435,0.369215,6.367133
2940,baseline->rtl,5.721887,14.376552,7.499828,27.651859,-0.684375,-0.138007236,55301,True,5.623083,14.433793,6.898744,26.995382,-0.1640625,-0.033671996,11529,True,0.5203125,0.10433524,0.364754,6.369094
2941,rtl->baseline,5.590792,14.403262,7.485347,27.525744,-0.684375,-0.137327894,55288,True,5.594222,14.35023,6.637604,26.628969,-0.1640625,-0.033156298,11531,True,0.5203125,0.104171596,0.364985,6.107073
2942,baseline->rtl,5.622773,14.406583,7.439676,27.522363,-0.684375,-0.137056158,55324,True,5.570092,14.397463,6.627134,26.632669,-0.1640625,-0.032950019,11531,True,0.5203125,0.104106139,0.363944,6.100433
2943,rtl->baseline,5.607812,14.500236,7.469107,27.621427,-0.684375,-0.136947463,55262,True,5.578211,14.424563,6.909354,26.957762,-0.1640625,-0.032867508,11522,True,0.5203125,0.104079955,0.373785,6.370284
2944,baseline->rtl,5.596402,14.420943,7.457886,27.528084,-0.684375,-0.136903985,55264,True,5.621563,14.401362,6.894013,26.95567,-0.1640625,-0.032834503,11523,True,0.5203125,0.104069482,0.372015,6.357282
2945,rtl->baseline,5.599801,14.303206,7.499347,27.447337,-0.684375,-0.136886594,55284,True,5.746587,14.361959,6.639323,26.795311,-0.1640625,-0.032821301,11525,True,0.5203125,0.104065293,0.371004,6.103982
2946,baseline->rtl,5.653634,14.448272,7.900713,28.055811,-0.684375,-0.136879638,55267,True,5.632033,14.426281,6.931374,27.029611,-0.1640625,-0.03281602,11518,True,0.5203125,0.104063618,0.372645,6.365122
2947,rtl->baseline,5.80424,14.434122,8.867901,29.150245,-0.684375,-0.136876855,55282,True,5.582021,14.488384,6.646253,26.76445,-0.1640625,-0.032813908,11517,True,0.5203125,0.104062947,0.369175,6.108992
2948,baseline->rtl,5.647303,14.482144,7.492437,27.675746,-0.684375,-0.136875742,55262,True,5.666174,14.683031,6.917324,27.307501,-0.1640625,-0.032813063,11522,True,0.5203125,0.104062679,0.357295,6.367672
