frame_id,execution_order,baseline_preprocess_ms,baseline_inference_ms,baseline_postprocess_ms,baseline_pipeline_ms,baseline_steering_error,baseline_steering_cmd,baseline_lane_pixels,baseline_valid,baseline_reference_x,baseline_reference_y,baseline_raw_error_q15,rtl_preprocess_ms,rtl_inference_ms,rtl_postprocess_ms,rtl_pipeline_ms,rtl_steering_error,rtl_steering_cmd,rtl_lane_pixels,rtl_valid,rtl_reference_x,rtl_reference_y,rtl_raw_error_q15,steering_error_abs_diff,steering_cmd_abs_diff,rtl_copy_ms,rtl_compute_ms
0,baseline_overlay_pass->release->rtl_overlay_pass,5.55693,14.288662,2.830967,22.72065,0.109375,0.0459375,11901,True,142,179,3584,5.615194,14.625997,0.867283,21.144094,0.109375,0.0459375,11901,True,142,,3584,0.0,0.0,0.355995,0.335385
1,baseline_overlay_pass->release->rtl_overlay_pass,6.12872,14.492476,2.895947,23.566953,0.109375,0.0315,11917,True,142,179,3584,5.689564,14.893812,0.873133,21.504669,0.109375,0.0315,11917,True,142,,3584,0.0,0.0,0.358936,0.335105
2,baseline_overlay_pass->release->rtl_overlay_pass,6.079479,15.463762,2.849176,24.444798,0.109375,0.025725,11928,True,142,179,3584,5.693824,14.597037,1.009525,21.349787,0.109375,0.025725,11928,True,142,,3584,0.0,0.0,0.451587,0.348155
3,baseline_overlay_pass->release->rtl_overlay_pass,5.661162,15.31774,2.853357,23.882399,0.109375,0.023415,11968,True,142,179,3584,5.650774,14.262292,0.901624,20.8608,0.109375,0.023415,11968,True,142,,3584,0.0,0.0,0.376015,0.338565
4,baseline_overlay_pass->release->rtl_overlay_pass,5.677053,14.977014,3.03656,23.744097,0.109375,0.022491,11948,True,142,179,3584,5.730095,14.567297,0.896723,21.242915,0.109375,0.022491,11948,True,142,,3584,0.0,0.0,0.373425,0.339965
5,baseline_overlay_pass->release->rtl_overlay_pass,5.647762,14.675988,3.416615,23.793078,0.109375,0.0221214,11954,True,142,179,3584,5.609723,14.311722,0.899984,20.86874,0.109375,0.0221214,11954,True,142,,3584,0.0,0.0,0.377735,0.339455
6,baseline_overlay_pass->release->rtl_overlay_pass,5.631332,14.446435,2.864647,22.996834,0.109375,0.02197356,11958,True,142,179,3584,5.758506,14.305542,0.939924,21.049883,0.109375,0.02197356,11958,True,142,,3584,0.0,0.0,0.419306,0.335605
7,baseline_overlay_pass->release->rtl_overlay_pass,5.641252,14.347504,2.838436,22.874842,0.109375,0.021914424,11960,True,142,179,3584,5.872187,14.655038,0.898964,21.471459,0.109375,0.021914424,11960,True,142,,3584,0.0,0.0,0.374505,0.335235
8,baseline_overlay_pass->release->rtl_overlay_pass,6.106049,14.433764,2.895907,23.482032,0.109375,0.02189077,11952,True,142,179,3584,5.701635,15.235866,0.869653,21.850835,0.109375,0.02189077,11952,True,142,,3584,0.0,0.0,0.338525,0.355586
9,baseline_overlay_pass->release->rtl_overlay_pass,6.070499,15.37185,2.870916,24.357596,0.109375,0.021881308,11934,True,142,179,3584,5.665454,15.497131,0.873483,22.122079,0.109375,0.021881308,11934,True,142,,3584,0.0,0.0,0.342485,0.328355
10,baseline_overlay_pass->release->rtl_overlay_pass,5.633652,15.195237,2.868367,23.745196,0.109375,0.021877523,11929,True,142,179,3584,5.691165,14.715799,0.866343,21.318807,0.109375,0.021877523,11929,True,142,,3584,0.0,0.0,0.358486,0.331395
11,baseline_overlay_pass->release->rtl_overlay_pass,5.764104,14.918782,2.924097,23.654644,0.109375,0.021876009,11928,True,142,179,3584,5.628344,14.78925,0.877343,21.340737,0.109375,0.021876009,11928,True,142,,3584,0.0,0.0,0.359596,0.337685
12,baseline_overlay_pass->release->rtl_overlay_pass,5.649782,15.056974,3.319364,24.087662,0.109375,0.021875404,11964,True,142,179,3584,5.677124,14.530136,2.525087,22.781508,0.109375,0.021875404,11964,True,142,,3584,0.0,0.0,1.990449,0.332065
13,baseline_overlay_pass->release->rtl_overlay_pass,5.678692,14.333013,3.158921,23.225968,0.109375,0.021875161,11922,True,142,179,3584,5.654334,14.407904,0.975965,21.087023,0.109375,0.021875161,11922,True,142,,3584,0.0,0.0,0.402546,0.348595
14,baseline_overlay_pass->release->rtl_overlay_pass,5.635772,14.299772,2.867176,22.852191,0.109375,0.021875065,11927,True,142,179,3584,5.684895,14.351353,0.984204,21.069263,0.109375,0.021875065,11927,True,142,,3584,0.0,0.0,0.461307,0.334955
15,baseline_overlay_pass->release->rtl_overlay_pass,5.752044,14.625468,2.847056,23.272409,0.109375,0.021875026,11913,True,142,179,3584,5.677094,14.401824,0.906924,21.035023,0.109375,0.021875026,11913,True,142,,3584,0.0,0.0,0.385496,0.335655
16,baseline_overlay_pass->release->rtl_overlay_pass,5.891085,14.339623,2.836156,23.115655,0.109375,0.02187501,11940,True,142,179,3584,5.625303,14.404493,0.916933,20.993431,0.109375,0.02187501,11940,True,142,,3584,0.0,0.0,0.392656,0.340446
17,baseline_overlay_pass->release->rtl_overlay_pass,5.976467,14.947623,2.869337,23.846578,0.109375,0.021875004,11920,True,142,179,3584,5.911158,14.320333,0.912103,21.188284,0.109375,0.021875004,11920,True,142,,3584,0.0,0.0,0.387796,0.339415
18,baseline_overlay_pass->release->rtl_overlay_pass,5.652492,15.593294,2.873037,24.166563,0.109375,0.021875002,11926,True,142,179,3584,7.591392,14.474604,0.952254,23.064573,0.109375,0.021875002,11926,True,142,,3584,0.0,0.0,0.436066,0.331555
19,baseline_overlay_pass->release->rtl_overlay_pass,5.631672,14.880722,2.944598,23.505082,0.109375,0.021875001,11912,True,142,179,3584,6.06422,14.798489,0.878983,21.796234,0.109375,0.021875001,11912,True,142,,3584,0.0,0.0,0.363315,0.333445
20,baseline_overlay_pass->release->rtl_overlay_pass,5.646122,15.97263,3.256183,24.932955,0.109375,0.021875,11900,True,142,179,3584,5.599163,15.134835,0.849603,21.629461,0.109375,0.021875,11900,True,142,,3584,0.0,0.0,0.341315,0.332805
21,baseline_overlay_pass->release->rtl_overlay_pass,5.774714,14.679849,3.456236,23.967889,0.109375,0.021875,11903,True,142,179,3584,5.668504,14.722959,0.883223,21.317936,0.109375,0.021875,11903,True,142,,3584,0.0,0.0,0.362926,0.341645
22,baseline_overlay_pass->release->rtl_overlay_pass,5.705713,14.348174,3.015339,23.122726,0.109375,0.021875,11926,True,142,179,3584,5.600213,14.891201,1.947249,22.483334,0.109375,0.021875,11926,True,142,,3584,0.0,0.0,0.358956,1.405851
23,baseline_overlay_pass->release->rtl_overlay_pass,5.584311,14.340713,2.840526,22.812791,0.109375,0.021875,11914,True,142,179,3584,5.653064,15.516251,0.962064,22.178509,0.109375,0.021875,11914,True,142,,3584,0.0,0.0,0.409526,0.358065
24,baseline_overlay_pass->release->rtl_overlay_pass,5.56103,14.351733,2.838997,22.802671,0.109375,0.021875,11902,True,142,179,3584,5.878247,14.401724,0.910334,21.238926,0.109375,0.021875,11902,True,142,,3584,0.0,0.0,0.385456,0.335915
25,baseline_overlay_pass->release->rtl_overlay_pass,5.623232,14.728919,2.957198,23.35676,0.109375,0.021875,11910,True,142,179,3584,5.674344,14.344173,0.900314,20.964911,0.109375,0.021875,11910,True,142,,3584,0.0,0.0,0.373655,0.339155
26,baseline_overlay_pass->release->rtl_overlay_pass,5.953357,14.326333,2.879117,23.424811,0.109375,0.021875,11915,True,142,179,3584,5.654014,14.349593,0.901043,20.948561,0.109375,0.021875,11915,True,142,,3584,0.0,0.0,0.376505,0.339465
27,baseline_overlay_pass->release->rtl_overlay_pass,6.581307,14.801461,2.837706,24.268705,0.109375,0.021875,11926,True,142,179,3584,5.622874,14.413684,0.912844,20.994412,0.109375,0.021875,11926,True,142,,3584,0.0,0.0,0.388836,0.337115
28,baseline_overlay_pass->release->rtl_overlay_pass,5.907226,15.145396,2.839917,23.94562,0.109375,0.021875,11906,True,142,179,3584,6.781611,14.278232,0.908134,22.014177,0.109375,0.021875,11906,True,142,,3584,0.0,0.0,0.380805,0.340545
29,baseline_overlay_pass->release->rtl_overlay_pass,5.606721,15.229038,2.914277,23.798537,0.109375,0.021875,11909,True,142,179,3584,7.290798,14.612287,0.889823,22.839139,0.109375,0.021875,11909,True,142,,3584,0.0,0.0,0.368485,0.337585
30,baseline_overlay_pass->release->rtl_overlay_pass,5.653792,15.101196,2.906887,23.711875,0.109375,0.021875,11900,True,142,179,3584,5.663625,15.053143,0.947194,21.712603,0.109375,0.021875,11900,True,142,,3584,0.0,0.0,0.337555,0.434677
31,baseline_overlay_pass->release->rtl_overlay_pass,6.015368,14.868711,3.329594,24.271185,0.109375,0.021875,11913,True,142,179,3584,5.663234,14.81796,0.866353,21.391167,0.109375,0.021875,11913,True,142,,3584,0.0,0.0,0.355785,0.336345
32,baseline_overlay_pass->release->rtl_overlay_pass,5.705572,14.375483,3.279393,23.417931,0.109375,0.021875,11907,True,142,179,3584,5.706065,14.935762,0.862873,21.55088,0.109375,0.021875,11907,True,142,,3584,0.0,0.0,0.360586,0.325455
33,baseline_overlay_pass->release->rtl_overlay_pass,5.596141,14.351324,6.999244,27.001409,0.109375,0.021875,11910,True,142,179,3584,5.640304,14.79139,0.875483,21.352777,0.109375,0.021875,11910,True,142,,3584,0.0,0.0,0.354936,0.341935
34,baseline_overlay_pass->release->rtl_overlay_pass,6.309092,14.338603,3.05418,23.757826,0.109375,0.021875,11912,True,142,179,3584,5.646834,14.76797,0.965494,21.428888,0.109375,0.021875,11912,True,142,,3584,0.0,0.0,0.420736,0.351285
35,baseline_overlay_pass->release->rtl_overlay_pass,5.652312,14.340953,2.891847,22.933252,0.109375,0.021875,11904,True,142,179,3584,5.636994,14.472365,0.973015,21.134904,0.109375,0.021875,11904,True,142,,3584,0.0,0.0,0.431187,0.341135
36,baseline_overlay_pass->release->rtl_overlay_pass,5.812715,14.421594,2.911617,23.195047,0.109375,0.021875,11917,True,142,179,3584,5.609534,14.505355,0.922254,21.082943,0.109375,0.021875,11917,True,142,,3584,0.0,0.0,0.398365,0.336585
37,baseline_overlay_pass->release->rtl_overlay_pass,5.952157,14.76948,2.861767,23.632974,0.109375,0.021875,11892,True,142,179,3584,5.611283,14.342693,0.900234,20.89803,0.109375,0.021875,11892,True,142,,3584,0.0,0.0,0.380985,0.335625
38,baseline_overlay_pass->release->rtl_overlay_pass,5.848015,15.306979,2.809555,24.014471,0.109375,0.021875,11916,True,142,179,3584,5.599423,14.361903,0.906074,20.911191,0.109375,0.021875,11916,True,142,,3584,0.0,0.0,0.385866,0.337585
39,baseline_overlay_pass->release->rtl_overlay_pass,5.665002,15.595353,2.827156,24.135392,0.109375,0.021875,11914,True,142,179,3584,5.669114,14.400424,0.902363,21.016472,0.109375,0.021875,11914,True,142,,3584,0.0,0.0,0.383616,0.334785
40,baseline_overlay_pass->release->rtl_overlay_pass,5.609091,14.855821,3.320304,23.840717,0.109375,0.021875,11898,True,142,179,3584,6.440136,14.403454,0.893754,21.782114,0.109375,0.021875,11898,True,142,,3584,0.0,0.0,0.375736,0.333695
41,baseline_overlay_pass->release->rtl_overlay_pass,5.623481,14.525876,3.300203,23.502021,0.109375,0.021875,11894,True,142,179,3584,7.775155,14.592937,3.162447,25.577649,0.109375,0.021875,11894,True,142,,3584,0.0,0.0,2.564868,0.345035
42,baseline_overlay_pass->release->rtl_overlay_pass,5.601161,14.346923,2.884137,22.879322,0.109375,0.021875,11924,True,142,179,3584,6.08639,14.432424,0.904364,21.468529,0.109375,0.021875,11924,True,142,,3584,0.0,0.0,0.384346,0.333605
43,baseline_overlay_pass->release->rtl_overlay_pass,5.601021,14.282962,2.937748,22.868031,0.109375,0.021875,11912,True,142,179,3584,5.814066,15.151755,0.851052,21.863834,0.109375,0.021875,11912,True,142,,3584,0.0,0.0,0.345695,0.329334
44,baseline_overlay_pass->release->rtl_overlay_pass,5.854975,14.323633,2.891547,23.117115,0.109375,0.021875,11912,True,142,179,3584,5.707025,15.124415,0.850922,21.725522,0.109375,0.021875,11912,True,142,,3584,0.0,0.0,0.341325,0.331365
45,baseline_overlay_pass->release->rtl_overlay_pass,5.891065,15.660394,2.842026,24.444978,0.109375,0.021875,11909,True,142,179,3584,5.678504,14.698838,0.874313,21.345967,0.109375,0.021875,11909,True,142,,3584,0.0,0.0,0.357045,0.339055
46,baseline_overlay_pass->release->rtl_overlay_pass,9.047867,14.931433,3.243413,27.278353,0.109375,0.021875,11908,True,142,179,3584,5.732895,14.913121,0.871772,21.565251,0.109375,0.021875,11908,True,142,,3584,0.0,0.0,0.354435,0.337745
47,baseline_overlay_pass->release->rtl_overlay_pass,5.931056,15.602813,2.860787,24.444137,0.109375,0.021875,11925,True,142,179,3584,5.697075,14.78996,0.928004,21.461419,0.109375,0.021875,11925,True,142,,3584,0.0,0.0,0.393586,0.347095
48,baseline_overlay_pass->release->rtl_overlay_pass,6.064588,15.638814,2.909517,24.66253,0.109375,0.021875,11918,True,142,179,3584,5.646434,14.377114,3.092706,23.164334,0.109375,0.021875,11918,True,142,,3584,0.0,0.0,2.528668,0.335645
49,baseline_overlay_pass->release->rtl_overlay_pass,5.630051,14.8238,3.191502,23.702565,0.109375,0.021875,11927,True,142,179,3584,5.714885,14.657377,0.905623,21.325796,0.109375,0.021875,11927,True,142,,3584,0.0,0.0,0.382745,0.335405
50,baseline_overlay_pass->release->rtl_overlay_pass,5.623652,15.748576,3.415656,24.842824,0.109375,0.021875,11901,True,142,179,3584,6.02858,14.645437,0.903954,21.625191,0.109375,0.021875,11901,True,142,,3584,0.0,0.0,0.379615,0.338345
51,baseline_overlay_pass->release->rtl_overlay_pass,5.659752,14.337943,2.956258,23.004673,0.109375,0.021875,11912,True,142,179,3584,5.766755,14.312392,0.996195,21.120243,0.109375,0.021875,11912,True,142,,3584,0.0,0.0,0.372566,0.337275
52,baseline_overlay_pass->release->rtl_overlay_pass,5.613441,14.389753,2.902517,22.949353,0.109375,0.021875,11913,True,142,179,3584,5.856077,14.362193,0.916004,21.180664,0.109375,0.021875,11913,True,142,,3584,0.0,0.0,0.389995,0.339025
53,baseline_overlay_pass->release->rtl_overlay_pass,5.968437,14.222671,2.894898,23.134156,0.109375,0.021875,11918,True,142,179,3584,6.11152,14.629997,0.899003,21.688091,0.109375,0.021875,11918,True,142,,3584,0.0,0.0,0.372986,0.340975
54,baseline_overlay_pass->release->rtl_overlay_pass,5.839025,14.929262,2.857457,23.668885,0.109375,0.021875,11922,True,142,179,3584,6.262633,14.881271,0.896193,22.091787,0.109375,0.021875,11922,True,142,,3584,0.0,0.0,0.382076,0.333335
55,baseline_overlay_pass->release->rtl_overlay_pass,5.831114,15.155316,2.858207,23.957199,0.109375,0.021875,11919,True,142,179,3584,5.762176,15.355738,0.858133,22.019667,0.109375,0.021875,11919,True,142,,3584,0.0,0.0,0.352766,0.330485
56,baseline_overlay_pass->release->rtl_overlay_pass,5.657002,15.188877,2.910457,23.804256,0.109375,0.021875,11920,True,142,179,3584,5.672074,14.693647,0.926713,21.339116,0.109375,0.021875,11920,True,142,,3584,0.0,0.0,0.404856,0.335835
57,baseline_overlay_pass->release->rtl_overlay_pass,5.622862,15.453811,2.882777,24.00881,0.109375,0.021875,11926,True,142,179,3584,5.691384,14.86548,0.871143,21.473778,0.109375,0.021875,11926,True,142,,3584,0.0,0.0,0.352796,0.339115
58,baseline_overlay_pass->release->rtl_overlay_pass,5.738253,14.79621,3.355694,23.945998,0.109375,0.021875,11928,True,142,179,3584,5.649714,14.549266,1.028825,21.276565,0.109375,0.021875,11928,True,142,,3584,0.0,0.0,0.488448,0.334815
59,baseline_overlay_pass->release->rtl_overlay_pass,5.615611,14.552937,3.365895,23.590473,0.109375,0.021875,11934,True,142,179,3584,5.725685,14.377004,0.893633,21.042872,0.109375,0.021875,11934,True,142,,3584,0.0,0.0,0.373516,0.335805
60,baseline_overlay_pass->release->rtl_overlay_pass,5.652031,14.283562,2.898937,22.881801,0.109375,0.021875,11901,True,142,179,3584,5.671234,14.500515,0.897223,21.117503,0.109375,0.021875,11901,True,142,,3584,0.0,0.0,0.376125,0.336195
61,baseline_overlay_pass->release->rtl_overlay_pass,5.846855,14.756939,2.861686,23.513452,0.109375,0.021875,11892,True,142,179,3584,5.713395,14.307693,0.907183,20.978441,0.109375,0.021875,11892,True,142,,3584,0.0,0.0,0.379776,0.340065
62,baseline_overlay_pass->release->rtl_overlay_pass,6.17449,14.426594,3.001599,23.651254,0.109375,0.021875,11893,True,142,179,3584,5.603553,14.383833,0.902954,20.934091,0.109375,0.021875,11893,True,142,,3584,0.0,0.0,0.382336,0.335185
63,baseline_overlay_pass->release->rtl_overlay_pass,5.877935,15.40548,2.807866,24.135612,0.109375,0.021875,11911,True,142,179,3584,5.782706,14.364873,0.906823,21.100233,0.109375,0.021875,11911,True,142,,3584,0.0,0.0,0.385326,0.334185
64,baseline_overlay_pass->release->rtl_overlay_pass,5.775783,15.694395,2.884527,24.402497,0.109375,0.021875,11921,True,142,179,3584,6.097611,14.766929,1.074086,21.989006,0.109375,0.021875,11921,True,142,,3584,0.0,0.0,0.482928,0.375725
65,baseline_overlay_pass->release->rtl_overlay_pass,5.631351,15.109745,3.351834,24.144412,0.109375,0.021875,11916,True,142,179,3584,5.749265,14.944032,0.966465,21.710532,0.109375,0.021875,11916,True,142,,3584,0.0,0.0,0.449377,0.330485
66,baseline_overlay_pass->release->rtl_overlay_pass,5.620901,14.735479,3.414196,23.824007,0.109375,0.021875,11888,True,142,179,3584,6.359545,16.736918,1.110377,24.26228,0.109375,0.021875,11888,True,142,,3584,0.0,0.0,0.380725,0.332935
67,baseline_overlay_pass->release->rtl_overlay_pass,6.082579,14.309152,2.884827,23.327389,0.109375,0.021875,11897,True,142,179,3584,6.493416,16.049228,0.898043,23.504128,0.109375,0.021875,11897,True,142,,3584,0.0,0.0,0.384256,0.330564
68,baseline_overlay_pass->release->rtl_overlay_pass,5.759183,14.574906,2.879726,23.260938,0.109375,0.021875,11888,True,142,179,3584,6.348764,15.192646,0.843072,22.436812,0.109375,0.021875,11888,True,142,,3584,0.0,0.0,0.335915,0.332964
69,baseline_overlay_pass->release->rtl_overlay_pass,6.091829,14.363053,2.867417,23.36912,0.109375,0.021875,11913,True,142,179,3584,7.679884,14.605296,0.891233,23.221774,0.109375,0.021875,11913,True,142,,3584,0.0,0.0,0.370755,0.335125
70,baseline_overlay_pass->release->rtl_overlay_pass,6.283592,15.239047,2.798456,24.372256,0.109375,0.021875,11907,True,142,179,3584,6.159301,15.901216,0.854432,22.96621,0.109375,0.021875,11907,True,142,,3584,0.0,0.0,0.344055,0.333145
71,baseline_overlay_pass->release->rtl_overlay_pass,5.646622,15.41514,2.881176,23.990669,0.109375,0.021875,11891,True,142,179,3584,5.669864,15.108004,0.880983,21.706072,0.109375,0.021875,11891,True,142,,3584,0.0,0.0,0.358026,0.343406
72,baseline_overlay_pass->release->rtl_overlay_pass,5.650662,15.878978,2.886417,24.463467,0.109375,0.021875,11911,True,142,179,3584,5.566352,15.310948,0.889923,21.813404,0.109375,0.021875,11911,True,142,,3584,0.0,0.0,0.360485,0.350275
73,baseline_overlay_pass->release->rtl_overlay_pass,6.017767,14.710319,3.268913,24.053011,0.109375,0.021875,11920,True,142,179,3584,6.537727,14.705998,1.261529,22.550795,0.109375,0.021875,11920,True,142,,3584,0.0,0.0,0.388836,0.553018
74,baseline_overlay_pass->release->rtl_overlay_pass,5.623691,14.323062,3.05318,23.049204,0.109375,0.021875,11912,True,142,179,3584,5.649373,14.619917,1.044925,21.364667,0.109375,0.021875,11912,True,142,,3584,0.0,0.0,0.488377,0.341425
75,baseline_overlay_pass->release->rtl_overlay_pass,5.658101,14.361263,2.853986,22.913851,0.109375,0.021875,11914,True,142,179,3584,5.658534,14.642377,0.908194,21.255485,0.109375,0.021875,11914,True,142,,3584,0.0,0.0,0.384675,0.337055
76,baseline_overlay_pass->release->rtl_overlay_pass,6.111489,14.373313,2.890887,23.42532,0.109375,0.021875,11922,True,142,179,3584,5.695875,14.355353,0.922494,21.020062,0.109375,0.021875,11922,True,142,,3584,0.0,0.0,0.373885,0.365475
77,baseline_overlay_pass->release->rtl_overlay_pass,5.972767,14.722919,2.880346,23.627394,0.109375,0.021875,11926,True,142,179,3584,5.587733,14.243821,0.902383,20.777278,0.109375,0.021875,11926,True,142,,3584,0.0,0.0,0.377785,0.338675
78,baseline_overlay_pass->release->rtl_overlay_pass,6.006007,15.307718,2.817696,24.179242,0.109375,0.021875,11917,True,142,179,3584,5.814587,14.398444,0.904883,21.164404,0.109375,0.021875,11917,True,142,,3584,0.0,0.0,0.382876,0.333555
79,baseline_overlay_pass->release->rtl_overlay_pass,5.639372,15.166956,2.890407,23.745555,0.109375,0.021875,11911,True,142,179,3584,5.884727,14.295252,0.911494,21.135943,0.109375,0.021875,11911,True,142,,3584,0.0,0.0,0.380195,0.344105
80,baseline_overlay_pass->release->rtl_overlay_pass,5.641762,14.991363,2.996259,23.679284,0.109375,0.021875,11918,True,142,179,3584,6.379555,15.645752,0.892034,22.968391,0.109375,0.021875,11918,True,142,,3584,0.0,0.0,0.370305,0.340365
81,baseline_overlay_pass->release->rtl_overlay_pass,5.669352,14.77591,3.254603,23.754315,0.109375,0.021875,11915,True,142,179,3584,5.805316,14.544956,0.952414,21.348906,0.109375,0.021875,11915,True,142,,3584,0.0,0.0,0.412676,0.348365
82,baseline_overlay_pass->release->rtl_overlay_pass,5.633931,14.333003,2.895777,22.913772,0.109375,0.021875,11898,True,142,179,3584,5.796626,14.82456,0.876693,21.544869,0.109375,0.021875,11898,True,142,,3584,0.0,0.0,0.360206,0.334995
83,baseline_overlay_pass->release->rtl_overlay_pass,5.716243,14.475955,2.914398,23.153876,0.109375,0.021875,11924,True,142,179,3584,6.042739,14.956962,0.841003,21.885435,0.109375,0.021875,11924,True,142,,3584,0.0,0.0,0.337425,0.328935
84,baseline_overlay_pass->release->rtl_overlay_pass,5.850105,14.906972,2.861917,23.665694,0.109375,0.021875,11858,True,142,179,3584,5.594632,14.677977,0.897803,21.216545,0.109375,0.021875,11858,True,142,,3584,0.0,0.0,0.387405,0.329885
85,baseline_overlay_pass->release->rtl_overlay_pass,5.947037,15.071965,2.840936,23.909638,0.109375,0.021875,11861,True,142,179,3584,5.617144,14.908151,0.873203,21.443678,0.109375,0.021875,11861,True,142,,3584,0.0,0.0,0.356275,0.337165
86,baseline_overlay_pass->release->rtl_overlay_pass,5.640472,15.918289,2.832926,24.441207,0.109375,0.021875,11878,True,142,179,3584,5.657504,14.643617,0.975314,21.323696,0.109375,0.021875,11878,True,142,,3584,0.0,0.0,0.410886,0.367785
87,baseline_overlay_pass->release->rtl_overlay_pass,5.606261,15.145106,2.972048,23.773626,0.109375,0.021875,11856,True,142,179,3584,5.673504,14.559906,1.067136,21.350827,0.109375,0.021875,11856,True,142,,3584,0.0,0.0,0.510938,0.340305
88,baseline_overlay_pass->release->rtl_overlay_pass,5.622091,14.873851,3.318174,23.870027,0.109375,0.021875,11850,True,142,179,3584,5.689405,14.334562,0.900733,20.971421,0.109375,0.021875,11850,True,142,,3584,0.0,0.0,0.378025,0.339545
89,baseline_overlay_pass->release->rtl_overlay_pass,5.623061,14.958153,3.217732,23.855777,0.109375,0.021875,11850,True,142,179,3584,5.751445,14.377223,0.899113,21.076072,0.109375,0.021875,11850,True,142,,3584,0.0,0.0,0.376435,0.337475
90,baseline_overlay_pass->release->rtl_overlay_pass,5.817255,14.842551,3.323014,24.03532,0.109375,0.021875,11858,True,142,179,3584,5.642914,14.379903,0.921073,20.991411,0.109375,0.021875,11858,True,142,,3584,0.0,0.0,0.399786,0.333365
91,baseline_overlay_pass->release->rtl_overlay_pass,5.737313,14.344493,2.899077,23.026453,0.109375,0.021875,11853,True,142,179,3584,5.626804,14.309612,0.903274,20.88589,0.109375,0.021875,11853,True,142,,3584,0.0,0.0,0.377385,0.337095
92,baseline_overlay_pass->release->rtl_overlay_pass,6.433695,14.402344,2.856276,23.739455,0.109375,0.021875,11853,True,142,179,3584,5.671404,14.559926,0.885293,21.160243,0.109375,0.021875,11853,True,142,,3584,0.0,0.0,0.368476,0.332945
93,baseline_overlay_pass->release->rtl_overlay_pass,6.059098,15.848607,2.872817,24.832343,0.109375,0.021875,11865,True,142,179,3584,5.584722,14.489954,0.916283,21.035672,0.109375,0.021875,11865,True,142,,3584,0.0,0.0,0.393396,0.335115
94,baseline_overlay_pass->release->rtl_overlay_pass,5.621311,15.583663,2.883246,24.139691,0.109375,0.021875,11842,True,142,179,3584,5.818966,14.387703,0.927493,21.178764,0.109375,0.021875,11842,True,142,,3584,0.0,0.0,0.369216,0.334515
95,baseline_overlay_pass->release->rtl_overlay_pass,5.637181,15.296098,2.901127,23.881717,0.109375,0.021875,11861,True,142,179,3584,6.323544,14.426784,0.901564,21.696212,0.109375,0.021875,11861,True,142,,3584,0.0,0.0,0.371876,0.340655
96,baseline_overlay_pass->release->rtl_overlay_pass,5.605021,15.123586,5.695092,26.47702,0.109375,0.021875,11873,True,142,179,3584,7.688604,14.778639,0.880093,23.395627,0.109375,0.021875,11873,True,142,,3584,0.0,0.0,0.357725,0.338665
97,baseline_overlay_pass->release->rtl_overlay_pass,5.592691,14.573106,3.512747,23.735945,0.109375,0.021875,11887,True,142,179,3584,5.675554,16.589756,0.840673,23.151733,0.109375,0.021875,11887,True,142,,3584,0.0,0.0,0.333844,0.332025
98,baseline_overlay_pass->release->rtl_overlay_pass,5.658982,14.342363,3.248483,23.303588,0.109375,0.021875,11858,True,142,179,3584,5.660654,15.315927,0.845052,21.868054,0.109375,0.021875,11858,True,142,,3584,0.0,0.0,0.338785,0.329985
99,baseline_overlay_pass->release->rtl_overlay_pass,5.670662,14.389013,2.895887,23.003223,0.109375,0.021875,11891,True,142,179,3584,5.712525,14.631997,0.870313,21.262775,0.109375,0.021875,11891,True,142,,3584,0.0,0.0,0.356556,0.335385
100,baseline_overlay_pass->release->rtl_overlay_pass,5.656512,14.359503,2.905597,22.974503,0.109375,0.021875,11895,True,142,179,3584,5.648154,14.719468,0.885803,21.298546,0.109375,0.021875,11895,True,142,,3584,0.0,0.0,0.361615,0.341285
101,baseline_overlay_pass->release->rtl_overlay_pass,5.693662,14.323992,2.904457,22.968212,0.109375,0.021875,11879,True,142,179,3584,5.770956,14.760819,0.957734,21.535819,0.109375,0.021875,11879,True,142,,3584,0.0,0.0,0.410406,0.349255
102,baseline_overlay_pass->release->rtl_overlay_pass,5.976537,14.343082,2.874156,23.240347,0.109375,0.021875,11898,True,142,179,3584,5.673674,14.374573,0.919843,21.017371,0.109375,0.021875,11898,True,142,,3584,0.0,0.0,0.378185,0.352655
103,baseline_overlay_pass->release->rtl_overlay_pass,5.931726,15.024613,2.839266,23.843977,0.109375,0.021875,11869,True,142,179,3584,6.338594,14.421123,0.889333,21.698292,0.109375,0.021875,11869,True,142,,3584,0.0,0.0,0.372595,0.333555
104,baseline_overlay_pass->release->rtl_overlay_pass,8.553889,16.481918,2.906137,27.996374,0.109375,0.021875,11864,True,142,179,3584,5.614354,14.536695,0.909243,21.103583,0.109375,0.021875,11864,True,142,,3584,0.0,0.0,0.383725,0.339675
105,baseline_overlay_pass->release->rtl_overlay_pass,6.071328,14.756869,2.875857,23.756485,0.109375,0.021875,11856,True,142,179,3584,5.651394,14.358493,0.897764,20.952881,0.109375,0.021875,11856,True,142,,3584,0.0,0.0,0.374975,0.337765
106,baseline_overlay_pass->release->rtl_overlay_pass,5.763933,15.912528,2.814585,24.542497,0.109375,0.021875,11874,True,142,179,3584,5.859687,14.381634,0.886923,21.172854,0.109375,0.021875,11874,True,142,,3584,0.0,0.0,0.366745,0.332525
107,baseline_overlay_pass->release->rtl_overlay_pass,5.597611,15.42364,2.815846,23.888087,0.109375,0.021875,11874,True,142,179,3584,5.682504,14.86874,0.854943,21.451368,0.109375,0.021875,11874,True,142,,3584,0.0,0.0,0.345816,0.331485
108,baseline_overlay_pass->release->rtl_overlay_pass,5.607271,15.089075,3.095121,23.844197,0.109375,0.021875,11881,True,142,179,3584,5.661244,14.991582,0.907033,21.60698,0.109375,0.021875,11881,True,142,,3584,0.0,0.0,0.395836,0.332285
109,baseline_overlay_pass->release->rtl_overlay_pass,5.630871,17.617205,3.300043,26.607351,0.109375,0.021875,11864,True,142,179,3584,5.638854,14.753659,0.871063,21.310376,0.109375,0.021875,11864,True,142,,3584,0.0,0.0,0.357026,0.336985
110,baseline_overlay_pass->release->rtl_overlay_pass,5.630791,14.502266,3.196672,23.389689,0.109375,0.021875,11897,True,142,179,3584,5.710514,14.617706,1.005945,21.384397,0.109375,0.021875,11897,True,142,,3584,0.0,0.0,0.456947,0.351735
111,baseline_overlay_pass->release->rtl_overlay_pass,5.708733,14.340012,2.992078,23.090634,0.109375,0.021875,11879,True,142,179,3584,5.678144,14.304642,1.199688,21.231565,0.109375,0.021875,11879,True,142,,3584,0.0,0.0,0.616239,0.360556
112,baseline_overlay_pass->release->rtl_overlay_pass,5.630441,14.341403,2.919918,22.938582,0.109375,0.021875,11852,True,142,179,3584,5.751625,14.547166,0.914394,21.261335,0.109375,0.021875,11852,True,142,,3584,0.0,0.0,0.402256,0.323225
113,baseline_overlay_pass->release->rtl_overlay_pass,5.831615,14.453634,2.851947,23.184666,0.109375,0.021875,11851,True,142,179,3584,5.625743,14.311332,0.901984,20.882059,0.109375,0.021875,11851,True,142,,3584,0.0,0.0,0.377265,0.339335
114,baseline_overlay_pass->release->rtl_overlay_pass,6.070938,14.902652,2.870617,23.892777,-0.0078125,-0.0240625,11890,True,127,179,-256,6.09568,14.313032,0.900113,21.354626,-0.0078125,-0.0240625,11890,True,127,,-256,0.0,0.0,0.375956,0.340115
115,baseline_overlay_pass->release->rtl_overlay_pass,5.822785,15.251407,2.874667,23.995669,-0.0078125,-0.009625,11881,True,127,179,-256,6.187932,14.634057,0.904403,21.771822,-0.0078125,-0.009625,11881,True,127,,-256,0.0,0.0,0.378346,0.336085
116,baseline_overlay_pass->release->rtl_overlay_pass,5.645012,15.219537,2.887607,23.800756,-0.0078125,-0.00385,11887,True,127,179,-256,5.959489,14.84452,0.847393,21.700762,-0.0078125,-0.00385,11887,True,127,,-256,0.0,0.0,0.338515,0.331595
117,baseline_overlay_pass->release->rtl_overlay_pass,5.680302,14.853441,3.130311,23.720945,-0.0234375,-0.01138375,11907,True,125,179,-768,5.619023,15.073283,0.887274,21.625851,-0.0234375,-0.01138375,11907,True,125,,-768,0.0,0.0,0.362955,0.338555
118,baseline_overlay_pass->release->rtl_overlay_pass,5.56436,14.441584,3.297234,23.362109,-0.0234375,-0.007366,11906,True,125,179,-768,5.614123,15.067253,0.856542,21.583519,-0.0234375,-0.007366,11906,True,125,,-768,0.0,0.0,0.343465,0.333085
119,baseline_overlay_pass->release->rtl_overlay_pass,5.669262,14.504115,2.900597,23.126235,-0.0234375,-0.0057589,11898,True,125,179,-768,5.630284,14.704368,0.861033,21.241935,-0.0234375,-0.0057589,11898,True,125,,-768,0.0,0.0,0.356116,0.326875
120,baseline_overlay_pass->release->rtl_overlay_pass,5.627071,14.626368,2.833906,23.133905,-0.046875,-0.01495981,11888,True,122,179,-1536,5.615533,14.702167,0.885053,21.249645,-0.046875,-0.01495981,11888,True,122,,-1536,0.0,0.0,0.361405,0.344425
121,baseline_overlay_pass->release->rtl_overlay_pass,5.784443,14.723958,2.878866,23.43378,-0.046875,-0.011608924,11854,True,122,179,-1536,5.654474,14.725068,0.988554,21.415497,-0.046875,-0.011608924,11854,True,122,,-1536,0.0,0.0,0.444956,0.346725
122,baseline_overlay_pass->release->rtl_overlay_pass,6.003767,15.115235,2.917617,24.08933,-0.046875,-0.01026857,11892,True,122,179,-1536,5.649854,14.782569,0.962684,21.445417,-0.046875,-0.01026857,11892,True,122,,-1536,0.0,0.0,0.417897,0.346895
123,baseline_overlay_pass->release->rtl_overlay_pass,5.804744,15.442691,3.217722,24.515437,-0.1484375,-0.052388678,11875,True,109,179,-4864,5.632374,14.598806,0.893614,21.174334,-0.1484375,-0.052388678,11875,True,109,,-4864,0.0,0.0,0.374955,0.331165
124,baseline_overlay_pass->release->rtl_overlay_pass,5.651422,15.4129,2.815756,23.929168,-0.1484375,-0.038767971,11880,True,109,179,-4864,5.632103,14.365543,0.902644,20.94885,-0.1484375,-0.038767971,11880,True,109,,-4864,0.0,0.0,0.371426,0.342785
125,baseline_overlay_pass->release->rtl_overlay_pass,5.909586,15.134775,2.872326,23.963928,-0.1484375,-0.033319688,11873,True,109,179,-4864,5.572933,14.319742,0.907644,20.844649,-0.1484375,-0.033319688,11873,True,109,,-4864,0.0,0.0,0.381325,0.338005
126,baseline_overlay_pass->release->rtl_overlay_pass,5.845985,14.825521,3.354024,24.080601,-0.171875,-0.040984125,11928,True,106,179,-5632,5.692295,14.433814,0.906193,21.078982,-0.171875,-0.040984125,11928,True,106,,-5632,0.0,0.0,0.382706,0.335215
127,baseline_overlay_pass->release->rtl_overlay_pass,5.587781,14.78317,3.552658,23.975269,-0.171875,-0.03701865,11950,True,106,179,-5632,6.13059,14.834629,0.889433,21.900814,-0.171875,-0.03701865,11950,True,106,,-5632,0.0,0.0,0.365035,0.338575
128,baseline_overlay_pass->release->rtl_overlay_pass,5.616971,14.302452,3.621179,23.593543,-0.171875,-0.03543246,11943,True,106,179,-5632,5.964708,15.403758,0.849382,22.262719,-0.171875,-0.03543246,11943,True,106,,-5632,0.0,0.0,0.342215,0.330975
129,baseline_overlay_pass->release->rtl_overlay_pass,5.672962,14.314032,2.922577,22.959263,-0.1953125,-0.044641734,11909,True,103,179,-6400,5.629623,15.134494,0.862453,21.675291,-0.1953125,-0.044641734,11909,True,103,,-6400,0.0,0.0,0.348695,0.332535
130,baseline_overlay_pass->release->rtl_overlay_pass,5.893676,14.342182,2.907417,23.188116,-0.1953125,-0.041294194,11905,True,103,179,-6400,5.586843,15.008262,0.848343,21.488738,-0.1953125,-0.041294194,11905,True,103,,-6400,0.0,0.0,0.334835,0.333925
131,baseline_overlay_pass->release->rtl_overlay_pass,5.990747,14.676858,2.899307,23.618153,-0.1953125,-0.039955177,11902,True,103,179,-6400,5.663734,14.88859,0.863682,21.462817,-0.1953125,-0.039955177,11902,True,103,,-6400,0.0,0.0,0.353165,0.329205
132,baseline_overlay_pass->release->rtl_overlay_pass,9.537435,14.690188,2.951008,27.228731,-0.2265625,-0.052544571,11913,True,99,179,-7424,5.645574,14.734848,0.869063,21.296315,-0.2265625,-0.052544571,11913,True,99,,-7424,0.0,0.0,0.356896,0.332615
133,baseline_overlay_pass->release->rtl_overlay_pass,5.799134,15.759675,2.904237,24.509887,-0.2265625,-0.048205328,11921,True,99,179,-7424,5.643153,15.449908,0.930383,22.069687,-0.2265625,-0.048205328,11921,True,99,,-7424,0.0,0.0,0.388916,0.348916
134,baseline_overlay_pass->release->rtl_overlay_pass,5.672442,15.347189,2.815876,23.884997,-0.2265625,-0.046469631,11929,True,99,179,-7424,5.685064,14.737989,1.002855,21.477038,-0.2265625,-0.046469631,11929,True,99,,-7424,0.0,0.0,0.452497,0.345215
135,baseline_overlay_pass->release->rtl_overlay_pass,5.605111,14.959193,2.956298,23.572472,-0.2734375,-0.065462853,11881,True,93,179,-8960,5.677704,14.316762,0.902003,20.94387,-0.2734375,-0.065462853,11881,True,93,,-8960,0.0,0.0,0.376176,0.336915
136,baseline_overlay_pass->release->rtl_overlay_pass,5.647221,16.860233,3.365215,25.92778,-0.2734375,-0.058997641,11871,True,93,179,-8960,5.534582,14.566466,0.900194,21.047322,-0.2734375,-0.058997641,11871,True,93,,-8960,0.0,0.0,0.374096,0.335465
137,baseline_overlay_pass->release->rtl_overlay_pass,5.617911,14.626227,3.389835,23.688334,-0.2734375,-0.056411556,11881,True,93,179,-8960,5.580863,14.727718,0.895103,21.247574,-0.2734375,-0.056411556,11881,True,93,,-8960,0.0,0.0,0.373376,0.335245
138,baseline_overlay_pass->release->rtl_overlay_pass,5.671722,14.357363,3.024979,23.105104,-0.3046875,-0.068502123,11954,True,89,179,-9984,5.727585,14.350353,0.907233,21.030991,-0.3046875,-0.068502123,11954,True,89,,-9984,0.0,0.0,0.376946,0.341765
139,baseline_overlay_pass->release->rtl_overlay_pass,5.722543,14.419114,2.876007,23.064644,-0.3046875,-0.063963349,11980,True,89,179,-9984,6.158261,14.405543,0.901783,21.510828,-0.3046875,-0.063963349,11980,True,89,,-9984,0.0,0.0,0.374695,0.336885
140,baseline_overlay_pass->release->rtl_overlay_pass,6.030828,14.561536,2.896667,23.537671,-0.3046875,-0.06214784,11955,True,89,179,-9984,6.09203,14.998732,1.948828,23.093462,-0.3046875,-0.06214784,11955,True,89,,-9984,0.0,0.0,0.358945,0.331145
141,baseline_overlay_pass->release->rtl_overlay_pass,5.952387,14.869721,3.007399,23.883307,-0.359375,-0.084390386,12064,True,82,179,-11776,5.684624,15.056553,0.871403,21.660191,-0.359375,-0.084390386,12064,True,82,,-11776,0.0,0.0,0.353825,0.334915
142,baseline_overlay_pass->release->rtl_overlay_pass,5.925556,15.680374,2.889687,24.543398,-0.359375,-0.076881154,12068,True,82,179,-11776,5.635153,15.120594,0.852092,21.65283,-0.359375,-0.076881154,12068,True,82,,-11776,0.0,0.0,0.339345,0.335005
143,baseline_overlay_pass->release->rtl_overlay_pass,5.840195,15.184496,2.921138,23.994699,-0.359375,-0.073877462,12061,True,82,179,-11776,5.721934,15.332897,0.868933,21.969485,-0.359375,-0.073877462,12061,True,82,,-11776,0.0,0.0,0.350795,0.336925
144,baseline_overlay_pass->release->rtl_overlay_pass,5.698862,15.103505,3.225092,24.082101,-0.3984375,-0.089082235,12138,True,77,179,-13056,5.721605,14.762139,0.861733,21.392137,-0.3984375,-0.089082235,12138,True,77,,-13056,0.0,0.0,0.352765,0.327715
145,baseline_overlay_pass->release->rtl_overlay_pass,5.740573,14.586016,3.218152,23.603533,-0.3984375,-0.083445394,12142,True,77,179,-13056,5.649754,14.776809,0.885683,21.358786,-0.3984375,-0.083445394,12142,True,77,,-13056,0.0,0.0,0.373826,0.330505
146,baseline_overlay_pass->release->rtl_overlay_pass,5.697003,14.454404,2.951678,23.155935,-0.3984375,-0.081190658,12144,True,77,179,-13056,5.688064,14.645786,1.042705,21.424657,-0.3984375,-0.081190658,12144,True,77,,-13056,0.0,0.0,0.464107,0.347866
147,baseline_overlay_pass->release->rtl_overlay_pass,5.59017,14.421054,2.854157,22.913391,-0.4765625,-0.113101263,12117,True,67,179,-15616,5.585403,14.357192,0.911773,20.902809,-0.4765625,-0.113101263,12117,True,67,,-15616,0.0,0.0,0.385225,0.337855
148,baseline_overlay_pass->release->rtl_overlay_pass,5.823205,14.440364,2.844396,23.155865,-0.4765625,-0.102428005,12126,True,67,179,-15616,5.715495,14.320272,0.898153,20.98219,-0.4765625,-0.102428005,12126,True,67,,-15616,0.0,0.0,0.372056,0.338965
149,baseline_overlay_pass->release->rtl_overlay_pass,6.16097,14.743299,2.911817,23.866736,-0.4765625,-0.098158702,12115,True,67,179,-15616,5.668744,14.443264,0.923434,21.080582,-0.4765625,-0.098158702,12115,True,67,,-15616,0.0,0.0,0.392116,0.336785
150,baseline_overlay_pass->release->rtl_overlay_pass,5.843695,15.42299,2.837766,24.155561,-0.5078125,-0.109575981,12100,True,63,179,-16640,5.930678,14.546175,0.909774,21.429247,-0.5078125,-0.109575981,12100,True,63,,-16640,0.0,0.0,0.386165,0.335795
151,baseline_overlay_pass->release->rtl_overlay_pass,5.676392,15.571482,2.821255,24.11766,-0.5078125,-0.104767892,12098,True,63,179,-16640,6.09119,15.133024,0.884713,22.153838,-0.5078125,-0.104767892,12098,True,63,,-16640,0.0,0.0,0.364635,0.334295
152,baseline_overlay_pass->release->rtl_overlay_pass,5.650871,15.090814,2.871757,23.661733,-0.5078125,-0.102844657,12097,True,63,179,-16640,5.929808,14.85785,0.883913,21.721672,-0.5078125,-0.102844657,12097,True,63,,-16640,0.0,0.0,0.369215,0.330825
153,baseline_overlay_pass->release->rtl_overlay_pass,5.642112,14.857461,3.366754,23.917707,-0.5546875,-0.121762863,12029,True,57,179,-18176,5.678344,15.158765,0.884043,21.766362,-0.5546875,-0.121762863,12029,True,57,,-18176,0.0,0.0,0.357615,0.344475
154,baseline_overlay_pass->release->rtl_overlay_pass,5.58564,14.331112,3.014139,22.984472,-0.5546875,-0.115267645,12028,True,57,179,-18176,5.582582,14.81133,0.868483,21.307526,-0.5546875,-0.115267645,12028,True,57,,-18176,0.0,0.0,0.358465,0.331625
155,baseline_overlay_pass->release->rtl_overlay_pass,5.677072,14.441304,2.889557,23.054264,-0.5546875,-0.112669558,12028,True,57,179,-18176,5.690644,14.661217,0.927684,21.325236,-0.5546875,-0.112669558,12028,True,57,,-18176,0.0,0.0,0.390366,0.349425
156,baseline_overlay_pass->release->rtl_overlay_pass,5.701863,14.397503,2.902857,23.048014,-0.5703125,-0.118192823,12037,True,55,179,-18688,5.662084,15.108133,1.039255,21.855913,-0.5703125,-0.118192823,12037,True,55,,-18688,0.0,0.0,0.445816,0.363465
157,baseline_overlay_pass->release->rtl_overlay_pass,6.059778,14.544076,2.875327,23.521431,-0.5703125,-0.115714629,12047,True,55,179,-18688,5.601233,14.856579,0.992764,21.499888,-0.5703125,-0.115714629,12047,True,55,,-18688,0.0,0.0,0.448667,0.339945
158,baseline_overlay_pass->release->rtl_overlay_pass,5.986157,14.973333,2.870946,23.882477,-0.5703125,-0.114723352,12038,True,55,179,-18688,5.615573,14.453294,0.899054,21.016501,-0.5703125,-0.114723352,12038,True,55,,-18688,0.0,0.0,0.378125,0.333445
159,baseline_overlay_pass->release->rtl_overlay_pass,5.643532,15.348399,2.978018,24.020559,-0.7734375,-0.199639341,9936,True,29,179,-25344,6.158801,14.536425,0.899593,21.66872,-0.7734375,-0.199639341,9936,True,29,,-25344,0.0,0.0,0.374216,0.336205
160,baseline_overlay_pass->release->rtl_overlay_pass,5.621191,15.049524,2.876927,23.594152,-0.7734375,-0.172668236,9937,True,29,179,-25344,5.602973,14.88455,1.201248,21.733491,-0.7734375,-0.172668236,9937,True,29,,-25344,0.0,0.0,0.577849,0.412516
161,baseline_overlay_pass->release->rtl_overlay_pass,5.688792,14.772589,3.398255,23.915507,-0.7734375,-0.161879795,9935,True,29,179,-25344,5.578272,14.451454,0.886803,20.96089,-0.7734375,-0.161879795,9935,True,29,,-25344,0.0,0.0,0.366715,0.333285
162,baseline_overlay_pass->release->rtl_overlay_pass,5.651301,14.674647,3.415996,23.793825,-0.7890625,-0.164126918,9693,True,27,179,-25856,5.862026,14.337892,0.905013,21.151843,-0.7890625,-0.164126918,9693,True,27,,-25856,0.0,0.0,0.380566,0.339015
163,baseline_overlay_pass->release->rtl_overlay_pass,5.648672,14.328572,2.878837,22.907351,-0.7890625,-0.160338267,9697,True,27,179,-25856,6.05325,14.536975,0.952434,21.58753,-0.7890625,-0.160338267,9697,True,27,,-25856,0.0,0.0,0.427406,0.334805
164,baseline_overlay_pass->release->rtl_overlay_pass,5.655611,14.308241,2.888297,22.89873,-0.7890625,-0.158822807,9694,True,27,179,-25856,5.738425,15.041113,0.857163,21.688471,-0.7890625,-0.158822807,9694,True,27,,-25856,0.0,0.0,0.346705,0.329955
165,baseline_overlay_pass->release->rtl_overlay_pass,5.988426,14.362602,2.883667,23.282667,-0.796875,-0.161497873,9488,True,26,179,-26112,5.834457,15.120294,0.863693,21.865354,-0.796875,-0.161497873,9488,True,26,,-26112,0.0,0.0,0.351805,0.334575
166,baseline_overlay_pass->release->rtl_overlay_pass,6.000877,14.84962,2.926648,23.824656,-0.796875,-0.160224149,9485,True,26,179,-26112,5.636824,14.813299,0.872242,21.367196,-0.796875,-0.160224149,9485,True,26,,-26112,0.0,0.0,0.352005,0.341365
167,baseline_overlay_pass->release->rtl_overlay_pass,5.641961,15.708374,2.899187,24.302873,-0.796875,-0.15971466,9483,True,26,179,-26112,5.671614,15.007452,0.869363,21.5929,-0.796875,-0.15971466,9483,True,26,,-26112,0.0,0.0,0.354525,0.337205
168,baseline_overlay_pass->release->rtl_overlay_pass,5.675452,14.993643,2.933908,23.651123,-0.8125,-0.166073364,9069,True,24,179,-26624,5.678014,14.830309,0.954734,21.510189,-0.8125,-0.166073364,9069,True,24,,-26624,0.0,0.0,0.406856,0.353836
169,baseline_overlay_pass->release->rtl_overlay_pass,5.608151,14.85001,3.409705,23.920727,-0.8125,-0.163929346,9068,True,24,179,-26624,5.613433,14.400603,1.38902,21.453398,-0.8125,-0.163929346,9068,True,24,,-26624,0.0,0.0,0.574439,0.441106
170,baseline_overlay_pass->release->rtl_overlay_pass,5.634791,18.141514,3.302764,27.134419,-0.8125,-0.163071738,9068,True,24,179,-26624,5.638493,14.546766,0.905993,21.139472,-0.8125,-0.163071738,9068,True,24,,-26624,0.0,0.0,0.379986,0.338885
171,baseline_overlay_pass->release->rtl_overlay_pass,5.606091,14.490954,3.309203,23.456629,-0.8515625,-0.179134945,8539,True,19,179,-27904,5.806706,14.448464,0.907044,21.205364,-0.8515625,-0.179134945,8539,True,19,,-27904,0.0,0.0,0.383786,0.333565
172,baseline_overlay_pass->release->rtl_overlay_pass,5.58504,14.368542,2.849847,22.8487,-0.8515625,-0.173841478,8535,True,19,179,-27904,6.062729,14.345582,0.900163,21.352705,-0.8515625,-0.173841478,8535,True,19,,-27904,0.0,0.0,0.375826,0.336385
173,baseline_overlay_pass->release->rtl_overlay_pass,5.681922,14.354223,2.897287,22.977062,-0.8515625,-0.171724091,8539,True,19,179,-27904,6.0766,14.438813,0.904184,21.466638,-0.8515625,-0.171724091,8539,True,19,,-27904,0.0,0.0,0.373975,0.341215
174,baseline_overlay_pass->release->rtl_overlay_pass,5.960946,14.375022,2.896226,23.278066,-0.84375,-0.167595886,8586,True,20,179,-27648,5.919618,14.88129,0.873263,21.721432,-0.84375,-0.167595886,8586,True,20,,-27648,0.0,0.0,0.358625,0.332095
175,baseline_overlay_pass->release->rtl_overlay_pass,5.932296,15.070634,2.893697,23.948788,-0.84375,-0.168288355,8588,True,20,179,-27648,5.621043,15.383568,0.861833,21.913484,-0.84375,-0.168288355,8588,True,20,,-27648,0.0,0.0,0.344256,0.338415
176,baseline_overlay_pass->release->rtl_overlay_pass,7.803196,15.518922,2.872526,26.245694,-0.8515625,-0.171846592,8588,True,19,179,-27904,6.028489,14.752979,0.884413,21.710741,-0.8515625,-0.171846592,8588,True,19,,-27904,0.0,0.0,0.366135,0.336405
177,baseline_overlay_pass->release->rtl_overlay_pass,5.626771,16.169391,2.865686,24.71037,-0.84375,-0.167644887,8633,True,20,179,-27648,5.641444,15.364727,0.873793,21.926434,-0.84375,-0.167644887,8633,True,20,,-27648,0.0,0.0,0.353286,0.338485
178,baseline_overlay_pass->release->rtl_overlay_pass,5.612461,14.984183,2.929687,23.575291,-0.84375,-0.168307955,8632,True,20,179,-27648,5.636484,14.658307,1.015145,21.358576,-0.84375,-0.168307955,8632,True,20,,-27648,0.0,0.0,0.465777,0.340965
179,baseline_overlay_pass->release->rtl_overlay_pass,5.622501,14.80275,3.272043,23.754344,-0.84375,-0.168573182,8630,True,20,179,-27648,5.600223,14.774219,0.915893,21.338536,-0.84375,-0.168573182,8630,True,20,,-27648,0.0,0.0,0.383556,0.340205
180,baseline_overlay_pass->release->rtl_overlay_pass,5.682822,16.406365,4.34633,26.487779,-0.8359375,-0.165398023,8630,True,21,179,-27392,5.642834,14.446344,0.899643,21.037141,-0.8359375,-0.165398023,8630,True,21,,-27392,0.0,0.0,0.371646,0.339875
181,baseline_overlay_pass->release->rtl_overlay_pass,5.600911,14.516085,3.219172,23.390019,-0.84375,-0.169752959,8631,True,20,179,-27648,5.710195,14.337852,0.900303,20.99178,-0.84375,-0.169752959,8631,True,20,,-27648,0.0,0.0,0.378596,0.336945
182,baseline_overlay_pass->release->rtl_overlay_pass,5.5944,14.512065,2.939197,23.096294,-0.84375,-0.169151184,8631,True,20,179,-27648,5.894177,14.566626,0.916233,21.423056,-0.84375,-0.169151184,8631,True,20,,-27648,0.0,0.0,0.394636,0.335034
183,baseline_overlay_pass->release->rtl_overlay_pass,5.641141,14.382432,2.847336,22.917891,-0.8359375,-0.165629223,8670,True,21,179,-27392,5.809806,15.102513,0.873563,21.829613,-0.8359375,-0.165629223,8670,True,21,,-27392,0.0,0.0,0.359065,0.332785
184,baseline_overlay_pass->release->rtl_overlay_pass,5.802634,14.257261,2.895377,23.003422,-0.8359375,-0.166564189,8668,True,21,179,-27392,5.642163,15.240115,0.861513,21.786682,-0.8359375,-0.166564189,8668,True,21,,-27392,0.0,0.0,0.347715,0.333905
185,baseline_overlay_pass->release->rtl_overlay_pass,6.017777,14.854671,2.886767,23.807715,-0.8359375,-0.166938176,8664,True,21,179,-27392,5.663223,14.599075,0.859792,21.164122,-0.8359375,-0.166938176,8664,True,21,,-27392,0.0,0.0,0.352245,0.331965
186,baseline_overlay_pass->release->rtl_overlay_pass,5.831564,15.297527,2.886437,24.065759,-0.8203125,-0.16052527,8757,True,23,179,-26880,5.593852,14.945831,1.941939,22.526523,-0.8203125,-0.16052527,8757,True,23,,-26880,0.0,0.0,0.359365,1.394971
187,baseline_overlay_pass->release->rtl_overlay_pass,5.700773,15.483791,2.888787,24.121851,-0.8203125,-0.162647608,8761,True,23,179,-26880,5.646594,14.462514,1.036445,21.192953,-0.8203125,-0.162647608,8761,True,23,,-26880,0.0,0.0,0.455397,0.371795
188,baseline_overlay_pass->release->rtl_overlay_pass,5.707882,15.132745,2.840846,23.731284,-0.8203125,-0.163496543,8761,True,23,179,-26880,5.656204,14.418573,0.896274,21.018471,-0.8203125,-0.163496543,8761,True,23,,-26880,0.0,0.0,0.373586,0.337235
189,baseline_overlay_pass->release->rtl_overlay_pass,5.710383,15.074084,3.266723,24.1054,-0.8203125,-0.163836117,8799,True,23,179,-26880,5.683604,14.506425,0.909734,21.149163,-0.8203125,-0.163836117,8799,True,23,,-26880,0.0,0.0,0.388866,0.337015
190,baseline_overlay_pass->release->rtl_overlay_pass,5.61113,14.462053,3.304133,23.435569,-0.8203125,-0.163971947,8796,True,23,179,-26880,5.791005,14.388873,0.900434,21.125102,-0.8203125,-0.163971947,8796,True,23,,-26880,0.0,0.0,0.377115,0.335585
191,baseline_overlay_pass->release->rtl_overlay_pass,5.616201,15.295768,3.223932,24.237422,-0.8203125,-0.164026279,8798,True,23,179,-26880,5.643624,14.397093,0.901393,20.985841,-0.8203125,-0.164026279,8798,True,23,,-26880,0.0,0.0,0.374786,0.340025
192,baseline_overlay_pass->release->rtl_overlay_pass,5.715512,14.783079,3.346924,23.905586,-0.8203125,-0.164048012,8816,True,23,179,-26880,5.686054,14.470344,0.896803,21.098762,-0.8203125,-0.164048012,8816,True,23,,-26880,0.0,0.0,0.373786,0.338275
193,baseline_overlay_pass->release->rtl_overlay_pass,5.684052,14.414734,3.067159,23.216236,-0.8203125,-0.164056705,8818,True,23,179,-26880,5.944468,14.442124,0.905673,21.335195,-0.8203125,-0.164056705,8818,True,23,,-26880,0.0,0.0,0.378116,0.340725
194,baseline_overlay_pass->release->rtl_overlay_pass,5.776043,14.546735,3.048149,23.418018,-0.8203125,-0.164060182,8815,True,23,179,-26880,5.668994,14.974752,0.875003,21.567499,-0.8203125,-0.164060182,8815,True,23,,-26880,0.0,0.0,0.356435,0.334205
195,baseline_overlay_pass->release->rtl_overlay_pass,5.931756,14.442734,3.09653,23.51872,-0.8203125,-0.164061573,8834,True,23,179,-26880,6.234632,15.010152,0.945954,22.237769,-0.8203125,-0.164061573,8834,True,23,,-26880,0.0,0.0,0.359605,0.331045
196,baseline_overlay_pass->release->rtl_overlay_pass,6.21826,14.520225,3.10751,23.893126,-0.8203125,-0.164062129,8833,True,23,179,-26880,5.629713,15.755863,0.867893,22.29797,-0.8203125,-0.164062129,8833,True,23,,-26880,0.0,0.0,0.344615,0.343305
197,baseline_overlay_pass->release->rtl_overlay_pass,6.355222,15.705804,3.009199,25.123156,-0.8203125,-0.164062352,8833,True,23,179,-26880,5.685594,14.945731,0.862542,21.538858,-0.8203125,-0.164062352,8833,True,23,,-26880,0.0,0.0,0.349005,0.334574
198,baseline_overlay_pass->release->rtl_overlay_pass,5.699993,15.755465,2.921447,24.422355,-0.8125,-0.160781191,8898,True,24,179,-26624,5.595182,14.704747,0.871663,21.217293,-0.8125,-0.160781191,8898,True,24,,-26624,0.0,0.0,0.356745,0.336495
199,baseline_overlay_pass->release->rtl_overlay_pass,5.918516,15.560072,2.945498,24.472996,-0.8125,-0.161812476,8902,True,24,179,-26624,5.775855,14.916611,0.882563,21.621239,-0.8125,-0.161812476,8902,True,24,,-26624,0.0,0.0,0.363166,0.335865
200,baseline_overlay_pass->release->rtl_overlay_pass,5.61573,15.347108,3.330734,24.347444,-0.8125,-0.162224991,8897,True,24,179,-26624,5.732795,14.666097,0.959844,21.407257,-0.8125,-0.162224991,8897,True,24,,-26624,0.0,0.0,0.407216,0.361866
201,baseline_overlay_pass->release->rtl_overlay_pass,5.746393,14.579906,3.389415,23.767294,-0.8046875,-0.159108746,8981,True,25,179,-26368,5.701194,14.605736,1.016825,21.376006,-0.8046875,-0.159108746,8981,True,25,,-26368,0.0,0.0,0.464327,0.346385
202,baseline_overlay_pass->release->rtl_overlay_pass,5.718603,14.374112,2.873496,23.013562,-0.8125,-0.163487248,8978,True,24,179,-26624,5.658644,15.023372,1.076876,21.808832,-0.8125,-0.163487248,8978,True,24,,-26624,0.0,0.0,0.446017,0.406706
203,baseline_overlay_pass->release->rtl_overlay_pass,5.916345,14.26433,2.905687,23.132314,-0.8125,-0.162894899,8980,True,24,179,-26624,5.905118,14.350582,0.905394,21.208844,-0.8125,-0.162894899,8980,True,24,,-26624,0.0,0.0,0.379775,0.335365
204,baseline_overlay_pass->release->rtl_overlay_pass,5.961637,14.625637,2.870366,23.5071,-0.8046875,-0.15937671,9042,True,25,179,-26368,5.586532,14.502834,0.906294,21.043321,-0.8046875,-0.15937671,9042,True,25,,-26368,0.0,0.0,0.384525,0.335575
205,baseline_overlay_pass->release->rtl_overlay_pass,5.817964,15.611402,2.821105,24.298472,-0.8046875,-0.160313184,9038,True,25,179,-26368,5.648533,14.305651,0.910304,20.906979,-0.8046875,-0.160313184,9038,True,25,,-26368,0.0,0.0,0.379176,0.340265
206,baseline_overlay_pass->release->rtl_overlay_pass,5.607651,15.318278,3.029029,24.002598,-0.8046875,-0.160687774,9047,True,25,179,-26368,5.847926,14.326442,0.908424,21.127513,-0.8046875,-0.160687774,9047,True,25,,-26368,0.0,0.0,0.376245,0.337435
207,baseline_overlay_pass->release->rtl_overlay_pass,5.591561,15.022683,2.960058,23.622772,-0.8046875,-0.160837609,9119,True,25,179,-26368,5.646913,15.104943,0.842993,21.64844,-0.8046875,-0.160837609,9119,True,25,,-26368,0.0,0.0,0.338065,0.329845
208,baseline_overlay_pass->release->rtl_overlay_pass,5.636411,17.524343,3.278233,26.492638,-0.8046875,-0.160897544,9115,True,25,179,-26368,5.627554,15.169074,0.864423,21.705311,-0.8046875,-0.160897544,9115,True,25,,-26368,0.0,0.0,0.347835,0.338755
209,baseline_overlay_pass->release->rtl_overlay_pass,5.616561,14.521465,3.250303,23.446399,-0.796875,-0.157640268,9118,True,26,179,-26112,5.610973,14.674037,0.868363,21.198873,-0.796875,-0.157640268,9118,True,26,,-26112,0.0,0.0,0.357236,0.330535
210,baseline_overlay_pass->release->rtl_overlay_pass,5.641211,14.407023,2.924288,23.022303,-0.796875,-0.158681107,9262,True,26,179,-26112,5.617503,15.982856,0.912003,22.557924,-0.796875,-0.158681107,9262,True,26,,-26112,0.0,0.0,0.391506,0.340085
211,baseline_overlay_pass->release->rtl_overlay_pass,5.661082,14.420223,2.893637,23.020312,-0.796875,-0.159097443,9261,True,26,179,-26112,5.593652,14.433303,2.548918,22.624254,-0.796875,-0.159097443,9261,True,26,,-26112,0.0,0.0,0.396506,1.915488
212,baseline_overlay_pass->release->rtl_overlay_pass,5.747493,14.557005,2.894386,23.246446,-0.796875,-0.159263977,9264,True,26,179,-26112,5.594882,14.621886,0.905403,21.170432,-0.796875,-0.159263977,9264,True,26,,-26112,0.0,0.0,0.384156,0.334894
213,baseline_overlay_pass->release->rtl_overlay_pass,5.957866,14.656807,2.815566,23.47751,-0.7890625,-0.156049341,9387,True,27,179,-25856,5.568812,14.532535,0.899774,21.048381,-0.7890625,-0.156049341,9387,True,27,,-25856,0.0,0.0,0.371216,0.341515
214,baseline_overlay_pass->release->rtl_overlay_pass,5.777344,15.585882,2.837936,24.247172,-0.7890625,-0.157107236,9389,True,27,179,-25856,5.596293,14.425903,0.901343,20.97055,-0.7890625,-0.157107236,9389,True,27,,-25856,0.0,0.0,0.377886,0.334285
215,baseline_overlay_pass->release->rtl_overlay_pass,5.615081,18.57088,2.888577,27.123938,-0.7890625,-0.157530395,9390,True,27,179,-25856,5.553542,14.656916,0.978325,21.237004,-0.7890625,-0.157530395,9390,True,27,,-25856,0.0,0.0,0.375745,0.378695
216,baseline_overlay_pass->release->rtl_overlay_pass,5.840304,15.252687,2.899557,24.038759,-0.7734375,-0.151137158,9614,True,29,179,-25344,6.009009,14.384733,0.898533,21.336035,-0.7734375,-0.151137158,9614,True,29,,-25344,0.0,0.0,0.372356,0.339095
217,baseline_overlay_pass->release->rtl_overlay_pass,5.674112,15.209876,2.863816,23.794105,-0.7734375,-0.153267363,9617,True,29,179,-25344,5.649674,14.387302,0.906633,20.98685,-0.7734375,-0.153267363,9617,True,29,,-25344,0.0,0.0,0.380215,0.335275
218,baseline_overlay_pass->release->rtl_overlay_pass,5.700972,14.816309,3.161541,23.734064,-0.7734375,-0.154119445,9616,True,29,179,-25344,6.327144,14.327962,0.914023,21.613409,-0.7734375,-0.154119445,9616,True,29,,-25344,0.0,0.0,0.389186,0.335805
219,baseline_overlay_pass->release->rtl_overlay_pass,5.664351,16.156842,3.182411,25.054566,-0.765625,-0.151179028,9731,True,30,179,-25088,7.846226,14.340272,0.893643,23.125541,-0.765625,-0.151179028,9731,True,30,,-25088,0.0,0.0,0.372986,0.334025
220,baseline_overlay_pass->release->rtl_overlay_pass,5.642541,14.601956,3.122031,23.420718,-0.765625,-0.152346611,9735,True,30,179,-25088,9.386858,14.351302,0.906063,24.690584,-0.765625,-0.152346611,9735,True,30,,-25088,0.0,0.0,0.380736,0.337795
221,baseline_overlay_pass->release->rtl_overlay_pass,5.607331,14.621747,2.924457,23.205525,-0.765625,-0.152813644,9734,True,30,179,-25088,5.677484,16.831248,0.880933,23.437687,-0.765625,-0.152813644,9734,True,30,,-25088,0.0,0.0,0.362195,0.332055
222,baseline_overlay_pass->release->rtl_overlay_pass,5.725242,14.491174,2.899737,23.163014,-0.7578125,-0.149719208,9986,True,31,179,-24832,5.668364,14.90674,0.853603,21.472797,-0.7578125,-0.149719208,9986,True,31,,-24832,0.0,0.0,0.344085,0.332515
223,baseline_overlay_pass->release->rtl_overlay_pass,5.875175,14.308501,2.877386,23.107053,-0.7578125,-0.150825183,9987,True,31,179,-24832,5.644964,14.691977,0.871813,21.254654,-0.7578125,-0.150825183,9987,True,31,,-24832,0.0,0.0,0.359386,0.334635
224,baseline_overlay_pass->release->rtl_overlay_pass,5.880425,14.522844,2.910217,23.360518,-0.7578125,-0.151267573,9988,True,31,179,-24832,5.634103,14.703557,0.888783,21.271654,-0.7578125,-0.151267573,9988,True,31,,-24832,0.0,0.0,0.357155,0.348815
225,baseline_overlay_pass->release->rtl_overlay_pass,5.801304,15.48855,2.882286,24.216671,-0.75,-0.148163279,10083,True,32,179,-24576,5.622293,14.679447,0.913423,21.296905,-0.75,-0.148163279,10083,True,32,,-24576,0.0,0.0,0.380975,0.348215
226,baseline_overlay_pass->release->rtl_overlay_pass,5.60051,15.354488,2.918187,23.921276,-0.75,-0.149265312,10083,True,32,179,-24576,5.687374,16.531825,0.990174,23.256744,-0.75,-0.149265312,10083,True,32,,-24576,0.0,0.0,0.428986,0.357296
227,baseline_overlay_pass->release->rtl_overlay_pass,5.609171,14.84377,2.904747,23.406188,-0.75,-0.149706125,10083,True,32,179,-24576,5.702114,16.438853,0.926084,23.158192,-0.75,-0.149706125,10083,True,32,,-24576,0.0,0.0,0.402266,0.337525
228,baseline_overlay_pass->release->rtl_overlay_pass,6.072568,14.916911,3.393575,24.434885,-0.7421875,-0.1466012,10257,True,33,179,-24320,5.610553,14.348161,0.903883,20.911119,-0.7421875,-0.1466012,10257,True,33,,-24320,0.0,0.0,0.375795,0.343055
229,baseline_overlay_pass->release->rtl_overlay_pass,5.615031,14.380733,3.051429,23.100203,-0.7421875,-0.14770298,10258,True,33,179,-24320,5.637033,14.536454,0.902523,21.124292,-0.7421875,-0.14770298,10258,True,33,,-24320,0.0,0.0,0.376525,0.337375
230,baseline_overlay_pass->release->rtl_overlay_pass,5.623011,14.328551,2.901087,22.89824,-0.7421875,-0.148143692,10258,True,33,179,-24320,5.594863,14.550205,0.911124,21.102612,-0.7421875,-0.148143692,10258,True,33,,-24320,0.0,0.0,0.386746,0.334595
231,baseline_overlay_pass->release->rtl_overlay_pass,6.096019,14.456514,2.845956,23.445719,-0.7265625,-0.141757477,10420,True,35,179,-23808,5.763526,14.374872,0.920034,21.105852,-0.7265625,-0.141757477,10420,True,35,,-23808,0.0,0.0,0.396425,0.336895
232,baseline_overlay_pass->release->rtl_overlay_pass,5.884015,14.964991,2.856966,23.751634,-0.7265625,-0.143890491,10404,True,35,179,-23808,5.914127,14.358862,0.912603,21.230823,-0.7265625,-0.143890491,10404,True,35,,-23808,0.0,0.0,0.384086,0.339985
233,baseline_overlay_pass->release->rtl_overlay_pass,5.939996,14.898151,2.889377,23.780604,-0.7265625,-0.144743696,10426,True,35,179,-23808,5.616413,14.510775,0.921714,21.093242,-0.7265625,-0.144743696,10426,True,35,,-23808,0.0,0.0,0.394486,0.334445
234,baseline_overlay_pass->release->rtl_overlay_pass,5.720773,15.49747,2.899887,24.168041,-0.7109375,-0.138522479,10683,True,37,179,-23296,5.844777,14.395533,0.901193,21.188203,-0.7109375,-0.138522479,10683,True,37,,-23296,0.0,0.0,0.378146,0.333205
235,baseline_overlay_pass->release->rtl_overlay_pass,5.641371,15.028333,2.881956,23.599991,-0.7109375,-0.140721491,10692,True,37,179,-23296,6.1081,14.804069,0.879433,21.843063,-0.7109375,-0.140721491,10692,True,37,,-23296,0.0,0.0,0.359745,0.334145
236,baseline_overlay_pass->release->rtl_overlay_pass,5.620581,15.722994,3.187292,24.586157,-0.7109375,-0.141601097,10705,True,37,179,-23296,5.638043,15.212965,0.854693,21.751511,-0.7109375,-0.141601097,10705,True,37,,-23296,0.0,0.0,0.346326,0.331965
237,baseline_overlay_pass->release->rtl_overlay_pass,5.691942,14.636657,3.420095,23.801504,-0.7109375,-0.141952939,10718,True,37,179,-23296,5.599922,15.677771,0.845093,22.167937,-0.7109375,-0.141952939,10718,True,37,,-23296,0.0,0.0,0.335905,0.331945
238,baseline_overlay_pass->release->rtl_overlay_pass,5.674772,14.352722,3.026259,23.106673,-0.7109375,-0.142093675,10717,True,37,179,-23296,5.669294,15.582441,0.849942,22.146787,-0.7109375,-0.142093675,10717,True,37,,-23296,0.0,0.0,0.342965,0.330855
239,baseline_overlay_pass->release->rtl_overlay_pass,5.619001,14.308601,2.951638,22.92485,-0.7109375,-0.14214997,10722,True,37,179,-23296,5.629343,14.824819,0.882763,21.382705,-0.7109375,-0.14214997,10722,True,37,,-23296,0.0,0.0,0.363715,0.339035
240,baseline_overlay_pass->release->rtl_overlay_pass,5.821754,14.371982,2.965568,23.208835,-0.703125,-0.138891238,10878,True,38,179,-23040,5.625134,14.87936,0.878383,21.430837,-0.703125,-0.138891238,10878,True,38,,-23040,0.0,0.0,0.362755,0.333755
241,baseline_overlay_pass->release->rtl_overlay_pass,6.17894,14.675257,2.876806,23.778984,-0.703125,-0.139931495,10879,True,38,179,-23040,5.676254,14.720138,0.992215,21.437987,-0.703125,-0.139931495,10879,True,38,,-23040,0.0,0.0,0.439717,0.348405
242,baseline_overlay_pass->release->rtl_overlay_pass,6.062868,15.369348,2.875576,24.356043,-0.703125,-0.140347598,10881,True,38,179,-23040,5.679844,14.609716,0.907243,21.245063,-0.703125,-0.140347598,10881,True,38,,-23040,0.0,0.0,0.379966,0.336905
243,baseline_overlay_pass->release->rtl_overlay_pass,5.604701,15.48355,2.886796,24.024018,-0.703125,-0.140514039,10893,True,38,179,-23040,5.645663,14.311011,0.900873,20.904899,-0.703125,-0.140514039,10893,True,38,,-23040,0.0,0.0,0.381616,0.334785
244,baseline_overlay_pass->release->rtl_overlay_pass,5.620261,14.794079,2.996438,23.460439,-0.703125,-0.140580616,10888,True,38,179,-23040,5.611573,14.729738,0.900343,21.287894,-0.703125,-0.140580616,10888,True,38,,-23040,0.0,0.0,0.376506,0.336044
245,baseline_overlay_pass->release->rtl_overlay_pass,5.680042,15.716324,3.266883,24.719839,-0.703125,-0.140607246,10893,True,38,179,-23040,5.574442,14.435433,0.898344,20.950889,-0.703125,-0.140607246,10893,True,38,,-23040,0.0,0.0,0.380115,0.331875
246,baseline_overlay_pass->release->rtl_overlay_pass,5.59011,14.361582,3.254863,23.264356,-0.6953125,-0.137336649,11000,True,39,179,-22784,5.833366,14.326051,0.899164,21.103622,-0.6953125,-0.137336649,11000,True,39,,-22784,0.0,0.0,0.377216,0.335165
247,baseline_overlay_pass->release->rtl_overlay_pass,5.58251,14.602055,2.895097,23.126514,-0.6953125,-0.138372159,10994,True,39,179,-22784,6.480235,14.886449,0.892703,22.305539,-0.6953125,-0.138372159,10994,True,39,,-22784,0.0,0.0,0.368205,0.335035
248,baseline_overlay_pass->release->rtl_overlay_pass,5.649951,14.603996,2.903267,23.206034,-0.6953125,-0.138786364,10993,True,39,179,-22784,6.012868,15.038192,0.879833,21.981075,-0.6953125,-0.138786364,10993,True,39,,-22784,0.0,0.0,0.358595,0.337115
249,baseline_overlay_pass->release->rtl_overlay_pass,5.979727,14.744538,2.986699,23.761224,-0.6875,-0.135670796,11040,True,40,179,-22528,5.658894,15.331176,0.879253,21.914404,-0.6875,-0.135670796,11040,True,40,,-22528,0.0,0.0,0.369385,0.329985
250,baseline_overlay_pass->release->rtl_overlay_pass,6.018127,15.012753,2.813945,23.893145,-0.6875,-0.136768318,11040,True,40,179,-22528,5.617363,14.894879,0.875833,21.435347,-0.6875,-0.136768318,11040,True,40,,-22528,0.0,0.0,0.359145,0.338375
251,baseline_overlay_pass->release->rtl_overlay_pass,5.703332,15.870936,2.820166,24.441885,-0.6875,-0.137207327,11039,True,40,179,-22528,5.598272,14.895409,0.879483,21.418346,-0.6875,-0.137207327,11039,True,40,,-22528,0.0,0.0,0.363995,0.336195
252,baseline_overlay_pass->release->rtl_overlay_pass,5.62682,15.000252,3.026709,23.704023,-0.6875,-0.137382931,11075,True,40,179,-22528,5.608503,14.568945,1.022715,21.248004,-0.6875,-0.137382931,11075,True,40,,-22528,0.0,0.0,0.452916,0.351545
253,baseline_overlay_pass->release->rtl_overlay_pass,5.761193,14.810189,3.313063,23.939176,-0.6953125,-0.140734422,11075,True,39,179,-22784,5.603843,14.410843,1.540513,21.600419,-0.6953125,-0.140734422,11075,True,39,,-22784,0.0,0.0,0.985095,0.337935
254,baseline_overlay_pass->release->rtl_overlay_pass,5.818184,14.671967,3.15291,23.696823,-0.6953125,-0.139731269,11070,True,39,179,-22784,5.646334,14.380122,0.904823,20.97836,-0.6953125,-0.139731269,11070,True,39,,-22784,0.0,0.0,0.378335,0.333575
255,baseline_overlay_pass->release->rtl_overlay_pass,5.627321,14.338162,2.915017,22.92713,-0.6796875,-0.132767508,11195,True,41,179,-22272,5.631204,14.546245,0.902293,21.126202,-0.6796875,-0.132767508,11195,True,41,,-22272,0.0,0.0,0.373786,0.339935
256,baseline_overlay_pass->release->rtl_overlay_pass,5.800814,14.335002,2.891297,23.075523,-0.6796875,-0.134669503,11200,True,41,179,-22272,5.735685,14.357392,0.915804,21.054281,-0.6796875,-0.134669503,11200,True,41,,-22272,0.0,0.0,0.387096,0.337985
257,baseline_overlay_pass->release->rtl_overlay_pass,6.027817,15.038912,2.835175,23.952366,-0.6796875,-0.135430301,11191,True,41,179,-22272,5.670934,14.373212,0.895153,20.98174,-0.6796875,-0.135430301,11191,True,41,,-22272,0.0,0.0,0.370756,0.336595
258,baseline_overlay_pass->release->rtl_overlay_pass,5.891455,14.985872,2.922817,23.852355,-0.6796875,-0.13573462,11281,True,41,179,-22272,6.019809,14.549885,0.907503,21.521327,-0.6796875,-0.13573462,11281,True,41,,-22272,0.0,0.0,0.376906,0.340725
259,baseline_overlay_pass->release->rtl_overlay_pass,5.728262,15.553161,2.928417,24.261701,-0.6796875,-0.135856348,11283,True,41,179,-22272,5.848356,15.049012,0.840752,21.784752,-0.6796875,-0.135856348,11283,True,41,,-22272,0.0,0.0,0.334695,0.328515
260,baseline_overlay_pass->release->rtl_overlay_pass,5.638381,15.051863,2.834206,23.57257,-0.6796875,-0.135905039,11281,True,41,179,-22272,5.647323,15.250255,0.873793,21.816812,-0.6796875,-0.135905039,11281,True,41,,-22272,0.0,0.0,0.355455,0.340915
261,baseline_overlay_pass->release->rtl_overlay_pass,5.632281,15.158714,3.322873,24.16888,-0.671875,-0.132643266,11289,True,42,179,-22016,5.642044,14.92567,0.868453,21.481047,-0.671875,-0.132643266,11289,True,42,,-22016,0.0,0.0,0.359365,0.330305
262,baseline_overlay_pass->release->rtl_overlay_pass,5.651731,14.647416,3.210462,23.566961,-0.671875,-0.133682306,11295,True,42,179,-22016,5.601692,14.725227,0.983175,21.359215,-0.671875,-0.133682306,11295,True,42,,-22016,0.0,0.0,0.427737,0.355205
263,baseline_overlay_pass->release->rtl_overlay_pass,5.664071,14.345271,2.901857,22.96238,-0.671875,-0.134097923,11288,True,42,179,-22016,5.708294,14.350991,1.099286,21.206743,-0.671875,-0.134097923,11288,True,42,,-22016,0.0,0.0,0.406726,0.336905
264,baseline_overlay_pass->release->rtl_overlay_pass,5.642241,14.381832,2.909487,23.017751,-0.6640625,-0.130982919,11321,True,43,179,-21760,5.627703,14.475183,0.906493,21.056941,-0.6640625,-0.130982919,11321,True,43,,-21760,0.0,0.0,0.382965,0.336315
265,baseline_overlay_pass->release->rtl_overlay_pass,5.748583,14.335281,2.933307,23.064292,-0.6640625,-0.132080668,11321,True,43,179,-21760,5.708734,14.483353,0.912843,21.149592,-0.6640625,-0.132080668,11321,True,43,,-21760,0.0,0.0,0.368086,0.336875
266,baseline_overlay_pass->release->rtl_overlay_pass,6.087798,14.331241,3.006979,23.474399,-0.6640625,-0.132519767,11326,True,43,179,-21760,5.796736,14.366012,0.907724,21.124342,-0.6640625,-0.132519767,11326,True,43,,-21760,0.0,0.0,0.383455,0.337115
267,baseline_overlay_pass->release->rtl_overlay_pass,6.004847,14.838279,2.874796,23.774164,-0.6484375,-0.126132907,11494,True,45,179,-21248,6.08852,14.314942,0.899603,21.348355,-0.6484375,-0.126132907,11494,True,45,,-21248,0.0,0.0,0.379786,0.333965
268,baseline_overlay_pass->release->rtl_overlay_pass,5.907296,15.51037,2.831556,24.296462,-0.6484375,-0.128265663,11491,True,45,179,-21248,5.664113,15.275196,0.841083,21.823593,-0.6484375,-0.128265663,11491,True,45,,-21248,0.0,0.0,0.336115,0.328885
269,baseline_overlay_pass->release->rtl_overlay_pass,5.616891,15.284547,2.843496,23.793524,-0.6484375,-0.129118765,11489,True,45,179,-21248,5.639184,14.986541,0.859643,21.530248,-0.6484375,-0.129118765,11489,True,45,,-21248,0.0,0.0,0.351026,0.331305
270,baseline_overlay_pass->release->rtl_overlay_pass,5.627511,15.012403,3.197062,23.887936,-0.640625,-0.126178756,11570,True,46,179,-20992,5.609983,14.779988,0.886583,21.321835,-0.640625,-0.126178756,11570,True,46,,-20992,0.0,0.0,0.364375,0.343435
271,baseline_overlay_pass->release->rtl_overlay_pass,5.603831,14.658827,3.273463,23.589821,-0.640625,-0.127346502,11574,True,46,179,-20992,5.617763,14.726648,0.983594,21.376696,-0.640625,-0.127346502,11574,True,46,,-20992,0.0,0.0,0.432857,0.345186
272,baseline_overlay_pass->release->rtl_overlay_pass,5.975547,14.396402,2.893517,23.313296,-0.640625,-0.127813601,11545,True,46,179,-20992,5.679964,14.387292,0.915214,21.032331,-0.640625,-0.127813601,11545,True,46,,-20992,0.0,0.0,0.388246,0.337645
273,baseline_overlay_pass->release->rtl_overlay_pass,5.683122,14.314171,2.930837,22.975841,-0.625,-0.12143794,11496,True,48,179,-20480,5.790685,14.365312,0.917163,21.120592,-0.625,-0.12143794,11496,True,48,,-20480,0.0,0.0,0.396236,0.336015
274,baseline_overlay_pass->release->rtl_overlay_pass,5.930676,14.510445,2.908887,23.397138,-0.625,-0.123575176,11485,True,48,179,-20480,5.654074,14.368422,0.903033,20.969739,-0.625,-0.123575176,11485,True,48,,-20480,0.0,0.0,0.373576,0.340245
275,baseline_overlay_pass->release->rtl_overlay_pass,5.799444,15.293817,2.853136,23.995798,-0.625,-0.12443007,11490,True,48,179,-20480,5.792595,14.454543,0.909504,21.202693,-0.625,-0.12443007,11490,True,48,,-20480,0.0,0.0,0.376346,0.347115
276,baseline_overlay_pass->release->rtl_overlay_pass,5.672032,15.195736,2.879456,23.796144,-0.625,-0.124772028,11690,True,48,179,-20480,5.984489,14.657796,0.886673,21.574388,-0.625,-0.124772028,11690,True,48,,-20480,0.0,0.0,0.359676,0.341095
277,baseline_overlay_pass->release->rtl_overlay_pass,5.706922,14.85036,3.000848,23.610691,-0.625,-0.124908811,11682,True,48,179,-20480,5.649403,15.751052,0.854393,22.299779,-0.625,-0.124908811,11682,True,48,,-20480,0.0,0.0,0.346365,0.329125
278,baseline_overlay_pass->release->rtl_overlay_pass,5.665892,14.566345,3.417485,23.707803,-0.625,-0.124963525,11682,True,48,179,-20480,5.634464,14.695657,0.869483,21.243984,-0.625,-0.124963525,11682,True,48,,-20480,0.0,0.0,0.356405,0.334235
279,baseline_overlay_pass->release->rtl_overlay_pass,5.633601,14.359201,3.213692,23.259956,-0.6328125,-0.12826666,11718,True,47,179,-20736,5.737204,14.725218,0.916953,21.424466,-0.6328125,-0.12826666,11718,True,47,,-20736,0.0,0.0,0.396216,0.341086
280,baseline_overlay_pass->release->rtl_overlay_pass,5.54659,14.432053,2.823066,22.852149,-0.6328125,-0.127244164,11722,True,47,179,-20736,5.647053,14.737117,1.016365,21.454666,-0.6328125,-0.127244164,11722,True,47,,-20736,0.0,0.0,0.453256,0.353045
281,baseline_overlay_pass->release->rtl_overlay_pass,5.5915,14.301381,2.924577,22.865618,-0.6328125,-0.126835166,11714,True,47,179,-20736,5.644613,14.380252,0.896743,20.971929,-0.6328125,-0.126835166,11714,True,47,,-20736,0.0,0.0,0.377165,0.334035
282,baseline_overlay_pass->release->rtl_overlay_pass,5.755803,14.377322,2.882047,23.060102,-0.6328125,-0.126671566,11712,True,47,179,-20736,5.674053,14.412412,0.902314,21.041291,-0.6328125,-0.126671566,11712,True,47,,-20736,0.0,0.0,0.377055,0.339095
283,baseline_overlay_pass->release->rtl_overlay_pass,6.009737,14.696917,2.835266,23.592271,-0.6328125,-0.126606126,11704,True,47,179,-20736,5.603153,14.445043,0.907904,21.00219,-0.6328125,-0.126606126,11704,True,47,,-20736,0.0,0.0,0.382576,0.338445
284,baseline_overlay_pass->release->rtl_overlay_pass,5.729732,15.384508,2.899227,24.065958,-0.6328125,-0.126579951,11695,True,47,179,-20736,5.639383,14.372712,0.905854,20.960749,-0.6328125,-0.126579951,11695,True,47,,-20736,0.0,0.0,0.381725,0.338235
285,baseline_overlay_pass->release->rtl_overlay_pass,5.600391,15.001822,2.898177,23.55009,-0.640625,-0.12985073,11823,True,46,179,-20992,7.781065,14.367922,0.895483,23.09145,-0.640625,-0.12985073,11823,True,46,,-20992,0.0,0.0,0.374366,0.336815
286,baseline_overlay_pass->release->rtl_overlay_pass,5.747272,14.93699,3.311913,24.053088,-0.6484375,-0.132096542,11817,True,45,179,-21248,7.728634,14.371472,0.901783,23.04931,-0.6484375,-0.132096542,11817,True,45,,-21248,0.0,0.0,0.373385,0.340565
287,baseline_overlay_pass->release->rtl_overlay_pass,5.650001,14.934251,3.391435,24.035247,-0.6484375,-0.130651117,11820,True,45,179,-21248,5.980238,14.454253,0.887513,21.367945,-0.6484375,-0.130651117,11820,True,45,,-21248,0.0,0.0,0.368476,0.330925
288,baseline_overlay_pass->release->rtl_overlay_pass,5.597631,14.395552,3.211912,23.259795,-0.640625,-0.126791697,11897,True,46,179,-20992,7.080614,14.486043,0.895363,22.509532,-0.640625,-0.126791697,11897,True,46,,-20992,0.0,0.0,0.374845,0.333395
289,baseline_overlay_pass->release->rtl_overlay_pass,5.60136,14.374111,2.918777,22.94017,-0.640625,-0.127591679,11888,True,46,179,-20992,5.652423,16.395572,0.943654,23.04211,-0.640625,-0.127591679,11888,True,46,,-20992,0.0,0.0,0.420316,0.333925
290,baseline_overlay_pass->release->rtl_overlay_pass,5.816954,14.398093,2.902317,23.165544,-0.640625,-0.127911671,11896,True,46,179,-20992,5.724884,16.570825,0.908324,23.251433,-0.640625,-0.127911671,11896,True,46,,-20992,0.0,0.0,0.389176,0.331295
291,baseline_overlay_pass->release->rtl_overlay_pass,7.775635,15.854575,2.812525,26.489137,-0.6484375,-0.131320919,11944,True,45,179,-21248,5.713914,16.218809,0.859463,22.837467,-0.6484375,-0.131320919,11944,True,45,,-21248,0.0,0.0,0.351305,0.329505
292,baseline_overlay_pass->release->rtl_overlay_pass,6.059718,14.343831,2.887747,23.335536,-0.6484375,-0.130340867,11945,True,45,179,-21248,5.577332,14.704467,0.876703,21.203312,-0.6484375,-0.130340867,11945,True,45,,-21248,0.0,0.0,0.362015,0.334155
293,baseline_overlay_pass->release->rtl_overlay_pass,6.223631,15.107444,2.937187,24.318413,-0.6484375,-0.129948847,11975,True,45,179,-21248,5.658073,14.703307,0.875573,21.282604,-0.6484375,-0.129948847,11975,True,45,,-21248,0.0,0.0,0.356546,0.337745
294,baseline_overlay_pass->release->rtl_overlay_pass,5.629311,15.371318,2.895087,23.944226,-0.65625,-0.133073289,11993,True,44,179,-21504,5.599423,16.422522,0.911704,22.978659,-0.65625,-0.133073289,11993,True,44,,-21504,0.0,0.0,0.376485,0.345825
295,baseline_overlay_pass->release->rtl_overlay_pass,5.60443,15.169524,2.902936,23.724563,-0.65625,-0.131979316,12014,True,44,179,-21504,5.584283,14.518974,0.966355,21.120522,-0.65625,-0.131979316,12014,True,44,,-21504,0.0,0.0,0.405135,0.365136
296,baseline_overlay_pass->release->rtl_overlay_pass,5.952616,14.812649,2.934948,23.752273,-0.65625,-0.131541726,12013,True,44,179,-21504,5.627713,14.387343,0.898633,20.961619,-0.65625,-0.131541726,12013,True,44,,-21504,0.0,0.0,0.374446,0.337165
297,baseline_overlay_pass->release->rtl_overlay_pass,5.62461,14.992202,3.332674,24.001227,-0.65625,-0.13136669,12183,True,44,179,-21504,5.609283,14.479804,0.908404,21.047241,-0.65625,-0.13136669,12183,True,44,,-21504,0.0,0.0,0.384456,0.336345
298,baseline_overlay_pass->release->rtl_overlay_pass,5.650402,17.187947,3.344784,26.244254,-0.65625,-0.131296676,12191,True,44,179,-21504,5.586203,14.385592,0.896344,20.913079,-0.65625,-0.131296676,12191,True,44,,-21504,0.0,0.0,0.369806,0.338295
299,baseline_overlay_pass->release->rtl_overlay_pass,5.634681,14.407063,3.147941,23.243115,-0.65625,-0.13126867,12229,True,44,179,-21504,5.601093,14.353252,0.897743,20.895058,-0.65625,-0.13126867,12229,True,44,,-21504,0.0,0.0,0.373386,0.338575
300,baseline_overlay_pass->release->rtl_overlay_pass,5.647241,14.494134,2.894347,23.087072,-0.6640625,-0.134538718,12196,True,43,179,-21760,5.722554,14.374742,0.911133,21.05454,-0.6640625,-0.134538718,12196,True,43,,-21760,0.0,0.0,0.380075,0.338915
301,baseline_overlay_pass->release->rtl_overlay_pass,5.716092,14.389372,2.921377,23.074242,-0.6640625,-0.133502987,12230,True,43,179,-21760,5.709255,14.356832,0.897663,21.00862,-0.6640625,-0.133502987,12230,True,43,,-21760,0.0,0.0,0.377946,0.333605
302,baseline_overlay_pass->release->rtl_overlay_pass,6.012067,14.451263,2.871287,23.380317,-0.6640625,-0.133088695,12181,True,43,179,-21760,5.781865,14.595056,0.894413,21.318364,-0.6640625,-0.133088695,12181,True,43,,-21760,0.0,0.0,0.369596,0.338785
303,baseline_overlay_pass->release->rtl_overlay_pass,5.792773,15.450499,2.840726,24.134389,-0.6640625,-0.132922978,12186,True,43,179,-21760,5.673193,15.072112,0.852563,21.641989,-0.6640625,-0.132922978,12186,True,43,,-21760,0.0,0.0,0.341985,0.334295
304,baseline_overlay_pass->release->rtl_overlay_pass,5.616431,15.407148,2.968108,24.042088,-0.6640625,-0.132856691,12198,True,43,179,-21760,5.645463,14.735608,0.866233,21.292354,-0.6640625,-0.132856691,12198,True,43,,-21760,0.0,0.0,0.352935,0.334445
305,baseline_overlay_pass->release->rtl_overlay_pass,5.654351,14.945651,3.034168,23.687162,-0.6640625,-0.132830176,12191,True,43,179,-21760,5.705654,14.91237,0.869402,21.532617,-0.6640625,-0.132830176,12191,True,43,,-21760,0.0,0.0,0.357115,0.332005
306,baseline_overlay_pass->release->rtl_overlay_pass,6.135379,14.986192,3.269702,24.448634,-0.6875,-0.142663321,12473,True,40,179,-22528,5.603823,14.504534,1.018275,21.177002,-0.6875,-0.142663321,12473,True,40,,-22528,0.0,0.0,0.459467,0.352355
307,baseline_overlay_pass->release->rtl_overlay_pass,5.626951,14.486094,3.268953,23.434678,-0.6875,-0.139565328,12483,True,40,179,-22528,5.615683,14.365932,0.928784,20.958539,-0.6875,-0.139565328,12483,True,40,,-22528,0.0,0.0,0.405556,0.335765
308,baseline_overlay_pass->release->rtl_overlay_pass,5.60167,14.396643,2.827305,22.876889,-0.6875,-0.138326131,12482,True,40,179,-22528,5.538891,14.441233,0.912243,20.938108,-0.6875,-0.138326131,12482,True,40,,-22528,0.0,0.0,0.384586,0.333165
309,baseline_overlay_pass->release->rtl_overlay_pass,5.672592,14.306081,2.894977,22.92312,-0.6953125,-0.141111703,12742,True,39,179,-22784,5.809346,14.418862,0.905483,21.179122,-0.6953125,-0.141111703,12742,True,39,,-22784,0.0,0.0,0.381855,0.334845
310,baseline_overlay_pass->release->rtl_overlay_pass,5.59764,14.759897,2.920127,23.476209,-0.6953125,-0.139882181,12764,True,39,179,-22784,5.827506,14.333821,0.904214,21.110331,-0.6953125,-0.139882181,12764,True,39,,-22784,0.0,0.0,0.378155,0.338075
311,baseline_overlay_pass->release->rtl_overlay_pass,5.859025,14.415122,3.329753,23.651901,-0.6953125,-0.139390372,12769,True,39,179,-22784,5.668984,14.833089,0.867073,21.415486,-0.6953125,-0.139390372,12769,True,39,,-22784,0.0,0.0,0.352715,0.332635
312,baseline_overlay_pass->release->rtl_overlay_pass,6.094459,14.792758,2.877877,23.814994,-0.6953125,-0.139193649,12831,True,39,179,-22784,5.665043,15.073563,0.868033,21.653129,-0.6953125,-0.139193649,12831,True,39,,-22784,0.0,0.0,0.354075,0.334235
313,baseline_overlay_pass->release->rtl_overlay_pass,5.908635,15.423699,2.851326,24.23097,-0.6953125,-0.13911496,12861,True,39,179,-22784,5.610142,14.668856,0.867823,21.192492,-0.6953125,-0.13911496,12861,True,39,,-22784,0.0,0.0,0.354215,0.333945
314,baseline_overlay_pass->release->rtl_overlay_pass,5.697592,15.235345,2.855016,23.838544,-0.6953125,-0.139083484,12866,True,39,179,-22784,5.639453,14.688637,0.871383,21.244993,-0.6953125,-0.139083484,12866,True,39,,-22784,0.0,0.0,0.355335,0.336875
315,baseline_overlay_pass->release->rtl_overlay_pass,5.59892,14.975611,3.207682,23.834824,-0.6796875,-0.132508394,12869,True,41,179,-22272,5.603563,14.735827,0.961744,21.347755,-0.6796875,-0.132508394,12869,True,41,,-22272,0.0,0.0,0.400766,0.357775
316,baseline_overlay_pass->release->rtl_overlay_pass,5.655791,14.651186,3.486906,23.847385,-0.6796875,-0.134565857,12860,True,41,179,-22272,5.706654,14.542374,0.935274,21.233513,-0.6796875,-0.134565857,12860,True,41,,-22272,0.0,0.0,0.376376,0.336335
317,baseline_overlay_pass->release->rtl_overlay_pass,5.640161,14.447383,2.911197,23.049741,-0.6796875,-0.135388843,12836,True,41,179,-22272,5.574583,14.399752,0.902464,20.923449,-0.6796875,-0.135388843,12836,True,41,,-22272,0.0,0.0,0.378755,0.334515
318,baseline_overlay_pass->release->rtl_overlay_pass,5.625581,14.468533,3.003908,23.143853,-0.6796875,-0.135718037,12723,True,41,179,-22272,5.681074,14.413932,0.927963,21.06775,-0.6796875,-0.135718037,12723,True,41,,-22272,0.0,0.0,0.375975,0.365045
319,baseline_overlay_pass->release->rtl_overlay_pass,5.994466,16.735289,3.74909,26.532667,-0.6796875,-0.135849715,12757,True,41,179,-22272,5.760915,14.547035,0.916383,21.269154,-0.6796875,-0.135849715,12757,True,41,,-22272,0.0,0.0,0.390776,0.339035
320,baseline_overlay_pass->release->rtl_overlay_pass,6.487965,17.414281,3.816382,27.787338,-0.6796875,-0.135902386,12729,True,41,179,-22272,5.827136,14.669166,0.882933,21.428455,-0.6796875,-0.135902386,12729,True,41,,-22272,0.0,0.0,0.362445,0.336585
321,baseline_overlay_pass->release->rtl_overlay_pass,6.123109,15.774704,3.710959,25.670814,-0.671875,-0.132642204,12918,True,42,179,-22016,5.615613,15.105973,0.842502,21.609068,-0.671875,-0.132642204,12918,True,42,,-22016,0.0,0.0,0.334015,0.333235
322,baseline_overlay_pass->release->rtl_overlay_pass,5.802743,16.294523,3.787241,25.948278,-0.671875,-0.133681882,12850,True,42,179,-22016,5.596192,15.010791,0.867803,21.520157,-0.671875,-0.133681882,12850,True,42,,-22016,0.0,0.0,0.356575,0.333645
323,baseline_overlay_pass->release->rtl_overlay_pass,5.888825,14.462293,3.218042,23.62376,-0.671875,-0.134097753,12910,True,42,179,-22016,5.599752,14.634116,0.868803,21.148482,-0.671875,-0.134097753,12910,True,42,,-22016,0.0,0.0,0.356046,0.334275
324,baseline_overlay_pass->release->rtl_overlay_pass,5.658211,14.390922,3.079319,23.180804,-0.6640625,-0.130982851,12849,True,43,179,-21760,6.041519,14.716957,0.952354,21.756191,-0.6640625,-0.130982851,12849,True,43,,-21760,0.0,0.0,0.428246,0.341555
325,baseline_overlay_pass->release->rtl_overlay_pass,5.60731,15.158395,2.881046,23.695751,-0.6640625,-0.13208064,12870,True,43,179,-21760,5.616993,14.303931,1.048976,21.02187,-0.6640625,-0.13208064,12870,True,43,,-21760,0.0,0.0,0.483907,0.342735
326,baseline_overlay_pass->release->rtl_overlay_pass,5.59776,14.376602,2.917677,22.944229,-0.6640625,-0.132519756,12856,True,43,179,-21760,5.664724,14.333831,0.900064,20.947019,-0.6640625,-0.132519756,12856,True,43,,-21760,0.0,0.0,0.379085,0.335235
327,baseline_overlay_pass->release->rtl_overlay_pass,5.5702,14.325541,2.903037,22.845688,-0.640625,-0.122851652,13166,True,46,179,-20992,5.558671,14.471293,0.906384,20.980899,-0.640625,-0.122851652,13166,True,46,,-20992,0.0,0.0,0.386866,0.332215
328,baseline_overlay_pass->release->rtl_overlay_pass,5.738592,14.397662,2.910137,23.091502,-0.640625,-0.126015661,13177,True,46,179,-20992,5.740114,14.331071,0.901153,21.017429,-0.640625,-0.126015661,13177,True,46,,-20992,0.0,0.0,0.373036,0.340225
329,baseline_overlay_pass->release->rtl_overlay_pass,5.685652,14.357791,2.909127,22.999151,-0.640625,-0.127281264,13206,True,46,179,-20992,6.235381,14.418762,0.903064,21.603799,-0.640625,-0.127281264,13206,True,46,,-20992,0.0,0.0,0.385735,0.332415
330,baseline_overlay_pass->release->rtl_overlay_pass,5.877445,14.27554,2.918017,23.120733,-0.640625,-0.127787506,13147,True,46,179,-20992,5.586352,15.099612,0.849463,21.580128,-0.640625,-0.127787506,13147,True,46,,-20992,0.0,0.0,0.343115,0.332185
331,baseline_overlay_pass->release->rtl_overlay_pass,5.988817,14.2719,2.952398,23.262585,-0.640625,-0.127990002,13138,True,46,179,-20992,5.662783,14.768157,0.876583,21.353814,-0.640625,-0.127990002,13138,True,46,,-20992,0.0,0.0,0.357545,0.331115
332,baseline_overlay_pass->release->rtl_overlay_pass,6.249241,14.346001,3.001109,23.644211,-0.640625,-0.128071001,13134,True,46,179,-20992,5.630793,15.325856,0.880463,21.883292,-0.640625,-0.128071001,13134,True,46,,-20992,0.0,0.0,0.362345,0.338685
333,baseline_overlay_pass->release->rtl_overlay_pass,6.092908,14.517534,2.883316,23.542989,-0.5859375,-0.10513465,13169,True,53,179,-19200,5.755285,15.811303,0.901623,22.514021,-0.5859375,-0.10513465,13169,True,53,,-19200,0.0,0.0,0.377126,0.337924
334,baseline_overlay_pass->release->rtl_overlay_pass,6.428244,14.375522,2.907817,23.762723,-0.5859375,-0.11236636,13145,True,53,179,-19200,5.875297,15.303145,0.983764,22.211677,-0.5859375,-0.11236636,13145,True,53,,-19200,0.0,0.0,0.433266,0.350925
335,baseline_overlay_pass->release->rtl_overlay_pass,5.853504,14.486434,2.861906,23.248074,-0.5859375,-0.115259044,13176,True,53,179,-19200,5.632303,14.817279,1.037585,21.535237,-0.5859375,-0.115259044,13176,True,53,,-19200,0.0,0.0,0.451117,0.361375
336,baseline_overlay_pass->release->rtl_overlay_pass,6.138019,14.191149,2.947237,23.323985,-0.5390625,-0.096728618,13125,True,59,179,-17664,5.559062,14.571345,1.091736,21.273323,-0.5390625,-0.096728618,13125,True,59,,-17664,0.0,0.0,0.556109,0.336985
337,baseline_overlay_pass->release->rtl_overlay_pass,6.118848,14.651406,3.320904,24.141189,-0.5390625,-0.103378947,13152,True,59,179,-17664,5.588982,14.430242,0.892674,20.957839,-0.5390625,-0.103378947,13152,True,59,,-17664,0.0,0.0,0.369175,0.340835
338,baseline_overlay_pass->release->rtl_overlay_pass,5.865454,14.545614,2.939608,23.398777,-0.5390625,-0.106039079,13155,True,59,179,-17664,5.696674,14.420803,0.888593,21.05059,-0.5390625,-0.106039079,13155,True,59,,-17664,0.0,0.0,0.373266,0.332635
339,baseline_overlay_pass->release->rtl_overlay_pass,6.045917,17.313869,3.034079,26.447986,-0.5234375,-0.100540632,13009,True,61,179,-17152,5.759695,14.302121,0.902164,21.00732,-0.5234375,-0.100540632,13009,True,61,,-17152,0.0,0.0,0.377796,0.342725
340,baseline_overlay_pass->release->rtl_overlay_pass,5.883905,14.819529,2.805965,23.557239,-0.5234375,-0.103028753,13026,True,61,179,-17152,6.11025,14.637546,0.910653,21.704859,-0.5234375,-0.103028753,13026,True,61,,-17152,0.0,0.0,0.395036,0.333785
341,baseline_overlay_pass->release->rtl_overlay_pass,5.778713,14.91405,2.875126,23.61201,-0.5234375,-0.104024001,13046,True,61,179,-17152,5.653873,15.244785,0.843122,21.785941,-0.5234375,-0.104024001,13046,True,61,,-17152,0.0,0.0,0.338705,0.330434
342,baseline_overlay_pass->release->rtl_overlay_pass,5.758383,14.848309,2.886926,23.542119,-0.4765625,-0.0847346,12949,True,67,179,-15616,5.674274,15.044262,0.870993,21.635589,-0.4765625,-0.0847346,12949,True,67,,-15616,0.0,0.0,0.360535,0.335555
343,baseline_overlay_pass->release->rtl_overlay_pass,6.146639,14.707837,2.894877,23.797773,-0.4765625,-0.09108134,12979,True,67,179,-15616,5.657923,14.797398,0.866063,21.366984,-0.4765625,-0.09108134,12979,True,67,,-15616,0.0,0.0,0.354235,0.336745
344,baseline_overlay_pass->release->rtl_overlay_pass,6.046957,14.94648,2.872486,23.917535,-0.4765625,-0.093620036,12956,True,67,179,-15616,5.677793,14.730647,1.058775,21.518016,-0.4765625,-0.093620036,12956,True,67,,-15616,0.0,0.0,0.457617,0.350095
345,baseline_overlay_pass->release->rtl_overlay_pass,5.681552,15.324597,2.807165,23.862874,-0.4609375,-0.088073014,12951,True,69,179,-15104,5.671663,14.448003,0.901384,21.066811,-0.4609375,-0.088073014,12951,True,69,,-15104,0.0,0.0,0.377306,0.342085
346,baseline_overlay_pass->release->rtl_overlay_pass,5.727332,15.191585,2.898537,23.870224,-0.4609375,-0.090541706,12958,True,69,179,-15104,5.611843,14.398262,0.899304,20.956509,-0.4609375,-0.090541706,12958,True,69,,-15104,0.0,0.0,0.376525,0.338985
347,baseline_overlay_pass->release->rtl_overlay_pass,5.716562,14.986281,2.822466,23.57738,-0.4609375,-0.091529182,12961,True,69,179,-15104,5.600942,14.344242,0.887553,20.877617,-0.4609375,-0.091529182,12961,True,69,,-15104,0.0,0.0,0.371716,0.333755
348,baseline_overlay_pass->release->rtl_overlay_pass,5.63073,14.91618,2.812275,23.408027,-0.4140625,-0.072236673,12846,True,75,179,-13568,5.817585,14.29632,0.899254,21.059331,-0.4140625,-0.072236673,12846,True,75,,-13568,0.0,0.0,0.380136,0.335475
349,baseline_overlay_pass->release->rtl_overlay_pass,5.59735,15.131923,2.904746,23.681732,-0.4140625,-0.078582169,12854,True,75,179,-13568,6.137691,14.784258,0.892943,21.858982,-0.4140625,-0.078582169,12854,True,75,,-13568,0.0,0.0,0.372415,0.335275
350,baseline_overlay_pass->release->rtl_overlay_pass,5.59674,14.92765,2.956608,23.529459,-0.4140625,-0.081120368,12842,True,75,179,-13568,5.631283,15.247575,0.840552,21.76252,-0.4140625,-0.081120368,12842,True,75,,-13568,0.0,0.0,0.340295,0.329244
351,baseline_overlay_pass->release->rtl_overlay_pass,5.676501,14.781858,2.935057,23.441017,-0.390625,-0.072291897,12718,True,78,179,-12800,5.635423,14.853419,0.860423,21.393785,-0.390625,-0.072291897,12718,True,78,,-12800,0.0,0.0,0.351776,0.332695
352,baseline_overlay_pass->release->rtl_overlay_pass,5.641321,14.735027,2.922487,23.347206,-0.390625,-0.075791759,12693,True,78,179,-12800,5.699254,14.867659,0.877902,21.490157,-0.390625,-0.075791759,12693,True,78,,-12800,0.0,0.0,0.360415,0.339705
353,baseline_overlay_pass->release->rtl_overlay_pass,5.58851,14.86161,2.960647,23.459058,-0.390625,-0.077191704,12702,True,78,179,-12800,5.758395,14.621435,0.973925,21.400815,-0.390625,-0.077191704,12702,True,78,,-12800,0.0,0.0,0.426676,0.351645
354,baseline_overlay_pass->release->rtl_overlay_pass,5.60756,15.203875,3.034679,23.897785,-0.3125,-0.044939181,12030,True,88,179,-10240,5.659753,14.477484,0.915603,21.0995,-0.3125,-0.044939181,12030,True,88,,-10240,0.0,0.0,0.389166,0.337905
355,baseline_overlay_pass->release->rtl_overlay_pass,5.816974,14.590635,3.166621,23.62723,-0.3203125,-0.058756923,11962,True,87,179,-10496,5.587422,14.343001,0.909213,20.886447,-0.3203125,-0.058756923,11962,True,87,,-10496,0.0,0.0,0.380956,0.341585
356,baseline_overlay_pass->release->rtl_overlay_pass,5.679581,14.317211,3.474486,23.523829,-0.3203125,-0.061940269,12012,True,87,179,-10496,5.666463,14.346572,0.895523,20.953348,-0.3203125,-0.061940269,12012,True,87,,-10496,0.0,0.0,0.376786,0.334545
357,baseline_overlay_pass->release->rtl_overlay_pass,5.820614,14.415342,3.426185,23.715751,-0.296875,-0.053369858,12362,True,90,179,-9728,5.785805,14.387911,0.906543,21.124671,-0.296875,-0.053369858,12362,True,90,,-9728,0.0,0.0,0.385836,0.335695
358,baseline_overlay_pass->release->rtl_overlay_pass,5.661181,14.439732,3.402395,23.557839,-0.296875,-0.056972943,12348,True,90,179,-9728,5.839646,14.338021,0.900884,21.122491,-0.296875,-0.056972943,12348,True,90,,-9728,0.0,0.0,0.378156,0.337125
359,baseline_overlay_pass->release->rtl_overlay_pass,5.746402,14.34122,3.13473,23.275244,-0.296875,-0.058414177,12342,True,90,179,-9728,5.879257,14.780908,0.852623,21.558398,-0.296875,-0.058414177,12342,True,90,,-9728,0.0,0.0,0.345485,0.331415
360,baseline_overlay_pass->release->rtl_overlay_pass,5.59426,14.341231,2.903997,22.884578,-0.234375,-0.032740671,12087,True,98,179,-7680,6.070199,14.523554,0.909193,21.547887,-0.234375,-0.032740671,12087,True,98,,-7680,0.0,0.0,0.388906,0.336025
361,baseline_overlay_pass->release->rtl_overlay_pass,5.700032,14.619395,2.925438,23.291935,-0.234375,-0.041221268,12085,True,98,179,-7680,7.782674,14.31693,0.915013,23.059689,-0.234375,-0.041221268,12085,True,98,,-7680,0.0,0.0,0.394496,0.334855
362,baseline_overlay_pass->release->rtl_overlay_pass,5.59119,14.392271,2.854335,22.886019,-0.234375,-0.044613507,12100,True,98,179,-7680,5.982378,15.015251,0.859733,21.903543,-0.234375,-0.044613507,12100,True,98,,-7680,0.0,0.0,0.350355,0.329835
363,baseline_overlay_pass->release->rtl_overlay_pass,5.746202,14.373561,2.851886,23.0172,-0.2109375,-0.036126653,11773,True,101,179,-6912,5.561712,14.991671,0.845223,21.444206,-0.2109375,-0.036126653,11773,True,101,,-6912,0.0,0.0,0.343826,0.328395
364,baseline_overlay_pass->release->rtl_overlay_pass,5.63563,14.440702,2.850586,22.973939,-0.2109375,-0.039763161,11760,True,101,179,-6912,5.674714,14.978441,0.856892,21.554747,-0.2109375,-0.039763161,11760,True,101,,-6912,0.0,0.0,0.350265,0.330815
365,baseline_overlay_pass->release->rtl_overlay_pass,5.801244,14.329661,2.866526,23.044501,-0.2109375,-0.041217764,11781,True,101,179,-6912,5.619293,14.97907,0.866152,21.509626,-0.2109375,-0.041217764,11781,True,101,,-6912,0.0,0.0,0.353915,0.338525
366,baseline_overlay_pass->release->rtl_overlay_pass,5.832944,14.388352,2.895737,23.166013,-0.1875,-0.031955856,12115,True,104,179,-6144,5.631933,15.59962,0.877423,22.154826,-0.1875,-0.031955856,12115,True,104,,-6144,0.0,0.0,0.350386,0.352275
367,baseline_overlay_pass->release->rtl_overlay_pass,5.876924,14.500514,2.918807,23.344026,-0.1796875,-0.032001092,12105,True,105,179,-5888,5.739635,14.655356,0.865783,21.306744,-0.1796875,-0.032001092,12105,True,105,,-5888,0.0,0.0,0.353456,0.336055
368,baseline_overlay_pass->release->rtl_overlay_pass,5.866484,14.548954,2.909097,23.374246,-0.1796875,-0.034362937,12113,True,105,179,-5888,5.657943,14.825118,0.873703,21.401365,-0.1796875,-0.034362937,12113,True,105,,-5888,0.0,0.0,0.359836,0.338795
369,baseline_overlay_pass->release->rtl_overlay_pass,5.713512,14.854359,2.866836,23.487508,-0.15625,-0.025463925,11681,True,108,179,-5120,5.683854,14.849049,0.858052,21.437346,-0.15625,-0.025463925,11681,True,108,,-5120,0.0,0.0,0.353185,0.329965
370,baseline_overlay_pass->release->rtl_overlay_pass,5.628261,15.200005,2.851806,23.728502,-0.15625,-0.02893557,11667,True,108,179,-5120,5.671944,14.832939,0.939124,21.490767,-0.15625,-0.02893557,11667,True,108,,-5120,0.0,0.0,0.401286,0.350145
371,baseline_overlay_pass->release->rtl_overlay_pass,5.674281,14.946691,2.967138,23.63686,-0.15625,-0.030324228,11687,True,108,179,-5120,5.622723,14.343351,0.896043,20.909448,-0.15625,-0.030324228,11687,True,108,,-5120,0.0,0.0,0.372825,0.338565
372,baseline_overlay_pass->release->rtl_overlay_pass,5.702521,14.652665,2.868726,23.274374,-0.1171875,-0.014473441,11756,True,113,179,-3840,5.655473,14.490223,0.902754,21.097271,-0.1171875,-0.014473441,11756,True,113,,-3840,0.0,0.0,0.382145,0.334995
373,baseline_overlay_pass->release->rtl_overlay_pass,5.677732,14.664636,2.881566,23.274964,-0.1171875,-0.019851876,11730,True,113,179,-3840,5.653473,14.649636,0.907313,21.253912,-0.1171875,-0.019851876,11730,True,113,,-3840,0.0,0.0,0.386026,0.337524
374,baseline_overlay_pass->release->rtl_overlay_pass,5.669981,14.799748,2.929647,23.450857,-0.1171875,-0.022003251,11775,True,113,179,-3840,6.14638,14.33005,0.921813,21.442915,-0.1171875,-0.022003251,11775,True,113,,-3840,0.0,0.0,0.401786,0.334665
375,baseline_overlay_pass->release->rtl_overlay_pass,5.578619,14.646045,2.897247,23.169243,0.0625,0.05260495,11958,True,136,179,2048,5.938828,14.534354,0.898863,21.417525,0.0625,0.05260495,11958,True,136,,2048,0.0,0.0,0.383626,0.334264
376,baseline_overlay_pass->release->rtl_overlay_pass,5.660501,14.782698,2.905737,23.399216,0.0625,0.02854198,11959,True,136,179,2048,5.739034,15.071242,0.925594,21.78048,0.0625,0.02854198,11959,True,136,,2048,0.0,0.0,0.424896,0.325325
377,baseline_overlay_pass->release->rtl_overlay_pass,5.639091,15.128814,2.955198,23.775443,0.0625,0.018916792,11993,True,136,179,2048,5.639443,15.115222,0.863163,21.661078,0.0625,0.018916792,11993,True,136,,2048,0.0,0.0,0.355455,0.334325
378,baseline_overlay_pass->release->rtl_overlay_pass,5.663342,14.722737,2.895776,23.329566,0.0859375,0.024910467,11691,True,139,179,2816,5.699604,14.671056,0.895393,21.309974,0.0859375,0.024910467,11691,True,139,,2816,0.0,0.0,0.353116,0.366616
379,baseline_overlay_pass->release->rtl_overlay_pass,5.627611,14.731277,3.021549,23.430837,0.0859375,0.020276687,11822,True,139,179,2816,5.658973,14.525314,1.000795,21.238732,0.0859375,0.020276687,11822,True,139,,2816,0.0,0.0,0.440316,0.358935
380,baseline_overlay_pass->release->rtl_overlay_pass,5.754543,15.976527,2.951787,24.732838,0.0859375,0.018423175,11716,True,139,179,2816,5.747365,14.406142,0.905794,21.106251,0.0859375,0.018423175,11716,True,139,,2816,0.0,0.0,0.385306,0.338955
381,baseline_overlay_pass->release->rtl_overlay_pass,5.703902,14.656256,2.950367,23.360435,0.1015625,0.02424427,11470,True,141,179,3328,5.624513,14.522224,0.901853,21.09609,0.1015625,0.02424427,11470,True,141,,3328,0.0,0.0,0.379006,0.339455
382,baseline_overlay_pass->release->rtl_overlay_pass,5.754252,15.087152,2.939687,23.831863,0.109375,0.025166458,11488,True,142,179,3584,6.090789,14.644195,0.937774,21.716449,0.109375,0.025166458,11488,True,142,,3584,0.0,0.0,0.418617,0.334235
383,baseline_overlay_pass->release->rtl_overlay_pass,5.716172,14.574194,3.121451,23.462958,0.109375,0.023191583,11479,True,142,179,3584,5.964137,14.671055,0.903053,21.583617,0.109375,0.023191583,11479,True,142,,3584,0.0,0.0,0.390396,0.331055
384,baseline_overlay_pass->release->rtl_overlay_pass,5.654441,14.508913,3.229172,23.447988,0.203125,0.061776633,11964,True,154,179,6656,5.709414,14.90427,0.858363,21.519077,0.203125,0.061776633,11964,True,154,,6656,0.0,0.0,0.354375,0.329555
385,baseline_overlay_pass->release->rtl_overlay_pass,5.653901,14.34818,3.389854,23.446327,0.203125,0.049085653,11999,True,154,179,6656,5.653253,15.62186,0.860852,22.182616,0.203125,0.049085653,11999,True,154,,6656,0.0,0.0,0.349965,0.334555
386,baseline_overlay_pass->release->rtl_overlay_pass,5.682451,14.331151,3.08274,23.151402,0.203125,0.044009261,11934,True,154,179,6656,5.638333,14.612275,0.854872,21.151331,0.203125,0.044009261,11934,True,154,,6656,0.0,0.0,0.349975,0.331695
387,baseline_overlay_pass->release->rtl_overlay_pass,5.651671,14.338131,5.210934,25.254056,0.2890625,0.078072455,12056,True,165,179,9472,5.740114,14.676616,0.872463,21.334034,0.2890625,0.078072455,12056,True,165,,9472,0.0,0.0,0.352585,0.342165
388,baseline_overlay_pass->release->rtl_overlay_pass,5.586949,14.32876,5.349486,25.394618,0.2890625,0.065916482,12078,True,165,179,9472,5.671753,14.672146,1.053085,21.445185,0.2890625,0.065916482,12078,True,165,,9472,0.0,0.0,0.433016,0.383806
389,baseline_overlay_pass->release->rtl_overlay_pass,5.5851,14.379892,3.614098,23.63381,0.2890625,0.061054093,12066,True,165,179,9472,5.558292,14.346501,0.890493,20.843497,0.2890625,0.061054093,12066,True,165,,9472,0.0,0.0,0.374295,0.334225
390,baseline_overlay_pass->release->rtl_overlay_pass,5.702181,14.446062,2.944148,23.146073,0.359375,0.088640387,12089,True,174,179,11776,5.647203,14.524663,0.899104,21.115941,0.359375,0.088640387,12089,True,174,,11776,0.0,0.0,0.383765,0.334525
391,baseline_overlay_pass->release->rtl_overlay_pass,5.632931,14.31984,2.902696,22.905998,0.359375,0.078581155,12114,True,174,179,11776,5.613512,14.380302,0.905104,20.944159,0.359375,0.078581155,12114,True,174,,11776,0.0,0.0,0.384226,0.337965
392,baseline_overlay_pass->release->rtl_overlay_pass,5.644491,14.382301,2.877806,22.953279,0.359375,0.074557462,12112,True,174,179,11776,7.751344,14.29422,0.895613,22.987818,0.359375,0.074557462,12112,True,174,,11776,0.0,0.0,0.380075,0.333685
393,baseline_overlay_pass->release->rtl_overlay_pass,5.759793,14.465523,2.847566,23.122072,0.4609375,0.115604235,11923,True,187,179,15104,6.714179,14.362442,0.896383,22.017224,0.4609375,0.115604235,11923,True,187,,15104,0.0,0.0,0.380536,0.334295
394,baseline_overlay_pass->release->rtl_overlay_pass,5.58569,14.436793,2.844306,22.913849,0.453125,0.098272944,11945,True,186,179,14848,5.596522,15.701591,0.860523,22.205467,0.453125,0.098272944,11945,True,186,,14848,0.0,0.0,0.352955,0.330085
395,baseline_overlay_pass->release->rtl_overlay_pass,5.5907,14.359881,2.838315,22.835307,0.4609375,0.096965428,11914,True,187,179,15104,5.594482,14.834809,0.863653,21.338244,0.4609375,0.096965428,11914,True,187,,15104,0.0,0.0,0.354475,0.335445
396,baseline_overlay_pass->release->rtl_overlay_pass,5.780713,14.862609,2.854546,23.546849,0.5,0.110504921,11942,True,192,179,16384,5.652713,15.105822,0.859232,21.663168,0.5,0.110504921,11942,True,192,,16384,0.0,0.0,0.352045,0.331484
397,baseline_overlay_pass->release->rtl_overlay_pass,5.613511,14.406102,2.903217,22.96952,0.5,0.104201968,11954,True,192,179,16384,5.595942,14.747157,0.867252,21.256722,0.5,0.104201968,11954,True,192,,16384,0.0,0.0,0.354885,0.334945
398,baseline_overlay_pass->release->rtl_overlay_pass,5.674442,14.348511,2.930687,22.99898,0.5,0.101680787,11958,True,192,179,16384,5.666953,14.641915,0.969275,21.327014,0.5,0.101680787,11958,True,192,,16384,0.0,0.0,0.420137,0.354466
399,baseline_overlay_pass->release->rtl_overlay_pass,5.813833,14.295329,2.904956,23.061981,0.515625,0.107234815,11973,True,194,179,16896,5.607203,14.839488,1.006955,21.504927,0.515625,0.107234815,11973,True,194,,16896,0.0,0.0,0.454917,0.350045
400,baseline_overlay_pass->release->rtl_overlay_pass,5.889834,14.31786,2.931307,23.189512,0.515625,0.104768926,12005,True,194,179,16896,5.610582,14.390661,1.007724,21.056639,0.515625,0.104768926,12005,True,194,,16896,0.0,0.0,0.394326,0.404425
401,baseline_overlay_pass->release->rtl_overlay_pass,6.21486,14.407811,2.885067,23.557639,0.515625,0.10378257,11989,True,194,179,16896,5.623313,14.505664,0.896573,21.07364,0.515625,0.10378257,11989,True,194,,16896,0.0,0.0,0.374106,0.339935
402,baseline_overlay_pass->release->rtl_overlay_pass,5.919445,14.334711,2.900177,23.204423,0.5234375,0.106669278,11838,True,195,179,17152,5.616403,14.521324,0.923204,21.108431,0.5234375,0.106669278,11838,True,195,,17152,0.0,0.0,0.407016,0.332225
403,baseline_overlay_pass->release->rtl_overlay_pass,6.157229,14.577765,2.914277,23.699741,0.5234375,0.105480211,11831,True,195,179,17152,5.698504,14.33394,0.896713,20.971739,0.5234375,0.105480211,11831,True,195,,17152,0.0,0.0,0.377035,0.338255
404,baseline_overlay_pass->release->rtl_overlay_pass,6.166749,14.262419,2.941897,23.421316,0.53125,0.108285835,11846,True,196,179,17408,5.835206,14.25936,0.900083,21.04089,0.53125,0.108285835,11846,True,196,,17408,0.0,0.0,0.382535,0.334625
405,baseline_overlay_pass->release->rtl_overlay_pass,6.179149,14.599824,2.847536,23.67644,0.53125,0.107064334,11909,True,196,179,17408,5.622463,14.97191,0.854243,21.495896,0.53125,0.107064334,11909,True,196,,17408,0.0,0.0,0.347275,0.331265
406,baseline_overlay_pass->release->rtl_overlay_pass,6.148809,14.648515,2.902396,23.749211,0.53125,0.106575734,11902,True,196,179,17408,5.728044,14.976211,0.855352,21.602897,0.53125,0.106575734,11902,True,196,,17408,0.0,0.0,0.347665,0.335115
407,baseline_overlay_pass->release->rtl_overlay_pass,6.120318,14.806147,2.869996,23.847143,0.5234375,0.103099043,11919,True,195,179,17152,5.589972,14.794747,0.867403,21.297403,0.5234375,0.103099043,11919,True,195,,17152,0.0,0.0,0.354655,0.334595
408,baseline_overlay_pass->release->rtl_overlay_pass,5.951805,14.97743,2.847295,23.823832,0.546875,0.113895867,11981,True,198,179,17920,5.591513,14.724866,0.964324,21.328354,0.546875,0.113895867,11981,True,198,,17920,0.0,0.0,0.417496,0.355015
409,baseline_overlay_pass->release->rtl_overlay_pass,6.036877,14.88512,2.877246,23.849643,0.546875,0.111183347,11974,True,198,179,17920,5.681723,14.395591,0.914574,21.038539,0.546875,0.111183347,11974,True,198,,17920,0.0,0.0,0.373695,0.345875
410,baseline_overlay_pass->release->rtl_overlay_pass,6.152349,15.013702,2.914847,24.130638,0.546875,0.110098339,11995,True,198,179,17920,5.681474,14.349351,0.909323,20.988538,0.546875,0.110098339,11995,True,198,,17920,0.0,0.0,0.389396,0.338825
411,baseline_overlay_pass->release->rtl_overlay_pass,5.828143,15.094372,2.956688,23.926544,0.5546875,0.112945586,11995,True,199,179,18176,5.652844,14.371631,0.929334,20.994349,0.5546875,0.112945586,11995,True,199,,18176,0.0,0.0,0.414477,0.330855
412,baseline_overlay_pass->release->rtl_overlay_pass,5.64847,15.279415,2.857496,23.832912,0.5546875,0.111740734,12003,True,199,179,18176,5.760254,14.363601,0.897093,21.065129,0.5546875,0.111740734,12003,True,199,,18176,0.0,0.0,0.377006,0.338635
413,baseline_overlay_pass->release->rtl_overlay_pass,5.58451,15.5501,2.987898,24.171769,0.5546875,0.111258794,11960,True,199,179,18176,5.789975,14.863419,0.879033,21.587067,0.5546875,0.111258794,11960,True,199,,18176,0.0,0.0,0.364176,0.332585
414,baseline_overlay_pass->release->rtl_overlay_pass,5.62479,15.444418,2.872186,23.990785,0.5625,0.114347267,11915,True,200,179,18432,5.605652,15.194144,0.863763,21.708229,0.5625,0.114347267,11915,True,200,,18432,0.0,0.0,0.349945,0.338005
415,baseline_overlay_pass->release->rtl_overlay_pass,6.048237,15.168214,2.851046,24.115947,0.5625,0.113238907,11911,True,200,179,18432,5.643063,14.675735,0.866272,21.229862,0.5625,0.113238907,11911,True,200,,18432,0.0,0.0,0.347925,0.341785
416,baseline_overlay_pass->release->rtl_overlay_pass,5.765432,15.263975,2.901407,23.979905,0.5625,0.112795563,11919,True,200,179,18432,5.612083,15.170253,0.886073,21.712109,0.5625,0.112795563,11919,True,200,,18432,0.0,0.0,0.364276,0.343645
417,baseline_overlay_pass->release->rtl_overlay_pass,5.669261,15.093722,2.855035,23.66952,0.578125,0.119180725,11909,True,202,179,18944,5.685174,14.479763,1.019195,21.233172,0.578125,0.119180725,11909,True,202,,18944,0.0,0.0,0.424477,0.390125
418,baseline_overlay_pass->release->rtl_overlay_pass,5.649831,15.062372,2.853496,23.613889,0.578125,0.11704729,11916,True,202,179,18944,5.582852,14.506884,0.907683,21.046889,0.578125,0.11704729,11916,True,202,,18944,0.0,0.0,0.399386,0.323664
419,baseline_overlay_pass->release->rtl_overlay_pass,5.659151,15.120773,2.868777,23.696641,0.578125,0.116193916,11916,True,202,179,18944,5.592773,14.31678,0.895573,20.849077,0.578125,0.116193916,11916,True,202,,18944,0.0,0.0,0.377445,0.337025
420,baseline_overlay_pass->release->rtl_overlay_pass,5.657351,14.834258,2.867326,23.406726,0.59375,0.122415066,11942,True,204,179,19456,5.648023,14.357961,0.895773,20.944157,0.59375,0.122415066,11942,True,204,,19456,0.0,0.0,0.376106,0.334695
421,baseline_overlay_pass->release->rtl_overlay_pass,5.65249,14.669745,2.914816,23.285835,0.59375,0.120216027,11947,True,204,179,19456,5.729365,14.395952,0.898543,21.06929,0.59375,0.120216027,11947,True,204,,19456,0.0,0.0,0.382046,0.333005
422,baseline_overlay_pass->release->rtl_overlay_pass,5.643811,15.166724,2.855726,23.715731,0.59375,0.119336411,11947,True,204,179,19456,5.933348,14.348861,0.891183,21.217362,0.59375,0.119336411,11947,True,204,,19456,0.0,0.0,0.372646,0.334635
423,baseline_overlay_pass->release->rtl_overlay_pass,5.62125,14.993701,2.829175,23.491447,0.609375,0.125547064,11836,True,206,179,19968,5.875326,14.330831,0.898843,21.150821,0.609375,0.125547064,11836,True,206,,19968,0.0,0.0,0.376596,0.340265
424,baseline_overlay_pass->release->rtl_overlay_pass,5.707382,14.849919,2.949667,23.556478,0.609375,0.123343826,11848,True,206,179,19968,5.620483,15.097302,0.883653,21.650809,0.609375,0.123343826,11848,True,206,,19968,0.0,0.0,0.371625,0.331155
425,baseline_overlay_pass->release->rtl_overlay_pass,6.141789,14.708546,2.824525,23.722381,0.609375,0.12246253,11855,True,206,179,19968,5.625513,14.737057,0.860263,21.267933,0.609375,0.12246253,11855,True,206,,19968,0.0,0.0,0.350766,0.336655
426,baseline_overlay_pass->release->rtl_overlay_pass,5.57413,15.112583,2.834336,23.568439,0.609375,0.122110012,11894,True,206,179,19968,5.628183,14.684216,0.860362,21.217002,0.609375,0.122110012,11894,True,206,,19968,0.0,0.0,0.355275,0.333905
427,baseline_overlay_pass->release->rtl_overlay_pass,5.725212,14.819368,2.917647,23.511888,0.609375,0.121969005,11883,True,206,179,19968,5.609872,14.814628,0.937254,21.409004,0.609375,0.121969005,11883,True,206,,19968,0.0,0.0,0.394695,0.353945
428,baseline_overlay_pass->release->rtl_overlay_pass,5.677501,14.792267,2.971747,23.492608,0.609375,0.121912602,11888,True,206,179,19968,5.625942,14.645615,1.013105,21.342743,0.609375,0.121912602,11888,True,206,,19968,0.0,0.0,0.462306,0.349645
429,baseline_overlay_pass->release->rtl_overlay_pass,5.65588,14.723486,3.13878,23.575509,0.609375,0.121890041,11879,True,206,179,19968,5.664854,14.564444,0.898304,21.176902,0.609375,0.121890041,11879,True,206,,19968,0.0,0.0,0.385746,0.333625
430,baseline_overlay_pass->release->rtl_overlay_pass,5.634861,14.35273,3.385804,23.426066,0.609375,0.121881016,11889,True,206,179,19968,5.607373,14.336661,0.920954,20.913328,0.609375,0.121881016,11889,True,206,,19968,0.0,0.0,0.373186,0.338725
431,baseline_overlay_pass->release->rtl_overlay_pass,5.652531,14.32416,2.940637,22.969869,0.609375,0.121877407,11893,True,206,179,19968,5.571701,14.351311,0.896293,20.863737,0.609375,0.121877407,11893,True,206,,19968,0.0,0.0,0.376986,0.337025
432,baseline_overlay_pass->release->rtl_overlay_pass,5.690102,14.390641,2.894967,23.02638,0.609375,0.121875963,12026,True,206,179,19968,5.823075,14.439353,0.928724,21.235432,0.609375,0.121875963,12026,True,206,,19968,0.0,0.0,0.384016,0.334945
433,baseline_overlay_pass->release->rtl_overlay_pass,5.65932,14.676075,2.921646,23.305885,0.609375,0.121875385,12019,True,206,179,19968,5.913687,14.758237,0.885393,21.604517,0.609375,0.121875385,12019,True,206,,19968,0.0,0.0,0.367856,0.337925
434,baseline_overlay_pass->release->rtl_overlay_pass,5.60136,14.34275,2.831156,22.826057,0.609375,0.121875154,12025,True,206,179,19968,6.201391,15.138682,0.843792,22.228347,0.609375,0.121875154,12025,True,206,,19968,0.0,0.0,0.341635,0.329965
435,baseline_overlay_pass->release->rtl_overlay_pass,5.61639,14.356171,2.886106,22.904507,0.6171875,0.125156312,12130,True,207,179,20224,5.959948,15.111322,0.863272,21.981023,0.6171875,0.125156312,12130,True,207,,20224,0.0,0.0,0.358215,0.331534
436,baseline_overlay_pass->release->rtl_overlay_pass,5.713371,14.474002,2.870936,23.10336,0.6171875,0.124125025,12159,True,207,179,20224,5.654423,14.634045,0.868583,21.201352,0.6171875,0.124125025,12159,True,207,,20224,0.0,0.0,0.359036,0.331955
437,baseline_overlay_pass->release->rtl_overlay_pass,5.753392,14.567394,2.893037,23.257123,0.6171875,0.12371251,12163,True,207,179,20224,5.592733,14.96138,0.932544,21.532197,0.6171875,0.12371251,12163,True,207,,20224,0.0,0.0,0.392276,0.353435
438,baseline_overlay_pass->release->rtl_overlay_pass,5.59384,14.500413,2.835075,22.977529,0.6171875,0.123547504,12193,True,207,179,20224,5.660343,14.433782,3.041515,23.218691,0.6171875,0.123547504,12193,True,207,,20224,0.0,0.0,2.480657,0.335235
439,baseline_overlay_pass->release->rtl_overlay_pass,5.634541,14.438772,2.981888,23.103101,0.6171875,0.123481502,12195,True,207,179,20224,5.618993,14.510533,0.920453,21.09767,0.6171875,0.123481502,12195,True,207,,20224,0.0,0.0,0.377896,0.334535
440,baseline_overlay_pass->release->rtl_overlay_pass,5.59805,14.33579,2.887516,22.867627,0.6171875,0.123455101,12205,True,207,179,20224,5.631583,14.597804,0.904283,21.181541,0.6171875,0.123455101,12205,True,207,,20224,0.0,0.0,0.395716,0.329245
441,baseline_overlay_pass->release->rtl_overlay_pass,5.867064,14.384871,2.913136,23.214713,0.609375,0.12016329,12269,True,206,179,19968,5.619593,14.389532,0.923083,20.979898,0.609375,0.12016329,12269,True,206,,19968,0.0,0.0,0.406656,0.333075
442,baseline_overlay_pass->release->rtl_overlay_pass,5.712502,14.402001,2.889186,23.05198,0.609375,0.121190316,12279,True,206,179,19968,5.592432,14.373101,0.891203,20.903197,0.609375,0.121190316,12279,True,206,,19968,0.0,0.0,0.376475,0.331895
443,baseline_overlay_pass->release->rtl_overlay_pass,5.828164,14.29462,2.871806,23.04259,0.609375,0.121601126,12250,True,206,179,19968,5.664403,14.652245,0.903833,21.263683,0.609375,0.121601126,12250,True,206,,19968,0.0,0.0,0.383996,0.338465
444,baseline_overlay_pass->release->rtl_overlay_pass,5.962036,14.449252,2.871196,23.330195,0.59375,0.115202951,12293,True,204,179,19456,5.767895,14.362971,0.897383,21.074509,0.59375,0.115202951,12293,True,204,,19456,0.0,0.0,0.381506,0.337574
445,baseline_overlay_pass->release->rtl_overlay_pass,5.888395,14.591424,2.875806,23.405366,0.59375,0.11733118,12299,True,204,179,19456,6.040979,14.490683,0.890323,21.467255,0.59375,0.11733118,12299,True,204,,19456,0.0,0.0,0.373676,0.334775
446,baseline_overlay_pass->release->rtl_overlay_pass,5.934025,14.408021,2.906337,23.295464,0.59375,0.118182472,12316,True,204,179,19456,5.621053,15.435687,0.845713,21.946203,0.59375,0.118182472,12316,True,204,,19456,0.0,0.0,0.342005,0.331415
447,baseline_overlay_pass->release->rtl_overlay_pass,5.799313,14.756777,2.874286,23.483547,0.5859375,0.115241739,12329,True,203,179,19200,5.623882,15.150112,0.861403,21.681808,0.5859375,0.115241739,12329,True,203,,19200,0.0,0.0,0.350435,0.337925
448,baseline_overlay_pass->release->rtl_overlay_pass,5.719222,14.97157,2.870477,23.613529,0.5859375,0.116409196,12322,True,203,179,19200,5.582202,14.847418,0.873022,21.352363,0.5859375,0.116409196,12322,True,203,,19200,0.0,0.0,0.364255,0.335345
449,baseline_overlay_pass->release->rtl_overlay_pass,5.60511,15.139873,2.871636,23.66499,0.5859375,0.116876178,12314,True,203,179,19200,5.642253,14.892099,0.865043,21.444605,0.5859375,0.116876178,12314,True,203,,19200,0.0,0.0,0.358425,0.333765
450,baseline_overlay_pass->release->rtl_overlay_pass,5.957845,14.893899,2.880586,23.782611,0.578125,0.113781721,12351,True,202,179,18944,5.567421,14.667695,1.001795,21.284612,0.578125,0.113781721,12351,True,202,,18944,0.0,0.0,0.435896,0.360085
451,baseline_overlay_pass->release->rtl_overlay_pass,5.691471,15.767213,2.929257,24.436762,0.578125,0.114887689,12358,True,202,179,18944,5.984648,14.392902,0.905543,21.329863,0.578125,0.114887689,12358,True,202,,18944,0.0,0.0,0.393896,0.331925
452,baseline_overlay_pass->release->rtl_overlay_pass,5.917285,15.439528,3.167861,24.579484,0.578125,0.115330075,12366,True,202,179,18944,5.602282,14.397092,0.896793,20.944897,0.578125,0.115330075,12366,True,202,,18944,0.0,0.0,0.380876,0.336165
453,baseline_overlay_pass->release->rtl_overlay_pass,7.259857,14.639495,2.847186,24.798258,0.5625,0.10894453,12446,True,200,179,18432,5.571022,14.490813,0.890293,20.996468,0.5625,0.10894453,12446,True,200,,18432,0.0,0.0,0.371886,0.338425
454,baseline_overlay_pass->release->rtl_overlay_pass,5.935206,14.780367,2.890826,23.6554,0.5625,0.111077812,12431,True,200,179,18432,5.754855,14.365601,0.900674,21.06719,0.5625,0.111077812,12431,True,200,,18432,0.0,0.0,0.382985,0.334325
455,baseline_overlay_pass->release->rtl_overlay_pass,5.800193,14.832788,2.879237,23.567498,0.5625,0.111931125,12445,True,200,179,18432,5.802705,14.329551,0.904403,21.083239,0.5625,0.111931125,12445,True,200,,18432,0.0,0.0,0.385766,0.337574
456,baseline_overlay_pass->release->rtl_overlay_pass,5.730152,15.044032,2.839166,23.66432,0.5546875,0.1089912,12415,True,199,179,18176,5.712044,14.776307,0.871343,21.407305,0.5546875,0.1089912,12415,True,199,,18176,0.0,0.0,0.360295,0.334785
457,baseline_overlay_pass->release->rtl_overlay_pass,5.655331,14.95479,2.879096,23.537378,0.5546875,0.11015898,12398,True,199,179,18176,5.689323,15.739301,0.848913,22.321128,0.5546875,0.11015898,12398,True,199,,18176,0.0,0.0,0.344785,0.330475
458,baseline_overlay_pass->release->rtl_overlay_pass,5.785433,15.255625,2.815875,23.904764,0.5546875,0.110626092,12375,True,199,179,18176,5.616822,14.698245,0.863002,21.222681,0.5546875,0.110626092,12375,True,199,,18176,0.0,0.0,0.358105,0.332494
459,baseline_overlay_pass->release->rtl_overlay_pass,5.640071,15.265745,2.887307,23.841503,0.53125,0.100969187,12512,True,196,179,17408,5.772424,14.705846,0.864143,21.387824,0.53125,0.100969187,12512,True,196,,17408,0.0,0.0,0.352045,0.335895
460,baseline_overlay_pass->release->rtl_overlay_pass,5.793903,15.336816,2.799925,23.979514,0.5234375,0.100856425,12538,True,195,179,17152,5.626962,14.955399,0.872063,21.498515,0.5234375,0.100856425,12538,True,195,,17152,0.0,0.0,0.360165,0.339715
461,baseline_overlay_pass->release->rtl_overlay_pass,5.631821,17.576662,3.249262,26.517866,0.53125,0.10643632,12507,True,196,179,17408,5.687604,14.670086,0.986295,21.393545,0.53125,0.10643632,12507,True,196,,17408,0.0,0.0,0.445137,0.337265
462,baseline_overlay_pass->release->rtl_overlay_pass,7.763234,14.775207,2.845145,25.434017,0.4921875,0.089918278,12477,True,191,179,16128,5.639653,14.377581,0.894273,20.959237,0.4921875,0.089918278,12477,True,191,,16128,0.0,0.0,0.376526,0.338055
463,baseline_overlay_pass->release->rtl_overlay_pass,5.765252,14.910899,2.825705,23.556698,0.4921875,0.095029811,12476,True,191,179,16128,5.605062,14.377351,0.966584,20.996228,0.4921875,0.095029811,12476,True,191,,16128,0.0,0.0,0.448767,0.334115
464,baseline_overlay_pass->release->rtl_overlay_pass,6.177149,14.694985,2.894786,23.818402,0.5,0.100355674,12473,True,192,179,16384,5.604892,14.32676,0.896633,20.872076,0.5,0.100355674,12473,True,192,,16384,0.0,0.0,0.376476,0.339465
465,baseline_overlay_pass->release->rtl_overlay_pass,7.240686,14.458402,2.871616,24.619734,0.484375,0.09357977,12476,True,190,179,15872,5.849656,14.503073,0.881723,21.281373,0.484375,0.09357977,12476,True,190,,15872,0.0,0.0,0.366585,0.333745
466,baseline_overlay_pass->release->rtl_overlay_pass,5.709751,14.406841,2.907697,23.07239,0.484375,0.095556908,12485,True,190,179,15872,6.153481,14.618535,0.884713,21.703129,0.484375,0.095556908,12485,True,190,,15872,0.0,0.0,0.371816,0.332985
467,baseline_overlay_pass->release->rtl_overlay_pass,6.013716,14.375791,2.900287,23.338225,0.484375,0.096347763,12497,True,190,179,15872,6.042609,14.97808,0.854013,21.920892,0.484375,0.096347763,12497,True,190,,15872,0.0,0.0,0.347935,0.331105
468,baseline_overlay_pass->release->rtl_overlay_pass,6.010677,14.663465,2.895056,23.619049,0.4609375,0.086820355,12481,True,187,179,15104,5.583052,15.542679,0.854593,22.026344,0.4609375,0.086820355,12481,True,187,,15104,0.0,0.0,0.355095,0.326725
469,baseline_overlay_pass->release->rtl_overlay_pass,6.037917,14.726396,2.896456,23.71162,0.4609375,0.090040642,12488,True,187,179,15104,5.676853,14.622974,0.883373,21.227952,0.4609375,0.090040642,12488,True,187,,15104,0.0,0.0,0.363885,0.342995
470,baseline_overlay_pass->release->rtl_overlay_pass,6.188279,14.563924,2.833065,23.634289,0.4609375,0.091328757,12498,True,187,179,15104,5.565642,14.703636,0.915974,21.232152,0.4609375,0.091328757,12498,True,187,,15104,0.0,0.0,0.391826,0.343715
471,baseline_overlay_pass->release->rtl_overlay_pass,5.931895,14.783077,2.881406,23.647619,0.453125,0.088562753,12414,True,186,179,14848,5.673524,14.704106,0.983574,21.407544,0.453125,0.088562753,12414,True,186,,14848,0.0,0.0,0.371246,0.430117
472,baseline_overlay_pass->release->rtl_overlay_pass,5.614,15.383807,2.898206,23.945204,0.453125,0.089800101,12408,True,186,179,14848,5.639833,14.538243,1.042705,21.270722,0.453125,0.089800101,12408,True,186,,14848,0.0,0.0,0.492757,0.343145
473,baseline_overlay_pass->release->rtl_overlay_pass,5.62833,15.336596,2.872056,23.885213,0.453125,0.09029504,12406,True,186,179,14848,5.593992,14.34945,0.901893,20.891707,0.453125,0.09029504,12406,True,186,,14848,0.0,0.0,0.377405,0.341015
474,baseline_overlay_pass->release->rtl_overlay_pass,7.851416,14.444972,2.834296,25.178684,0.3984375,0.067524266,12289,True,179,179,13056,5.725484,14.339071,0.902913,21.011808,0.3984375,0.067524266,12289,True,179,,13056,0.0,0.0,0.382926,0.337955
475,baseline_overlay_pass->release->rtl_overlay_pass,6.045307,14.692116,2.823146,23.608809,0.3984375,0.074822206,12265,True,179,179,13056,5.837625,14.375661,0.893663,21.15343,0.3984375,0.074822206,12265,True,179,,13056,0.0,0.0,0.374586,0.339035
476,baseline_overlay_pass->release->rtl_overlay_pass,5.952755,15.173783,2.867596,24.045165,0.3984375,0.077741383,12252,True,179,179,13056,5.904837,14.875558,0.890583,21.718149,0.3984375,0.077741383,12252,True,179,,13056,0.0,0.0,0.366675,0.347485
477,baseline_overlay_pass->release->rtl_overlay_pass,5.884704,15.043651,2.861356,23.838452,0.390625,0.075627803,12273,True,178,179,12800,5.677134,14.940339,0.850853,21.515116,0.390625,0.075627803,12273,True,178,,12800,0.0,0.0,0.343795,0.331775
478,baseline_overlay_pass->release->rtl_overlay_pass,5.63514,16.884731,2.831116,25.402448,0.390625,0.077126121,12273,True,178,179,12800,5.587662,14.780427,0.856412,21.321513,0.390625,0.077126121,12273,True,178,,12800,0.0,0.0,0.349895,0.331855
479,baseline_overlay_pass->release->rtl_overlay_pass,5.622011,15.105202,2.824656,23.600449,0.390625,0.077725448,12281,True,178,179,12800,5.622902,14.890308,0.871613,21.431734,0.390625,0.077725448,12281,True,178,,12800,0.0,0.0,0.360366,0.336395
480,baseline_overlay_pass->release->rtl_overlay_pass,5.62999,15.562869,2.839725,24.082006,0.3828125,0.074683929,12152,True,177,179,12544,5.622113,14.816498,0.862573,21.346894,0.3828125,0.074683929,12152,True,177,,12544,0.0,0.0,0.355035,0.333515
481,baseline_overlay_pass->release->rtl_overlay_pass,6.171739,14.867698,2.871587,23.965255,0.3828125,0.075811072,12143,True,177,179,12544,5.658693,14.804427,0.977704,21.490466,0.3828125,0.075811072,12143,True,177,,12544,0.0,0.0,0.432457,0.346595
482,baseline_overlay_pass->release->rtl_overlay_pass,6.064477,15.210744,2.872016,24.270009,0.3828125,0.076261929,12174,True,177,179,12544,5.634613,14.421752,0.910683,21.015479,0.3828125,0.076261929,12174,True,177,,12544,0.0,0.0,0.390896,0.334685
483,baseline_overlay_pass->release->rtl_overlay_pass,5.820493,15.027671,2.824395,23.72468,0.375,0.073161021,12152,True,176,179,12288,5.559451,14.619914,0.871502,21.097339,0.375,0.073161021,12152,True,176,,12288,0.0,0.0,0.355235,0.336835
484,baseline_overlay_pass->release->rtl_overlay_pass,5.763642,14.831717,2.857915,23.504907,0.375,0.074264409,12149,True,176,179,12288,6.017868,14.405992,0.891303,21.362294,0.375,0.074264409,12149,True,176,,12288,0.0,0.0,0.371935,0.336315
485,baseline_overlay_pass->release->rtl_overlay_pass,5.955576,15.149013,2.838286,23.994125,0.375,0.074705763,12164,True,176,179,12288,5.608082,14.406562,1.237308,21.296072,0.375,0.074705763,12164,True,176,,12288,0.0,0.0,0.490097,0.559498
486,baseline_overlay_pass->release->rtl_overlay_pass,5.722242,14.848588,2.881456,23.503477,0.3671875,0.071601055,12293,True,175,179,12032,5.957588,14.353951,0.898133,21.255022,0.3671875,0.071601055,12293,True,175,,12032,0.0,0.0,0.380846,0.336025
487,baseline_overlay_pass->release->rtl_overlay_pass,5.63857,14.99792,2.875706,23.561328,0.3671875,0.072702922,12316,True,175,179,12032,5.633853,15.076742,0.869623,21.629978,0.3671875,0.072702922,12316,True,175,,12032,0.0,0.0,0.360325,0.330825
488,baseline_overlay_pass->release->rtl_overlay_pass,5.63452,15.301525,2.883507,23.867823,0.3671875,0.073143669,12293,True,175,179,12032,5.566342,14.96855,0.856112,21.435454,0.3671875,0.073143669,12293,True,175,,12032,0.0,0.0,0.349185,0.333005
489,baseline_overlay_pass->release->rtl_overlay_pass,5.622861,15.010431,2.891656,23.571708,0.359375,0.070038718,12344,True,174,179,11776,5.600413,14.877488,0.873913,21.396894,0.359375,0.070038718,12344,True,174,,11776,0.0,0.0,0.357225,0.340395
490,baseline_overlay_pass->release->rtl_overlay_pass,5.669751,15.069242,2.884116,23.671459,0.359375,0.071140487,12335,True,174,179,11776,5.672053,14.807078,0.890593,21.414334,0.359375,0.071140487,12335,True,174,,11776,0.0,0.0,0.359475,0.326915
491,baseline_overlay_pass->release->rtl_overlay_pass,5.746102,15.825113,2.845416,24.469382,0.359375,0.071581195,12341,True,174,179,11776,5.570082,14.597774,1.002595,21.219101,0.359375,0.071581195,12341,True,174,,11776,0.0,0.0,0.453756,0.344075
492,baseline_overlay_pass->release->rtl_overlay_pass,5.855304,17.498631,3.535587,26.950702,0.34375,0.065194978,12388,True,172,179,11264,5.816485,14.701976,0.895984,21.463075,0.34375,0.065194978,12388,True,172,,11264,0.0,0.0,0.373795,0.341955
493,baseline_overlay_pass->release->rtl_overlay_pass,7.305877,14.913209,3.229402,25.502539,0.3515625,0.070609241,12389,True,173,179,11520,5.707414,14.429092,0.912694,21.09263,0.3515625,0.070609241,12389,True,173,,11520,0.0,0.0,0.399136,0.331635
494,baseline_overlay_pass->release->rtl_overlay_pass,6.592395,14.641174,3.212211,24.503282,0.34375,0.067149946,12381,True,172,179,11264,5.616333,14.381381,0.899603,20.938808,0.34375,0.067149946,12381,True,172,,11264,0.0,0.0,0.372166,0.340305
495,baseline_overlay_pass->release->rtl_overlay_pass,6.165688,14.568293,2.838286,23.619509,0.3359375,0.064828729,12376,True,171,179,11008,6.122049,14.588054,0.900333,21.657568,0.3359375,0.064828729,12376,True,171,,11008,0.0,0.0,0.386486,0.334285
496,baseline_overlay_pass->release->rtl_overlay_pass,7.796355,14.35582,2.845746,25.045861,0.3359375,0.066243991,12377,True,171,179,11008,5.859086,14.615505,0.883743,21.406434,0.3359375,0.066243991,12377,True,171,,11008,0.0,0.0,0.366146,0.337505
497,baseline_overlay_pass->release->rtl_overlay_pass,7.897727,14.394671,2.905757,25.245615,0.3359375,0.066810097,12378,True,171,179,11008,5.969438,14.97148,0.831512,21.81691,0.3359375,0.066810097,12378,True,171,,11008,0.0,0.0,0.333705,0.327964
498,baseline_overlay_pass->release->rtl_overlay_pass,6.450453,14.816038,2.878376,24.195958,0.28125,0.044067789,12434,True,164,179,9216,5.679093,14.911399,0.866012,21.501895,0.28125,0.044067789,12434,True,164,,9216,0.0,0.0,0.359645,0.332424
499,baseline_overlay_pass->release->rtl_overlay_pass,6.088798,14.448651,2.908746,23.495016,0.28125,0.051377115,12436,True,164,179,9216,5.625383,14.757946,0.889913,21.318733,0.28125,0.051377115,12436,True,164,,9216,0.0,0.0,0.386116,0.328545
500,baseline_overlay_pass->release->rtl_overlay_pass,6.022417,14.525003,2.911567,23.506797,0.28125,0.054300846,12432,True,164,179,9216,5.751724,14.92967,1.003775,21.733009,0.28125,0.054300846,12432,True,164,,9216,0.0,0.0,0.456807,0.343625
501,baseline_overlay_pass->release->rtl_overlay_pass,7.562211,14.37872,2.912816,24.901299,0.2421875,0.039064088,12407,True,159,179,7936,5.642332,14.472362,1.236178,21.398185,0.2421875,0.039064088,12407,True,159,,7936,0.0,0.0,0.369086,0.562609
502,baseline_overlay_pass->release->rtl_overlay_pass,7.577041,14.35504,2.887266,24.869679,0.2421875,0.044688135,12399,True,159,179,7936,5.599532,14.373801,0.899883,20.917417,0.2421875,0.044688135,12399,True,159,,7936,0.0,0.0,0.380416,0.337885
503,baseline_overlay_pass->release->rtl_overlay_pass,7.695753,14.463662,2.849895,25.059072,0.2421875,0.046937754,12402,True,159,179,7936,5.644353,14.529223,0.926624,21.143481,0.2421875,0.046937754,12402,True,159,,7936,0.0,0.0,0.407746,0.332805
504,baseline_overlay_pass->release->rtl_overlay_pass,7.617312,14.34466,2.905997,24.915409,0.1171875,-0.004662398,12083,True,143,179,3840,5.805825,14.381551,0.897963,21.13054,0.1171875,-0.004662398,12083,True,143,,3840,0.0,0.0,0.378276,0.340285
505,baseline_overlay_pass->release->rtl_overlay_pass,5.911214,14.330909,2.901576,23.190021,0.1171875,0.012197541,12075,True,143,179,3840,6.180871,14.771447,0.883053,21.881101,0.1171875,0.012197541,12075,True,143,,3840,0.0,0.0,0.365415,0.336565
506,baseline_overlay_pass->release->rtl_overlay_pass,5.879204,14.32934,2.918287,23.340824,0.1171875,0.018941516,12095,True,143,179,3840,5.646723,15.025921,0.845232,21.563396,0.1171875,0.018941516,12095,True,143,,3840,0.0,0.0,0.340825,0.332954
507,baseline_overlay_pass->release->rtl_overlay_pass,5.756872,14.758657,2.938497,23.502406,0.0703125,0.001951607,11892,True,137,179,2304,5.633673,14.866348,0.865323,21.446345,0.0703125,0.001951607,11892,True,137,,2304,0.0,0.0,0.361755,0.326655
508,baseline_overlay_pass->release->rtl_overlay_pass,5.709252,14.930369,2.850546,23.540287,0.0703125,0.009218143,11925,True,137,179,2304,5.768895,15.052871,0.869893,21.737379,0.0703125,0.009218143,11925,True,137,,2304,0.0,0.0,0.355705,0.337945
509,baseline_overlay_pass->release->rtl_overlay_pass,5.62097,15.030351,2.891056,23.591438,0.0703125,0.012124757,11923,True,137,179,2304,5.680813,14.628674,1.181207,21.540876,0.0703125,0.012124757,11923,True,137,,2304,0.0,0.0,0.497507,0.353365
510,baseline_overlay_pass->release->rtl_overlay_pass,5.669481,15.008651,2.870446,23.596028,0.0625,0.010006153,11926,True,136,179,2048,5.670374,14.460852,0.897873,21.077799,0.0625,0.010006153,11926,True,136,,2048,0.0,0.0,0.382856,0.334625
511,baseline_overlay_pass->release->rtl_overlay_pass,5.680761,14.95211,2.867656,23.550687,0.0625,0.011502461,11944,True,136,179,2048,5.629573,15.188963,0.867123,21.731199,0.0625,0.011502461,11944,True,136,,2048,0.0,0.0,0.356746,0.331805
512,baseline_overlay_pass->release->rtl_overlay_pass,6.142468,14.813337,2.918417,23.922813,0.0625,0.012100984,11943,True,136,179,2048,5.601292,14.386961,0.889913,20.922506,0.0625,0.012100984,11943,True,136,,2048,0.0,0.0,0.375666,0.335864
513,baseline_overlay_pass->release->rtl_overlay_pass,5.733952,14.649335,2.897377,23.326994,0.0390625,0.002496644,11958,True,133,179,1280,5.774954,14.35918,0.891673,21.070768,0.0390625,0.002496644,11958,True,133,,1280,0.0,0.0,0.372665,0.336695
514,baseline_overlay_pass->release->rtl_overlay_pass,5.665141,14.729666,2.945057,23.388655,0.0390625,0.005686158,11978,True,133,179,1280,5.927337,14.542183,0.903954,21.419634,0.0390625,0.005686158,11978,True,133,,1280,0.0,0.0,0.387675,0.334635
515,baseline_overlay_pass->release->rtl_overlay_pass,5.650601,14.744806,2.838976,23.282943,0.0390625,0.006961963,11984,True,133,179,1280,5.691394,15.044061,0.835322,21.618257,0.0390625,0.006961963,11984,True,133,,1280,0.0,0.0,0.335275,0.329445
516,baseline_overlay_pass->release->rtl_overlay_pass,5.62103,14.784097,2.805084,23.258443,0.0234375,0.000909785,11910,True,131,179,768,5.973308,14.949099,0.898193,21.86526,0.0234375,0.000909785,11910,True,131,,768,0.0,0.0,0.390566,0.329965
517,baseline_overlay_pass->release->rtl_overlay_pass,5.59061,14.816258,2.843405,23.297723,0.0234375,0.003176414,11910,True,131,179,768,5.582082,15.053751,0.865343,21.545736,0.0234375,0.003176414,11910,True,131,,768,0.0,0.0,0.361225,0.332615
518,baseline_overlay_pass->release->rtl_overlay_pass,5.590369,16.988413,2.854346,25.483199,0.0234375,0.004083066,11894,True,131,179,768,5.646513,14.599794,0.969034,21.263421,0.0234375,0.004083066,11894,True,131,,768,0.0,0.0,0.427367,0.346756
519,baseline_overlay_pass->release->rtl_overlay_pass,5.662851,16.445223,2.954897,25.114672,-0.015625,-0.005398024,11907,True,126,179,-512,5.766835,14.891668,0.933983,21.640337,-0.015625,-0.005398024,11907,True,126,,-512,0.0,0.0,0.371675,0.349405
520,baseline_overlay_pass->release->rtl_overlay_pass,5.674921,14.94515,3.014588,23.685839,-0.015625,-0.002159209,11892,True,126,179,-512,5.596992,14.35605,0.966485,20.964808,-0.015625,-0.002159209,11892,True,126,,-512,0.0,0.0,0.378036,0.335935
521,baseline_overlay_pass->release->rtl_overlay_pass,5.687031,14.658335,4.39481,24.795888,-0.015625,-0.000863684,11901,True,126,179,-512,5.601583,14.35786,0.899783,20.905307,-0.015625,-0.000863684,11901,True,126,,-512,0.0,0.0,0.378685,0.338685
522,baseline_overlay_pass->release->rtl_overlay_pass,5.63164,17.822155,2.959537,26.465144,-0.0390625,-0.016751724,11887,True,123,179,-1280,5.791765,14.444131,0.902823,21.182981,-0.0390625,-0.016751724,11887,True,123,,-1280,0.0,0.0,0.387135,0.333805
523,baseline_overlay_pass->release->rtl_overlay_pass,5.686351,15.524638,2.998028,24.258869,-0.0390625,-0.011388189,11888,True,123,179,-1280,5.868696,14.363461,0.897243,21.17553,-0.0390625,-0.011388189,11888,True,123,,-1280,0.0,0.0,0.379426,0.335165
524,baseline_overlay_pass->release->rtl_overlay_pass,5.64415,14.692565,3.163361,23.556437,-0.0390625,-0.009242776,11886,True,123,179,-1280,5.933157,15.076671,0.835912,21.891021,-0.0390625,-0.009242776,11886,True,123,,-1280,0.0,0.0,0.332685,0.329765
525,baseline_overlay_pass->release->rtl_overlay_pass,5.61884,14.639804,3.130991,23.446196,-0.078125,-0.02479086,11823,True,118,179,-2560,5.639183,15.044841,0.872693,21.602017,-0.078125,-0.02479086,11823,True,118,,-2560,0.0,0.0,0.360546,0.336755
526,baseline_overlay_pass->release->rtl_overlay_pass,5.65481,15.076631,3.205882,23.989464,-0.078125,-0.019291344,11817,True,118,179,-2560,5.618913,14.917799,0.877373,21.459375,-0.078125,-0.019291344,11817,True,118,,-2560,0.0,0.0,0.362575,0.338655
527,baseline_overlay_pass->release->rtl_overlay_pass,5.63567,14.411401,3.159691,23.260313,-0.078125,-0.017091538,11818,True,118,179,-2560,5.583512,14.813157,0.997804,21.444814,-0.078125,-0.017091538,11818,True,118,,-2560,0.0,0.0,0.453496,0.340405
528,baseline_overlay_pass->release->rtl_overlay_pass,5.64995,14.729356,3.959793,24.3961,-0.1015625,-0.026055365,11856,True,115,179,-3328,5.660093,14.433562,0.899004,21.040909,-0.1015625,-0.026055365,11856,True,115,,-3328,0.0,0.0,0.379225,0.336625
529,baseline_overlay_pass->release->rtl_overlay_pass,5.690131,14.740216,2.970128,23.452726,-0.1015625,-0.022609646,11850,True,115,179,-3328,5.669643,14.393101,0.901334,21.012698,-0.1015625,-0.022609646,11850,True,115,,-3328,0.0,0.0,0.378455,0.338885
530,baseline_overlay_pass->release->rtl_overlay_pass,5.695671,14.517292,3.237142,23.504376,-0.1015625,-0.021231358,11853,True,115,179,-3328,5.657053,14.378411,0.909363,20.990457,-0.1015625,-0.021231358,11853,True,115,,-3328,0.0,0.0,0.386526,0.338764
531,baseline_overlay_pass->release->rtl_overlay_pass,6.050137,14.728596,3.190021,24.026565,-0.1171875,-0.027242543,11931,True,113,179,-3840,5.724044,14.374631,0.895603,21.039349,-0.1171875,-0.027242543,11931,True,113,,-3840,0.0,0.0,0.375035,0.334195
532,baseline_overlay_pass->release->rtl_overlay_pass,5.653461,14.98243,3.352654,24.041945,-0.1171875,-0.024959517,11933,True,113,179,-3840,5.707764,14.846828,0.874283,21.477515,-0.1171875,-0.024959517,11933,True,113,,-3840,0.0,0.0,0.355275,0.337915
533,baseline_overlay_pass->release->rtl_overlay_pass,5.61406,14.37176,3.14937,23.189491,-0.1171875,-0.024046307,11933,True,113,179,-3840,5.692744,15.111951,0.886163,21.737639,-0.1171875,-0.024046307,11933,True,113,,-3840,0.0,0.0,0.374745,0.333755
534,baseline_overlay_pass->release->rtl_overlay_pass,5.66598,14.566443,3.158371,23.445815,-0.1640625,-0.043368523,11496,True,107,179,-5376,5.621582,14.735476,0.867793,21.269832,-0.1640625,-0.043368523,11496,True,107,,-5376,0.0,0.0,0.360145,0.331975
535,baseline_overlay_pass->release->rtl_overlay_pass,5.640651,14.735746,3.324283,23.75605,-0.1640625,-0.037034909,11449,True,107,179,-5376,5.719294,14.823048,0.902293,21.488185,-0.1640625,-0.037034909,11449,True,107,,-5376,0.0,0.0,0.393686,0.332925
536,baseline_overlay_pass->release->rtl_overlay_pass,5.662991,14.567433,4.892288,25.180073,-0.1640625,-0.034501464,11461,True,107,179,-5376,5.642573,14.860708,0.996954,21.545726,-0.1640625,-0.034501464,11461,True,107,,-5376,0.0,0.0,0.434656,0.354385
537,baseline_overlay_pass->release->rtl_overlay_pass,8.073729,15.514968,2.923856,26.568755,-0.234375,-0.063019335,11867,True,98,179,-7680,5.682683,14.406241,0.896733,21.034748,-0.234375,-0.063019335,11867,True,98,,-7680,0.0,0.0,0.378296,0.336265
538,baseline_overlay_pass->release->rtl_overlay_pass,7.912767,14.888219,3.057199,25.919625,-0.234375,-0.053332734,11867,True,98,179,-7680,5.590112,14.417361,0.900133,20.954917,-0.234375,-0.053332734,11867,True,98,,-7680,0.0,0.0,0.389576,0.327275
539,baseline_overlay_pass->release->rtl_overlay_pass,7.50614,14.737786,2.881506,25.188153,-0.234375,-0.049458094,11866,True,98,179,-7680,5.574352,14.37043,0.896463,20.884416,-0.234375,-0.049458094,11866,True,98,,-7680,0.0,0.0,0.376595,0.337205
540,baseline_overlay_pass->release->rtl_overlay_pass,5.756342,14.514442,2.865586,23.186182,-0.3125,-0.080720737,11841,True,88,179,-10240,5.768055,14.373231,0.899083,21.085009,-0.3125,-0.080720737,11841,True,88,,-10240,0.0,0.0,0.368405,0.344815
541,baseline_overlay_pass->release->rtl_overlay_pass,5.846234,14.530772,2.887166,23.314003,-0.3125,-0.069788295,11849,True,88,179,-10240,5.709504,14.783457,0.894693,21.438414,-0.3125,-0.069788295,11849,True,88,,-10240,0.0,0.0,0.373735,0.336385
542,baseline_overlay_pass->release->rtl_overlay_pass,5.62291,14.553303,2.821695,23.045219,-0.3125,-0.065415318,11851,True,88,179,-10240,5.661893,14.925259,0.874053,21.506005,-0.3125,-0.065415318,11851,True,88,,-10240,0.0,0.0,0.372685,0.327675
543,baseline_overlay_pass->release->rtl_overlay_pass,5.768483,14.472652,2.849266,23.138071,-0.3359375,-0.073509877,11868,True,85,179,-11008,5.639913,14.951089,0.875562,21.511965,-0.3359375,-0.073509877,11868,True,85,,-11008,0.0,0.0,0.359815,0.339485
544,baseline_overlay_pass->release->rtl_overlay_pass,5.960275,14.41013,3.004048,23.426745,-0.3359375,-0.069716451,11870,True,85,179,-11008,5.669213,14.735125,0.874773,21.323833,-0.3359375,-0.069716451,11870,True,85,,-11008,0.0,0.0,0.356885,0.344195
545,baseline_overlay_pass->release->rtl_overlay_pass,5.914955,14.36494,2.838996,23.166451,-0.3359375,-0.06819908,11876,True,85,179,-11008,5.667483,14.539223,1.017645,21.277072,-0.3359375,-0.06819908,11876,True,85,,-11008,0.0,0.0,0.453727,0.347275
546,baseline_overlay_pass->release->rtl_overlay_pass,6.616306,14.664385,2.879966,24.210967,-0.3984375,-0.093842132,11883,True,77,179,-13056,5.733334,14.381241,0.916104,21.078949,-0.3984375,-0.093842132,11883,True,77,,-13056,0.0,0.0,0.392235,0.340765
547,baseline_overlay_pass->release->rtl_overlay_pass,6.057957,14.39315,2.911546,23.408604,-0.3984375,-0.085349353,11876,True,77,179,-13056,5.576781,14.398801,0.888263,20.906176,-0.3984375,-0.085349353,11876,True,77,,-13056,0.0,0.0,0.369925,0.335605
548,baseline_overlay_pass->release->rtl_overlay_pass,5.864424,14.849668,2.835796,23.603898,-0.3984375,-0.081952241,11884,True,77,179,-13056,5.723734,14.35319,0.905844,21.029148,-0.3984375,-0.081952241,11884,True,77,,-13056,0.0,0.0,0.384825,0.339785
549,baseline_overlay_pass->release->rtl_overlay_pass,5.696231,15.099541,2.828715,23.674589,-0.4375,-0.096999646,11843,True,72,179,-14336,5.831846,14.652065,0.926273,21.455994,-0.4375,-0.096999646,11843,True,72,,-14336,0.0,0.0,0.394206,0.337135
550,baseline_overlay_pass->release->rtl_overlay_pass,5.864184,16.043207,2.954407,24.914209,-0.4375,-0.091299859,11843,True,72,179,-14336,5.630603,15.173272,0.841202,21.695828,-0.4375,-0.091299859,11843,True,72,,-14336,0.0,0.0,0.339615,0.327945
551,baseline_overlay_pass->release->rtl_overlay_pass,6.019566,14.901588,2.816205,23.79035,-0.4375,-0.089019943,11851,True,72,179,-14336,5.650763,15.04638,0.887603,21.628337,-0.4375,-0.089019943,11851,True,72,,-14336,0.0,0.0,0.384435,0.327045
552,baseline_overlay_pass->release->rtl_overlay_pass,5.901255,14.97844,2.885506,23.817801,-0.4765625,-0.104514227,11747,True,67,179,-15616,5.626642,14.693865,0.868153,21.233331,-0.4765625,-0.104514227,11747,True,67,,-15616,0.0,0.0,0.354945,0.335125
553,baseline_overlay_pass->release->rtl_overlay_pass,5.871834,15.139922,2.855656,23.920093,-0.4765625,-0.098993191,11742,True,67,179,-15616,5.637233,14.920759,0.880813,21.485605,-0.4765625,-0.098993191,11742,True,67,,-15616,0.0,0.0,0.361615,0.340535
554,baseline_overlay_pass->release->rtl_overlay_pass,5.803733,15.585249,3.412455,24.858978,-0.4765625,-0.096784776,11736,True,67,179,-15616,5.635252,15.430986,0.935794,22.048753,-0.4765625,-0.096784776,11736,True,67,,-15616,0.0,0.0,0.396246,0.350095
555,baseline_overlay_pass->release->rtl_overlay_pass,6.395822,16.232029,3.17538,25.864694,-0.5078125,-0.109026411,11769,True,63,179,-16640,5.633143,16.774126,0.960834,23.413863,-0.5078125,-0.109026411,11769,True,63,,-16640,0.0,0.0,0.413326,0.354125
556,baseline_overlay_pass->release->rtl_overlay_pass,6.334142,16.758928,3.467056,26.620576,-0.5078125,-0.104548064,11754,True,63,179,-16640,5.603522,14.639495,1.37802,21.667827,-0.5078125,-0.104548064,11754,True,63,,-16640,0.0,0.0,0.371776,0.810462
557,baseline_overlay_pass->release->rtl_overlay_pass,6.646536,17.212045,3.560957,27.480069,-0.5078125,-0.102756726,11755,True,63,179,-16640,5.697203,14.572444,0.907943,21.224061,-0.5078125,-0.102756726,11755,True,63,,-16640,0.0,0.0,0.391236,0.335415
558,baseline_overlay_pass->release->rtl_overlay_pass,6.037927,16.493124,3.543317,26.128558,-0.515625,-0.10532144,11768,True,62,179,-16896,5.647233,14.37738,0.921084,20.989128,-0.515625,-0.10532144,11768,True,62,,-16896,0.0,0.0,0.372775,0.332845
559,baseline_overlay_pass->release->rtl_overlay_pass,6.226619,16.477503,3.662038,26.430112,-0.515625,-0.104003576,11764,True,62,179,-16896,5.753964,14.456371,0.899873,21.15674,-0.515625,-0.104003576,11764,True,62,,-16896,0.0,0.0,0.379595,0.335965
560,baseline_overlay_pass->release->rtl_overlay_pass,5.982476,16.689957,3.854071,26.592596,-0.515625,-0.10347643,11764,True,62,179,-16896,5.881496,14.371511,0.918154,21.214721,-0.515625,-0.10347643,11764,True,62,,-16896,0.0,0.0,0.390386,0.338485
561,baseline_overlay_pass->release->rtl_overlay_pass,6.26437,16.171169,3.325133,25.817293,-0.5234375,-0.106546822,11801,True,61,179,-17152,6.054239,14.844528,0.869443,21.81818,-0.5234375,-0.106546822,11801,True,61,,-17152,0.0,0.0,0.357596,0.332815
562,baseline_overlay_pass->release->rtl_overlay_pass,5.752212,18.518146,3.215072,27.535771,-0.5234375,-0.105431229,11797,True,61,179,-17152,5.653883,15.222823,0.881163,21.802279,-0.5234375,-0.105431229,11797,True,61,,-17152,0.0,0.0,0.377616,0.327895
563,baseline_overlay_pass->release->rtl_overlay_pass,5.767943,15.368736,3.174631,24.36037,-0.5234375,-0.104984992,11791,True,61,179,-17152,5.624863,14.672695,0.879843,21.221471,-0.5234375,-0.104984992,11791,True,61,,-17152,0.0,0.0,0.363416,0.339305
564,baseline_overlay_pass->release->rtl_overlay_pass,5.904874,16.247679,3.646678,25.855503,-0.5234375,-0.104806497,11759,True,61,179,-17152,5.619792,14.793037,1.30519,21.762959,-0.5234375,-0.104806497,11759,True,61,,-17152,0.0,0.0,0.799091,0.333725
565,baseline_overlay_pass->release->rtl_overlay_pass,5.841793,15.747562,3.06746,24.760246,-0.5234375,-0.104735099,11758,True,61,179,-17152,5.683033,15.447546,0.919103,22.094984,-0.5234375,-0.104735099,11758,True,61,,-17152,0.0,0.0,0.389455,0.342015
566,baseline_overlay_pass->release->rtl_overlay_pass,5.791763,15.702841,3.086529,24.640004,-0.5234375,-0.104706539,11757,True,61,179,-17152,5.622592,14.32582,1.144317,21.14062,-0.5234375,-0.104706539,11757,True,61,,-17152,0.0,0.0,0.573868,0.351565
567,baseline_overlay_pass->release->rtl_overlay_pass,6.163559,15.794103,3.402575,25.417227,-0.546875,-0.114538866,11706,True,58,179,-17920,5.576132,14.442802,0.892053,20.958257,-0.546875,-0.114538866,11706,True,58,,-17920,0.0,0.0,0.375256,0.334664
568,baseline_overlay_pass->release->rtl_overlay_pass,6.121098,15.871334,3.1512,25.203813,-0.546875,-0.111440546,11706,True,58,179,-17920,5.623152,14.401271,0.929824,21.000538,-0.546875,-0.111440546,11706,True,58,,-17920,0.0,0.0,0.412066,0.333435
569,baseline_overlay_pass->release->rtl_overlay_pass,6.016756,16.061287,3.341313,25.480697,-0.546875,-0.110201219,11715,True,58,179,-17920,5.606982,14.34522,0.892183,20.889406,-0.546875,-0.110201219,11715,True,58,,-17920,0.0,0.0,0.375006,0.334365
570,baseline_overlay_pass->release->rtl_overlay_pass,5.801263,15.681571,3.005918,24.544712,-0.5546875,-0.112986737,11612,True,57,179,-18176,5.744034,14.33409,0.896984,21.017338,-0.5546875,-0.112986737,11612,True,57,,-18176,0.0,0.0,0.378645,0.333695
571,baseline_overlay_pass->release->rtl_overlay_pass,5.762472,15.811672,3.11795,24.749006,-0.5546875,-0.111757195,11599,True,57,179,-18176,5.726334,14.404891,0.903443,21.079008,-0.5546875,-0.111757195,11599,True,57,,-18176,0.0,0.0,0.385116,0.331555
572,baseline_overlay_pass->release->rtl_overlay_pass,6.707427,14.918469,2.868436,24.545023,-0.5546875,-0.111265378,11608,True,57,179,-18176,5.750305,15.179752,0.851283,21.82967,-0.5546875,-0.111265378,11608,True,57,,-18176,0.0,0.0,0.343646,0.332475
573,baseline_overlay_pass->release->rtl_overlay_pass,5.59353,21.297781,2.983498,29.927529,-0.546875,-0.107787401,11652,True,58,179,-17920,5.759364,15.911543,0.858802,22.57555,-0.546875,-0.107787401,11652,True,58,,-17920,0.0,0.0,0.358635,0.327265
574,baseline_overlay_pass->release->rtl_overlay_pass,7.668282,14.720245,2.909457,25.345315,-0.5546875,-0.11202121,11644,True,57,179,-18176,5.662053,15.01712,0.858722,21.582695,-0.5546875,-0.11202121,11644,True,57,,-18176,0.0,0.0,0.353825,0.330455
575,baseline_overlay_pass->release->rtl_overlay_pass,7.312747,14.347899,2.886726,24.595413,-0.546875,-0.108089734,11650,True,58,179,-17920,5.625222,14.701676,0.870563,21.241781,-0.546875,-0.108089734,11650,True,58,,-17920,0.0,0.0,0.363895,0.330465
576,baseline_overlay_pass->release->rtl_overlay_pass,5.810543,14.588204,2.893986,23.341413,-0.5859375,-0.125267144,11602,True,53,179,-19200,6.010988,14.775926,0.885003,21.716458,-0.5859375,-0.125267144,11602,True,53,,-19200,0.0,0.0,0.358275,0.349935
577,baseline_overlay_pass->release->rtl_overlay_pass,5.756162,14.384701,2.846305,23.034908,-0.5859375,-0.120419357,11576,True,53,179,-19200,5.576532,14.97484,1.056725,21.656977,-0.5859375,-0.120419357,11576,True,53,,-19200,0.0,0.0,0.516548,0.333204
578,baseline_overlay_pass->release->rtl_overlay_pass,5.828503,14.676545,3.146671,23.709589,-0.5859375,-0.118480243,11600,True,53,179,-19200,5.662913,14.384641,0.894403,20.991857,-0.5859375,-0.118480243,11600,True,53,,-19200,0.0,0.0,0.375606,0.337095
579,baseline_overlay_pass->release->rtl_overlay_pass,5.787653,14.544942,2.892296,23.274132,-0.609375,-0.127548347,11555,True,50,179,-19968,5.623972,14.430832,0.900293,21.000867,-0.609375,-0.127548347,11555,True,50,,-19968,0.0,0.0,0.384446,0.331665
580,baseline_overlay_pass->release->rtl_overlay_pass,5.697971,14.826007,2.880386,23.454615,-0.609375,-0.124144339,11557,True,50,179,-19968,5.601912,14.380041,0.895963,20.923496,-0.609375,-0.124144339,11557,True,50,,-19968,0.0,0.0,0.375836,0.338315
581,baseline_overlay_pass->release->rtl_overlay_pass,5.785522,14.782816,2.854336,23.473045,-0.609375,-0.122782736,11564,True,50,179,-19968,5.587942,14.412541,0.895863,20.970437,-0.609375,-0.122782736,11564,True,50,,-19968,0.0,0.0,0.376375,0.336865
582,baseline_overlay_pass->release->rtl_overlay_pass,5.690011,15.209523,2.861426,23.81185,-0.6171875,-0.125519344,11419,True,49,179,-20224,5.752074,14.470722,0.910034,21.17753,-0.6171875,-0.125519344,11419,True,49,,-20224,0.0,0.0,0.386955,0.337595
583,baseline_overlay_pass->release->rtl_overlay_pass,5.677651,14.976439,2.848275,23.549236,-0.6171875,-0.124270238,11415,True,49,179,-20224,5.820785,14.845298,0.900563,21.611836,-0.6171875,-0.124270238,11415,True,49,,-20224,0.0,0.0,0.389156,0.328694
584,baseline_overlay_pass->release->rtl_overlay_pass,5.67347,14.956229,2.908417,23.587827,-0.6171875,-0.123770595,11415,True,49,179,-20224,5.612642,15.0537,0.840323,21.551366,-0.6171875,-0.123770595,11415,True,49,,-20224,0.0,0.0,0.336674,0.331375
585,baseline_overlay_pass->release->rtl_overlay_pass,5.807502,15.432836,2.863385,24.150996,-0.625,-0.126851988,11367,True,48,179,-20480,5.699694,14.897358,0.870603,21.514245,-0.625,-0.126851988,11367,True,48,,-20480,0.0,0.0,0.356336,0.335825
586,baseline_overlay_pass->release->rtl_overlay_pass,6.073337,14.893458,3.156021,24.172257,-0.625,-0.125740795,11363,True,48,179,-20480,5.614952,14.683885,0.888473,21.231071,-0.625,-0.125740795,11363,True,48,,-20480,0.0,0.0,0.358955,0.329654
587,baseline_overlay_pass->release->rtl_overlay_pass,6.053396,14.954259,2.837945,23.890732,-0.625,-0.125296318,11355,True,48,179,-20480,5.602982,14.747366,0.900523,21.301752,-0.625,-0.125296318,11355,True,48,,-20480,0.0,0.0,0.375615,0.344145
588,baseline_overlay_pass->release->rtl_overlay_pass,5.60946,14.809747,2.858415,23.327553,-0.625,-0.125118527,11335,True,48,179,-20480,5.655112,14.485662,1.146017,21.339682,-0.625,-0.125118527,11335,True,48,,-20480,0.0,0.0,0.592729,0.333925
589,baseline_overlay_pass->release->rtl_overlay_pass,5.615899,14.781416,2.852336,23.298073,-0.625,-0.125047411,11340,True,48,179,-20480,5.651523,14.389571,0.900994,20.990928,-0.625,-0.125047411,11340,True,48,,-20480,0.0,0.0,0.375056,0.339735
590,baseline_overlay_pass->release->rtl_overlay_pass,5.61668,14.886868,2.840185,23.393983,-0.6328125,-0.128300214,11343,True,47,179,-20736,5.639792,14.463731,0.908183,21.055848,-0.6328125,-0.128300214,11343,True,47,,-20736,0.0,0.0,0.393225,0.333315
591,baseline_overlay_pass->release->rtl_overlay_pass,5.60584,14.750726,2.905197,23.309453,-0.6328125,-0.127257586,11343,True,47,179,-20736,5.764324,14.36547,0.904823,21.077509,-0.6328125,-0.127257586,11343,True,47,,-20736,0.0,0.0,0.379305,0.341535
592,baseline_overlay_pass->release->rtl_overlay_pass,5.66318,15.611009,2.878816,24.203296,-0.6328125,-0.126840534,11333,True,47,179,-20736,5.836215,14.826797,0.926904,21.720758,-0.6328125,-0.126840534,11333,True,47,,-20736,0.0,0.0,0.413396,0.333335
593,baseline_overlay_pass->release->rtl_overlay_pass,5.668111,14.808927,2.959157,23.486455,-0.6328125,-0.126673714,11335,True,47,179,-20736,5.638173,15.01886,0.853383,21.554776,-0.6328125,-0.126673714,11335,True,47,,-20736,0.0,0.0,0.348925,0.331705
594,baseline_overlay_pass->release->rtl_overlay_pass,5.691211,14.808666,3.115189,23.666638,-0.640625,-0.129888235,11363,True,46,179,-20992,5.631352,14.734916,0.891523,21.302832,-0.640625,-0.129888235,11363,True,46,,-20992,0.0,0.0,0.389036,0.329114
595,baseline_overlay_pass->release->rtl_overlay_pass,5.687911,14.538052,3.236542,23.518296,-0.640625,-0.128830294,11359,True,46,179,-20992,5.625603,14.743176,0.914574,21.329723,-0.640625,-0.128830294,11359,True,46,,-20992,0.0,0.0,0.383946,0.347325
596,baseline_overlay_pass->release->rtl_overlay_pass,5.681551,14.489021,3.271072,23.495575,-0.640625,-0.128407118,11354,True,46,179,-20992,5.643172,14.352311,1.023245,21.066569,-0.640625,-0.128407118,11354,True,46,,-20992,0.0,0.0,0.466217,0.345175
597,baseline_overlay_pass->release->rtl_overlay_pass,5.62936,14.34995,3.579657,23.611097,-0.640625,-0.128237847,11341,True,46,179,-20992,5.670603,14.557633,0.901403,21.178141,-0.640625,-0.128237847,11341,True,46,,-20992,0.0,0.0,0.372356,0.343015
598,baseline_overlay_pass->release->rtl_overlay_pass,5.591799,14.479621,3.496666,23.620357,-0.640625,-0.128170139,11336,True,46,179,-20992,5.584491,14.519932,0.899294,21.047178,-0.640625,-0.128170139,11336,True,46,,-20992,0.0,0.0,0.383215,0.336215
599,baseline_overlay_pass->release->rtl_overlay_pass,5.656911,14.471801,3.261872,23.447095,-0.640625,-0.128143056,11334,True,46,179,-20992,5.828435,14.34371,0.887113,21.102358,-0.640625,-0.128143056,11334,True,46,,-20992,0.0,0.0,0.368685,0.335995
600,baseline_overlay_pass->release->rtl_overlay_pass,5.663421,14.441151,2.881996,23.035978,-0.640625,-0.128132222,11342,True,46,179,-20992,5.780874,14.599524,0.880633,21.308372,-0.640625,-0.128132222,11342,True,46,,-20992,0.0,0.0,0.365835,0.335254
601,baseline_overlay_pass->release->rtl_overlay_pass,5.644331,14.37986,2.858666,22.931977,-0.640625,-0.128127889,11340,True,46,179,-20992,5.670913,15.0158,0.846993,21.579426,-0.640625,-0.128127889,11340,True,46,,-20992,0.0,0.0,0.345135,0.328475
602,baseline_overlay_pass->release->rtl_overlay_pass,5.588629,14.799867,2.921897,23.359054,-0.640625,-0.128126156,11346,True,46,179,-20992,5.727294,14.704335,0.876242,21.353163,-0.640625,-0.128126156,11346,True,46,,-20992,0.0,0.0,0.357735,0.344345
603,baseline_overlay_pass->release->rtl_overlay_pass,5.62796,14.34409,2.901376,22.917556,-0.6484375,-0.131406712,11345,True,45,179,-21248,5.655793,14.730996,0.911573,21.343642,-0.6484375,-0.131406712,11345,True,45,,-21248,0.0,0.0,0.357245,0.376235
604,baseline_overlay_pass->release->rtl_overlay_pass,5.576329,14.487902,2.890376,23.001477,-0.6484375,-0.130375185,11341,True,45,179,-21248,5.576571,14.603673,0.998425,21.22643,-0.6484375,-0.130375185,11341,True,45,,-21248,0.0,0.0,0.443906,0.342525
605,baseline_overlay_pass->release->rtl_overlay_pass,5.57055,14.43655,2.803865,22.859876,-0.6484375,-0.129962574,11343,True,45,179,-21248,5.652252,14.407121,0.898664,21.006468,-0.6484375,-0.129962574,11343,True,45,,-21248,0.0,0.0,0.381475,0.334595
606,baseline_overlay_pass->release->rtl_overlay_pass,5.695051,14.348839,2.922146,23.017908,-0.6484375,-0.12979753,11389,True,45,179,-21248,5.594891,14.476911,0.898043,21.017318,-0.6484375,-0.12979753,11389,True,45,,-21248,0.0,0.0,0.378475,0.334515
607,baseline_overlay_pass->release->rtl_overlay_pass,5.65107,14.297578,2.886336,22.881056,-0.6484375,-0.129731512,11397,True,45,179,-21248,5.644412,14.414501,0.910093,21.013097,-0.6484375,-0.129731512,11397,True,45,,-21248,0.0,0.0,0.385696,0.339095
608,baseline_overlay_pass->release->rtl_overlay_pass,5.912335,14.38607,2.895356,23.245941,-0.6484375,-0.129705105,11374,True,45,179,-21248,5.917816,14.34978,0.894773,21.207981,-0.6484375,-0.129705105,11374,True,45,,-21248,0.0,0.0,0.381135,0.331395
609,baseline_overlay_pass->release->rtl_overlay_pass,5.572149,14.36869,2.902826,22.889565,-0.6484375,-0.129694542,11355,True,45,179,-21248,5.662913,15.202983,0.856522,21.773238,-0.6484375,-0.129694542,11355,True,45,,-21248,0.0,0.0,0.347305,0.334284
610,baseline_overlay_pass->release->rtl_overlay_pass,5.65359,14.295568,2.894216,22.889535,-0.6484375,-0.129690317,11355,True,45,179,-21248,5.650522,15.224832,0.858892,21.779748,-0.6484375,-0.129690317,11355,True,45,,-21248,0.0,0.0,0.352955,0.331584
611,baseline_overlay_pass->release->rtl_overlay_pass,5.770842,14.259978,2.891336,22.970186,-0.6484375,-0.129688627,11344,True,45,179,-21248,5.596212,14.737686,0.859133,21.238661,-0.6484375,-0.129688627,11344,True,45,,-21248,0.0,0.0,0.351785,0.332955
612,baseline_overlay_pass->release->rtl_overlay_pass,5.930804,14.332879,2.891956,23.204961,-0.65625,-0.132969201,11292,True,44,179,-21504,5.606762,14.865168,0.884633,21.403333,-0.65625,-0.132969201,11292,True,44,,-21504,0.0,0.0,0.363745,0.342205
613,baseline_overlay_pass->release->rtl_overlay_pass,5.750691,14.565412,2.876836,23.243441,-0.65625,-0.13193768,11292,True,44,179,-21504,5.606242,14.759966,0.912364,21.324782,-0.65625,-0.13193768,11292,True,44,,-21504,0.0,0.0,0.381286,0.349155
614,baseline_overlay_pass->release->rtl_overlay_pass,5.66524,14.824997,2.860286,23.401984,-0.65625,-0.131525072,11297,True,44,179,-21504,5.690933,14.735275,0.975855,21.450634,-0.65625,-0.131525072,11297,True,44,,-21504,0.0,0.0,0.426476,0.353375
615,baseline_overlay_pass->release->rtl_overlay_pass,5.665831,15.170602,2.976368,23.860421,-0.65625,-0.131360029,11215,True,44,179,-21504,5.614592,14.701525,0.991045,21.354502,-0.65625,-0.131360029,11215,True,44,,-21504,0.0,0.0,0.428116,0.356415
616,baseline_overlay_pass->release->rtl_overlay_pass,5.605089,14.910178,2.868646,23.430564,-0.65625,-0.131294012,11214,True,44,179,-21504,5.627093,14.456592,1.040465,21.17548,-0.65625,-0.131294012,11214,True,44,,-21504,0.0,0.0,0.512748,0.332835
617,baseline_overlay_pass->release->rtl_overlay_pass,5.63185,14.792177,2.884826,23.356143,-0.65625,-0.131267605,11215,True,44,179,-21504,5.647042,14.422301,0.895083,21.011747,-0.65625,-0.131267605,11215,True,44,,-21504,0.0,0.0,0.373245,0.336785
618,baseline_overlay_pass->release->rtl_overlay_pass,5.62892,15.01824,2.918246,23.612876,-0.6640625,-0.134538292,11047,True,43,179,-21760,5.654162,14.422261,0.943314,21.068789,-0.6640625,-0.134538292,11047,True,43,,-21760,0.0,0.0,0.379756,0.345875
619,baseline_overlay_pass->release->rtl_overlay_pass,5.723071,14.609244,2.896946,23.276641,-0.6640625,-0.133502817,11052,True,43,179,-21760,5.594082,14.33707,0.894033,20.868855,-0.6640625,-0.133502817,11052,True,43,,-21760,0.0,0.0,0.370136,0.341455
620,baseline_overlay_pass->release->rtl_overlay_pass,5.650161,14.758655,2.894496,23.352303,-0.6640625,-0.133088627,11047,True,43,179,-21760,6.071539,15.07197,0.871222,22.060842,-0.6640625,-0.133088627,11047,True,43,,-21760,0.0,0.0,0.359775,0.330404
621,baseline_overlay_pass->release->rtl_overlay_pass,5.64649,14.814326,2.941167,23.451834,-0.671875,-0.136204201,10970,True,42,179,-22016,6.070209,14.647725,0.879263,21.642397,-0.671875,-0.136204201,10970,True,42,,-22016,0.0,0.0,0.361505,0.337145
622,baseline_overlay_pass->release->rtl_overlay_pass,5.63815,14.548512,3.150201,23.389694,-0.671875,-0.13510668,10965,True,42,179,-22016,5.630233,15.206502,0.837342,21.718348,-0.671875,-0.13510668,10965,True,42,,-22016,0.0,0.0,0.334805,0.331215
623,baseline_overlay_pass->release->rtl_overlay_pass,5.666481,14.358699,3.242862,23.323542,-0.671875,-0.134667672,10967,True,42,179,-22016,5.627653,14.919318,0.857193,21.450134,-0.671875,-0.134667672,10967,True,42,,-22016,0.0,0.0,0.355026,0.328775
624,baseline_overlay_pass->release->rtl_overlay_pass,5.61251,14.39345,3.080609,23.139079,-0.671875,-0.134492069,10867,True,42,179,-22016,5.720093,14.907758,0.861383,21.533835,-0.671875,-0.134492069,10867,True,42,,-22016,0.0,0.0,0.353805,0.331445
625,baseline_overlay_pass->release->rtl_overlay_pass,5.63026,14.39378,2.925567,23.000907,-0.671875,-0.134421828,10868,True,42,179,-22016,5.931407,14.767226,0.966295,21.710138,-0.671875,-0.134421828,10868,True,42,,-22016,0.0,0.0,0.394105,0.333835
626,baseline_overlay_pass->release->rtl_overlay_pass,5.566609,14.501552,2.913266,23.028127,-0.671875,-0.134393731,10873,True,42,179,-22016,5.683013,14.807887,1.060446,21.600716,-0.671875,-0.134393731,10873,True,42,,-22016,0.0,0.0,0.523648,0.332825
627,baseline_overlay_pass->release->rtl_overlay_pass,5.567579,14.42102,2.885816,22.919746,-0.671875,-0.134382492,10817,True,42,179,-22016,5.650223,14.550573,0.929544,21.18169,-0.671875,-0.134382492,10817,True,42,,-22016,0.0,0.0,0.388695,0.356025
628,baseline_overlay_pass->release->rtl_overlay_pass,5.61584,14.364359,2.876066,22.904346,-0.671875,-0.134377997,10813,True,42,179,-22016,5.858126,14.656255,0.883403,21.440914,-0.671875,-0.134377997,10813,True,42,,-22016,0.0,0.0,0.366016,0.335465
629,baseline_overlay_pass->release->rtl_overlay_pass,5.741912,14.41869,2.836206,23.045038,-0.671875,-0.134376199,10817,True,42,179,-22016,5.715823,14.279808,0.903033,20.943786,-0.671875,-0.134376199,10817,True,42,,-22016,0.0,0.0,0.379685,0.339475
630,baseline_overlay_pass->release->rtl_overlay_pass,5.779232,14.901778,3.208071,23.943392,-0.6796875,-0.13765673,10693,True,41,179,-22272,6.007548,14.3607,0.903453,21.317152,-0.6796875,-0.13765673,10693,True,41,,-22272,0.0,0.0,0.381566,0.337985
631,baseline_overlay_pass->release->rtl_overlay_pass,5.870764,14.254488,2.922867,23.094579,-0.6796875,-0.136625192,10686,True,41,179,-22272,5.937287,14.953538,0.900133,21.84133,-0.6796875,-0.136625192,10686,True,41,,-22272,0.0,0.0,0.387445,0.330265
632,baseline_overlay_pass->release->rtl_overlay_pass,5.804443,14.737115,2.918556,23.511105,-0.6796875,-0.136212577,10687,True,41,179,-22272,5.584271,15.544157,0.859513,22.033373,-0.6796875,-0.136212577,10687,True,41,,-22272,0.0,0.0,0.346255,0.339845
633,baseline_overlay_pass->release->rtl_overlay_pass,5.886934,14.845507,2.856946,23.641608,-0.6796875,-0.136047531,10569,True,41,179,-22272,6.049748,14.734816,0.869313,21.698037,-0.6796875,-0.136047531,10569,True,41,,-22272,0.0,0.0,0.359486,0.333055
634,baseline_overlay_pass->release->rtl_overlay_pass,5.983375,14.616204,2.911386,23.559397,-0.6796875,-0.135981512,10555,True,41,179,-22272,5.605362,16.220857,0.910864,22.783084,-0.6796875,-0.135981512,10555,True,41,,-22272,0.0,0.0,0.352236,0.330525
635,baseline_overlay_pass->release->rtl_overlay_pass,5.882414,16.840349,2.832145,25.608789,-0.6796875,-0.135955105,10560,True,41,179,-22272,5.615282,14.678055,0.984514,21.323791,-0.6796875,-0.135955105,10560,True,41,,-22272,0.0,0.0,0.428036,0.357786
636,baseline_overlay_pass->release->rtl_overlay_pass,5.782712,15.04502,2.824535,23.699948,-0.6875,-0.139225792,10442,True,40,179,-22528,6.062989,14.378171,0.893433,21.381543,-0.6875,-0.139225792,10442,True,40,,-22528,0.0,0.0,0.377455,0.332855
637,baseline_overlay_pass->release->rtl_overlay_pass,6.855499,14.611104,2.843605,24.357348,-0.6875,-0.138190317,10450,True,40,179,-22528,5.599242,14.484842,0.898763,21.026817,-0.6875,-0.138190317,10450,True,40,,-22528,0.0,0.0,0.382206,0.331295
638,baseline_overlay_pass->release->rtl_overlay_pass,5.710182,14.735385,2.823126,23.322353,-0.6875,-0.137776127,10451,True,40,179,-22528,5.664273,14.36327,0.898903,20.970687,-0.6875,-0.137776127,10451,True,40,,-22528,0.0,0.0,0.378335,0.335865
639,baseline_overlay_pass->release->rtl_overlay_pass,5.61672,15.02822,2.809555,23.503755,-0.6875,-0.137610451,10386,True,40,179,-22528,5.862716,14.765756,0.898413,21.570405,-0.6875,-0.137610451,10386,True,40,,-22528,0.0,0.0,0.381856,0.333335
640,baseline_overlay_pass->release->rtl_overlay_pass,5.62825,15.316044,2.881536,23.873931,-0.6875,-0.13754418,10397,True,40,179,-22528,5.734214,14.831157,0.868043,21.481794,-0.6875,-0.13754418,10397,True,40,,-22528,0.0,0.0,0.356885,0.332795
641,baseline_overlay_pass->release->rtl_overlay_pass,5.66582,17.026821,2.827345,25.569088,-0.6875,-0.137517672,10405,True,40,179,-22528,5.643552,14.970378,0.850202,21.509734,-0.6875,-0.137517672,10405,True,40,,-22528,0.0,0.0,0.347835,0.326265
642,baseline_overlay_pass->release->rtl_overlay_pass,5.671,14.923178,2.854985,23.500005,-0.6875,-0.137507069,10382,True,40,179,-22528,5.621562,14.657575,0.871713,21.19639,-0.6875,-0.137507069,10382,True,40,,-22528,0.0,0.0,0.353695,0.339795
643,baseline_overlay_pass->release->rtl_overlay_pass,5.63385,15.05479,2.857975,23.595176,-0.6875,-0.137502828,10389,True,40,179,-22528,5.703403,14.705175,0.914363,21.412843,-0.6875,-0.137502828,10389,True,40,,-22528,0.0,0.0,0.395876,0.334275
644,baseline_overlay_pass->release->rtl_overlay_pass,5.610369,15.112581,2.933387,23.705488,-0.6875,-0.137501131,10393,True,40,179,-22528,5.631163,14.512042,1.003255,21.196,-0.6875,-0.137501131,10393,True,40,,-22528,0.0,0.0,0.431397,0.359255
645,baseline_overlay_pass->release->rtl_overlay_pass,5.620099,16.782507,2.791754,25.243072,-0.6953125,-0.140781702,10240,True,39,179,-22784,5.663893,14.394591,0.957224,21.063368,-0.6953125,-0.140781702,10240,True,39,,-22784,0.0,0.0,0.421116,0.336985
646,baseline_overlay_pass->release->rtl_overlay_pass,5.975725,14.752955,2.835026,23.618507,-0.6953125,-0.139750181,10248,True,39,179,-22784,5.586702,14.572873,0.900463,21.104178,-0.6953125,-0.139750181,10248,True,39,,-22784,0.0,0.0,0.380366,0.334725
647,baseline_overlay_pass->release->rtl_overlay_pass,5.673861,15.153752,2.837975,23.714658,-0.6953125,-0.139337572,10245,True,39,179,-22784,5.751934,14.562963,0.907853,21.26788,-0.6953125,-0.139337572,10245,True,39,,-22784,0.0,0.0,0.383276,0.339785
648,baseline_overlay_pass->release->rtl_overlay_pass,5.66287,15.078541,2.831655,23.619756,-0.6953125,-0.139172529,10209,True,39,179,-22784,5.852765,14.542363,0.900893,21.338182,-0.6953125,-0.139172529,10209,True,39,,-22784,0.0,0.0,0.380306,0.334945
649,baseline_overlay_pass->release->rtl_overlay_pass,5.63175,15.096311,2.865526,23.640807,-0.6953125,-0.139106512,10210,True,39,179,-22784,5.614322,15.125831,0.827563,21.612076,-0.6953125,-0.139106512,10210,True,39,,-22784,0.0,0.0,0.325244,0.331335
650,baseline_overlay_pass->release->rtl_overlay_pass,5.64876,15.00798,2.894176,23.599896,-0.6953125,-0.139080105,10206,True,39,179,-22784,5.703014,14.862477,0.868953,21.478284,-0.6953125,-0.139080105,10206,True,39,,-22784,0.0,0.0,0.363506,0.330135
651,baseline_overlay_pass->release->rtl_overlay_pass,5.66409,14.718944,2.897616,23.328012,-0.703125,-0.142350792,10168,True,38,179,-23040,5.652463,14.653194,0.867862,21.21826,-0.703125,-0.142350792,10168,True,38,,-23040,0.0,0.0,0.356165,0.333784
652,baseline_overlay_pass->release->rtl_overlay_pass,5.605499,14.595803,2.974197,23.22485,-0.703125,-0.141315317,10169,True,38,179,-23040,5.725524,14.648684,1.041615,21.463054,-0.703125,-0.141315317,10169,True,38,,-23040,0.0,0.0,0.434316,0.342745
653,baseline_overlay_pass->release->rtl_overlay_pass,5.711391,14.750785,2.826595,23.335292,-0.703125,-0.140901127,10168,True,38,179,-23040,5.615912,14.374481,0.901853,20.940736,-0.703125,-0.140901127,10168,True,38,,-23040,0.0,0.0,0.380246,0.334595
654,baseline_overlay_pass->release->rtl_overlay_pass,5.64764,14.721985,2.891086,23.308662,-0.703125,-0.140735451,10116,True,38,179,-23040,5.627222,14.345919,0.896574,20.918286,-0.703125,-0.140735451,10116,True,38,,-23040,0.0,0.0,0.375745,0.338025
655,baseline_overlay_pass->release->rtl_overlay_pass,5.674841,14.818296,2.912326,23.458114,-0.703125,-0.14066918,10105,True,38,179,-23040,5.705004,14.425111,0.929433,21.101939,-0.703125,-0.14066918,10105,True,38,,-23040,0.0,0.0,0.412016,0.332575
656,baseline_overlay_pass->release->rtl_overlay_pass,5.693631,14.575482,3.002688,23.329322,-0.703125,-0.140642672,10110,True,38,179,-23040,5.859756,14.413691,0.895933,21.21502,-0.703125,-0.140642672,10110,True,38,,-23040,0.0,0.0,0.377576,0.333915
657,baseline_overlay_pass->release->rtl_overlay_pass,5.696921,15.993175,2.973627,24.712874,-0.703125,-0.140632069,10079,True,38,179,-23040,5.771255,14.936298,0.864592,21.619656,-0.703125,-0.140632069,10079,True,38,,-23040,0.0,0.0,0.335595,0.328425
658,baseline_overlay_pass->release->rtl_overlay_pass,5.62091,14.784046,2.973207,23.428144,-0.703125,-0.140627828,10077,True,38,179,-23040,5.642142,14.841047,0.877392,21.405612,-0.703125,-0.140627828,10077,True,38,,-23040,0.0,0.0,0.368155,0.329435
659,baseline_overlay_pass->release->rtl_overlay_pass,5.64759,16.543144,2.987617,25.228742,-0.703125,-0.140626131,10076,True,38,179,-23040,5.552181,14.709755,0.875033,21.1816,-0.703125,-0.140626131,10076,True,38,,-23040,0.0,0.0,0.357355,0.340445
660,baseline_overlay_pass->release->rtl_overlay_pass,5.678061,14.749465,3.14144,23.622707,-0.703125,-0.140625452,10052,True,38,179,-23040,5.619652,14.782906,0.880123,21.329902,-0.703125,-0.140625452,10052,True,38,,-23040,0.0,0.0,0.365246,0.337505
661,baseline_overlay_pass->release->rtl_overlay_pass,5.63664,14.626734,3.14355,23.458574,-0.703125,-0.140625181,10049,True,38,179,-23040,5.634882,14.33559,1.003205,21.021017,-0.703125,-0.140625181,10049,True,38,,-23040,0.0,0.0,0.450247,0.344895
662,baseline_overlay_pass->release->rtl_overlay_pass,5.724522,14.348509,3.186431,23.311612,-0.703125,-0.140625072,10050,True,38,179,-23040,5.635632,14.352609,0.892943,20.930086,-0.703125,-0.140625072,10050,True,38,,-23040,0.0,0.0,0.373485,0.333115
663,baseline_overlay_pass->release->rtl_overlay_pass,5.587889,14.535041,2.985737,23.158309,-0.703125,-0.140625029,10006,True,38,179,-23040,5.569251,14.40582,0.905434,20.925116,-0.703125,-0.140625029,10006,True,38,,-23040,0.0,0.0,0.386365,0.336095
664,baseline_overlay_pass->release->rtl_overlay_pass,5.64213,14.335968,2.870415,22.898366,-0.703125,-0.140625012,10005,True,38,179,-23040,5.844215,14.249289,0.899213,21.037327,-0.703125,-0.140625012,10005,True,38,,-23040,0.0,0.0,0.376916,0.338315
665,baseline_overlay_pass->release->rtl_overlay_pass,5.65798,14.42848,2.897686,23.034427,-0.703125,-0.140625005,10010,True,38,179,-23040,5.847625,14.851297,0.896143,21.641056,-0.703125,-0.140625005,10010,True,38,,-23040,0.0,0.0,0.383936,0.330085
666,baseline_overlay_pass->release->rtl_overlay_pass,5.833933,14.779846,2.898307,23.562196,-0.7109375,-0.143906252,9999,True,37,179,-23296,5.612012,15.007479,0.860212,21.523684,-0.7109375,-0.143906252,9999,True,37,,-23296,0.0,0.0,0.356315,0.329594
667,baseline_overlay_pass->release->rtl_overlay_pass,5.923214,14.360309,2.884656,23.217,-0.7109375,-0.142875001,10005,True,37,179,-23296,5.666862,14.730355,0.888223,21.331081,-0.7109375,-0.142875001,10005,True,37,,-23296,0.0,0.0,0.382796,0.328364
668,baseline_overlay_pass->release->rtl_overlay_pass,5.893014,14.339268,2.882016,23.16255,-0.7109375,-0.1424625,10001,True,37,179,-23296,5.576232,14.857197,0.892803,21.371172,-0.7109375,-0.1424625,10001,True,37,,-23296,0.0,0.0,0.367726,0.345515
669,baseline_overlay_pass->release->rtl_overlay_pass,6.037307,14.706945,2.905056,23.698528,-0.7109375,-0.1422975,9915,True,37,179,-23296,5.650673,14.523863,1.023195,21.247021,-0.7109375,-0.1422975,9915,True,37,,-23296,0.0,0.0,0.461497,0.350915
670,baseline_overlay_pass->release->rtl_overlay_pass,5.811483,14.289148,2.962948,23.112799,-0.7109375,-0.1422315,9921,True,37,179,-23296,5.569121,14.530642,0.894003,21.040657,-0.7109375,-0.1422315,9921,True,37,,-23296,0.0,0.0,0.373776,0.336945
671,baseline_overlay_pass->release->rtl_overlay_pass,5.747001,14.704474,2.928017,23.432213,-0.7109375,-0.1422051,9921,True,37,179,-23296,5.701154,14.435541,0.908073,21.088588,-0.7109375,-0.1422051,9921,True,37,,-23296,0.0,0.0,0.387746,0.336035
672,baseline_overlay_pass->release->rtl_overlay_pass,5.66089,14.973159,2.845185,23.533425,-0.7109375,-0.14219454,9856,True,37,179,-23296,5.631742,14.589413,0.902023,21.167549,-0.7109375,-0.14219454,9856,True,37,,-23296,0.0,0.0,0.380735,0.335965
673,baseline_overlay_pass->release->rtl_overlay_pass,5.725511,15.06164,2.823035,23.657057,-0.7109375,-0.142190316,9846,True,37,179,-23296,5.784514,14.454611,0.893583,21.177459,-0.7109375,-0.142190316,9846,True,37,,-23296,0.0,0.0,0.371615,0.338295
674,baseline_overlay_pass->release->rtl_overlay_pass,5.61576,15.015929,2.827435,23.503614,-0.7109375,-0.142188626,9852,True,37,179,-23296,5.680473,15.245243,0.877853,21.851859,-0.7109375,-0.142188626,9852,True,37,,-23296,0.0,0.0,0.371776,0.328405
675,baseline_overlay_pass->release->rtl_overlay_pass,5.629359,15.10205,2.865605,23.643346,-0.71875,-0.145469201,9733,True,36,179,-23552,5.612402,14.921638,0.870663,21.448513,-0.71875,-0.145469201,9733,True,36,,-23552,0.0,0.0,0.358666,0.336945
676,baseline_overlay_pass->release->rtl_overlay_pass,5.701771,15.106091,2.876236,23.732598,-0.71875,-0.14443768,9723,True,36,179,-23552,5.665562,14.766995,0.866342,21.345741,-0.71875,-0.14443768,9723,True,36,,-23552,0.0,0.0,0.362655,0.328184
677,baseline_overlay_pass->release->rtl_overlay_pass,5.660631,14.958638,2.804285,23.471874,-0.71875,-0.144025072,9730,True,36,179,-23552,5.638063,14.536422,0.983455,21.20502,-0.71875,-0.144025072,9730,True,36,,-23552,0.0,0.0,0.434746,0.347975
678,baseline_overlay_pass->release->rtl_overlay_pass,5.747511,14.730694,2.818465,23.345282,-0.71875,-0.143860029,9697,True,36,179,-23552,5.727444,14.335369,0.968434,21.080248,-0.71875,-0.143860029,9697,True,36,,-23552,0.0,0.0,0.378165,0.354825
679,baseline_overlay_pass->release->rtl_overlay_pass,5.63069,14.750905,2.805855,23.270951,-0.71875,-0.143794012,9694,True,36,179,-23552,5.622962,14.730835,0.918074,21.320462,-0.71875,-0.143794012,9694,True,36,,-23552,0.0,0.0,0.391116,0.339305
680,baseline_overlay_pass->release->rtl_overlay_pass,5.667061,14.760545,2.817995,23.318052,-0.71875,-0.143767605,9696,True,36,179,-23552,5.639573,14.3585,0.897003,20.939816,-0.71875,-0.143767605,9696,True,36,,-23552,0.0,0.0,0.377846,0.334415
681,baseline_overlay_pass->release->rtl_overlay_pass,5.679271,14.621173,2.881446,23.261451,-0.71875,-0.143757042,9712,True,36,179,-23552,5.762814,14.543623,0.899993,21.25463,-0.71875,-0.143757042,9712,True,36,,-23552,0.0,0.0,0.380616,0.337115
682,baseline_overlay_pass->release->rtl_overlay_pass,5.677251,14.746655,2.844486,23.316092,-0.71875,-0.143752817,9710,True,36,179,-23552,5.827695,14.43446,0.896323,21.260111,-0.71875,-0.143752817,9710,True,36,,-23552,0.0,0.0,0.380005,0.334395
683,baseline_overlay_pass->release->rtl_overlay_pass,5.67546,14.683334,2.809305,23.21512,-0.71875,-0.143751127,9712,True,36,179,-23552,5.590202,15.009449,0.835363,21.480154,-0.71875,-0.143751127,9712,True,36,,-23552,0.0,0.0,0.337175,0.327025
684,baseline_overlay_pass->release->rtl_overlay_pass,5.68975,14.767225,2.873346,23.380252,-0.71875,-0.143750451,9715,True,36,179,-23552,5.619592,14.766505,0.860992,21.292411,-0.71875,-0.143750451,9715,True,36,,-23552,0.0,0.0,0.356875,0.330985
685,baseline_overlay_pass->release->rtl_overlay_pass,5.618899,15.471316,3.021478,24.161865,-0.71875,-0.14375018,9719,True,36,179,-23552,5.630272,14.789716,0.874592,21.338031,-0.71875,-0.14375018,9719,True,36,,-23552,0.0,0.0,0.361545,0.336335
686,baseline_overlay_pass->release->rtl_overlay_pass,5.592119,14.581782,3.17295,23.401022,-0.71875,-0.143750072,9714,True,36,179,-23552,5.643982,14.43059,1.017505,21.144359,-0.71875,-0.143750072,9714,True,36,,-23552,0.0,0.0,0.456087,0.348745
687,baseline_overlay_pass->release->rtl_overlay_pass,5.62747,14.715455,3.208061,23.604746,-0.71875,-0.143750029,9790,True,36,179,-23552,5.747754,14.402931,0.972844,21.172429,-0.71875,-0.143750029,9790,True,36,,-23552,0.0,0.0,0.448407,0.335515
688,baseline_overlay_pass->release->rtl_overlay_pass,5.774322,14.696754,3.344164,23.870731,-0.71875,-0.143750012,9792,True,36,179,-23552,5.569911,14.32759,0.894993,20.835414,-0.71875,-0.143750012,9792,True,36,,-23552,0.0,0.0,0.374866,0.335275
689,baseline_overlay_pass->release->rtl_overlay_pass,5.64281,14.566243,3.199161,23.463564,-0.71875,-0.143750005,9785,True,36,179,-23552,5.670813,14.35862,0.901523,20.975036,-0.71875,-0.143750005,9785,True,36,,-23552,0.0,0.0,0.383086,0.333715
690,baseline_overlay_pass->release->rtl_overlay_pass,5.745102,14.557312,3.491706,23.84618,-0.71875,-0.143750002,9732,True,36,179,-23552,5.805395,14.37846,0.892563,21.121698,-0.71875,-0.143750002,9732,True,36,,-23552,0.0,0.0,0.377186,0.333965
691,baseline_overlay_pass->release->rtl_overlay_pass,5.64169,14.349539,3.15391,23.197579,-0.71875,-0.143750001,9726,True,36,179,-23552,5.619242,14.886697,0.838443,21.391413,-0.71875,-0.143750001,9726,True,36,,-23552,0.0,0.0,0.336374,0.331885
692,baseline_overlay_pass->release->rtl_overlay_pass,5.755982,14.42991,2.965407,23.20441,-0.71875,-0.14375,9728,True,36,179,-23552,5.767534,14.933068,0.909493,21.655806,-0.71875,-0.14375,9728,True,36,,-23552,0.0,0.0,0.397725,0.334635
693,baseline_overlay_pass->release->rtl_overlay_pass,5.61558,14.550182,3.004808,23.22073,-0.71875,-0.14375,9813,True,36,179,-23552,5.645203,14.763556,0.863643,21.319102,-0.71875,-0.14375,9813,True,36,,-23552,0.0,0.0,0.356265,0.333475
694,baseline_overlay_pass->release->rtl_overlay_pass,5.64442,14.337858,2.985777,23.015636,-0.71875,-0.14375,9816,True,36,179,-23552,5.689083,14.748105,1.002694,21.488223,-0.71875,-0.14375,9816,True,36,,-23552,0.0,0.0,0.460387,0.344465
695,baseline_overlay_pass->release->rtl_overlay_pass,5.741931,14.419779,2.880176,23.090918,-0.71875,-0.14375,9813,True,36,179,-23552,5.637993,14.548392,0.957144,21.19358,-0.71875,-0.14375,9813,True,36,,-23552,0.0,0.0,0.407886,0.339375
696,baseline_overlay_pass->release->rtl_overlay_pass,5.668981,14.402529,2.890966,23.010217,-0.7109375,-0.14046875,9834,True,37,179,-23296,5.680593,14.40704,0.896183,21.032347,-0.7109375,-0.14046875,9834,True,37,,-23296,0.0,0.0,0.374986,0.338575
697,baseline_overlay_pass->release->rtl_overlay_pass,5.727802,14.363989,2.879756,23.015697,-0.7109375,-0.1415,9834,True,37,179,-23296,5.566921,14.487152,0.886133,20.983446,-0.7109375,-0.1415,9834,True,37,,-23296,0.0,0.0,0.366596,0.334455
698,baseline_overlay_pass->release->rtl_overlay_pass,5.944744,14.329489,2.942767,23.266461,-0.7109375,-0.1419125,9834,True,37,179,-23296,5.792874,14.278818,0.902364,21.017607,-0.7109375,-0.1419125,9834,True,37,,-23296,0.0,0.0,0.382695,0.335915
699,baseline_overlay_pass->release->rtl_overlay_pass,5.850933,14.366069,2.888636,23.149179,-0.703125,-0.13879625,9984,True,38,179,-23040,5.937606,14.657035,0.889913,21.567655,-0.703125,-0.13879625,9984,True,38,,-23040,0.0,0.0,0.374875,0.330714
700,baseline_overlay_pass->release->rtl_overlay_pass,5.873734,14.43987,2.892376,23.256241,-0.703125,-0.1398935,9985,True,38,179,-23040,5.632452,15.02739,0.851222,21.555534,-0.703125,-0.1398935,9985,True,38,,-23040,0.0,0.0,0.346125,0.332485
701,baseline_overlay_pass->release->rtl_overlay_pass,5.875134,15.004009,2.941037,23.8729,-0.703125,-0.1403324,9985,True,38,179,-23040,5.653283,14.769076,0.856243,21.323542,-0.703125,-0.1403324,9985,True,38,,-23040,0.0,0.0,0.352395,0.329105
702,baseline_overlay_pass->release->rtl_overlay_pass,5.691941,15.05161,2.817415,23.611286,-0.703125,-0.14050796,10041,True,38,179,-23040,5.632732,14.868327,0.874953,21.422723,-0.703125,-0.14050796,10041,True,38,,-23040,0.0,0.0,0.351965,0.343505
703,baseline_overlay_pass->release->rtl_overlay_pass,5.6737,15.229183,2.869226,23.82245,-0.703125,-0.140578184,10044,True,38,179,-23040,5.691693,14.369869,1.012334,21.124398,-0.703125,-0.140578184,10044,True,38,,-23040,0.0,0.0,0.444346,0.369185
704,baseline_overlay_pass->release->rtl_overlay_pass,5.64478,15.02509,2.831485,23.549355,-0.703125,-0.140606274,10043,True,38,179,-23040,5.606501,14.39435,0.890373,20.937846,-0.703125,-0.140606274,10043,True,38,,-23040,0.0,0.0,0.376306,0.332035
705,baseline_overlay_pass->release->rtl_overlay_pass,5.63796,15.003179,2.801605,23.489344,-0.703125,-0.140617509,10081,True,38,179,-23040,5.674963,14.427411,0.892013,21.037777,-0.703125,-0.140617509,10081,True,38,,-23040,0.0,0.0,0.376036,0.335185
706,baseline_overlay_pass->release->rtl_overlay_pass,5.706311,15.023279,2.847245,23.627226,-0.703125,-0.140622004,10089,True,38,179,-23040,5.640183,14.4047,0.895243,20.983926,-0.703125,-0.140622004,10089,True,38,,-23040,0.0,0.0,0.374695,0.336095
707,baseline_overlay_pass->release->rtl_overlay_pass,5.688431,14.891577,2.834495,23.463424,-0.703125,-0.140623802,10086,True,38,179,-23040,5.835146,14.272868,0.899433,21.052718,-0.703125,-0.140623802,10086,True,38,,-23040,0.0,0.0,0.380715,0.334725
708,baseline_overlay_pass->release->rtl_overlay_pass,5.65661,14.673293,2.885046,23.265541,-0.703125,-0.140624521,10140,True,38,179,-23040,5.703163,15.04632,0.853322,21.653696,-0.703125,-0.140624521,10140,True,38,,-23040,0.0,0.0,0.347805,0.328885
709,baseline_overlay_pass->release->rtl_overlay_pass,5.717351,14.763075,2.863276,23.391192,-0.703125,-0.140624808,10141,True,38,179,-23040,5.622732,15.143931,0.861592,21.672296,-0.703125,-0.140624808,10141,True,38,,-23040,0.0,0.0,0.351205,0.334265
710,baseline_overlay_pass->release->rtl_overlay_pass,5.637129,15.030259,2.815285,23.531435,-0.703125,-0.140624923,10149,True,38,179,-23040,5.667853,14.801896,0.862942,21.377482,-0.703125,-0.140624923,10149,True,38,,-23040,0.0,0.0,0.356125,0.330445
711,baseline_overlay_pass->release->rtl_overlay_pass,5.899504,14.622232,2.907616,23.478434,-0.65625,-0.120937469,11333,True,44,179,-21504,5.609832,14.570883,1.009125,21.23909,-0.65625,-0.120937469,11333,True,44,,-21504,0.0,0.0,0.458077,0.339885
712,baseline_overlay_pass->release->rtl_overlay_pass,5.599529,14.735955,2.907126,23.28964,-0.65625,-0.127124988,11333,True,44,179,-21504,5.642183,14.447831,0.900263,21.037817,-0.65625,-0.127124988,11333,True,44,,-21504,0.0,0.0,0.381246,0.336815
713,baseline_overlay_pass->release->rtl_overlay_pass,5.771672,14.964828,2.822325,23.607476,-0.65625,-0.129599995,11327,True,44,179,-21504,5.705004,14.560822,0.903063,21.21421,-0.65625,-0.129599995,11327,True,44,,-21504,0.0,0.0,0.379985,0.336595
714,baseline_overlay_pass->release->rtl_overlay_pass,5.602179,14.822896,2.843666,23.315451,-0.65625,-0.130589998,11384,True,44,179,-21504,5.682103,14.36612,0.908303,21.003356,-0.65625,-0.130589998,11384,True,44,,-21504,0.0,0.0,0.383416,0.341105
715,baseline_overlay_pass->release->rtl_overlay_pass,5.61453,16.805158,2.887946,25.354824,-0.65625,-0.130985999,11364,True,44,179,-21504,5.865535,14.383889,0.916583,21.211499,-0.65625,-0.130985999,11364,True,44,,-21504,0.0,0.0,0.373845,0.332585
716,baseline_overlay_pass->release->rtl_overlay_pass,5.66145,15.211872,2.962227,23.88611,-0.65625,-0.1311444,11373,True,44,179,-21504,5.624332,15.11697,0.851642,21.644926,-0.65625,-0.1311444,11373,True,44,,-21504,0.0,0.0,0.345565,0.329905
717,baseline_overlay_pass->release->rtl_overlay_pass,5.69151,14.625583,3.013978,23.383822,-0.6640625,-0.13448901,11162,True,43,179,-21760,5.693243,15.04403,0.860923,21.644026,-0.6640625,-0.13448901,11162,True,43,,-21760,0.0,0.0,0.356806,0.328485
718,baseline_overlay_pass->release->rtl_overlay_pass,5.63363,14.46768,3.16532,23.322011,-0.6640625,-0.133483104,11149,True,43,179,-21760,5.629482,14.770686,0.859063,21.305011,-0.6640625,-0.133483104,11149,True,43,,-21760,0.0,0.0,0.352435,0.332105
719,baseline_overlay_pass->release->rtl_overlay_pass,5.673301,14.585742,3.338964,23.649997,-0.6640625,-0.133080742,11158,True,43,179,-21760,5.630132,14.636873,0.977134,21.291581,-0.6640625,-0.133080742,11158,True,43,,-21760,0.0,0.0,0.420446,0.353805
720,baseline_overlay_pass->release->rtl_overlay_pass,5.708561,16.522953,2.969807,25.252262,-0.671875,-0.136201047,10841,True,42,179,-22016,5.618862,14.43677,0.894313,20.997737,-0.671875,-0.136201047,10841,True,42,,-22016,0.0,0.0,0.374265,0.336595
721,baseline_overlay_pass->release->rtl_overlay_pass,5.66245,14.648433,2.970997,23.332212,-0.671875,-0.135105419,10810,True,42,179,-22016,5.598592,14.545602,0.908734,21.101408,-0.671875,-0.135105419,10810,True,42,,-22016,0.0,0.0,0.388245,0.333675
722,baseline_overlay_pass->release->rtl_overlay_pass,5.708691,14.690494,3.13943,23.589985,-0.671875,-0.134667167,10815,True,42,179,-22016,5.623262,14.3907,0.920093,20.978706,-0.671875,-0.134667167,10815,True,42,,-22016,0.0,0.0,0.401276,0.333855
723,baseline_overlay_pass->release->rtl_overlay_pass,5.66337,14.4935,3.108529,23.317911,-0.6796875,-0.137773117,10682,True,41,179,-22272,5.816725,14.34856,0.900353,21.108418,-0.6796875,-0.137773117,10682,True,41,,-22272,0.0,0.0,0.384426,0.336885
724,baseline_overlay_pass->release->rtl_overlay_pass,5.725021,14.365828,2.997647,23.141979,-0.6796875,-0.136671747,10655,True,41,179,-22272,5.727604,14.924378,0.957474,21.655636,-0.6796875,-0.136671747,10655,True,41,,-22272,0.0,0.0,0.357065,0.390355
725,baseline_overlay_pass->release->rtl_overlay_pass,5.700151,14.386619,2.847846,22.985796,-0.6796875,-0.136231199,10676,True,41,179,-22272,5.610612,15.000429,0.854053,21.509944,-0.6796875,-0.136231199,10676,True,41,,-22272,0.0,0.0,0.348765,0.330575
726,baseline_overlay_pass->release->rtl_overlay_pass,5.63497,14.382629,2.829896,22.897215,-0.6875,-0.139336229,10672,True,40,179,-22528,5.691093,14.771656,0.903653,21.413032,-0.6875,-0.139336229,10672,True,40,,-22528,0.0,0.0,0.398166,0.329295
727,baseline_overlay_pass->release->rtl_overlay_pass,5.6743,14.346348,2.819084,22.886684,-0.6875,-0.138234492,10687,True,40,179,-22528,5.626412,14.745165,0.888212,21.305231,-0.6875,-0.138234492,10687,True,40,,-22528,0.0,0.0,0.368025,0.341115
728,baseline_overlay_pass->release->rtl_overlay_pass,5.70273,14.4592,2.832945,23.042036,-0.6875,-0.137793797,10669,True,40,179,-22528,5.727324,14.35928,1.014925,21.152969,-0.6875,-0.137793797,10669,True,40,,-22528,0.0,0.0,0.445877,0.340795
729,baseline_overlay_pass->release->rtl_overlay_pass,5.581698,14.43099,2.912666,22.969265,-0.6953125,-0.140898769,10579,True,39,179,-22784,5.598841,14.672524,0.909983,21.230669,-0.6953125,-0.140898769,10579,True,39,,-22784,0.0,0.0,0.388426,0.337215
730,baseline_overlay_pass->release->rtl_overlay_pass,5.63997,14.356469,2.916916,22.959956,-0.6953125,-0.139797007,10581,True,39,179,-22784,5.635933,14.39925,0.891963,20.971606,-0.6953125,-0.139797007,10581,True,39,,-22784,0.0,0.0,0.373416,0.337455
731,baseline_overlay_pass->release->rtl_overlay_pass,5.67688,14.386399,2.903716,23.014637,-0.6953125,-0.139356303,10576,True,39,179,-22784,5.721304,14.585043,0.902863,21.25275,-0.6953125,-0.139356303,10576,True,39,,-22784,0.0,0.0,0.375296,0.342425
732,baseline_overlay_pass->release->rtl_overlay_pass,5.789182,14.579212,2.876755,23.2932,-0.6953125,-0.139180021,10533,True,39,179,-22784,5.885936,14.41376,0.907883,21.25359,-0.6953125,-0.139180021,10533,True,39,,-22784,0.0,0.0,0.387696,0.336195
733,baseline_overlay_pass->release->rtl_overlay_pass,5.743181,14.360668,2.841856,22.993446,-0.6953125,-0.139109508,10533,True,39,179,-22784,5.669602,15.258142,0.840862,21.815868,-0.6953125,-0.139109508,10533,True,39,,-22784,0.0,0.0,0.338445,0.329115
734,baseline_overlay_pass->release->rtl_overlay_pass,5.801862,14.337418,2.844765,23.034666,-0.6953125,-0.139081303,10542,True,39,179,-22784,5.679363,14.725525,0.862223,21.313081,-0.6953125,-0.139081303,10542,True,39,,-22784,0.0,0.0,0.350575,0.336815
735,baseline_overlay_pass->release->rtl_overlay_pass,5.861613,14.47441,2.829725,23.212959,-0.703125,-0.142351271,10390,True,38,179,-23040,5.633192,14.712095,0.861903,21.25118,-0.703125,-0.142351271,10390,True,38,,-23040,0.0,0.0,0.353136,0.333575
736,baseline_overlay_pass->release->rtl_overlay_pass,5.753861,14.688253,2.837236,23.330671,-0.703125,-0.141315509,10380,True,38,179,-23040,5.678952,14.730855,0.960674,21.456314,-0.703125,-0.141315509,10380,True,38,,-23040,0.0,0.0,0.408446,0.355845
737,baseline_overlay_pass->release->rtl_overlay_pass,7.381808,14.276387,2.858856,24.565931,-0.703125,-0.140901203,10390,True,38,179,-23040,5.642483,15.835011,1.029685,22.555109,-0.703125,-0.140901203,10390,True,38,,-23040,0.0,0.0,0.442087,0.342055
738,baseline_overlay_pass->release->rtl_overlay_pass,6.101367,14.974939,2.824835,23.951881,-0.7109375,-0.144016731,10264,True,37,179,-23296,5.750024,14.626253,0.890323,21.319491,-0.7109375,-0.144016731,10264,True,37,,-23296,0.0,0.0,0.370126,0.336115
739,baseline_overlay_pass->release->rtl_overlay_pass,7.731633,14.391079,2.836916,25.010548,-0.7109375,-0.142919193,10264,True,37,179,-23296,5.596131,14.44822,0.895003,20.986446,-0.7109375,-0.142919193,10264,True,37,,-23296,0.0,0.0,0.374885,0.336865
740,baseline_overlay_pass->release->rtl_overlay_pass,5.939455,14.634613,2.817905,23.442453,-0.7109375,-0.142480177,10263,True,37,179,-23296,5.551891,14.41643,0.902083,20.914495,-0.7109375,-0.142480177,10263,True,37,,-23296,0.0,0.0,0.382436,0.332685
741,baseline_overlay_pass->release->rtl_overlay_pass,5.932854,14.321088,2.874896,23.175058,-0.71875,-0.145585821,10143,True,36,179,-23552,5.750744,14.36696,0.900073,21.063777,-0.71875,-0.145585821,10143,True,36,,-23552,0.0,0.0,0.379076,0.335995
742,baseline_overlay_pass->release->rtl_overlay_pass,5.771242,15.254443,2.866816,23.945391,-0.71875,-0.144484328,10142,True,36,179,-23552,6.051338,14.703575,0.888653,21.689446,-0.71875,-0.144484328,10142,True,36,,-23552,0.0,0.0,0.368975,0.337405
743,baseline_overlay_pass->release->rtl_overlay_pass,5.880634,14.916577,2.888246,23.733488,-0.71875,-0.144043731,10145,True,36,179,-23552,5.652632,15.438485,0.868902,22.00565,-0.71875,-0.144043731,10145,True,36,,-23552,0.0,0.0,0.360375,0.330165
744,baseline_overlay_pass->release->rtl_overlay_pass,5.926575,14.646783,2.928727,23.551185,-0.7265625,-0.147148743,9943,True,35,179,-23808,5.628072,14.823266,0.857922,21.354811,-0.7265625,-0.147148743,9943,True,35,,-23808,0.0,0.0,0.352055,0.332235
745,baseline_overlay_pass->release->rtl_overlay_pass,5.922825,14.427319,2.903836,23.304201,-0.7265625,-0.146046997,9944,True,35,179,-23808,5.662723,15.0811,0.870803,21.659966,-0.7265625,-0.146046997,9944,True,35,,-23808,0.0,0.0,0.360185,0.335355
746,baseline_overlay_pass->release->rtl_overlay_pass,5.789152,14.799415,2.869915,23.510584,-0.7265625,-0.145606299,9943,True,35,179,-23808,5.608922,14.657474,1.018195,21.333021,-0.7265625,-0.145606299,9943,True,35,,-23808,0.0,0.0,0.460247,0.349185
747,baseline_overlay_pass->release->rtl_overlay_pass,5.818613,14.761485,2.869276,23.500704,-0.7421875,-0.15199252,9579,True,33,179,-24320,5.637113,14.450401,0.976724,21.112948,-0.7421875,-0.15199252,9579,True,33,,-24320,0.0,0.0,0.462287,0.330895
748,baseline_overlay_pass->release->rtl_overlay_pass,5.585769,15.039749,2.870466,23.542695,-0.7421875,-0.149859508,9578,True,33,179,-24320,5.586062,14.577883,0.863813,21.068788,-0.7421875,-0.149859508,9578,True,33,,-24320,0.0,0.0,0.350035,0.335765
749,baseline_overlay_pass->release->rtl_overlay_pass,5.68382,15.331614,2.866045,23.92964,-0.7421875,-0.149006303,9579,True,33,179,-24320,5.686563,14.41099,0.911523,21.054897,-0.7421875,-0.149006303,9579,True,33,,-24320,0.0,0.0,0.370065,0.332285
750,baseline_overlay_pass->release->rtl_overlay_pass,6.367311,14.991108,2.863536,24.270956,-0.765625,-0.158508771,9142,True,30,179,-25088,6.057508,14.37937,0.883983,21.364711,-0.765625,-0.158508771,9142,True,30,,-25088,0.0,0.0,0.370925,0.329084
751,baseline_overlay_pass->release->rtl_overlay_pass,5.67354,15.249622,2.853075,23.823479,-0.765625,-0.155278508,9139,True,30,179,-25088,6.069729,14.997939,0.893033,22.009981,-0.765625,-0.155278508,9139,True,30,,-25088,0.0,0.0,0.379036,0.333024
752,baseline_overlay_pass->release->rtl_overlay_pass,5.737881,15.379874,2.802645,23.970011,-0.765625,-0.153986403,9140,True,30,179,-25088,5.585811,15.361904,0.837462,21.829418,-0.765625,-0.153986403,9140,True,30,,-25088,0.0,0.0,0.334855,0.330075
753,baseline_overlay_pass->release->rtl_overlay_pass,5.636,15.303913,2.897586,23.88783,-0.765625,-0.153469561,8992,True,30,179,-25088,5.777114,15.05081,0.858053,21.733277,-0.765625,-0.153469561,8992,True,30,,-25088,0.0,0.0,0.357026,0.328085
754,baseline_overlay_pass->release->rtl_overlay_pass,5.823342,16.845398,2.807235,25.524876,-0.765625,-0.153262825,8995,True,30,179,-25088,5.662062,14.772025,0.867623,21.346441,-0.765625,-0.153262825,8995,True,30,,-25088,0.0,0.0,0.355395,0.336835
755,baseline_overlay_pass->release->rtl_overlay_pass,5.6802,15.038939,2.873725,23.643237,-0.765625,-0.15318013,8996,True,30,179,-25088,5.643563,14.908837,0.956894,21.554275,-0.765625,-0.15318013,8996,True,30,,-25088,0.0,0.0,0.412206,0.348985
756,baseline_overlay_pass->release->rtl_overlay_pass,5.598519,15.09342,2.864796,23.602886,-0.78125,-0.159709552,8624,True,28,179,-25600,5.602442,14.707875,0.995075,21.354452,-0.78125,-0.159709552,8624,True,28,,-25600,0.0,0.0,0.445207,0.343765
757,baseline_overlay_pass->release->rtl_overlay_pass,5.628799,14.756325,2.882236,23.312951,-0.78125,-0.157633821,8618,True,28,179,-25600,5.607491,14.368079,0.899954,20.922725,-0.78125,-0.157633821,8618,True,28,,-25600,0.0,0.0,0.379705,0.337755
758,baseline_overlay_pass->release->rtl_overlay_pass,5.654669,14.704714,2.902406,23.310741,-0.78125,-0.156803528,8618,True,28,179,-25600,5.715594,14.372279,0.892763,21.030637,-0.78125,-0.156803528,8618,True,28,,-25600,0.0,0.0,0.376475,0.334015
759,baseline_overlay_pass->release->rtl_overlay_pass,5.680531,14.655673,2.893347,23.278531,-0.7890625,-0.159752661,8480,True,27,179,-25856,5.646202,14.544192,0.910953,21.148648,-0.7890625,-0.159752661,8480,True,27,,-25856,0.0,0.0,0.394146,0.334505
760,baseline_overlay_pass->release->rtl_overlay_pass,5.632969,14.726754,2.889016,23.29656,-0.7890625,-0.158588565,8475,True,27,179,-25856,5.800144,14.321349,0.902144,21.070748,-0.7890625,-0.158588565,8475,True,27,,-25856,0.0,0.0,0.381295,0.335635
761,baseline_overlay_pass->release->rtl_overlay_pass,5.67051,14.648363,3.058729,23.429733,-0.7890625,-0.158122926,8478,True,27,179,-25856,6.363393,14.585843,0.900133,21.894349,-0.7890625,-0.158122926,8478,True,27,,-25856,0.0,0.0,0.383446,0.335375
762,baseline_overlay_pass->release->rtl_overlay_pass,5.67599,14.700284,3.09196,23.519794,-0.765625,-0.14809292,8910,True,30,179,-25088,5.899136,15.275583,0.898603,22.122922,-0.765625,-0.14809292,8910,True,30,,-25088,0.0,0.0,0.381566,0.329505
763,baseline_overlay_pass->release->rtl_overlay_pass,5.64671,14.366889,3.214271,23.344781,-0.765625,-0.151112168,8905,True,30,179,-25088,5.661322,15.141531,0.862592,21.709526,-0.765625,-0.151112168,8905,True,30,,-25088,0.0,0.0,0.355405,0.330455
764,baseline_overlay_pass->release->rtl_overlay_pass,5.703711,14.340208,3.188421,23.28621,-0.765625,-0.152319867,8908,True,30,179,-25088,5.677543,14.703994,0.892843,21.318631,-0.765625,-0.152319867,8908,True,30,,-25088,0.0,0.0,0.357015,0.326385
765,baseline_overlay_pass->release->rtl_overlay_pass,5.64222,14.410659,3.057719,23.162628,-0.7578125,-0.149521697,9040,True,31,179,-24832,5.611702,14.775915,0.929793,21.362481,-0.7578125,-0.149521697,9040,True,31,,-24832,0.0,0.0,0.397436,0.348695
766,baseline_overlay_pass->release->rtl_overlay_pass,5.64832,14.47828,2.884346,23.061547,-0.7578125,-0.150746179,9039,True,31,179,-24832,5.613422,14.41359,1.226348,21.30185,-0.7578125,-0.150746179,9039,True,31,,-24832,0.0,0.0,0.588339,0.342295
767,baseline_overlay_pass->release->rtl_overlay_pass,5.602349,14.411999,2.899436,22.962845,-0.7578125,-0.151235972,9039,True,31,179,-24832,5.607302,14.496351,0.903923,21.056937,-0.7578125,-0.151235972,9039,True,31,,-24832,0.0,0.0,0.385615,0.334035
768,baseline_overlay_pass->release->rtl_overlay_pass,5.617509,14.768004,2.888736,23.323331,-0.7421875,-0.144869389,9202,True,33,179,-24320,5.637682,14.430721,0.889303,21.003916,-0.7421875,-0.144869389,9202,True,33,,-24320,0.0,0.0,0.372765,0.332335
769,baseline_overlay_pass->release->rtl_overlay_pass,5.635299,14.398909,2.840305,22.924434,-0.7421875,-0.147010255,9208,True,33,179,-24320,5.751054,14.331219,0.899823,21.025547,-0.7421875,-0.147010255,9208,True,33,,-24320,0.0,0.0,0.379495,0.338325
770,baseline_overlay_pass->release->rtl_overlay_pass,5.830373,14.337398,2.852306,23.069567,-0.7421875,-0.147866602,9205,True,33,179,-24320,6.1406,14.358699,0.904444,21.448513,-0.7421875,-0.147866602,9205,True,33,,-24320,0.0,0.0,0.380005,0.335675
771,baseline_overlay_pass->release->rtl_overlay_pass,5.837502,14.434469,2.833325,23.208208,-0.734375,-0.144927891,9427,True,34,179,-24064,5.658143,15.188021,0.827553,21.718847,-0.734375,-0.144927891,9427,True,34,,-24064,0.0,0.0,0.336205,0.322765
772,baseline_overlay_pass->release->rtl_overlay_pass,5.865014,14.368518,2.858745,23.139928,-0.734375,-0.146096156,9425,True,34,179,-24064,5.601032,14.819646,0.874673,21.339731,-0.734375,-0.146096156,9425,True,34,,-24064,0.0,0.0,0.358766,0.338275
773,baseline_overlay_pass->release->rtl_overlay_pass,5.793842,14.685013,2.831875,23.361351,-0.734375,-0.146563463,9430,True,34,179,-24064,5.648002,14.740995,0.897473,21.33121,-0.734375,-0.146563463,9430,True,34,,-24064,0.0,0.0,0.377546,0.340705
774,baseline_overlay_pass->release->rtl_overlay_pass,5.742162,15.09743,2.935237,23.823779,-0.734375,-0.146750385,9526,True,34,179,-24064,5.681353,14.577582,0.997434,21.308,-0.734375,-0.146750385,9526,True,34,,-24064,0.0,0.0,0.425486,0.356285
775,baseline_overlay_pass->release->rtl_overlay_pass,5.599649,15.077959,2.868096,23.593035,-0.734375,-0.146825154,9532,True,34,179,-24064,5.618462,14.574973,0.931924,21.173079,-0.734375,-0.146825154,9532,True,34,,-24064,0.0,0.0,0.411016,0.335975
776,baseline_overlay_pass->release->rtl_overlay_pass,5.589259,14.978279,2.883046,23.498394,-0.734375,-0.146855062,9526,True,34,179,-24064,5.595412,14.41577,0.905644,20.961806,-0.734375,-0.146855062,9526,True,34,,-24064,0.0,0.0,0.384715,0.334975
777,baseline_overlay_pass->release->rtl_overlay_pass,5.66589,14.950377,2.884436,23.548514,-0.71875,-0.140304525,9893,True,36,179,-23552,5.717134,14.39577,0.910063,21.123798,-0.71875,-0.140304525,9893,True,36,,-23552,0.0,0.0,0.388576,0.335695
778,baseline_overlay_pass->release->rtl_overlay_pass,5.63055,14.817835,2.907496,23.403882,-0.71875,-0.14237181,9892,True,36,179,-23552,5.804725,14.638783,0.959954,21.501954,-0.71875,-0.14237181,9892,True,36,,-23552,0.0,0.0,0.437066,0.335175
779,baseline_overlay_pass->release->rtl_overlay_pass,5.576748,14.690303,2.879796,23.193828,-0.71875,-0.143198724,9888,True,36,179,-23552,5.611772,15.04551,0.836702,21.536894,-0.71875,-0.143198724,9888,True,36,,-23552,0.0,0.0,0.336175,0.331315
780,baseline_overlay_pass->release->rtl_overlay_pass,5.617139,14.745024,2.942857,23.353732,-0.7109375,-0.14024824,9975,True,37,179,-23296,5.648832,14.850246,0.857302,21.401022,-0.7109375,-0.14024824,9975,True,37,,-23296,0.0,0.0,0.352005,0.331224
781,baseline_overlay_pass->release->rtl_overlay_pass,5.60515,15.412425,2.975637,24.043602,-0.7109375,-0.141411796,9978,True,37,179,-23296,5.604311,14.760666,0.861042,21.27126,-0.7109375,-0.141411796,9978,True,37,,-23296,0.0,0.0,0.352575,0.334185
782,baseline_overlay_pass->release->rtl_overlay_pass,5.690011,14.594702,2.987428,23.326041,-0.7109375,-0.141877218,9992,True,37,179,-23296,5.625742,14.693494,1.079225,21.448442,-0.7109375,-0.141877218,9992,True,37,,-23296,0.0,0.0,0.512957,0.349865
783,baseline_overlay_pass->release->rtl_overlay_pass,5.720741,15.447956,2.961087,24.179044,-0.703125,-0.138782137,10175,True,38,179,-23040,5.595231,14.475871,0.912223,21.032416,-0.703125,-0.138782137,10175,True,38,,-23040,0.0,0.0,0.390406,0.335835
784,baseline_overlay_pass->release->rtl_overlay_pass,5.701731,15.909573,2.916847,24.581911,-0.703125,-0.139887855,10172,True,38,179,-23040,5.622702,14.458511,0.889563,21.016926,-0.703125,-0.139887855,10172,True,38,,-23040,0.0,0.0,0.370176,0.337135
785,baseline_overlay_pass->release->rtl_overlay_pass,5.66216,14.737074,3.063548,23.516973,-0.703125,-0.140330142,10171,True,38,179,-23040,5.654063,14.660473,0.891323,21.24962,-0.703125,-0.140330142,10171,True,38,,-23040,0.0,0.0,0.374265,0.335025
786,baseline_overlay_pass->release->rtl_overlay_pass,6.137687,14.579091,3.332873,24.104223,-0.6953125,-0.137225807,10502,True,39,179,-22784,5.869556,14.40674,0.900753,21.223079,-0.6953125,-0.137225807,10502,True,39,,-22784,0.0,0.0,0.373986,0.339865
787,baseline_overlay_pass->release->rtl_overlay_pass,5.6405,14.42588,3.255542,23.372952,-0.6953125,-0.138327823,10522,True,39,179,-22784,5.804464,14.823596,0.870073,21.546534,-0.6953125,-0.138327823,10522,True,39,,-22784,0.0,0.0,0.358915,0.331755
788,baseline_overlay_pass->release->rtl_overlay_pass,5.675881,14.353768,3.10369,23.185269,-0.6953125,-0.138768629,10510,True,39,179,-22784,5.662932,14.983968,0.855193,21.546584,-0.6953125,-0.138768629,10510,True,39,,-22784,0.0,0.0,0.349145,0.332655
789,baseline_overlay_pass->release->rtl_overlay_pass,5.64991,15.199012,3.12062,24.022092,-0.6875,-0.135663702,10664,True,40,179,-22528,5.660882,14.843336,0.868793,21.419852,-0.6875,-0.135663702,10664,True,40,,-22528,0.0,0.0,0.358246,0.334745
790,baseline_overlay_pass->release->rtl_overlay_pass,5.69647,14.565541,3.237891,23.557294,-0.6875,-0.136765481,10662,True,40,179,-22528,5.652402,14.800705,0.930783,21.430062,-0.6875,-0.136765481,10662,True,40,,-22528,0.0,0.0,0.393795,0.350765
791,baseline_overlay_pass->release->rtl_overlay_pass,5.66223,14.590931,3.17314,23.539364,-0.6875,-0.137206192,10666,True,40,179,-22528,5.623502,14.515342,0.987815,21.176049,-0.6875,-0.137206192,10666,True,40,,-22528,0.0,0.0,0.453987,0.338465
792,baseline_overlay_pass->release->rtl_overlay_pass,5.68615,14.951467,3.273692,23.967821,-0.671875,-0.130819977,10884,True,42,179,-22016,5.638872,14.333479,0.894613,20.916305,-0.671875,-0.130819977,10884,True,42,,-22016,0.0,0.0,0.375866,0.335835
793,baseline_overlay_pass->release->rtl_overlay_pass,5.67448,14.625012,3.199151,23.556024,-0.671875,-0.132952991,10902,True,42,179,-22016,5.604591,14.331169,0.926534,20.905655,-0.671875,-0.132952991,10902,True,42,,-22016,0.0,0.0,0.388365,0.354785
794,baseline_overlay_pass->release->rtl_overlay_pass,6.003395,15.021129,3.358323,24.445079,-0.671875,-0.133806196,10888,True,42,179,-22016,5.696353,14.358209,0.900603,21.001316,-0.671875,-0.133806196,10888,True,42,,-22016,0.0,0.0,0.380875,0.332935
795,baseline_overlay_pass->release->rtl_overlay_pass,6.259139,14.47276,3.118889,23.90509,-0.6484375,-0.124303729,11246,True,45,179,-21248,5.874596,14.38779,0.896313,21.202939,-0.6484375,-0.124303729,11246,True,45,,-21248,0.0,0.0,0.379226,0.334324
796,baseline_overlay_pass->release->rtl_overlay_pass,5.591968,14.419459,2.825575,22.885483,-0.6484375,-0.127533991,11240,True,45,179,-21248,5.644652,15.087429,0.850752,21.627325,-0.6484375,-0.127533991,11240,True,45,,-21248,0.0,0.0,0.343205,0.333765
797,baseline_overlay_pass->release->rtl_overlay_pass,5.684521,14.389958,2.914196,23.041626,-0.6484375,-0.128826097,11230,True,45,179,-21248,5.587371,14.741514,0.862362,21.237579,-0.6484375,-0.128826097,11230,True,45,,-21248,0.0,0.0,0.354895,0.331955
798,baseline_overlay_pass->release->rtl_overlay_pass,5.644239,14.359298,2.938026,22.993445,-0.640625,-0.126061689,11508,True,46,179,-20992,5.687653,14.657073,0.884953,21.27699,-0.640625,-0.126061689,11508,True,46,,-20992,0.0,0.0,0.365135,0.336544
799,baseline_overlay_pass->release->rtl_overlay_pass,5.686391,14.338568,2.877696,22.950235,-0.640625,-0.127299675,11505,True,46,179,-20992,5.568732,14.536282,1.032685,21.187669,-0.640625,-0.127299675,11505,True,46,,-20992,0.0,0.0,0.478857,0.339615
800,baseline_overlay_pass->release->rtl_overlay_pass,5.711951,14.533901,2.868116,23.166208,-0.640625,-0.12779487,11507,True,46,179,-20992,5.614822,14.38441,0.899833,20.947745,-0.640625,-0.12779487,11507,True,46,,-20992,0.0,0.0,0.376185,0.340515
801,baseline_overlay_pass->release->rtl_overlay_pass,5.576898,14.322457,2.872615,22.820812,-0.6328125,-0.124711698,11661,True,47,179,-20736,5.653772,14.383939,0.921314,21.004606,-0.6328125,-0.124711698,11661,True,47,,-20736,0.0,0.0,0.404486,0.333365
802,baseline_overlay_pass->release->rtl_overlay_pass,5.765122,14.363608,2.880685,23.057767,-0.6328125,-0.125822179,11659,True,47,179,-20736,5.755874,14.43212,0.903063,21.137358,-0.6328125,-0.125822179,11659,True,47,,-20736,0.0,0.0,0.378936,0.336895
803,baseline_overlay_pass->release->rtl_overlay_pass,5.620479,14.609372,2.900276,23.178008,-0.6328125,-0.126266372,11658,True,47,179,-20736,5.751154,14.896457,0.870803,21.617075,-0.6328125,-0.126266372,11658,True,47,,-20736,0.0,0.0,0.359436,0.329895
804,baseline_overlay_pass->release->rtl_overlay_pass,5.70076,14.320908,3.021568,23.092356,-0.6015625,-0.113319049,11919,True,51,179,-19712,5.607212,15.029329,0.846972,21.529123,-0.6015625,-0.113319049,11919,True,51,,-19712,0.0,0.0,0.347105,0.329124
805,baseline_overlay_pass->release->rtl_overlay_pass,5.787822,14.553461,2.848625,23.237089,-0.6015625,-0.117515119,11915,True,51,179,-19712,5.667913,14.724454,0.891303,21.329071,-0.6015625,-0.117515119,11915,True,51,,-19712,0.0,0.0,0.358625,0.331764
806,baseline_overlay_pass->release->rtl_overlay_pass,6.29955,14.345718,2.858165,23.551794,-0.6015625,-0.119193548,11915,True,51,179,-19712,5.577532,14.853426,0.873783,21.349661,-0.6015625,-0.119193548,11915,True,51,,-19712,0.0,0.0,0.359826,0.337355
807,baseline_overlay_pass->release->rtl_overlay_pass,5.65322,14.48385,2.829645,23.013525,-0.59375,-0.116583669,11968,True,52,179,-19456,5.646752,14.668123,1.034666,21.400072,-0.59375,-0.116583669,11968,True,52,,-19456,0.0,0.0,0.458336,0.341975
808,baseline_overlay_pass->release->rtl_overlay_pass,5.846153,14.333858,2.841265,23.066406,-0.59375,-0.117883468,11982,True,52,179,-19456,5.628852,14.533891,0.890063,21.101518,-0.59375,-0.117883468,11982,True,52,,-19456,0.0,0.0,0.369335,0.334735
809,baseline_overlay_pass->release->rtl_overlay_pass,5.736201,14.361588,2.885976,23.029685,-0.59375,-0.118403387,11978,True,52,179,-19456,5.584621,14.588083,0.855152,21.066896,-0.59375,-0.118403387,11978,True,52,,-19456,0.0,0.0,0.347425,0.333794
810,baseline_overlay_pass->release->rtl_overlay_pass,5.786342,14.345587,2.914096,23.094337,-0.5859375,-0.115330105,12002,True,53,179,-19200,5.591152,14.473321,0.914383,21.021416,-0.5859375,-0.115330105,12002,True,53,,-19200,0.0,0.0,0.369385,0.333645
811,baseline_overlay_pass->release->rtl_overlay_pass,5.877654,14.674983,2.883786,23.486993,-0.5859375,-0.116444542,11996,True,53,179,-19200,5.718874,14.370239,0.903363,21.038437,-0.5859375,-0.116444542,11996,True,53,,-19200,0.0,0.0,0.381936,0.337435
812,baseline_overlay_pass->release->rtl_overlay_pass,5.780972,14.822306,2.865586,23.521744,-0.5859375,-0.116890317,12001,True,53,179,-19200,5.671583,14.901397,0.882973,21.505513,-0.5859375,-0.116890317,12001,True,53,,-19200,0.0,0.0,0.369375,0.332925
813,baseline_overlay_pass->release->rtl_overlay_pass,6.428792,14.762194,2.874505,24.112702,-0.5859375,-0.117068627,11956,True,53,179,-19200,5.617141,15.202801,0.857103,21.721677,-0.5859375,-0.117068627,11956,True,53,,-19200,0.0,0.0,0.346635,0.332775
814,baseline_overlay_pass->release->rtl_overlay_pass,6.211489,14.410079,2.885126,23.555124,-0.5859375,-0.117139951,11957,True,53,179,-19200,5.652853,14.648573,0.867893,21.213429,-0.5859375,-0.117139951,11957,True,53,,-19200,0.0,0.0,0.359426,0.333175
815,baseline_overlay_pass->release->rtl_overlay_pass,6.096607,14.49659,2.878256,23.519824,-0.5859375,-0.11716848,11958,True,53,179,-19200,5.601302,14.802756,0.904413,21.355081,-0.5859375,-0.11716848,11958,True,53,,-19200,0.0,0.0,0.380406,0.343395
816,baseline_overlay_pass->release->rtl_overlay_pass,5.945744,14.586941,2.878885,23.462332,-0.578125,-0.113898642,11892,True,54,179,-18944,5.647262,14.41317,1.010865,21.123407,-0.578125,-0.113898642,11892,True,54,,-18944,0.0,0.0,0.464296,0.345285
817,baseline_overlay_pass->release->rtl_overlay_pass,5.850563,14.661483,2.896806,23.455852,-0.578125,-0.114934457,11864,True,54,179,-18944,5.600731,14.571343,0.892533,21.110957,-0.578125,-0.114934457,11864,True,54,,-18944,0.0,0.0,0.379996,0.328115
818,baseline_overlay_pass->release->rtl_overlay_pass,5.771441,14.758534,2.875086,23.458363,-0.578125,-0.115348783,11851,True,54,179,-18944,5.560191,14.40375,0.909753,20.917044,-0.578125,-0.115348783,11851,True,54,,-18944,0.0,0.0,0.384996,0.338955
819,baseline_overlay_pass->release->rtl_overlay_pass,5.658699,15.351494,2.863305,23.92889,-0.5625,-0.108952013,12030,True,56,179,-18432,5.780664,14.374829,0.899383,21.100817,-0.5625,-0.108952013,12030,True,56,,-18432,0.0,0.0,0.377316,0.338975
820,baseline_overlay_pass->release->rtl_overlay_pass,5.61784,15.11409,2.903946,23.685996,-0.5625,-0.111080805,12032,True,56,179,-18432,5.845785,14.4425,0.885573,21.218819,-0.5625,-0.111080805,12032,True,56,,-18432,0.0,0.0,0.369485,0.334574
821,baseline_overlay_pass->release->rtl_overlay_pass,5.704611,15.150271,2.801995,23.704887,-0.5625,-0.111932322,12029,True,56,179,-18432,5.640582,15.023548,0.839582,21.547614,-0.5625,-0.111932322,12029,True,56,,-18432,0.0,0.0,0.337725,0.329985
822,baseline_overlay_pass->release->rtl_overlay_pass,5.64994,15.173731,2.834695,23.706047,-0.546875,-0.105710429,12003,True,58,179,-17920,5.608052,14.829096,0.862693,21.344201,-0.546875,-0.105710429,12003,True,58,,-17920,0.0,0.0,0.358606,0.328435
823,baseline_overlay_pass->release->rtl_overlay_pass,5.65326,15.039749,2.814805,23.556264,-0.546875,-0.107909172,12006,True,58,179,-17920,5.648002,14.772915,0.871633,21.33714,-0.546875,-0.107909172,12006,True,58,,-17920,0.0,0.0,0.354765,0.342175
824,baseline_overlay_pass->release->rtl_overlay_pass,5.617409,14.610782,2.906076,23.183257,-0.546875,-0.108788669,12001,True,58,179,-17920,5.732673,15.021259,1.019605,21.824568,-0.546875,-0.108788669,12001,True,58,,-17920,0.0,0.0,0.458147,0.342235
825,baseline_overlay_pass->release->rtl_overlay_pass,5.62516,15.12289,2.907536,23.704896,-0.5390625,-0.105859217,12100,True,59,179,-17664,5.656502,14.43253,0.896423,21.034246,-0.5390625,-0.105859217,12100,True,59,,-17664,0.0,0.0,0.380706,0.331385
826,baseline_overlay_pass->release->rtl_overlay_pass,5.667939,15.1676,2.864905,23.748867,-0.5390625,-0.107031187,12090,True,59,179,-17664,5.752953,14.497341,0.966954,21.262289,-0.5390625,-0.107031187,12090,True,59,,-17664,0.0,0.0,0.433737,0.334115
827,baseline_overlay_pass->release->rtl_overlay_pass,5.62552,14.828185,2.838475,23.33968,-0.5390625,-0.107499975,12094,True,59,179,-17664,5.664972,14.544021,0.901083,21.153628,-0.5390625,-0.107499975,12094,True,59,,-17664,0.0,0.0,0.379995,0.337745
828,baseline_overlay_pass->release->rtl_overlay_pass,5.622389,14.805844,2.928306,23.406371,-0.53125,-0.10440624,12105,True,60,179,-17408,5.856376,14.369809,0.895913,21.168238,-0.53125,-0.10440624,12105,True,60,,-17408,0.0,0.0,0.378466,0.336835
829,baseline_overlay_pass->release->rtl_overlay_pass,6.146297,16.234527,2.842506,25.275041,-0.53125,-0.105512496,12120,True,60,179,-17408,5.602052,15.027439,0.832602,21.506943,-0.53125,-0.105512496,12120,True,60,,-17408,0.0,0.0,0.334705,0.325754
830,baseline_overlay_pass->release->rtl_overlay_pass,7.888035,15.099749,2.896286,25.933251,-0.53125,-0.105954998,12119,True,60,179,-17408,5.626742,14.626483,0.860833,21.159188,-0.53125,-0.105954998,12119,True,60,,-17408,0.0,0.0,0.354545,0.334065
831,baseline_overlay_pass->release->rtl_overlay_pass,7.816754,14.572491,2.869956,25.306842,-0.5234375,-0.102850749,12068,True,61,179,-17152,5.578091,14.926087,0.862693,21.413462,-0.5234375,-0.102850749,12068,True,61,,-17152,0.0,0.0,0.355456,0.332635
832,baseline_overlay_pass->release->rtl_overlay_pass,6.367601,14.651232,2.957907,24.023041,-0.5234375,-0.1039528,12082,True,61,179,-17152,5.614782,14.589123,1.032095,21.28418,-0.5234375,-0.1039528,12082,True,61,,-17152,0.0,0.0,0.458157,0.364675
833,baseline_overlay_pass->release->rtl_overlay_pass,6.709457,15.205701,2.923566,24.887205,-0.5234375,-0.10439362,12079,True,61,179,-17152,5.669282,14.397829,0.900184,21.015146,-0.5234375,-0.10439362,12079,True,61,,-17152,0.0,0.0,0.380335,0.335995
834,baseline_overlay_pass->release->rtl_overlay_pass,5.908004,14.757144,2.919176,23.635895,-0.4921875,-0.091444948,12142,True,65,179,-16128,5.610462,14.3966,0.892533,20.946075,-0.4921875,-0.091444948,12142,True,65,,-16128,0.0,0.0,0.377495,0.331175
835,baseline_overlay_pass->release->rtl_overlay_pass,5.779602,15.243662,2.842555,23.920359,-0.4921875,-0.095640479,12140,True,65,179,-16128,5.663483,14.332149,0.893203,20.932875,-0.4921875,-0.095640479,12140,True,65,,-16128,0.0,0.0,0.373766,0.335455
836,baseline_overlay_pass->release->rtl_overlay_pass,5.746701,14.791255,2.867155,23.455663,-0.484375,-0.094037442,12117,True,66,179,-15872,5.788804,14.42181,0.906733,21.164068,-0.484375,-0.094037442,12117,True,66,,-15872,0.0,0.0,0.387936,0.335635
837,baseline_overlay_pass->release->rtl_overlay_pass,5.635279,15.291002,2.884366,23.859278,-0.4765625,-0.092458727,12042,True,67,179,-15616,5.670682,14.873046,0.864803,21.457352,-0.4765625,-0.092458727,12042,True,67,,-15616,0.0,0.0,0.355636,0.332325
838,baseline_overlay_pass->release->rtl_overlay_pass,5.636159,15.270052,2.839645,23.800247,-0.4765625,-0.094170991,12039,True,67,179,-15616,5.649222,15.1326,0.858313,21.685386,-0.4765625,-0.094170991,12039,True,67,,-15616,0.0,0.0,0.355316,0.330415
839,baseline_overlay_pass->release->rtl_overlay_pass,5.621829,15.110819,3.066898,23.849488,-0.4765625,-0.094855896,12081,True,67,179,-15616,5.565131,14.788546,0.868982,21.266619,-0.4765625,-0.094855896,12081,True,67,,-15616,0.0,0.0,0.359525,0.334165
840,baseline_overlay_pass->release->rtl_overlay_pass,5.758702,15.192071,2.908907,23.91202,-0.4765625,-0.095129859,11991,True,67,179,-15616,5.677263,14.873956,0.925023,21.521993,-0.4765625,-0.095129859,11991,True,67,,-15616,0.0,0.0,0.397665,0.341895
841,baseline_overlay_pass->release->rtl_overlay_pass,5.650219,15.303552,2.910806,23.91425,-0.4765625,-0.095239443,11976,True,67,179,-15616,5.56515,14.505341,0.887543,21.005256,-0.4765625,-0.095239443,11976,True,67,,-15616,0.0,0.0,0.365305,0.334455
842,baseline_overlay_pass->release->rtl_overlay_pass,6.187899,17.362105,2.894636,26.496881,-0.4765625,-0.095283277,12012,True,67,179,-15616,5.599522,14.364249,0.898913,20.910664,-0.4765625,-0.095283277,12012,True,67,,-15616,0.0,0.0,0.373846,0.342095
843,baseline_overlay_pass->release->rtl_overlay_pass,5.857683,14.924786,2.998277,23.836058,-0.453125,-0.085457061,12085,True,70,179,-14848,5.663453,14.336148,0.930263,20.972345,-0.453125,-0.085457061,12085,True,70,,-14848,0.0,0.0,0.382285,0.362895
844,baseline_overlay_pass->release->rtl_overlay_pass,5.749121,15.379484,2.876156,24.058952,-0.453125,-0.088557824,12127,True,70,179,-14848,5.768694,14.366049,0.908653,21.089387,-0.453125,-0.088557824,12127,True,70,,-14848,0.0,0.0,0.389525,0.336375
845,baseline_overlay_pass->release->rtl_overlay_pass,6.376622,14.944087,2.834955,24.211634,-0.453125,-0.08979813,12116,True,70,179,-14848,5.729234,15.054169,0.881193,21.715986,-0.453125,-0.08979813,12116,True,70,,-14848,0.0,0.0,0.363306,0.333755
846,baseline_overlay_pass->release->rtl_overlay_pass,5.910183,16.103655,2.996878,25.069298,-0.453125,-0.090294252,12126,True,70,179,-14848,5.647162,14.959258,0.849442,21.499503,-0.453125,-0.090294252,12126,True,70,,-14848,0.0,0.0,0.343295,0.335135
847,baseline_overlay_pass->release->rtl_overlay_pass,5.600789,16.126856,2.831255,24.60831,-0.453125,-0.090492701,12149,True,70,179,-14848,5.634592,14.757485,0.874273,21.31354,-0.453125,-0.090492701,12149,True,70,,-14848,0.0,0.0,0.368656,0.330435
848,baseline_overlay_pass->release->rtl_overlay_pass,5.931364,15.105879,2.814625,23.899689,-0.453125,-0.09057208,12200,True,70,179,-14848,5.642772,14.783385,0.927464,21.398931,-0.453125,-0.09057208,12200,True,70,,-14848,0.0,0.0,0.397446,0.340205
849,baseline_overlay_pass->release->rtl_overlay_pass,5.617079,15.232351,2.854366,23.751947,-0.4609375,-0.093885082,12415,True,69,179,-15104,5.688783,14.626843,1.010155,21.375711,-0.4609375,-0.093885082,12415,True,69,,-15104,0.0,0.0,0.461827,0.339345
850,baseline_overlay_pass->release->rtl_overlay_pass,5.64125,15.688129,2.910047,24.287136,-0.4609375,-0.092866533,12385,True,69,179,-15104,5.622672,14.470301,0.888913,21.029746,-0.4609375,-0.092866533,12385,True,69,,-15104,0.0,0.0,0.375306,0.334165
851,baseline_overlay_pass->release->rtl_overlay_pass,7.52524,15.979273,3.455935,27.09103,-0.4609375,-0.092459113,12442,True,69,179,-15104,5.616012,14.516791,0.893383,21.071416,-0.4609375,-0.092459113,12442,True,69,,-15104,0.0,0.0,0.377686,0.332184
852,baseline_overlay_pass->release->rtl_overlay_pass,8.14975,16.536612,3.18047,27.930133,-0.5,-0.108702395,12706,True,64,179,-16384,5.765004,14.44103,0.905744,21.158158,-0.5,-0.108702395,12706,True,64,,-16384,0.0,0.0,0.388155,0.335235
853,baseline_overlay_pass->release->rtl_overlay_pass,7.696762,14.358028,3.061088,25.168279,-0.5,-0.103480958,12703,True,64,179,-16384,5.841455,14.317228,0.893213,21.096987,-0.5,-0.103480958,12703,True,64,,-16384,0.0,0.0,0.374245,0.334765
854,baseline_overlay_pass->release->rtl_overlay_pass,5.831492,14.933556,2.956546,23.771857,-0.5,-0.101392383,12702,True,64,179,-16384,5.646893,15.084549,0.836843,21.612455,-0.5,-0.101392383,12702,True,64,,-16384,0.0,0.0,0.336035,0.329935
855,baseline_overlay_pass->release->rtl_overlay_pass,6.176248,15.977423,3.120469,25.332681,-0.5234375,-0.110400703,12600,True,61,179,-17152,5.620112,14.636403,0.851312,21.152268,-0.5234375,-0.110400703,12600,True,61,,-17152,0.0,0.0,0.349915,0.327085
856,baseline_overlay_pass->release->rtl_overlay_pass,6.436172,17.189253,3.421104,27.114959,-0.5234375,-0.106972781,12606,True,61,179,-17152,5.677843,14.811996,0.871872,21.406831,-0.5234375,-0.106972781,12606,True,61,,-17152,0.0,0.0,0.358035,0.337505
857,baseline_overlay_pass->release->rtl_overlay_pass,6.199469,15.987763,3.231851,25.477064,-0.5234375,-0.105601613,12609,True,61,179,-17152,5.628072,14.587523,1.033005,21.29976,-0.5234375,-0.105601613,12609,True,61,,-17152,0.0,0.0,0.484917,0.342845
858,baseline_overlay_pass->release->rtl_overlay_pass,5.910754,15.479435,3.250771,24.692661,-0.5625,-0.121459395,12584,True,56,179,-18432,5.615371,14.289457,0.899173,20.852513,-0.5625,-0.121459395,12584,True,56,,-18432,0.0,0.0,0.380605,0.334505
859,baseline_overlay_pass->release->rtl_overlay_pass,5.993615,15.672588,3.166491,24.888805,-0.5625,-0.116083758,12587,True,56,179,-18432,5.668482,14.40839,0.888323,21.010946,-0.5625,-0.116083758,12587,True,56,,-18432,0.0,0.0,0.371066,0.334505
860,baseline_overlay_pass->release->rtl_overlay_pass,5.889813,15.75806,3.209241,24.909865,-0.5625,-0.113933503,12575,True,56,179,-18432,5.641152,14.39296,0.906023,20.984535,-0.5625,-0.113933503,12575,True,56,,-18432,0.0,0.0,0.388406,0.335175
861,baseline_overlay_pass->release->rtl_overlay_pass,5.975475,15.435514,3.200061,24.664661,-0.578125,-0.119635901,12442,True,54,179,-18944,5.920406,14.377499,0.890703,21.232719,-0.578125,-0.119635901,12442,True,54,,-18944,0.0,0.0,0.375996,0.333815
862,baseline_overlay_pass->release->rtl_overlay_pass,5.878463,15.364333,3.068549,24.361816,-0.578125,-0.117229361,12447,True,54,179,-18944,5.670772,14.998128,0.835842,21.552643,-0.578125,-0.117229361,12447,True,54,,-18944,0.0,0.0,0.338675,0.325024
863,baseline_overlay_pass->release->rtl_overlay_pass,5.908303,15.275222,3.17086,24.410247,-0.578125,-0.116266744,12440,True,54,179,-18944,5.641192,14.934187,0.879423,21.499943,-0.578125,-0.116266744,12440,True,54,,-18944,0.0,0.0,0.362186,0.338585
864,baseline_overlay_pass->release->rtl_overlay_pass,6.002575,15.609598,3.830611,25.506534,-0.59375,-0.122444198,12428,True,52,179,-19456,5.629082,14.758724,0.861792,21.294229,-0.59375,-0.122444198,12428,True,52,,-19456,0.0,0.0,0.355435,0.330104
865,baseline_overlay_pass->release->rtl_overlay_pass,5.995045,15.478325,3.064859,24.59743,-0.59375,-0.120227679,12434,True,52,179,-19456,5.685633,14.755365,0.946064,21.434602,-0.59375,-0.120227679,12434,True,52,,-19456,0.0,0.0,0.398236,0.355475
866,baseline_overlay_pass->release->rtl_overlay_pass,5.929804,15.544117,3.14009,24.673861,-0.59375,-0.119341072,12429,True,52,179,-19456,5.641972,14.538381,0.916183,21.145628,-0.59375,-0.119341072,12429,True,52,,-19456,0.0,0.0,0.394026,0.331325
867,baseline_overlay_pass->release->rtl_overlay_pass,5.906834,15.975143,3.250052,25.187819,-0.640625,-0.138673929,12201,True,46,179,-20992,5.716003,14.43472,0.895333,21.094727,-0.640625,-0.138673929,12201,True,46,,-20992,0.0,0.0,0.375646,0.337965
868,baseline_overlay_pass->release->rtl_overlay_pass,6.060596,15.849601,3.273782,25.24729,-0.640625,-0.132344571,12189,True,46,179,-20992,5.681093,14.42045,0.909663,21.054926,-0.640625,-0.132344571,12189,True,46,,-20992,0.0,0.0,0.384446,0.341105
869,baseline_overlay_pass->release->rtl_overlay_pass,6.046876,16.013414,3.389384,25.509324,-0.640625,-0.129812829,12216,True,46,179,-20992,5.777314,14.358999,0.896373,21.076916,-0.640625,-0.129812829,12216,True,46,,-20992,0.0,0.0,0.378916,0.333175
870,baseline_overlay_pass->release->rtl_overlay_pass,5.993685,15.661049,3.14868,24.859734,-0.6796875,-0.145206381,11800,True,41,179,-22272,5.797704,14.862936,0.868962,21.579494,-0.6796875,-0.145206381,11800,True,41,,-22272,0.0,0.0,0.352925,0.338234
871,baseline_overlay_pass->release->rtl_overlay_pass,5.911284,15.433355,3.15294,24.552979,-0.6796875,-0.139645053,11764,True,41,179,-22272,5.586531,15.10305,0.855192,21.590043,-0.6796875,-0.139645053,11764,True,41,,-22272,0.0,0.0,0.349385,0.329104
872,baseline_overlay_pass->release->rtl_overlay_pass,5.936884,15.060798,2.992517,24.045861,-0.6796875,-0.137420521,11796,True,41,179,-22272,5.619501,14.710103,0.857992,21.232259,-0.6796875,-0.137420521,11796,True,41,,-22272,0.0,0.0,0.351465,0.331755
873,baseline_overlay_pass->release->rtl_overlay_pass,5.878173,15.15804,3.085269,24.175483,-0.671875,-0.133249458,11983,True,42,179,-22016,5.648162,14.997358,0.903933,21.595714,-0.671875,-0.133249458,11983,True,42,,-22016,0.0,0.0,0.380796,0.342135
874,baseline_overlay_pass->release->rtl_overlay_pass,5.68256,14.927957,3.194001,23.858008,-0.671875,-0.133924783,11990,True,42,179,-22016,5.677832,14.417139,1.008554,21.156947,-0.671875,-0.133924783,11990,True,42,,-22016,0.0,0.0,0.458126,0.344875
875,baseline_overlay_pass->release->rtl_overlay_pass,5.64452,14.48848,3.327793,23.514433,-0.671875,-0.134194913,12001,True,42,179,-22016,5.636972,14.500941,0.887633,21.073966,-0.671875,-0.134194913,12001,True,42,,-22016,0.0,0.0,0.371405,0.333305
876,baseline_overlay_pass->release->rtl_overlay_pass,5.622709,14.329707,2.990658,22.996815,-0.671875,-0.134302965,11985,True,42,179,-22016,5.601461,14.583712,0.902074,21.132558,-0.671875,-0.134302965,11985,True,42,,-22016,0.0,0.0,0.382835,0.334105
877,baseline_overlay_pass->release->rtl_overlay_pass,5.620909,14.415428,2.930147,23.017575,-0.671875,-0.134346186,11995,True,42,179,-22016,5.762243,14.370998,0.925003,21.100807,-0.671875,-0.134346186,11995,True,42,,-22016,0.0,0.0,0.406626,0.332625
878,baseline_overlay_pass->release->rtl_overlay_pass,5.740921,14.426099,2.995118,23.217038,-0.671875,-0.134363474,11985,True,42,179,-22016,5.658312,14.818365,0.872713,21.400371,-0.671875,-0.134363474,11985,True,42,,-22016,0.0,0.0,0.358585,0.332565
879,baseline_overlay_pass->release->rtl_overlay_pass,5.612319,14.384918,2.932247,22.982585,-0.6640625,-0.13108914,12206,True,43,179,-21760,5.604441,15.017868,0.865653,21.532993,-0.6640625,-0.13108914,12206,True,43,,-21760,0.0,0.0,0.354865,0.329515
880,baseline_overlay_pass->release->rtl_overlay_pass,5.717081,14.449709,2.913976,23.129277,-0.6640625,-0.132123156,12218,True,43,179,-21760,5.583712,14.928807,0.875073,21.432422,-0.6640625,-0.132123156,12218,True,43,,-21760,0.0,0.0,0.363015,0.333985
881,baseline_overlay_pass->release->rtl_overlay_pass,5.597308,14.946907,2.895106,23.489962,-0.6640625,-0.132536762,12201,True,43,179,-21760,5.589062,14.678463,0.910844,21.222789,-0.6640625,-0.132536762,12201,True,43,,-21760,0.0,0.0,0.384905,0.346345
882,baseline_overlay_pass->release->rtl_overlay_pass,5.643439,14.337837,2.879796,22.906903,-0.65625,-0.129420955,12338,True,44,179,-21504,5.574791,14.320788,1.006174,20.951334,-0.65625,-0.129420955,12338,True,44,,-21504,0.0,0.0,0.469797,0.340014
883,baseline_overlay_pass->release->rtl_overlay_pass,5.578458,14.560801,2.855985,23.045195,-0.65625,-0.130518382,12337,True,44,179,-21504,5.624622,14.392759,0.897393,20.961665,-0.65625,-0.130518382,12337,True,44,,-21504,0.0,0.0,0.378705,0.334725
884,baseline_overlay_pass->release->rtl_overlay_pass,5.638509,14.392488,2.902146,22.982104,-0.65625,-0.130957353,12347,True,44,179,-21504,5.671923,14.388409,0.904263,21.009626,-0.65625,-0.130957353,12347,True,44,,-21504,0.0,0.0,0.385095,0.335615
885,baseline_overlay_pass->release->rtl_overlay_pass,5.652029,14.622781,2.845445,23.170407,-0.65625,-0.131132941,12397,True,44,179,-21504,5.739663,14.372938,0.901973,21.061296,-0.65625,-0.131132941,12397,True,44,,-21504,0.0,0.0,0.377525,0.338825
886,baseline_overlay_pass->release->rtl_overlay_pass,5.617219,14.368998,2.910876,22.945293,-0.65625,-0.131203176,12389,True,44,179,-21504,5.882525,14.38558,0.901043,21.215738,-0.65625,-0.131203176,12389,True,44,,-21504,0.0,0.0,0.382856,0.334555
887,baseline_overlay_pass->release->rtl_overlay_pass,5.786942,14.388618,2.859685,23.083275,-0.65625,-0.131231271,12391,True,44,179,-21504,5.676963,15.456765,0.866673,22.049041,-0.65625,-0.131231271,12391,True,44,,-21504,0.0,0.0,0.362475,0.329625
888,baseline_overlay_pass->release->rtl_overlay_pass,5.69795,14.52299,2.857615,23.122256,-0.6484375,-0.127961258,12592,True,45,179,-21248,5.591751,14.861716,0.865573,21.36494,-0.6484375,-0.127961258,12592,True,45,,-21248,0.0,0.0,0.359695,0.333025
889,baseline_overlay_pass->release->rtl_overlay_pass,5.71753,14.414128,2.875626,23.057035,-0.6484375,-0.128997003,12587,True,45,179,-21248,5.606531,14.834896,0.863993,21.3513,-0.6484375,-0.128997003,12587,True,45,,-21248,0.0,0.0,0.355106,0.333555
890,baseline_overlay_pass->release->rtl_overlay_pass,5.582928,14.375007,2.831144,22.837291,-0.6484375,-0.129411301,12595,True,45,179,-21248,5.611152,14.858136,0.953024,21.469072,-0.6484375,-0.129411301,12595,True,45,,-21248,0.0,0.0,0.408226,0.349255
891,baseline_overlay_pass->release->rtl_overlay_pass,5.598879,14.409848,2.846715,22.902803,-0.640625,-0.126295771,12671,True,46,179,-20992,5.606561,14.377739,1.055425,21.092217,-0.640625,-0.126295771,12671,True,46,,-20992,0.0,0.0,0.519467,0.333975
892,baseline_overlay_pass->release->rtl_overlay_pass,5.580548,14.48404,2.849705,22.960963,-0.640625,-0.127393308,12676,True,46,179,-20992,5.683452,14.381259,0.907503,21.020606,-0.640625,-0.127393308,12676,True,46,,-20992,0.0,0.0,0.387916,0.334735
893,baseline_overlay_pass->release->rtl_overlay_pass,5.582598,14.342017,2.913356,22.881742,-0.640625,-0.127832323,12671,True,46,179,-20992,5.565361,14.40284,0.925133,20.936254,-0.640625,-0.127832323,12671,True,46,,-20992,0.0,0.0,0.402756,0.334794
894,baseline_overlay_pass->release->rtl_overlay_pass,5.68593,14.453788,2.861815,23.047845,-0.625,-0.121445429,13026,True,48,179,-20480,5.720913,14.567012,0.896603,21.228559,-0.625,-0.121445429,13026,True,48,,-20480,0.0,0.0,0.375636,0.338445
895,baseline_overlay_pass->release->rtl_overlay_pass,5.986675,14.384798,2.911756,23.33285,-0.625,-0.123578172,13031,True,48,179,-20480,5.891456,14.46294,0.912614,21.31169,-0.625,-0.123578172,13031,True,48,,-20480,0.0,0.0,0.395446,0.333445
896,baseline_overlay_pass->release->rtl_overlay_pass,6.182888,14.268286,2.913676,23.41415,-0.625,-0.124431269,13027,True,48,179,-20480,5.624581,15.081059,0.836302,21.589473,-0.625,-0.124431269,13027,True,48,,-20480,0.0,0.0,0.332745,0.331005
897,baseline_overlay_pass->release->rtl_overlay_pass,6.058486,14.437828,2.873916,23.418541,-0.6015625,-0.114928757,13052,True,51,179,-19712,5.656003,14.846536,0.884453,21.431492,-0.6015625,-0.114928757,13052,True,51,,-19712,0.0,0.0,0.357175,0.349605
898,baseline_overlay_pass->release->rtl_overlay_pass,6.173297,14.511079,2.884025,23.615674,-0.6015625,-0.118159003,13059,True,51,179,-19712,5.650492,14.840806,0.863442,21.400241,-0.6015625,-0.118159003,13059,True,51,,-19712,0.0,0.0,0.356795,0.330875
899,baseline_overlay_pass->release->rtl_overlay_pass,5.959634,14.926636,2.839195,23.777596,-0.6015625,-0.119451101,13048,True,51,179,-19712,5.691172,14.539221,0.984534,21.260799,-0.6015625,-0.119451101,13048,True,51,,-19712,0.0,0.0,0.441447,0.346155
900,baseline_overlay_pass->release->rtl_overlay_pass,5.995175,15.087489,2.807224,23.937629,-0.59375,-0.11668669,13009,True,52,179,-19456,5.677472,14.4176,0.947794,21.089516,-0.59375,-0.11668669,13009,True,52,,-19456,0.0,0.0,0.409116,0.338945
901,baseline_overlay_pass->release->rtl_overlay_pass,5.902584,15.071389,2.878216,23.904049,-0.5859375,-0.114643426,13007,True,53,179,-19200,5.588521,14.45195,0.895793,20.984195,-0.5859375,-0.114643426,13007,True,53,,-19200,0.0,0.0,0.377785,0.335375
902,baseline_overlay_pass->release->rtl_overlay_pass,5.665899,15.318412,2.847475,23.878139,-0.5859375,-0.11616987,12972,True,53,179,-19200,5.675033,14.386649,0.900043,21.007686,-0.5859375,-0.11616987,12972,True,53,,-19200,0.0,0.0,0.382315,0.334555
903,baseline_overlay_pass->release->rtl_overlay_pass,5.623769,15.571407,2.891556,24.133402,-0.5703125,-0.110217948,12983,True,55,179,-18688,5.821405,14.359049,0.896853,21.121247,-0.5703125,-0.110217948,12983,True,55,,-18688,0.0,0.0,0.379986,0.332865
904,baseline_overlay_pass->release->rtl_overlay_pass,5.643409,15.006528,2.888046,23.586883,-0.5703125,-0.112524679,12978,True,55,179,-18688,5.788054,14.892266,0.868923,21.595314,-0.5703125,-0.112524679,12978,True,55,,-18688,0.0,0.0,0.357186,0.333545
905,baseline_overlay_pass->release->rtl_overlay_pass,5.624729,14.753754,2.868525,23.295278,-0.5703125,-0.113447372,12975,True,55,179,-18688,5.693222,15.096859,0.855703,21.690675,-0.5703125,-0.113447372,12975,True,55,,-18688,0.0,0.0,0.354355,0.325545
906,baseline_overlay_pass->release->rtl_overlay_pass,5.611789,14.709423,2.890066,23.259918,-0.5703125,-0.113816449,12916,True,55,179,-18688,5.613642,14.777625,0.868963,21.30466,-0.5703125,-0.113816449,12916,True,55,,-18688,0.0,0.0,0.356065,0.337855
907,baseline_overlay_pass->release->rtl_overlay_pass,5.607698,14.784094,2.898226,23.339629,-0.5703125,-0.113964079,12902,True,55,179,-18688,5.655072,14.807715,0.923374,21.432291,-0.5703125,-0.113964079,12902,True,55,,-18688,0.0,0.0,0.410366,0.337475
908,baseline_overlay_pass->release->rtl_overlay_pass,5.68824,14.708403,3.039259,23.487552,-0.5703125,-0.114023132,12903,True,55,179,-18688,5.636012,14.609492,0.964684,21.259129,-0.5703125,-0.114023132,12903,True,55,,-18688,0.0,0.0,0.411716,0.359005
909,baseline_overlay_pass->release->rtl_overlay_pass,5.68971,14.689863,3.182561,23.615234,-0.5390625,-0.100921753,12879,True,59,179,-17664,5.676462,14.387629,0.901523,21.012975,-0.5390625,-0.100921753,12879,True,59,,-17664,0.0,0.0,0.377135,0.341535
910,baseline_overlay_pass->release->rtl_overlay_pass,5.66771,14.454309,3.484775,23.660334,-0.5390625,-0.105056201,12871,True,59,179,-17664,5.600332,14.624512,0.856502,21.122227,-0.5390625,-0.105056201,12871,True,59,,-17664,0.0,0.0,0.348545,0.331745
911,baseline_overlay_pass->release->rtl_overlay_pass,5.626149,14.449779,3.274682,23.402731,-0.5390625,-0.10670998,12886,True,59,179,-17664,5.778354,14.383899,0.897134,21.101917,-0.5390625,-0.10670998,12886,True,59,,-17664,0.0,0.0,0.373945,0.340035
912,baseline_overlay_pass->release->rtl_overlay_pass,5.647619,14.311746,3.070188,23.084285,-0.53125,-0.104090242,12927,True,60,179,-17408,5.846205,14.405329,0.887033,21.183667,-0.53125,-0.104090242,12927,True,60,,-17408,0.0,0.0,0.370956,0.333895
913,baseline_overlay_pass->release->rtl_overlay_pass,5.66966,14.360498,2.891996,22.974274,-0.53125,-0.105386097,12939,True,60,179,-17408,5.642512,15.179451,0.850072,21.717675,-0.53125,-0.105386097,12939,True,60,,-17408,0.0,0.0,0.347215,0.329154
914,baseline_overlay_pass->release->rtl_overlay_pass,5.586759,14.338477,2.876546,22.850602,-0.53125,-0.105904439,12928,True,60,179,-17408,5.657092,15.033948,0.871983,21.608674,-0.53125,-0.105904439,12928,True,60,,-17408,0.0,0.0,0.359836,0.336335
915,baseline_overlay_pass->release->rtl_overlay_pass,5.635899,14.394058,2.914976,22.994104,-0.5234375,-0.102830525,12862,True,61,179,-17152,5.647112,14.818566,0.862392,21.3744,-0.5234375,-0.102830525,12862,True,61,,-17152,0.0,0.0,0.354665,0.333685
916,baseline_overlay_pass->release->rtl_overlay_pass,5.68019,14.369007,2.876195,22.974673,-0.5234375,-0.10394471,12809,True,61,179,-17152,5.628671,14.695373,1.013035,21.38524,-0.5234375,-0.10394471,12809,True,61,,-17152,0.0,0.0,0.449956,0.341525
917,baseline_overlay_pass->release->rtl_overlay_pass,5.71176,14.405258,2.875676,23.039015,-0.5234375,-0.104390384,12829,True,61,179,-17152,5.630192,14.43593,0.902753,21.015295,-0.5234375,-0.104390384,12829,True,61,,-17152,0.0,0.0,0.379296,0.338834
918,baseline_overlay_pass->release->rtl_overlay_pass,5.816753,14.376557,2.894795,23.137126,-0.5078125,-0.098006154,12835,True,63,179,-16640,5.677193,14.520641,0.891803,21.135937,-0.5078125,-0.098006154,12835,True,63,,-16640,0.0,0.0,0.378576,0.328465
919,baseline_overlay_pass->release->rtl_overlay_pass,6.129607,14.379307,2.861676,23.420111,-0.5078125,-0.100139961,12814,True,63,179,-16640,5.663022,14.426579,0.896203,21.028855,-0.5078125,-0.100139961,12814,True,63,,-16640,0.0,0.0,0.375536,0.337324
920,baseline_overlay_pass->release->rtl_overlay_pass,6.102347,14.52464,2.847625,23.523623,-0.5078125,-0.100993485,12821,True,63,179,-16640,5.903656,14.334929,0.902543,21.186128,-0.5078125,-0.100993485,12821,True,63,,-16640,0.0,0.0,0.381125,0.337395
921,baseline_overlay_pass->release->rtl_overlay_pass,6.085236,14.803714,2.806175,23.748856,-0.4765625,-0.088209894,12814,True,67,179,-15616,5.626622,15.124119,0.856922,21.654974,-0.4765625,-0.088209894,12814,True,67,,-15616,0.0,0.0,0.351695,0.327354
922,baseline_overlay_pass->release->rtl_overlay_pass,5.935844,15.073678,2.929137,23.99104,-0.4765625,-0.092471458,12825,True,67,179,-15616,5.597882,14.886806,0.860543,21.389981,-0.4765625,-0.092471458,12825,True,67,,-15616,0.0,0.0,0.353686,0.335145
923,baseline_overlay_pass->release->rtl_overlay_pass,5.754951,14.981747,2.879126,23.661085,-0.4765625,-0.094176083,12823,True,67,179,-15616,5.654172,14.803935,0.873423,21.378051,-0.4765625,-0.094176083,12823,True,67,,-15616,0.0,0.0,0.356295,0.338365
924,baseline_overlay_pass->release->rtl_overlay_pass,5.69336,15.089239,2.913016,23.745525,-0.46875,-0.091576683,12771,True,68,179,-15360,5.632802,14.607852,1.015534,21.307639,-0.46875,-0.091576683,12771,True,68,,-15360,0.0,0.0,0.470167,0.341755
925,baseline_overlay_pass->release->rtl_overlay_pass,5.7194,14.805585,2.901186,23.472721,-0.46875,-0.092880673,12757,True,68,179,-15360,5.622402,14.416529,0.895433,20.980345,-0.46875,-0.092880673,12757,True,68,,-15360,0.0,0.0,0.375365,0.333645
926,baseline_overlay_pass->release->rtl_overlay_pass,5.629999,14.680332,3.008437,23.367019,-0.46875,-0.093402269,12772,True,68,179,-15360,5.569711,14.46436,0.891513,20.970445,-0.46875,-0.093402269,12772,True,68,,-15360,0.0,0.0,0.374876,0.334175
927,baseline_overlay_pass->release->rtl_overlay_pass,5.634419,14.715203,2.903126,23.300169,-0.4375,-0.080485908,12643,True,72,179,-14336,5.590781,14.43022,0.903073,20.965684,-0.4375,-0.080485908,12643,True,72,,-14336,0.0,0.0,0.381166,0.337615
928,baseline_overlay_pass->release->rtl_overlay_pass,5.650009,14.922596,2.995547,23.615383,-0.4375,-0.084694363,12610,True,72,179,-14336,5.908385,14.374408,0.926193,21.254269,-0.4375,-0.084694363,12610,True,72,,-14336,0.0,0.0,0.375065,0.365235
929,baseline_overlay_pass->release->rtl_overlay_pass,5.68227,14.787594,2.839565,23.3577,-0.4375,-0.086377745,12605,True,72,179,-14336,5.759943,15.577126,1.126187,22.519207,-0.4375,-0.086377745,12605,True,72,,-14336,0.0,0.0,0.534487,0.356745
930,baseline_overlay_pass->release->rtl_overlay_pass,5.619139,14.706473,2.882806,23.255328,-0.421875,-0.080488598,12521,True,74,179,-13824,6.997081,17.819958,1.120806,25.991987,-0.421875,-0.080488598,12521,True,74,,-13824,0.0,0.0,0.533918,0.364325
931,baseline_overlay_pass->release->rtl_overlay_pass,5.591468,14.856115,2.942696,23.438041,-0.421875,-0.082820439,12526,True,74,179,-13824,5.980907,15.988062,1.006114,23.027074,-0.421875,-0.082820439,12526,True,74,,-13824,0.0,0.0,0.458217,0.348245
932,baseline_overlay_pass->release->rtl_overlay_pass,5.605898,14.932156,3.070749,23.661864,-0.421875,-0.083753176,12514,True,74,179,-13824,5.994317,15.992732,1.425651,23.466131,-0.421875,-0.083753176,12514,True,74,,-13824,0.0,0.0,0.423527,0.796582
933,baseline_overlay_pass->release->rtl_overlay_pass,5.67272,14.405268,3.288732,23.424531,-0.390625,-0.07100127,12376,True,78,179,-12800,5.897595,16.670922,1.189477,23.814806,-0.390625,-0.07100127,12376,True,78,,-12800,0.0,0.0,0.566579,0.380475
934,baseline_overlay_pass->release->rtl_overlay_pass,6.025916,14.426928,3.394734,23.902488,-0.390625,-0.075275508,12393,True,78,179,-12800,6.590055,14.351308,0.902944,21.892598,-0.390625,-0.075275508,12393,True,78,,-12800,0.0,0.0,0.383125,0.334405
935,baseline_overlay_pass->release->rtl_overlay_pass,5.64507,14.50408,3.236241,23.442121,-0.390625,-0.076985203,12393,True,78,179,-12800,5.597871,14.392089,0.901353,20.937564,-0.390625,-0.076985203,12393,True,78,,-12800,0.0,0.0,0.383336,0.333915
936,baseline_overlay_pass->release->rtl_overlay_pass,6.014366,14.474609,3.470425,24.01433,-0.375,-0.071106581,12332,True,80,179,-12288,5.852735,14.325598,0.901644,21.124837,-0.375,-0.071106581,12332,True,80,,-12288,0.0,0.0,0.376215,0.339425
937,baseline_overlay_pass->release->rtl_overlay_pass,5.634009,14.738623,3.195861,23.620994,-0.375,-0.073442633,12367,True,80,179,-12288,6.239851,14.491771,0.892553,21.669655,-0.375,-0.073442633,12367,True,80,,-12288,0.0,0.0,0.370955,0.333905
938,baseline_overlay_pass->release->rtl_overlay_pass,5.645569,14.597221,3.174011,23.468282,-0.3828125,-0.077658303,12337,True,79,179,-12544,5.651772,15.13702,0.845352,21.678144,-0.3828125,-0.077658303,12337,True,79,,-12544,0.0,0.0,0.340665,0.331644
939,baseline_overlay_pass->release->rtl_overlay_pass,5.602529,14.376997,3.084328,23.120076,-0.359375,-0.067157071,12280,True,82,179,-11776,5.646842,14.940197,0.862953,21.495212,-0.359375,-0.067157071,12280,True,82,,-11776,0.0,0.0,0.356845,0.329685
940,baseline_overlay_pass->release->rtl_overlay_pass,5.602859,14.318717,2.951227,22.925423,-0.359375,-0.069987828,12247,True,82,179,-11776,5.781344,15.12166,0.878363,21.828067,-0.359375,-0.069987828,12247,True,82,,-11776,0.0,0.0,0.360295,0.341825
941,baseline_overlay_pass->release->rtl_overlay_pass,5.706411,14.717093,2.987737,23.463681,-0.359375,-0.071120131,12259,True,82,179,-11776,5.609091,14.684413,0.986914,21.328999,-0.359375,-0.071120131,12259,True,82,,-11776,0.0,0.0,0.438256,0.348025
942,baseline_overlay_pass->release->rtl_overlay_pass,5.619678,14.361637,3.086469,23.120906,-0.328125,-0.058448053,12037,True,86,179,-10752,5.670862,14.404899,0.896233,21.020465,-0.328125,-0.058448053,12037,True,86,,-10752,0.0,0.0,0.377185,0.339455
943,baseline_overlay_pass->release->rtl_overlay_pass,5.622269,14.426108,2.889776,22.989384,-0.328125,-0.062754221,12036,True,86,179,-10752,5.618401,14.465549,0.903613,21.032165,-0.328125,-0.062754221,12036,True,86,,-10752,0.0,0.0,0.382605,0.334325
944,baseline_overlay_pass->release->rtl_overlay_pass,5.64688,14.425868,2.880966,23.002954,-0.328125,-0.064476688,12039,True,86,179,-10752,5.660293,14.50704,0.903763,21.115047,-0.328125,-0.064476688,12039,True,86,,-10752,0.0,0.0,0.380245,0.337865
945,baseline_overlay_pass->release->rtl_overlay_pass,5.703641,14.340767,2.925116,23.016344,-0.3125,-0.058603175,12168,True,88,179,-10240,6.21878,14.344878,0.890982,21.525742,-0.3125,-0.058603175,12168,True,88,,-10240,0.0,0.0,0.371825,0.336235
946,baseline_overlay_pass->release->rtl_overlay_pass,5.574858,14.434138,2.835065,22.891151,-0.3125,-0.06094127,12154,True,88,179,-10240,5.741083,14.918986,0.885003,21.592293,-0.3125,-0.06094127,12154,True,88,,-10240,0.0,0.0,0.368595,0.333454
947,baseline_overlay_pass->release->rtl_overlay_pass,5.585178,14.449008,2.827425,22.907812,-0.3125,-0.061876508,12147,True,88,179,-10240,5.817464,15.272212,0.862983,21.998389,-0.3125,-0.061876508,12147,True,88,,-10240,0.0,0.0,0.356586,0.328755
948,baseline_overlay_pass->release->rtl_overlay_pass,5.639449,14.373967,2.854885,22.913782,-0.28125,-0.049125603,12124,True,92,179,-9216,5.780823,15.522205,1.022295,22.373415,-0.28125,-0.049125603,12124,True,92,,-9216,0.0,0.0,0.460287,0.361895
949,baseline_overlay_pass->release->rtl_overlay_pass,5.69644,14.388988,2.896366,23.029744,-0.28125,-0.053400241,12122,True,92,179,-9216,5.591331,14.943207,0.895132,21.477222,-0.28125,-0.053400241,12122,True,92,,-9216,0.0,0.0,0.369155,0.342975
950,baseline_overlay_pass->release->rtl_overlay_pass,5.817322,14.284436,2.892886,23.041114,-0.28125,-0.055110097,12093,True,92,179,-9216,5.784944,14.577202,1.010945,21.421801,-0.28125,-0.055110097,12093,True,92,,-9216,0.0,0.0,0.452497,0.342895
951,baseline_overlay_pass->release->rtl_overlay_pass,5.769321,14.366307,2.875126,23.057834,-0.265625,-0.049231539,12107,True,94,179,-8704,5.617381,14.695093,0.931944,21.292659,-0.265625,-0.049231539,12107,True,94,,-8704,0.0,0.0,0.404876,0.335945
952,baseline_overlay_pass->release->rtl_overlay_pass,6.057116,14.295796,2.872905,23.276028,-0.265625,-0.051567615,12145,True,94,179,-8704,5.688892,14.380608,0.909134,21.023475,-0.265625,-0.051567615,12145,True,94,,-8704,0.0,0.0,0.371215,0.335885
953,baseline_overlay_pass->release->rtl_overlay_pass,6.159638,14.53073,2.936506,23.674855,-0.265625,-0.052502046,12108,True,94,179,-8704,5.660722,14.356798,0.899383,20.961084,-0.265625,-0.052502046,12108,True,94,,-8704,0.0,0.0,0.379755,0.334445
954,baseline_overlay_pass->release->rtl_overlay_pass,6.016465,14.908135,2.934757,23.914498,-0.2421875,-0.043032068,12041,True,97,179,-7936,5.853325,14.512121,0.937304,21.34955,-0.2421875,-0.043032068,12041,True,97,,-7936,0.0,0.0,0.401166,0.342485
955,baseline_overlay_pass->release->rtl_overlay_pass,5.965064,14.847794,2.829194,23.693554,-0.2421875,-0.046275327,12005,True,97,179,-7936,5.773674,15.388423,0.864632,22.07586,-0.2421875,-0.046275327,12005,True,97,,-7936,0.0,0.0,0.355585,0.329884
956,baseline_overlay_pass->release->rtl_overlay_pass,5.853662,15.238351,2.826614,23.966799,-0.2421875,-0.047572631,12051,True,97,179,-7936,5.610372,15.250051,0.877572,21.782426,-0.2421875,-0.047572631,12051,True,97,,-7936,0.0,0.0,0.359805,0.339435
957,baseline_overlay_pass->release->rtl_overlay_pass,5.615999,15.301842,2.820395,23.786616,-0.21875,-0.038247802,11684,True,100,179,-7168,5.656672,14.729773,0.869512,21.302289,-0.21875,-0.038247802,11684,True,100,,-7168,0.0,0.0,0.357435,0.334225
958,baseline_overlay_pass->release->rtl_overlay_pass,5.614609,15.19263,2.889295,23.746186,-0.21875,-0.041549121,11740,True,100,179,-7168,5.600561,14.698004,0.940903,21.290668,-0.21875,-0.041549121,11740,True,100,,-7168,0.0,0.0,0.395746,0.355306
959,baseline_overlay_pass->release->rtl_overlay_pass,5.598038,14.698812,2.873156,23.218687,-0.21875,-0.042869648,11705,True,100,179,-7168,5.711393,14.358868,1.306479,21.423601,-0.21875,-0.042869648,11705,True,100,,-7168,0.0,0.0,0.616879,0.473497
960,baseline_overlay_pass->release->rtl_overlay_pass,5.593978,14.779484,2.874186,23.294858,-0.1796875,-0.026991609,11617,True,105,179,-5888,5.631562,14.373949,0.894453,20.947254,-0.1796875,-0.026991609,11617,True,105,,-5888,0.0,0.0,0.370345,0.339695
961,baseline_overlay_pass->release->rtl_overlay_pass,5.637699,14.920806,2.898236,23.506782,-0.1875,-0.035640394,11605,True,104,179,-6144,5.742624,14.429059,0.903894,21.119177,-0.1875,-0.035640394,11605,True,104,,-6144,0.0,0.0,0.383675,0.336225
962,baseline_overlay_pass->release->rtl_overlay_pass,5.607999,14.714403,2.941656,23.313268,-0.1796875,-0.033474907,11612,True,105,179,-5888,6.038958,14.448289,0.915263,21.445781,-0.1796875,-0.033474907,11612,True,105,,-5888,0.0,0.0,0.397176,0.333895
963,baseline_overlay_pass->release->rtl_overlay_pass,5.593379,14.823984,3.063279,23.530892,-0.171875,-0.031671213,11598,True,106,179,-5632,5.982076,15.135639,0.855843,22.01888,-0.171875,-0.031671213,11598,True,106,,-5632,0.0,0.0,0.348975,0.327265
964,baseline_overlay_pass->release->rtl_overlay_pass,5.621809,14.782634,3.071899,23.527782,-0.171875,-0.033293485,11591,True,106,179,-5632,5.566201,15.485095,0.853612,21.949928,-0.171875,-0.033293485,11591,True,106,,-5632,0.0,0.0,0.348135,0.333885
965,baseline_overlay_pass->release->rtl_overlay_pass,5.617919,14.579201,3.108959,23.359769,-0.171875,-0.033942394,11576,True,106,179,-5632,5.750643,14.657862,0.876603,21.329059,-0.171875,-0.033942394,11576,True,106,,-5632,0.0,0.0,0.360925,0.341315
966,baseline_overlay_pass->release->rtl_overlay_pass,5.737771,14.702613,3.228871,23.725865,-0.1328125,-0.017795708,11830,True,111,179,-4352,5.679222,14.791385,0.955494,21.473102,-0.1328125,-0.017795708,11830,True,111,,-4352,0.0,0.0,0.411196,0.352905
967,baseline_overlay_pass->release->rtl_overlay_pass,5.614649,14.349117,3.909982,23.928248,-0.1328125,-0.023055783,11831,True,111,179,-4352,5.633711,14.452099,1.046885,21.180968,-0.1328125,-0.023055783,11831,True,111,,-4352,0.0,0.0,0.386665,0.468637
968,baseline_overlay_pass->release->rtl_overlay_pass,5.710191,14.285656,3.064068,23.113526,-0.1328125,-0.025159813,11826,True,111,179,-4352,5.672112,14.399719,0.916864,21.037186,-0.1328125,-0.025159813,11826,True,111,,-4352,0.0,0.0,0.399345,0.333475
969,baseline_overlay_pass->release->rtl_overlay_pass,5.924143,14.423538,3.211491,23.613663,-0.109375,-0.016157675,11824,True,114,179,-3584,5.736513,14.318797,0.895933,20.998075,-0.109375,-0.016157675,11824,True,114,,-3584,0.0,0.0,0.378645,0.335515
970,baseline_overlay_pass->release->rtl_overlay_pass,5.637339,14.54463,3.300602,23.535802,-0.109375,-0.01958807,11816,True,114,179,-3584,6.150019,14.49278,0.913424,21.603034,-0.109375,-0.01958807,11816,True,114,,-3584,0.0,0.0,0.394636,0.333815
971,baseline_overlay_pass->release->rtl_overlay_pass,5.593299,14.375197,3.087669,23.109345,-0.109375,-0.020960228,11827,True,114,179,-3584,5.613522,15.295232,0.838352,21.790766,-0.109375,-0.020960228,11827,True,114,,-3584,0.0,0.0,0.336295,0.330045
972,baseline_overlay_pass->release->rtl_overlay_pass,5.596208,14.351617,3.17625,23.177046,-0.078125,-0.008384091,11641,True,118,179,-2560,5.633701,14.927936,0.854983,21.461161,-0.078125,-0.008384091,11641,True,118,,-2560,0.0,0.0,0.357956,0.322755
973,baseline_overlay_pass->release->rtl_overlay_pass,5.641729,14.489839,3.330632,23.516472,-0.078125,-0.012728636,11651,True,118,179,-2560,5.734134,14.767724,0.872663,21.419481,-0.078125,-0.012728636,11651,True,118,,-2560,0.0,0.0,0.356106,0.338095
974,baseline_overlay_pass->release->rtl_overlay_pass,5.753011,14.339827,4.764535,24.909213,-0.078125,-0.014466455,11656,True,118,179,-2560,5.658642,14.687943,0.945974,21.340729,-0.078125,-0.014466455,11656,True,118,,-2560,0.0,0.0,0.399276,0.355985
975,baseline_overlay_pass->release->rtl_overlay_pass,5.640299,14.397587,3.214061,23.305848,0.0390625,0.034057168,11769,True,133,179,1280,5.625902,14.796664,1.032105,21.501522,0.0390625,0.034057168,11769,True,133,,1280,0.0,0.0,0.436166,0.399986
976,baseline_overlay_pass->release->rtl_overlay_pass,5.71055,14.686962,3.009048,23.458011,0.0390625,0.018310367,11752,True,133,179,1280,5.607361,14.405049,0.894533,20.954024,0.0390625,0.018310367,11752,True,133,,1280,0.0,0.0,0.377315,0.335715
977,baseline_overlay_pass->release->rtl_overlay_pass,5.629769,14.426438,3.231561,23.341838,0.0390625,0.012011647,11764,True,133,179,1280,5.707013,14.46041,0.889853,21.130976,0.0390625,0.012011647,11764,True,133,,1280,0.0,0.0,0.371756,0.337785
978,baseline_overlay_pass->release->rtl_overlay_pass,5.70711,14.501359,2.890516,23.151155,0.046875,0.012773409,11731,True,134,179,1536,5.583361,14.533391,0.902303,21.067365,0.046875,0.012773409,11731,True,134,,1536,0.0,0.0,0.385446,0.335444
979,baseline_overlay_pass->release->rtl_overlay_pass,5.647249,14.322196,2.850185,22.871471,0.046875,0.010734364,11743,True,134,179,1536,5.658362,14.421629,0.894533,21.019305,0.046875,0.010734364,11743,True,134,,1536,0.0,0.0,0.380436,0.334425
980,baseline_overlay_pass->release->rtl_overlay_pass,5.572528,14.465998,2.845024,22.932443,0.046875,0.009918745,11735,True,134,179,1536,6.354982,14.345108,0.901493,21.648414,0.046875,0.009918745,11735,True,134,,1536,0.0,0.0,0.385776,0.333314
981,baseline_overlay_pass->release->rtl_overlay_pass,5.608638,14.407807,2.899686,22.966302,0.0546875,0.012873748,11802,True,135,179,1792,5.719093,14.994658,0.852442,21.616783,0.0546875,0.012873748,11802,True,135,,1792,0.0,0.0,0.347355,0.329245
982,baseline_overlay_pass->release->rtl_overlay_pass,5.563748,14.509079,2.913706,23.037844,0.0546875,0.011711999,11790,True,135,179,1792,5.635592,15.13869,0.854862,21.672004,0.0546875,0.011711999,11790,True,135,,1792,0.0,0.0,0.346945,0.334584
983,baseline_overlay_pass->release->rtl_overlay_pass,5.596459,14.56385,2.902896,23.109585,0.0546875,0.0112473,11775,True,135,179,1792,5.977747,14.735364,0.871303,21.631164,0.0546875,0.0112473,11775,True,135,,1792,0.0,0.0,0.359606,0.336075
984,baseline_overlay_pass->release->rtl_overlay_pass,5.624198,14.380447,2.946247,22.998353,0.0703125,0.01762392,11780,True,137,179,2304,5.671902,14.753244,0.995445,21.467501,0.0703125,0.01762392,11780,True,137,,2304,0.0,0.0,0.385715,0.414746
985,baseline_overlay_pass->release->rtl_overlay_pass,5.71305,14.356837,2.883446,22.999983,0.0703125,0.015487068,11786,True,137,179,2304,5.600591,14.448519,1.253438,21.34912,0.0703125,0.015487068,11786,True,137,,2304,0.0,0.0,0.556068,0.333765
986,baseline_overlay_pass->release->rtl_overlay_pass,5.852843,14.303796,2.883066,23.090525,0.0703125,0.014632327,11780,True,137,179,2304,5.595511,14.715394,0.897693,21.257258,0.0703125,0.014632327,11780,True,137,,2304,0.0,0.0,0.384496,0.333195
987,baseline_overlay_pass->release->rtl_overlay_pass,5.784891,14.398587,2.952287,23.185376,0.0703125,0.014290431,11814,True,137,179,2304,5.587741,14.433789,0.908503,20.973664,0.0703125,0.014290431,11814,True,137,,2304,0.0,0.0,0.392566,0.336644
988,baseline_overlay_pass->release->rtl_overlay_pass,5.72082,14.666971,2.880056,23.317538,0.0703125,0.014153672,11786,True,137,179,2304,5.709742,14.422489,0.890443,21.068046,0.0703125,0.014153672,11786,True,137,,2304,0.0,0.0,0.373036,0.335385
989,baseline_overlay_pass->release->rtl_overlay_pass,5.661989,15.067208,2.867595,23.649874,0.0703125,0.014098969,11774,True,137,179,2304,6.109058,14.663383,0.919714,21.739075,0.0703125,0.014098969,11774,True,137,,2304,0.0,0.0,0.401105,0.337625
990,baseline_overlay_pass->release->rtl_overlay_pass,5.633089,14.966817,2.887265,23.533281,0.078125,0.017358338,11780,True,138,179,2560,5.595451,15.339132,0.831042,21.808516,0.078125,0.017358338,11780,True,138,,2560,0.0,0.0,0.331095,0.329605
991,baseline_overlay_pass->release->rtl_overlay_pass,5.68324,14.980867,2.883735,23.594692,0.078125,0.016318335,11811,True,138,179,2560,5.632752,14.971557,0.864302,21.512612,0.078125,0.016318335,11811,True,138,,2560,0.0,0.0,0.355345,0.335264
992,baseline_overlay_pass->release->rtl_overlay_pass,5.593748,14.754663,2.893605,23.290707,0.078125,0.015902334,11795,True,138,179,2560,5.612702,14.701653,0.876543,21.238448,0.078125,0.015902334,11795,True,138,,2560,0.0,0.0,0.364855,0.333394
993,baseline_overlay_pass->release->rtl_overlay_pass,5.73289,14.771133,2.886236,23.43985,0.0859375,0.019017184,11822,True,139,179,2816,5.627052,14.872026,0.873132,21.41835,0.0859375,0.019017184,11822,True,139,,2816,0.0,0.0,0.361145,0.335265
994,baseline_overlay_pass->release->rtl_overlay_pass,5.653999,14.822275,2.880585,23.405599,0.0859375,0.017919373,11827,True,139,179,2816,5.631092,14.670893,0.962674,21.313609,0.0859375,0.017919373,11827,True,139,,2816,0.0,0.0,0.422956,0.340764
995,baseline_overlay_pass->release->rtl_overlay_pass,5.657529,14.786404,2.897166,23.39372,0.0859375,0.017480249,11830,True,139,179,2816,5.579901,14.357128,0.900903,20.885073,0.0859375,0.017480249,11830,True,139,,2816,0.0,0.0,0.386006,0.334045
996,baseline_overlay_pass->release->rtl_overlay_pass,5.631129,14.756823,3.039758,23.481061,0.09375,0.02058585,11916,True,140,179,3072,5.630232,14.421719,0.934933,21.032735,0.09375,0.02058585,11916,True,140,,3072,0.0,0.0,0.377695,0.335515
997,baseline_overlay_pass->release->rtl_overlay_pass,5.608488,14.614521,3.17444,23.45047,0.1015625,0.02276559,11915,True,141,179,3328,5.716603,14.54047,0.905053,21.208368,0.1015625,0.02276559,11915,True,141,,3328,0.0,0.0,0.387135,0.336155
998,baseline_overlay_pass->release->rtl_overlay_pass,5.64827,14.615241,3.307852,23.625463,0.09375,0.018012486,11916,True,140,179,3072,5.892796,14.302657,0.896253,21.135217,0.09375,0.018012486,11916,True,140,,3072,0.0,0.0,0.378935,0.337835
999,baseline_overlay_pass->release->rtl_overlay_pass,5.621168,14.252705,2.952156,22.914961,0.1015625,0.021736244,12000,True,141,179,3328,5.651602,15.11915,0.864002,21.682384,0.1015625,0.021736244,12000,True,141,,3328,0.0,0.0,0.354805,0.330904
1000,baseline_overlay_pass->release->rtl_overlay_pass,5.609029,14.379917,2.985887,23.027684,0.1015625,0.020881998,11956,True,141,179,3328,5.632362,15.234791,0.890423,21.803796,0.1015625,0.020881998,11956,True,141,,3328,0.0,0.0,0.376036,0.330364
1001,baseline_overlay_pass->release->rtl_overlay_pass,5.6452,14.358807,2.904486,22.956553,0.1015625,0.020540299,11982,True,141,179,3328,5.618552,15.274341,0.862962,21.800166,0.1015625,0.020540299,11982,True,141,,3328,0.0,0.0,0.359965,0.329304
1002,baseline_overlay_pass->release->rtl_overlay_pass,5.635059,14.313376,2.918516,22.912712,0.09375,0.01712237,11972,True,140,179,3072,5.672482,14.721554,0.867942,21.306909,0.09375,0.01712237,11972,True,140,,3072,0.0,0.0,0.357845,0.337455
1003,baseline_overlay_pass->release->rtl_overlay_pass,5.759171,14.405247,2.867535,23.081495,0.09375,0.018098948,11975,True,140,179,3072,5.617372,14.600151,1.025705,21.289449,0.09375,0.018098948,11975,True,140,,3072,0.0,0.0,0.454436,0.351415
1004,baseline_overlay_pass->release->rtl_overlay_pass,5.809952,14.335417,2.903746,23.099665,0.09375,0.018489579,11972,True,140,179,3072,5.679933,14.366858,0.906003,21.001644,0.09375,0.018489579,11972,True,140,,3072,0.0,0.0,0.381216,0.340415
1005,baseline_overlay_pass->release->rtl_overlay_pass,5.860193,14.331846,2.904865,23.144295,0.09375,0.018645832,11927,True,140,179,3072,5.642902,14.426089,0.932854,21.049625,0.09375,0.018645832,11927,True,140,,3072,0.0,0.0,0.387016,0.333635
1006,baseline_overlay_pass->release->rtl_overlay_pass,5.72006,14.627611,2.879676,23.278657,0.09375,0.018708333,11925,True,140,179,3072,5.730253,14.418699,0.893773,21.089476,0.09375,0.018708333,11925,True,140,,3072,0.0,0.0,0.378555,0.334315
1007,baseline_overlay_pass->release->rtl_overlay_pass,5.7088,14.908346,2.876525,23.545191,0.09375,0.018733333,11930,True,140,179,3072,5.829435,14.696713,0.884503,21.456271,0.09375,0.018733333,11930,True,140,,3072,0.0,0.0,0.366195,0.335685
1008,baseline_overlay_pass->release->rtl_overlay_pass,5.662529,14.920585,2.868885,23.500341,0.09375,0.018743333,12050,True,140,179,3072,5.658412,14.954486,0.837102,21.493082,0.09375,0.018743333,12050,True,140,,3072,0.0,0.0,0.337445,0.329445
1009,baseline_overlay_pass->release->rtl_overlay_pass,5.650029,15.108859,2.872975,23.678984,0.09375,0.018747333,12044,True,140,179,3072,5.614951,14.821354,0.852843,21.335189,0.09375,0.018747333,12044,True,140,,3072,0.0,0.0,0.353135,0.327355
1010,baseline_overlay_pass->release->rtl_overlay_pass,5.70363,14.705202,2.909906,23.368288,0.09375,0.018748933,12048,True,140,179,3072,5.720973,14.821574,0.869832,21.455181,0.09375,0.018748933,12048,True,140,,3072,0.0,0.0,0.361365,0.335945
1011,baseline_overlay_pass->release->rtl_overlay_pass,5.732271,14.609111,2.929726,23.318808,0.09375,0.018749573,12011,True,140,179,3072,5.666152,14.467929,0.996665,21.179917,0.09375,0.018749573,12011,True,140,,3072,0.0,0.0,0.440076,0.345515
1012,baseline_overlay_pass->release->rtl_overlay_pass,5.599938,14.698122,2.888085,23.234616,0.09375,0.018749829,12013,True,140,179,3072,5.701983,14.313658,0.889413,20.953844,0.09375,0.018749829,12013,True,140,,3072,0.0,0.0,0.372875,0.336865
1013,baseline_overlay_pass->release->rtl_overlay_pass,5.650059,14.696522,3.068708,23.46514,0.09375,0.018749932,12021,True,140,179,3072,5.575351,14.50834,0.935943,21.064355,0.09375,0.018749932,12021,True,140,,3072,0.0,0.0,0.398526,0.338385
1014,baseline_overlay_pass->release->rtl_overlay_pass,5.591448,14.807594,3.13563,23.584622,0.0859375,0.015468723,12010,True,139,179,2816,5.769764,14.314187,0.886292,21.014744,0.0859375,0.015468723,12010,True,139,,2816,0.0,0.0,0.379605,0.333575
1015,baseline_overlay_pass->release->rtl_overlay_pass,5.645029,14.327916,3.19211,23.221766,0.0859375,0.016499989,12021,True,139,179,2816,5.878365,14.450869,0.886413,21.259668,0.0859375,0.016499989,12021,True,139,,2816,0.0,0.0,0.376815,0.333855
1016,baseline_overlay_pass->release->rtl_overlay_pass,5.593448,14.461419,3.251851,23.359938,0.0859375,0.016912496,12016,True,139,179,2816,5.601151,15.054008,0.820382,21.521962,0.0859375,0.016912496,12016,True,139,,2816,0.0,0.0,0.331395,0.325684
1017,baseline_overlay_pass->release->rtl_overlay_pass,5.649619,14.421598,3.048368,23.173905,0.0859375,0.017077498,11991,True,139,179,2816,6.507744,18.821082,1.005295,26.386562,0.0859375,0.017077498,11991,True,139,,2816,0.0,0.0,0.451586,0.351985
1018,baseline_overlay_pass->release->rtl_overlay_pass,5.587258,14.474349,2.812214,22.922972,0.0859375,0.017143499,11986,True,139,179,2816,8.155258,16.127024,1.008335,25.338107,0.0859375,0.017143499,11986,True,139,,2816,0.0,0.0,0.408655,0.329995
1019,baseline_overlay_pass->release->rtl_overlay_pass,5.569758,14.53429,2.833825,22.984643,0.0859375,0.0171699,11986,True,139,179,2816,5.837965,15.967031,0.939083,22.8028,0.0859375,0.0171699,11986,True,139,,2816,0.0,0.0,0.416766,0.339185
1020,baseline_overlay_pass->release->rtl_overlay_pass,5.570428,14.485329,2.810754,22.911361,0.0703125,0.01061796,11870,True,137,179,2304,5.609162,14.549271,1.171557,21.37838,0.0703125,0.01061796,11870,True,137,,2304,0.0,0.0,0.610839,0.338965
1021,baseline_overlay_pass->release->rtl_overlay_pass,5.654199,14.373246,2.844775,22.919492,0.0703125,0.012684684,11842,True,137,179,2304,7.544319,14.50974,0.864863,22.967743,0.0703125,0.012684684,11842,True,137,,2304,0.0,0.0,0.362316,0.333185
1022,baseline_overlay_pass->release->rtl_overlay_pass,5.753641,14.386357,2.839895,23.024943,0.078125,0.016792624,11855,True,138,179,2560,8.394661,14.317887,0.889273,23.651502,0.078125,0.016792624,11855,True,138,,2560,0.0,0.0,0.376886,0.339564
1023,baseline_overlay_pass->release->rtl_overlay_pass,5.792631,14.430878,2.830435,23.101445,0.078125,0.016092049,11919,True,138,179,2560,5.820844,14.49326,0.902463,21.262578,0.078125,0.016092049,11919,True,138,,2560,0.0,0.0,0.390885,0.335985
1024,baseline_overlay_pass->release->rtl_overlay_pass,5.830972,14.273315,2.877466,23.030904,0.078125,0.01581182,11959,True,138,179,2560,5.649642,15.031828,0.825372,21.550612,0.078125,0.01581182,11959,True,138,,2560,0.0,0.0,0.333204,0.329895
1025,baseline_overlay_pass->release->rtl_overlay_pass,5.772671,14.58547,2.857345,23.266497,0.078125,0.015699728,11954,True,138,179,2560,5.640371,15.269691,0.847572,21.803825,0.078125,0.015699728,11954,True,138,,2560,0.0,0.0,0.352435,0.330265
1026,baseline_overlay_pass->release->rtl_overlay_pass,5.732741,14.935366,2.836555,23.556852,0.0703125,0.012373641,11946,True,137,179,2304,5.819894,14.818055,0.856943,21.540892,0.0703125,0.012373641,11946,True,137,,2304,0.0,0.0,0.357806,0.332445
1027,baseline_overlay_pass->release->rtl_overlay_pass,5.70871,15.088128,2.811204,23.658543,0.0703125,0.013386956,11957,True,137,179,2304,5.606781,14.567761,0.981014,21.205487,0.0703125,0.013386956,11957,True,137,,2304,0.0,0.0,0.429116,0.349065
1028,baseline_overlay_pass->release->rtl_overlay_pass,5.64684,15.171419,2.843925,23.709944,0.0703125,0.013792283,11912,True,137,179,2304,5.603971,14.751093,0.887683,21.290819,0.0703125,0.013792283,11912,True,137,,2304,0.0,0.0,0.379605,0.335305
1029,baseline_overlay_pass->release->rtl_overlay_pass,5.70479,14.960286,2.815384,23.526261,0.0703125,0.013954413,11836,True,137,179,2304,5.642561,14.441939,0.917723,21.048885,0.0703125,0.013954413,11836,True,137,,2304,0.0,0.0,0.382396,0.331835
1030,baseline_overlay_pass->release->rtl_overlay_pass,5.573108,16.799785,2.864395,25.284319,0.0703125,0.014019265,11853,True,137,179,2304,5.749483,14.641302,0.924973,21.361529,0.0703125,0.014019265,11853,True,137,,2304,0.0,0.0,0.410506,0.335095
1031,baseline_overlay_pass->release->rtl_overlay_pass,5.755911,14.672401,2.846015,23.322388,0.0703125,0.014045206,11849,True,137,179,2304,5.817935,14.425009,0.916743,21.206617,0.0703125,0.014045206,11849,True,137,,2304,0.0,0.0,0.386706,0.349865
1032,baseline_overlay_pass->release->rtl_overlay_pass,5.67611,14.659852,2.866815,23.250127,0.046875,0.004211832,12068,True,134,179,1536,5.55699,15.243411,0.821992,21.665424,0.046875,0.004211832,12068,True,134,,1536,0.0,0.0,0.330585,0.328535
1033,baseline_overlay_pass->release->rtl_overlay_pass,5.659919,14.772963,2.818514,23.296147,0.046875,0.007309733,12062,True,134,179,1536,5.677352,15.091839,0.873203,21.688624,0.046875,0.007309733,12062,True,134,,1536,0.0,0.0,0.366605,0.338115
1034,baseline_overlay_pass->release->rtl_overlay_pass,5.640539,14.997227,2.814904,23.499911,0.046875,0.008548893,12047,True,134,179,1536,5.568601,14.932416,0.853052,21.39915,0.046875,0.008548893,12047,True,134,,1536,0.0,0.0,0.357035,0.331725
1035,baseline_overlay_pass->release->rtl_overlay_pass,5.596338,14.722903,2.829984,23.196036,0.0390625,0.005763307,11988,True,133,179,1280,5.611431,14.45995,0.999215,21.124476,0.0390625,0.005763307,11988,True,133,,1280,0.0,0.0,0.449717,0.349045
1036,baseline_overlay_pass->release->rtl_overlay_pass,5.574258,14.815864,2.853845,23.292288,0.0390625,0.006992823,11977,True,133,179,1280,5.642421,14.403618,0.923923,21.016244,0.0390625,0.006992823,11977,True,133,,1280,0.0,0.0,0.413836,0.333865
1037,baseline_overlay_pass->release->rtl_overlay_pass,5.627358,14.805013,2.996097,23.477141,0.0390625,0.007484629,11979,True,133,179,1280,5.598681,14.370668,0.872613,20.886763,0.0390625,0.007484629,11979,True,133,,1280,0.0,0.0,0.369105,0.333865
1038,baseline_overlay_pass->release->rtl_overlay_pass,5.597228,14.60418,3.728759,23.985328,0.03125,0.004400102,11947,True,132,179,1024,5.877835,14.359438,0.888433,21.174086,0.03125,0.004400102,11947,True,132,,1024,0.0,0.0,0.380165,0.336785
1039,baseline_overlay_pass->release->rtl_overlay_pass,5.680349,14.723392,3.221321,23.681514,0.03125,0.005510041,11929,True,132,179,1024,5.910676,14.45874,0.894973,21.309529,0.03125,0.005510041,11929,True,132,,1024,0.0,0.0,0.391636,0.331325
1040,baseline_overlay_pass->release->rtl_overlay_pass,6.016505,14.520439,3.228,23.821966,0.03125,0.005954016,11887,True,132,179,1024,5.781344,14.999137,0.835942,21.661314,0.03125,0.005954016,11887,True,132,,1024,0.0,0.0,0.342065,0.330055
1041,baseline_overlay_pass->release->rtl_overlay_pass,5.598548,14.635891,3.283541,23.571711,-0.0078125,-0.006993393,12044,True,127,179,-256,5.644352,15.078708,0.846243,21.616233,-0.0078125,-0.006993393,12044,True,127,,-256,0.0,0.0,0.350045,0.329605
1042,baseline_overlay_pass->release->rtl_overlay_pass,5.654899,14.344136,3.498325,23.626702,-0.0078125,-0.002797357,12053,True,127,179,-256,5.717333,15.354002,0.845532,21.965538,-0.0078125,-0.002797357,12053,True,127,,-256,0.0,0.0,0.349195,0.330685
1043,baseline_overlay_pass->release->rtl_overlay_pass,5.888833,14.382947,3.412854,23.736224,-0.0078125,-0.001118943,12001,True,127,179,-256,5.631151,15.063398,0.871462,21.611642,-0.0078125,-0.001118943,12001,True,127,,-256,0.0,0.0,0.363815,0.337215
1044,baseline_overlay_pass->release->rtl_overlay_pass,5.666749,14.454908,3.635358,23.811345,-0.03125,-0.013572577,12115,True,124,179,-1024,5.584011,14.657852,0.951424,21.241367,-0.03125,-0.013572577,12115,True,124,,-1024,0.0,0.0,0.410196,0.349025
1045,baseline_overlay_pass->release->rtl_overlay_pass,5.67309,14.327966,3.448984,23.503171,-0.03125,-0.009179031,12125,True,124,179,-1024,5.57956,14.438929,0.885603,20.952033,-0.03125,-0.009179031,12125,True,124,,-1024,0.0,0.0,0.375996,0.335985
1046,baseline_overlay_pass->release->rtl_overlay_pass,5.642289,14.287365,3.234801,23.217816,-0.03125,-0.007421612,12129,True,124,179,-1024,5.737673,15.356063,1.046405,22.186811,-0.03125,-0.007421612,12129,True,124,,-1024,0.0,0.0,0.461017,0.350945
1047,baseline_overlay_pass->release->rtl_overlay_pass,5.630129,14.543349,4.072744,24.297893,-0.0390625,-0.009999895,12123,True,123,179,-1280,5.941866,14.294267,0.890443,21.171817,-0.0390625,-0.009999895,12123,True,123,,-1280,0.0,0.0,0.376326,0.336695
1048,baseline_overlay_pass->release->rtl_overlay_pass,5.68238,14.362286,2.987487,23.083334,-0.0390625,-0.008687458,12116,True,123,179,-1280,5.809544,14.453129,0.872373,21.178757,-0.0390625,-0.008687458,12116,True,123,,-1280,0.0,0.0,0.371276,0.328495
1049,baseline_overlay_pass->release->rtl_overlay_pass,5.584018,14.389866,3.21501,23.241557,-0.0390625,-0.008162483,12124,True,123,179,-1280,5.560781,15.072808,0.827372,21.500011,-0.0390625,-0.008162483,12124,True,123,,-1280,0.0,0.0,0.333615,0.328185
1050,baseline_overlay_pass->release->rtl_overlay_pass,5.601189,14.830594,2.829335,23.309168,-0.0546875,-0.014514993,12149,True,121,179,-1792,5.639212,15.621136,0.868523,22.177171,-0.0546875,-0.014514993,12149,True,121,,-1792,0.0,0.0,0.360475,0.337705
1051,baseline_overlay_pass->release->rtl_overlay_pass,5.605378,14.444897,2.832944,22.930641,-0.0625,-0.015649747,12149,True,120,179,-2048,5.643282,14.788825,0.873752,21.351389,-0.0625,-0.015649747,12149,True,120,,-2048,0.0,0.0,0.378815,0.327705
1052,baseline_overlay_pass->release->rtl_overlay_pass,5.646599,14.483279,2.891995,23.073404,-0.0625,-0.013759899,12148,True,120,179,-2048,5.658062,14.937047,0.940894,21.581473,-0.0625,-0.013759899,12148,True,120,,-2048,0.0,0.0,0.406696,0.352615
1053,baseline_overlay_pass->release->rtl_overlay_pass,5.664619,14.474148,2.930206,23.121075,-0.09375,-0.02612896,12218,True,116,179,-3072,5.660222,14.315687,2.73076,22.754809,-0.09375,-0.02612896,12218,True,116,,-3072,0.0,0.0,0.402145,2.140391
1054,baseline_overlay_pass->release->rtl_overlay_pass,5.810622,14.398177,2.868685,23.125955,-0.09375,-0.021701584,12210,True,116,179,-3072,5.632992,14.577841,0.885143,21.144826,-0.09375,-0.021701584,12210,True,116,,-3072,0.0,0.0,0.375016,0.335255
1055,baseline_overlay_pass->release->rtl_overlay_pass,5.540728,14.447438,2.801704,22.83767,-0.09375,-0.019930634,12207,True,116,179,-3072,5.602021,14.560651,0.892753,21.103455,-0.09375,-0.019930634,12207,True,116,,-3072,0.0,0.0,0.382796,0.330954
1056,baseline_overlay_pass->release->rtl_overlay_pass,5.608708,14.534299,3.119069,23.313708,-0.1015625,-0.022503503,12218,True,115,179,-3328,5.613581,14.534941,0.889603,21.083285,-0.1015625,-0.022503503,12218,True,115,,-3328,0.0,0.0,0.377936,0.338235
1057,baseline_overlay_pass->release->rtl_overlay_pass,5.772701,14.386896,2.875865,23.086164,-0.1015625,-0.021188901,12213,True,115,179,-3328,5.711163,14.429419,0.881923,21.069175,-0.1015625,-0.021188901,12213,True,115,,-3328,0.0,0.0,0.372376,0.334315
1058,baseline_overlay_pass->release->rtl_overlay_pass,5.644539,14.452318,2.821234,22.965992,-0.1015625,-0.020663061,12211,True,115,179,-3328,6.047287,15.271091,0.925093,22.290123,-0.1015625,-0.020663061,12211,True,115,,-3328,0.0,0.0,0.408406,0.337915
1059,baseline_overlay_pass->release->rtl_overlay_pass,5.593908,14.408388,2.819864,22.86988,-0.1484375,-0.040140224,11898,True,109,179,-4864,5.643142,15.145289,0.863952,21.697954,-0.1484375,-0.040140224,11898,True,109,,-4864,0.0,0.0,0.356995,0.340065
1060,baseline_overlay_pass->release->rtl_overlay_pass,5.591598,14.54796,2.818594,23.004062,-0.1484375,-0.03386859,11885,True,109,179,-4864,5.675863,14.697933,0.871552,21.289599,-0.1484375,-0.03386859,11885,True,109,,-4864,0.0,0.0,0.363115,0.341505
1061,baseline_overlay_pass->release->rtl_overlay_pass,5.622018,14.338616,2.859675,22.86631,-0.140625,-0.028078686,11889,True,110,179,-4608,5.621111,14.752503,0.867583,21.285238,-0.140625,-0.028078686,11889,True,110,,-4608,0.0,0.0,0.363146,0.335895
1062,baseline_overlay_pass->release->rtl_overlay_pass,5.561468,14.446038,2.901406,22.954272,-0.1796875,-0.044512724,12048,True,105,179,-5888,5.594271,15.377193,0.937643,21.959387,-0.1796875,-0.044512724,12048,True,105,,-5888,0.0,0.0,0.412746,0.341385
1063,baseline_overlay_pass->release->rtl_overlay_pass,5.611788,14.815234,2.876706,23.350669,-0.1796875,-0.03936759,12026,True,105,179,-5888,6.150279,14.839035,0.855633,21.890897,-0.1796875,-0.03936759,12026,True,105,,-5888,0.0,0.0,0.355576,0.333385
1064,baseline_overlay_pass->release->rtl_overlay_pass,5.665429,14.357497,3.322352,23.391719,-0.1796875,-0.037309536,12032,True,105,179,-5888,5.627171,14.655772,0.956454,21.286748,-0.1796875,-0.037309536,12032,True,105,,-5888,0.0,0.0,0.423396,0.347435
1065,baseline_overlay_pass->release->rtl_overlay_pass,5.73407,14.300206,2.911376,22.991452,-0.2109375,-0.049611314,12116,True,101,179,-6912,5.684872,14.391449,0.950074,21.073835,-0.2109375,-0.049611314,12116,True,101,,-6912,0.0,0.0,0.400016,0.352305
1066,baseline_overlay_pass->release->rtl_overlay_pass,5.972054,14.697601,2.915306,23.631783,-0.2109375,-0.045157026,12105,True,101,179,-6912,5.982186,14.945757,1.043045,22.022009,-0.2109375,-0.045157026,12105,True,101,,-6912,0.0,0.0,0.491997,0.371205
1067,baseline_overlay_pass->release->rtl_overlay_pass,5.665049,14.60153,2.844485,23.156385,-0.2109375,-0.04337531,12107,True,101,179,-6912,5.58996,14.566851,0.889993,21.091346,-0.2109375,-0.04337531,12107,True,101,,-6912,0.0,0.0,0.378095,0.333835
1068,baseline_overlay_pass->release->rtl_overlay_pass,5.627318,14.332706,2.873405,22.87883,-0.2265625,-0.049225124,12115,True,99,179,-7424,5.728333,14.374618,0.884783,21.028924,-0.2265625,-0.049225124,12115,True,99,,-7424,0.0,0.0,0.379076,0.335984
1069,baseline_overlay_pass->release->rtl_overlay_pass,5.643789,14.492798,2.887995,23.106174,-0.2265625,-0.04687755,12109,True,99,179,-7424,5.839655,14.806074,0.873653,21.565632,-0.2265625,-0.04687755,12109,True,99,,-7424,0.0,0.0,0.364935,0.336415
1070,baseline_overlay_pass->release->rtl_overlay_pass,5.579838,14.393297,2.847785,22.86757,-0.234375,-0.04921977,12110,True,98,179,-7680,7.538089,26.026207,0.944764,34.56589,-0.234375,-0.04921977,12110,True,98,,-7680,0.0,0.0,0.425326,0.333655
1071,baseline_overlay_pass->release->rtl_overlay_pass,5.742131,14.410337,2.823235,23.022893,-0.265625,-0.060937908,12214,True,94,179,-8704,6.015247,14.836994,0.901813,21.827576,-0.265625,-0.060937908,12214,True,94,,-8704,0.0,0.0,0.390566,0.334885
1072,baseline_overlay_pass->release->rtl_overlay_pass,5.770211,14.58681,2.857315,23.256556,-0.265625,-0.056250163,12223,True,94,179,-8704,5.59758,15.178179,0.918753,21.741635,-0.265625,-0.056250163,12223,True,94,,-8704,0.0,0.0,0.405326,0.337025
1073,baseline_overlay_pass->release->rtl_overlay_pass,5.801451,14.660631,2.866795,23.378268,-0.265625,-0.054375065,12205,True,94,179,-8704,5.729273,14.393358,0.890853,21.079765,-0.265625,-0.054375065,12205,True,94,,-8704,0.0,0.0,0.383855,0.331484
1074,baseline_overlay_pass->release->rtl_overlay_pass,5.738871,14.366926,2.873915,23.026883,-0.2890625,-0.063468776,12195,True,91,179,-9472,5.794094,14.52829,0.883222,21.249878,-0.2890625,-0.063468776,12195,True,91,,-9472,0.0,0.0,0.373295,0.336635
1075,baseline_overlay_pass->release->rtl_overlay_pass,5.859132,14.61071,2.864945,23.384938,-0.2890625,-0.06007501,12201,True,91,179,-9472,5.837654,15.160579,0.819752,21.867866,-0.2890625,-0.06007501,12201,True,91,,-9472,0.0,0.0,0.333235,0.324174
1076,baseline_overlay_pass->release->rtl_overlay_pass,5.66309,14.931355,2.858715,23.50373,-0.2890625,-0.058717504,12193,True,91,179,-9472,5.609321,14.806704,0.852152,21.313898,-0.2890625,-0.058717504,12193,True,91,,-9472,0.0,0.0,0.355285,0.330535
1077,baseline_overlay_pass->release->rtl_overlay_pass,6.150027,14.398697,3.002237,23.598622,-0.3359375,-0.077862002,11539,True,85,179,-11008,5.669252,14.813114,0.843043,21.371749,-0.3359375,-0.077862002,11539,True,85,,-11008,0.0,0.0,0.350775,0.325925
1078,baseline_overlay_pass->release->rtl_overlay_pass,6.112266,14.383927,2.839045,23.384499,-0.3359375,-0.071457301,11575,True,85,179,-11008,5.762633,17.111257,1.092516,24.015227,-0.3359375,-0.071457301,11575,True,85,,-11008,0.0,0.0,0.516898,0.353105
1079,baseline_overlay_pass->release->rtl_overlay_pass,6.048555,14.549119,2.831335,23.47672,-0.3359375,-0.06889542,11587,True,85,179,-11008,6.715117,14.48128,0.889463,22.13258,-0.3359375,-0.06889542,11587,True,85,,-11008,0.0,0.0,0.377525,0.336655
1080,baseline_overlay_pass->release->rtl_overlay_pass,5.974174,14.808963,2.892236,23.725664,-0.359375,-0.077714418,11790,True,82,179,-11776,5.923595,14.768313,0.880493,21.622483,-0.359375,-0.077714418,11790,True,82,,-11776,0.0,0.0,0.380875,0.326834
1081,baseline_overlay_pass->release->rtl_overlay_pass,5.932324,14.988266,2.848325,23.815265,-0.359375,-0.074210767,11776,True,82,179,-11776,5.969016,15.532334,2.439946,23.987237,-0.359375,-0.074210767,11776,True,82,,-11776,0.0,0.0,0.352595,0.342215
1082,baseline_overlay_pass->release->rtl_overlay_pass,6.134537,14.912985,2.818725,23.917227,-0.359375,-0.072809307,11736,True,82,179,-11776,5.797294,18.057391,0.881693,24.785288,-0.359375,-0.072809307,11736,True,82,,-11776,0.0,0.0,0.373606,0.335085
1083,baseline_overlay_pass->release->rtl_overlay_pass,5.798971,15.132029,2.879305,23.858666,-0.40625,-0.091936223,12181,True,76,179,-13312,5.658821,14.661772,0.890663,21.256887,-0.40625,-0.091936223,12181,True,76,,-13312,0.0,0.0,0.351085,0.332515
1084,baseline_overlay_pass->release->rtl_overlay_pass,6.027885,14.644831,2.830935,23.549851,-0.40625,-0.085524489,12197,True,76,179,-13312,6.082627,14.837984,0.869852,21.837066,-0.40625,-0.085524489,12197,True,76,,-13312,0.0,0.0,0.360145,0.340054
1085,baseline_overlay_pass->release->rtl_overlay_pass,5.892793,14.684221,2.870066,23.49694,-0.40625,-0.082959796,12183,True,76,179,-13312,5.689632,16.069842,0.980564,22.78797,-0.40625,-0.082959796,12183,True,76,,-13312,0.0,0.0,0.450277,0.336625
1086,baseline_overlay_pass->release->rtl_overlay_pass,5.928124,14.971336,2.863475,23.814225,-0.4375,-0.095058918,12084,True,72,179,-14336,5.627571,14.751024,0.955654,21.38298,-0.4375,-0.095058918,12084,True,72,,-14336,0.0,0.0,0.428516,0.340965
1087,baseline_overlay_pass->release->rtl_overlay_pass,6.195847,14.688321,2.983087,23.914726,-0.4296875,-0.087242317,12086,True,73,179,-14080,5.858055,14.430459,0.881893,21.217867,-0.4296875,-0.087242317,12086,True,73,,-14080,0.0,0.0,0.373446,0.334715
1088,baseline_overlay_pass->release->rtl_overlay_pass,5.766051,14.63485,2.898506,23.350698,-0.4296875,-0.086459427,12085,True,73,179,-14080,5.672272,14.673712,0.898543,21.291788,-0.4296875,-0.086459427,12085,True,73,,-14080,0.0,0.0,0.387726,0.335315
1089,baseline_overlay_pass->release->rtl_overlay_pass,6.579764,14.752662,2.850804,24.239622,-0.5078125,-0.118958771,12046,True,63,179,-16640,5.742273,15.90616,0.877282,22.568896,-0.5078125,-0.118958771,12046,True,63,,-16640,0.0,0.0,0.369085,0.333334
1090,baseline_overlay_pass->release->rtl_overlay_pass,6.035445,15.189779,2.812745,24.08877,-0.5,-0.105239758,12039,True,64,179,-16384,7.166224,14.378648,0.908163,22.499456,-0.5,-0.105239758,12039,True,64,,-16384,0.0,0.0,0.403746,0.329525
1091,baseline_overlay_pass->release->rtl_overlay_pass,6.320799,14.699151,2.883706,23.953717,-0.5,-0.102095903,12043,True,64,179,-16384,5.633372,14.311837,0.882373,20.871742,-0.5,-0.102095903,12043,True,64,,-16384,0.0,0.0,0.375885,0.333654
1092,baseline_overlay_pass->release->rtl_overlay_pass,5.800681,14.314416,2.893816,23.057543,-0.53125,-0.113963361,12026,True,60,179,-17408,7.843824,14.49641,0.880883,23.267967,-0.53125,-0.113963361,12026,True,60,,-17408,0.0,0.0,0.372476,0.336715
1093,baseline_overlay_pass->release->rtl_overlay_pass,6.401321,14.335456,2.865306,23.649043,-0.53125,-0.109335345,12034,True,60,179,-17408,5.803204,15.136769,0.838692,21.822365,-0.53125,-0.109335345,12034,True,60,,-17408,0.0,0.0,0.341895,0.328635
1094,baseline_overlay_pass->release->rtl_overlay_pass,6.115306,14.553429,2.863625,23.580391,-0.53125,-0.107484138,12024,True,60,179,-17408,5.766204,15.065598,0.832572,21.710474,-0.53125,-0.107484138,12024,True,60,,-17408,0.0,0.0,0.340505,0.328695
1095,baseline_overlay_pass->release->rtl_overlay_pass,5.839142,14.370446,2.893675,23.149554,-0.578125,-0.126431155,11874,True,54,179,-18944,5.662782,14.820794,0.846902,21.376769,-0.578125,-0.126431155,11874,True,54,,-18944,0.0,0.0,0.350735,0.328915
1096,baseline_overlay_pass->release->rtl_overlay_pass,6.007134,14.700391,2.866125,23.622342,-0.578125,-0.119947462,11871,True,54,179,-18944,5.624692,14.840534,0.856652,21.368649,-0.578125,-0.119947462,11871,True,54,,-18944,0.0,0.0,0.353425,0.338395
1097,baseline_overlay_pass->release->rtl_overlay_pass,6.241179,15.357391,3.100849,24.75193,-0.578125,-0.117353985,11860,True,54,179,-18944,5.672232,15.298431,0.908833,21.925877,-0.578125,-0.117353985,11860,True,54,,-18944,0.0,0.0,0.397236,0.337775
1098,baseline_overlay_pass->release->rtl_overlay_pass,5.808311,15.073287,2.932656,23.866526,-0.59375,-0.122879094,11785,True,52,179,-19456,5.659262,14.358538,0.999824,21.066884,-0.59375,-0.122879094,11785,True,52,,-19456,0.0,0.0,0.397716,0.393026
1099,baseline_overlay_pass->release->rtl_overlay_pass,9.327587,14.559309,2.873756,26.809842,-0.59375,-0.120401638,11782,True,52,179,-19456,6.621315,21.512961,1.074406,29.262714,-0.59375,-0.120401638,11782,True,52,,-19456,0.0,0.0,0.494277,0.366076
1100,baseline_overlay_pass->release->rtl_overlay_pass,5.72101,14.653821,2.887795,23.311467,-0.59375,-0.119410655,11781,True,52,179,-19456,6.23116,17.235029,1.165587,24.709657,-0.59375,-0.119410655,11781,True,52,,-19456,0.0,0.0,0.573948,0.365535
1101,baseline_overlay_pass->release->rtl_overlay_pass,5.807171,14.324956,2.875745,23.056672,-0.6328125,-0.135420512,11471,True,47,179,-20736,5.672712,14.52904,1.075605,21.331128,-0.6328125,-0.135420512,11471,True,47,,-20736,0.0,0.0,0.551458,0.331295
1102,baseline_overlay_pass->release->rtl_overlay_pass,5.780181,14.341996,2.895396,23.121404,-0.6328125,-0.130105705,11470,True,47,179,-20736,5.656372,16.253805,0.903674,22.863721,-0.6328125,-0.130105705,11470,True,47,,-20736,0.0,0.0,0.394655,0.332005
1103,baseline_overlay_pass->release->rtl_overlay_pass,5.772191,14.655521,2.933676,23.412098,-0.6328125,-0.127979782,11468,True,47,179,-20736,5.671612,15.083328,1.048355,21.852566,-0.6328125,-0.127979782,11468,True,47,,-20736,0.0,0.0,0.501917,0.351935
1104,baseline_overlay_pass->release->rtl_overlay_pass,5.72545,14.871144,2.843625,23.49179,-0.7265625,-0.166504413,10147,True,35,179,-23808,5.968317,16.171694,1.139226,23.337077,-0.7265625,-0.166504413,10147,True,35,,-23808,0.0,0.0,0.540698,0.355435
1105,baseline_overlay_pass->release->rtl_overlay_pass,5.650479,15.082077,2.823985,23.605022,-0.7265625,-0.153789265,10151,True,35,179,-23808,6.225129,16.772732,1.103116,24.16122,-0.7265625,-0.153789265,10151,True,35,,-23808,0.0,0.0,0.498847,0.361586
1106,baseline_overlay_pass->release->rtl_overlay_pass,5.653529,15.139558,2.796624,23.637622,-0.71875,-0.145421956,10148,True,36,179,-23552,5.910385,16.043672,0.946014,22.943862,-0.71875,-0.145421956,10148,True,36,,-23552,0.0,0.0,0.401566,0.359205
1107,baseline_overlay_pass->release->rtl_overlay_pass,5.614088,14.996816,2.832145,23.48835,-0.71875,-0.144418782,10210,True,36,179,-23552,6.025997,15.714047,0.962114,22.748829,-0.71875,-0.144418782,10210,True,36,,-23552,0.0,0.0,0.414786,0.356425
1108,baseline_overlay_pass->release->rtl_overlay_pass,5.605548,14.848804,2.816514,23.316707,-0.71875,-0.144017513,10208,True,36,179,-23552,6.064278,16.245175,0.995054,23.352317,-0.71875,-0.144017513,10208,True,36,,-23552,0.0,0.0,0.444597,0.350345
1109,baseline_overlay_pass->release->rtl_overlay_pass,5.618889,14.896164,2.809414,23.371178,-0.71875,-0.143857005,10205,True,36,179,-23552,5.870585,15.949181,1.100626,22.969732,-0.71875,-0.143857005,10205,True,36,,-23552,0.0,0.0,0.521548,0.353445
1110,baseline_overlay_pass->release->rtl_overlay_pass,5.605578,14.547149,3.288921,23.52746,-0.7109375,-0.140511552,10197,True,37,179,-23296,5.812914,15.379882,0.890723,22.12533,-0.7109375,-0.140511552,10197,True,37,,-23296,0.0,0.0,0.370246,0.344215
1111,baseline_overlay_pass->release->rtl_overlay_pass,5.660489,14.757202,2.869495,23.334217,-0.7109375,-0.141517121,10197,True,37,179,-23296,5.948136,15.92448,0.968474,22.88744,-0.7109375,-0.141517121,10197,True,37,,-23296,0.0,0.0,0.409686,0.370236
1112,baseline_overlay_pass->release->rtl_overlay_pass,5.71853,14.62299,2.872205,23.261276,-0.7109375,-0.141919348,10198,True,37,179,-23296,5.876465,15.563265,1.207737,22.690768,-0.7109375,-0.141919348,10198,True,37,,-23296,0.0,0.0,0.378625,0.648989
1113,baseline_overlay_pass->release->rtl_overlay_pass,5.69088,14.807303,2.877076,23.422659,-0.7109375,-0.142080239,10347,True,37,179,-23296,6.537355,16.383507,1.012355,23.994317,-0.7109375,-0.142080239,10347,True,37,,-23296,0.0,0.0,0.456037,0.359415
1114,baseline_overlay_pass->release->rtl_overlay_pass,5.669199,14.826453,2.813794,23.356838,-0.7109375,-0.142144596,10344,True,37,179,-23296,6.056617,15.811528,0.971514,22.88869,-0.7109375,-0.142144596,10344,True,37,,-23296,0.0,0.0,0.435067,0.347345
1115,baseline_overlay_pass->release->rtl_overlay_pass,5.667549,14.760142,2.897866,23.375088,-0.7109375,-0.142170338,10350,True,37,179,-23296,6.019007,15.891809,1.130197,23.087184,-0.7109375,-0.142170338,10350,True,37,,-23296,0.0,0.0,0.560158,0.361755
1116,baseline_overlay_pass->release->rtl_overlay_pass,5.629148,14.546219,3.028708,23.256746,-0.703125,-0.138899385,10465,True,38,179,-23040,6.100878,16.031762,0.996395,23.178905,-0.703125,-0.138899385,10465,True,38,,-23040,0.0,0.0,0.453826,0.348985
1117,baseline_overlay_pass->release->rtl_overlay_pass,5.571667,14.476418,3.19784,23.300376,-0.703125,-0.139934754,10456,True,38,179,-23040,6.132379,16.693371,1.111876,23.993317,-0.703125,-0.139934754,10456,True,38,,-23040,0.0,0.0,0.528867,0.371616
1118,baseline_overlay_pass->release->rtl_overlay_pass,5.596278,14.439097,3.588886,23.676423,-0.703125,-0.140348902,10469,True,38,179,-23040,5.989227,16.60883,0.983754,23.635492,-0.703125,-0.140348902,10469,True,38,,-23040,0.0,0.0,0.443586,0.344135
1119,baseline_overlay_pass->release->rtl_overlay_pass,5.665219,14.389096,3.16588,23.270917,-0.6875,-0.133952061,10783,True,40,179,-22528,6.566515,15.641016,0.996194,23.256416,-0.6875,-0.133952061,10783,True,40,,-22528,0.0,0.0,0.448186,0.349665
1120,baseline_overlay_pass->release->rtl_overlay_pass,5.583458,14.427828,3.057648,23.119834,-0.6875,-0.136080824,10771,True,40,179,-22528,6.156129,15.567305,0.899283,22.673668,-0.6875,-0.136080824,10771,True,40,,-22528,0.0,0.0,0.392575,0.329115
1121,baseline_overlay_pass->release->rtl_overlay_pass,5.644879,14.283725,2.900956,22.87916,-0.6875,-0.13693233,10757,True,40,179,-22528,7.029841,17.365571,0.928623,25.374477,-0.6875,-0.13693233,10757,True,40,,-22528,0.0,0.0,0.409456,0.332734
1122,baseline_overlay_pass->release->rtl_overlay_pass,5.634028,14.381606,2.961997,23.027932,-0.6796875,-0.133991682,10951,True,41,179,-22272,5.633402,15.178829,0.863152,21.719894,-0.6796875,-0.133991682,10951,True,41,,-22272,0.0,0.0,0.357285,0.335135
1123,baseline_overlay_pass->release->rtl_overlay_pass,5.560208,14.380526,2.817394,22.806949,-0.6796875,-0.135159173,10984,True,41,179,-22272,5.613691,14.857294,0.854782,21.372649,-0.6796875,-0.135159173,10984,True,41,,-22272,0.0,0.0,0.355785,0.330555
1124,baseline_overlay_pass->release->rtl_overlay_pass,5.585647,14.311545,2.886426,22.830219,-0.6796875,-0.135626169,10961,True,41,179,-22272,5.749783,15.308202,0.924583,22.030478,-0.6796875,-0.135626169,10961,True,41,,-22272,0.0,0.0,0.393066,0.348575
1125,baseline_overlay_pass->release->rtl_overlay_pass,5.609639,14.669941,2.878535,23.203695,-0.671875,-0.132531718,11143,True,42,179,-22016,5.671342,14.484999,0.986164,21.190346,-0.671875,-0.132531718,11143,True,42,,-22016,0.0,0.0,0.436616,0.356975
1126,baseline_overlay_pass->release->rtl_overlay_pass,5.589628,14.515798,2.979736,23.132604,-0.671875,-0.133637687,11125,True,42,179,-22016,5.650472,14.400558,0.883452,20.982723,-0.671875,-0.133637687,11125,True,42,,-22016,0.0,0.0,0.378935,0.332145
1127,baseline_overlay_pass->release->rtl_overlay_pass,5.557437,14.558979,2.821924,22.985461,-0.671875,-0.134080075,11128,True,42,179,-22016,5.639891,15.616075,0.905853,22.213691,-0.671875,-0.134080075,11128,True,42,,-22016,0.0,0.0,0.398846,0.331855
1128,baseline_overlay_pass->release->rtl_overlay_pass,5.647769,14.411317,2.884205,22.992681,-0.6640625,-0.13097578,11282,True,43,179,-21760,5.870985,14.377238,0.891433,21.187886,-0.6640625,-0.13097578,11282,True,43,,-21760,0.0,0.0,0.379346,0.335874
1129,baseline_overlay_pass->release->rtl_overlay_pass,5.550267,14.422097,3.013808,23.033082,-0.6640625,-0.132077812,11280,True,43,179,-21760,5.593301,14.50876,0.881253,21.028284,-0.6640625,-0.132077812,11280,True,43,,-21760,0.0,0.0,0.373145,0.334765
1130,baseline_overlay_pass->release->rtl_overlay_pass,5.562778,14.324725,2.885245,22.817379,-0.6640625,-0.132518625,11279,True,43,179,-21760,5.640591,14.412969,0.993094,21.089505,-0.6640625,-0.132518625,11279,True,43,,-21760,0.0,0.0,0.468897,0.348135
1131,baseline_overlay_pass->release->rtl_overlay_pass,5.759881,14.311555,3.049678,23.170295,-0.65625,-0.1294137,11267,True,44,179,-21504,6.022537,14.267796,0.890753,21.227067,-0.65625,-0.1294137,11267,True,44,,-21504,0.0,0.0,0.379056,0.337075
1132,baseline_overlay_pass->release->rtl_overlay_pass,5.74518,14.362825,2.893885,23.051762,-0.65625,-0.13051548,11247,True,44,179,-21504,5.979846,15.078238,0.870733,21.975888,-0.65625,-0.13051548,11247,True,44,,-21504,0.0,0.0,0.373356,0.327725
1133,baseline_overlay_pass->release->rtl_overlay_pass,7.312685,14.306935,2.948967,24.618117,-0.65625,-0.130956192,11276,True,44,179,-21504,5.616091,14.992257,0.852192,21.505731,-0.65625,-0.130956192,11276,True,44,,-21504,0.0,0.0,0.352555,0.331545
1134,baseline_overlay_pass->release->rtl_overlay_pass,6.090905,14.364735,2.866375,23.367957,-0.6171875,-0.114726227,11580,True,49,179,-20224,5.667302,15.034068,0.874672,21.623383,-0.6171875,-0.114726227,11580,True,49,,-20224,0.0,0.0,0.363025,0.338345
1135,baseline_overlay_pass->release->rtl_overlay_pass,6.048635,14.64086,2.844275,23.578851,-0.6171875,-0.119952991,11554,True,49,179,-20224,5.607011,14.855295,0.960884,21.47148,-0.6171875,-0.119952991,11554,True,49,,-20224,0.0,0.0,0.400546,0.375055
1136,baseline_overlay_pass->release->rtl_overlay_pass,6.063756,14.828783,2.825805,23.768584,-0.6171875,-0.122043696,11573,True,49,179,-20224,5.669492,14.422658,1.036895,21.218836,-0.6171875,-0.122043696,11573,True,49,,-20224,0.0,0.0,0.373286,0.484277
1137,baseline_overlay_pass->release->rtl_overlay_pass,5.819411,14.725512,2.891086,23.482859,-0.6015625,-0.116317479,11796,True,51,179,-19712,5.773303,14.387288,0.887443,21.095954,-0.6015625,-0.116317479,11796,True,51,,-19712,0.0,0.0,0.376045,0.334214
1138,baseline_overlay_pass->release->rtl_overlay_pass,5.795412,14.711971,2.821885,23.378548,-0.6015625,-0.118714491,11791,True,51,179,-19712,5.570521,14.52011,0.921593,21.056914,-0.6015625,-0.118714491,11791,True,51,,-19712,0.0,0.0,0.413956,0.334524
1139,baseline_overlay_pass->release->rtl_overlay_pass,5.71944,14.966375,2.798704,23.53392,-0.6015625,-0.119673297,11780,True,51,179,-19712,5.828134,14.370618,0.888813,21.132685,-0.6015625,-0.119673297,11780,True,51,,-19712,0.0,0.0,0.375826,0.337995
1140,baseline_overlay_pass->release->rtl_overlay_pass,5.681189,14.990506,2.863845,23.5843,-0.546875,-0.097088069,11973,True,58,179,-17920,6.081668,14.610731,0.869883,21.607642,-0.546875,-0.097088069,11973,True,58,,-17920,0.0,0.0,0.358725,0.335915
1141,baseline_overlay_pass->release->rtl_overlay_pass,5.565508,15.29064,2.923036,23.825955,-0.5546875,-0.107741477,11977,True,57,179,-18176,5.615611,15.344572,0.833512,21.838905,-0.5546875,-0.107741477,11977,True,57,,-18176,0.0,0.0,0.338955,0.328485
1142,baseline_overlay_pass->release->rtl_overlay_pass,5.601558,15.625436,2.880535,24.158809,-0.5546875,-0.109659091,11978,True,57,179,-18176,5.642222,14.794643,0.855002,21.336358,-0.5546875,-0.109659091,11978,True,57,,-18176,0.0,0.0,0.351025,0.334925
1143,baseline_overlay_pass->release->rtl_overlay_pass,5.71529,15.27431,2.867695,23.904025,-0.53125,-0.100582386,11785,True,60,179,-17408,5.639891,14.749693,0.858972,21.298107,-0.53125,-0.100582386,11785,True,60,,-17408,0.0,0.0,0.355135,0.334705
1144,baseline_overlay_pass->release->rtl_overlay_pass,5.654518,14.792872,2.872495,23.369488,-0.5390625,-0.107264205,11810,True,59,179,-17664,5.738372,15.006106,0.972204,21.763505,-0.5390625,-0.107264205,11810,True,59,,-17664,0.0,0.0,0.443696,0.334595
1145,baseline_overlay_pass->release->rtl_overlay_pass,5.636239,14.657611,2.865115,23.203955,-0.53125,-0.104311932,11819,True,60,179,-17408,5.610651,14.367598,0.887693,20.913092,-0.53125,-0.104311932,11819,True,60,,-17408,0.0,0.0,0.377586,0.336305
1146,baseline_overlay_pass->release->rtl_overlay_pass,5.69235,14.677231,2.897956,23.314657,-0.515625,-0.098912273,11750,True,62,179,-16896,5.622671,14.611961,0.882113,21.164616,-0.515625,-0.098912273,11750,True,62,,-16896,0.0,0.0,0.382516,0.322984
1147,baseline_overlay_pass->release->rtl_overlay_pass,5.617768,14.857374,2.907016,23.428729,-0.515625,-0.101439909,11753,True,62,179,-16896,5.604261,14.353297,0.887193,20.888521,-0.515625,-0.101439909,11753,True,62,,-16896,0.0,0.0,0.373306,0.338405
1148,baseline_overlay_pass->release->rtl_overlay_pass,5.587528,14.713532,2.963137,23.314237,-0.515625,-0.102450964,11709,True,62,179,-16896,5.749033,14.399318,0.889613,21.083574,-0.515625,-0.102450964,11709,True,62,,-16896,0.0,0.0,0.377406,0.337185
1149,baseline_overlay_pass->release->rtl_overlay_pass,5.609848,15.181958,2.962466,23.802694,-0.4921875,-0.093011635,11316,True,65,179,-16128,7.884424,14.49684,0.888013,23.313297,-0.4921875,-0.093011635,11316,True,65,,-16128,0.0,0.0,0.378615,0.336445
1150,baseline_overlay_pass->release->rtl_overlay_pass,5.651819,14.837063,2.822914,23.359827,-0.5,-0.099548404,11300,True,64,179,-16384,6.327981,14.767294,0.857512,21.999617,-0.5,-0.099548404,11300,True,64,,-16384,0.0,0.0,0.353615,0.331484
1151,baseline_overlay_pass->release->rtl_overlay_pass,5.630768,14.939045,2.895315,23.514199,-0.4921875,-0.096538112,11272,True,65,179,-16128,5.747593,15.027417,0.826962,21.651512,-0.4921875,-0.096538112,11272,True,65,,-16128,0.0,0.0,0.335224,0.326115
1152,baseline_overlay_pass->release->rtl_overlay_pass,5.640079,14.483648,3.103339,23.281926,-0.4296875,-0.071427745,11751,True,73,179,-14080,6.25204,14.863704,0.873452,22.038348,-0.4296875,-0.071427745,11751,True,73,,-14080,0.0,0.0,0.365555,0.333444
1153,baseline_overlay_pass->release->rtl_overlay_pass,5.598798,14.372826,3.269112,23.290846,-0.4296875,-0.080133598,11769,True,73,179,-14080,5.627842,15.579425,0.827242,22.078809,-0.4296875,-0.080133598,11769,True,73,,-14080,0.0,0.0,0.333635,0.329794
1154,baseline_overlay_pass->release->rtl_overlay_pass,5.639059,14.357966,4.146395,24.19665,-0.4296875,-0.083615939,11760,True,73,179,-14080,5.676582,15.748397,0.832932,22.305762,-0.4296875,-0.083615939,11760,True,73,,-14080,0.0,0.0,0.337494,0.328875
1155,baseline_overlay_pass->release->rtl_overlay_pass,5.70925,14.307305,2.945997,23.014732,-0.421875,-0.081727626,11935,True,74,179,-13824,5.691362,14.868805,0.864512,21.469971,-0.421875,-0.081727626,11935,True,74,,-13824,0.0,0.0,0.358275,0.333775
1156,baseline_overlay_pass->release->rtl_overlay_pass,5.640629,14.366386,2.904126,22.957791,-0.421875,-0.08331605,11915,True,74,179,-13824,5.696892,14.772893,0.858693,21.374899,-0.421875,-0.08331605,11915,True,74,,-13824,0.0,0.0,0.355125,0.335125
1157,baseline_overlay_pass->release->rtl_overlay_pass,5.68139,14.378886,2.937606,23.049143,-0.421875,-0.08395142,11896,True,74,179,-13824,5.663352,15.024267,0.868053,21.601182,-0.421875,-0.08395142,11896,True,74,,-13824,0.0,0.0,0.358635,0.342365
1158,baseline_overlay_pass->release->rtl_overlay_pass,5.646599,14.431047,2.891276,23.016042,-0.515625,-0.123580568,11890,True,62,179,-16896,5.666342,14.725812,0.923303,21.359228,-0.515625,-0.123580568,11890,True,62,,-16896,0.0,0.0,0.390636,0.351675
1159,baseline_overlay_pass->release->rtl_overlay_pass,5.626448,14.428177,2.912036,23.011571,-0.5234375,-0.114588477,11835,True,61,179,-17152,5.770934,14.991856,0.970054,21.781305,-0.5234375,-0.114588477,11835,True,61,,-17152,0.0,0.0,0.422316,0.343325
1160,baseline_overlay_pass->release->rtl_overlay_pass,5.73529,14.336415,2.888366,23.005772,-0.5234375,-0.108647891,11884,True,61,179,-17152,5.641501,14.616071,0.891473,21.198046,-0.5234375,-0.108647891,11884,True,61,,-17152,0.0,0.0,0.383746,0.334355
1161,baseline_overlay_pass->release->rtl_overlay_pass,5.837722,14.477497,2.896675,23.260135,-0.5625,-0.122677906,12071,True,56,179,-18432,5.629501,14.491059,0.889553,21.058884,-0.5625,-0.122677906,12071,True,56,,-18432,0.0,0.0,0.377726,0.333285
1162,baseline_overlay_pass->release->rtl_overlay_pass,5.798912,14.559539,2.874305,23.278956,-0.5625,-0.116571163,12071,True,56,179,-18432,5.631131,14.56216,0.910763,21.146316,-0.5625,-0.116571163,12071,True,56,,-18432,0.0,0.0,0.401026,0.333865
1163,baseline_overlay_pass->release->rtl_overlay_pass,5.793421,15.055726,2.857735,23.754343,-0.5625,-0.114128465,12067,True,56,179,-18432,5.804084,14.577311,0.890423,21.318108,-0.5625,-0.114128465,12067,True,56,,-18432,0.0,0.0,0.379706,0.333635
1164,baseline_overlay_pass->release->rtl_overlay_pass,5.677219,15.019566,2.830785,23.5758,-0.578125,-0.119713886,12125,True,54,179,-18944,5.853134,14.869424,0.892643,21.661133,-0.578125,-0.119713886,12125,True,54,,-18944,0.0,0.0,0.388325,0.330015
1165,baseline_overlay_pass->release->rtl_overlay_pass,5.634939,15.067637,2.905566,23.658252,-0.578125,-0.117260554,12120,True,54,179,-18944,5.609031,15.070057,0.835522,21.558751,-0.578125,-0.117260554,12120,True,54,,-18944,0.0,0.0,0.334315,0.335865
1166,baseline_overlay_pass->release->rtl_overlay_pass,5.625978,15.240469,2.850154,23.809484,-0.578125,-0.116279222,12121,True,54,179,-18944,5.644731,14.833024,0.854262,21.378528,-0.578125,-0.116279222,12121,True,54,,-18944,0.0,0.0,0.358705,0.327765
1167,baseline_overlay_pass->release->rtl_overlay_pass,5.670699,14.690421,2.849425,23.256625,-0.6171875,-0.132292939,11862,True,49,179,-20224,5.600001,14.874824,0.860493,21.381119,-0.6171875,-0.132292939,11862,True,49,,-20224,0.0,0.0,0.356625,0.338505
1168,baseline_overlay_pass->release->rtl_overlay_pass,5.689689,14.880303,2.884335,23.503489,-0.6171875,-0.126979675,11873,True,49,179,-20224,5.744022,14.56653,1.005485,21.365958,-0.6171875,-0.126979675,11873,True,49,,-20224,0.0,0.0,0.481547,0.335105
1169,baseline_overlay_pass->release->rtl_overlay_pass,5.706,14.882204,2.910826,23.54765,-0.6171875,-0.12485437,11862,True,49,179,-20224,5.590801,14.385718,0.892433,20.918282,-0.6171875,-0.12485437,11862,True,49,,-20224,0.0,0.0,0.382006,0.336365
1170,baseline_overlay_pass->release->rtl_overlay_pass,5.684129,14.725212,2.865485,23.323846,-0.640625,-0.133847998,11712,True,46,179,-20992,5.697072,14.400108,0.885953,21.028763,-0.640625,-0.133847998,11712,True,46,,-20992,0.0,0.0,0.373856,0.336975
1171,baseline_overlay_pass->release->rtl_overlay_pass,5.618028,14.705191,2.886206,23.256245,-0.640625,-0.130414199,11690,True,46,179,-20992,5.650422,14.783513,0.858343,21.333928,-0.640625,-0.130414199,11690,True,46,,-20992,0.0,0.0,0.355135,0.336775
1172,baseline_overlay_pass->release->rtl_overlay_pass,5.650098,14.829493,2.968036,23.49787,-0.640625,-0.12904068,11701,True,46,179,-20992,6.26704,14.395197,0.920693,21.628272,-0.640625,-0.12904068,11701,True,46,,-20992,0.0,0.0,0.382155,0.329995
1173,baseline_overlay_pass->release->rtl_overlay_pass,5.619038,14.798673,2.923826,23.389327,-0.671875,-0.141616272,11377,True,42,179,-22016,6.92877,14.733123,0.872973,22.583026,-0.671875,-0.141616272,11377,True,42,,-22016,0.0,0.0,0.366055,0.334375
1174,baseline_overlay_pass->release->rtl_overlay_pass,5.591418,14.750642,2.900976,23.289546,-0.671875,-0.137271509,11376,True,42,179,-22016,5.675202,15.065397,0.831682,21.619012,-0.671875,-0.137271509,11376,True,42,,-22016,0.0,0.0,0.339265,0.327855
1175,baseline_overlay_pass->release->rtl_overlay_pass,5.624588,15.530354,2.941297,24.14372,-0.671875,-0.135533604,11382,True,42,179,-22016,5.723193,14.913436,0.851152,21.532991,-0.671875,-0.135533604,11382,True,42,,-22016,0.0,0.0,0.354515,0.331005
1176,baseline_overlay_pass->release->rtl_overlay_pass,5.645389,15.791898,2.842934,24.327342,-0.703125,-0.147963441,10991,True,38,179,-23040,5.685162,14.780973,0.868083,21.381439,-0.703125,-0.147963441,10991,True,38,,-23040,0.0,0.0,0.362205,0.334185
1177,baseline_overlay_pass->release->rtl_overlay_pass,5.668339,16.139854,2.793154,24.647427,-0.703125,-0.143560377,10993,True,38,179,-23040,5.634221,14.611181,0.983214,21.276207,-0.703125,-0.143560377,10993,True,38,,-23040,0.0,0.0,0.419526,0.359755
1178,baseline_overlay_pass->release->rtl_overlay_pass,5.606788,15.154678,2.930476,23.740923,-0.703125,-0.141799151,10995,True,38,179,-23040,5.636061,14.356708,0.893283,20.934312,-0.703125,-0.141799151,10995,True,38,,-23040,0.0,0.0,0.375495,0.340645
1179,baseline_overlay_pass->release->rtl_overlay_pass,5.700999,14.822293,3.013907,23.58767,-0.71875,-0.14765716,10525,True,36,179,-23552,5.699332,14.643591,0.877732,21.264606,-0.71875,-0.14765716,10525,True,36,,-23552,0.0,0.0,0.370605,0.334395
1180,baseline_overlay_pass->release->rtl_overlay_pass,5.650319,14.533039,3.443384,23.682022,-0.71875,-0.145312864,10522,True,36,179,-23552,5.795614,14.406748,0.895863,21.143485,-0.71875,-0.145312864,10522,True,36,,-23552,0.0,0.0,0.385895,0.335445
1181,baseline_overlay_pass->release->rtl_overlay_pass,5.609508,14.62629,3.080849,23.367617,-0.71875,-0.144375146,10523,True,36,179,-23552,5.683472,15.152759,0.836232,21.719023,-0.71875,-0.144375146,10523,True,36,,-23552,0.0,0.0,0.342045,0.327744
1182,baseline_overlay_pass->release->rtl_overlay_pass,5.713039,14.65904,3.213831,23.639181,-0.7421875,-0.153843808,10025,True,33,179,-24320,5.792693,15.033947,0.847832,21.718943,-0.7421875,-0.153843808,10025,True,33,,-24320,0.0,0.0,0.346455,0.335795
1183,baseline_overlay_pass->release->rtl_overlay_pass,5.666349,14.596699,3.261251,23.57544,-0.7421875,-0.150600023,10024,True,33,179,-24320,5.648612,14.796273,0.869332,21.359098,-0.7421875,-0.150600023,10024,True,33,,-24320,0.0,0.0,0.372725,0.327534
1184,baseline_overlay_pass->release->rtl_overlay_pass,5.660909,14.60484,3.129849,23.447688,-0.7421875,-0.149302509,10022,True,33,179,-24320,5.665942,14.858585,0.859812,21.429659,-0.7421875,-0.149302509,10022,True,33,,-24320,0.0,0.0,0.359185,0.329495
1185,baseline_overlay_pass->release->rtl_overlay_pass,5.74669,14.361875,2.963337,23.123793,-0.7734375,-0.161908504,9371,True,29,179,-25344,5.740493,14.759343,0.869943,21.415179,-0.7734375,-0.161908504,9371,True,29,,-25344,0.0,0.0,0.359146,0.341275
1186,baseline_overlay_pass->release->rtl_overlay_pass,5.66874,14.492418,2.911265,23.122644,-0.7734375,-0.157575901,9374,True,29,179,-25344,5.598611,14.645772,0.980794,21.316627,-0.7734375,-0.157575901,9374,True,29,,-25344,0.0,0.0,0.453707,0.332995
1187,baseline_overlay_pass->release->rtl_overlay_pass,5.657739,14.388386,2.818485,22.91135,-0.7734375,-0.155842861,9376,True,29,179,-25344,5.641901,14.353887,0.883262,20.926981,-0.7734375,-0.155842861,9376,True,29,,-25344,0.0,0.0,0.374335,0.333215
1188,baseline_overlay_pass->release->rtl_overlay_pass,5.6972,14.298684,2.862705,22.90625,-0.7734375,-0.155149644,9262,True,29,179,-25344,5.726493,14.331567,0.891063,20.994663,-0.7734375,-0.155149644,9262,True,29,,-25344,0.0,0.0,0.381816,0.335114
1189,baseline_overlay_pass->release->rtl_overlay_pass,5.630308,14.441337,2.892416,23.008541,-0.7734375,-0.154872358,9269,True,29,179,-25344,5.709202,14.49429,0.894633,21.143155,-0.7734375,-0.154872358,9269,True,29,,-25344,0.0,0.0,0.378846,0.335885
1190,baseline_overlay_pass->release->rtl_overlay_pass,5.611588,14.336115,2.878235,22.871999,-0.7734375,-0.154761443,9272,True,29,179,-25344,6.121958,14.283767,0.882343,21.331708,-0.7734375,-0.154761443,9272,True,29,,-25344,0.0,0.0,0.373855,0.333775
1191,baseline_overlay_pass->release->rtl_overlay_pass,5.818722,14.340165,2.882886,23.085003,-0.7578125,-0.148154577,9623,True,31,179,-24832,5.975386,15.103538,0.859002,21.985637,-0.7578125,-0.148154577,9623,True,31,,-24832,0.0,0.0,0.360155,0.327794
1192,baseline_overlay_pass->release->rtl_overlay_pass,5.815121,14.478008,2.835574,23.220714,-0.7578125,-0.150199331,9618,True,31,179,-24832,5.622781,15.488564,0.861063,22.016428,-0.7578125,-0.150199331,9618,True,31,,-24832,0.0,0.0,0.355355,0.338415
1193,baseline_overlay_pass->release->rtl_overlay_pass,5.76878,14.974875,2.874285,23.666941,-0.7578125,-0.151017232,9621,True,31,179,-24832,5.608961,14.780493,0.851972,21.285868,-0.7578125,-0.151017232,9621,True,31,,-24832,0.0,0.0,0.352665,0.331505
1194,baseline_overlay_pass->release->rtl_overlay_pass,6.556363,14.540258,2.875685,24.021267,-0.7421875,-0.144781893,9798,True,33,179,-24320,5.626371,14.780523,0.860903,21.313438,-0.7421875,-0.144781893,9798,True,33,,-24320,0.0,0.0,0.358396,0.336185
1195,baseline_overlay_pass->release->rtl_overlay_pass,5.902983,14.62704,2.881605,23.458859,-0.7421875,-0.146975257,9803,True,33,179,-24320,5.628542,14.746553,0.852412,21.272667,-0.7421875,-0.146975257,9803,True,33,,-24320,0.0,0.0,0.352485,0.333034
1196,baseline_overlay_pass->release->rtl_overlay_pass,7.765132,14.374685,2.817444,25.003872,-0.7421875,-0.147852603,9804,True,33,179,-24320,5.624092,14.824364,0.954094,21.44933,-0.7421875,-0.147852603,9804,True,33,,-24320,0.0,0.0,0.411326,0.357445
1197,baseline_overlay_pass->release->rtl_overlay_pass,6.081136,14.336055,2.858955,23.322726,-0.734375,-0.144922291,10036,True,34,179,-24064,5.715563,14.505839,0.948313,21.217426,-0.734375,-0.144922291,10036,True,34,,-24064,0.0,0.0,0.416206,0.340085
1198,baseline_overlay_pass->release->rtl_overlay_pass,6.131236,14.511147,2.896555,23.58835,-0.734375,-0.146093916,10040,True,34,179,-24064,5.632591,14.656021,0.905163,21.241206,-0.734375,-0.146093916,10040,True,34,,-24064,0.0,0.0,0.394936,0.334954
1199,baseline_overlay_pass->release->rtl_overlay_pass,6.104036,14.711121,2.894445,23.758603,-0.734375,-0.146562567,10034,True,34,179,-24064,5.695833,14.815493,0.874932,21.429429,-0.734375,-0.146562567,10034,True,34,,-24064,0.0,0.0,0.365325,0.335514
1200,baseline_overlay_pass->release->rtl_overlay_pass,6.011135,15.003476,2.820414,23.884165,-0.734375,-0.146750027,10141,True,34,179,-24064,5.802254,14.387718,0.907773,21.142365,-0.734375,-0.146750027,10141,True,34,,-24064,0.0,0.0,0.398406,0.334265
1201,baseline_overlay_pass->release->rtl_overlay_pass,5.648998,15.3444,2.787653,23.829474,-0.734375,-0.146825011,10144,True,34,179,-24064,5.768653,14.899035,0.856052,21.570971,-0.734375,-0.146825011,10144,True,34,,-24064,0.0,0.0,0.349955,0.334355
1202,baseline_overlay_pass->release->rtl_overlay_pass,5.75791,15.321441,2.824944,23.951656,-0.734375,-0.146855004,10145,True,34,179,-24064,5.655022,15.116038,0.840282,21.657562,-0.734375,-0.146855004,10145,True,34,,-24064,0.0,0.0,0.350415,0.324584
1203,baseline_overlay_pass->release->rtl_overlay_pass,5.591468,15.570675,2.878465,24.087348,-0.7265625,-0.143585752,10318,True,35,179,-23808,5.636032,14.673722,0.847552,21.202976,-0.7265625,-0.143585752,10318,True,35,,-23808,0.0,0.0,0.349825,0.330325
1204,baseline_overlay_pass->release->rtl_overlay_pass,5.593557,14.731811,2.873145,23.246784,-0.7265625,-0.144621801,10320,True,35,179,-23808,5.784464,14.925805,0.868743,21.623712,-0.7265625,-0.144621801,10320,True,35,,-23808,0.0,0.0,0.360576,0.338135
1205,baseline_overlay_pass->release->rtl_overlay_pass,5.616708,14.757022,2.898456,23.320026,-0.7265625,-0.14503622,10316,True,35,179,-23808,5.642541,14.825433,0.996034,21.52061,-0.7265625,-0.14503622,10316,True,35,,-23808,0.0,0.0,0.441556,0.348125
1206,baseline_overlay_pass->release->rtl_overlay_pass,5.646178,14.916574,2.953436,23.56244,-0.7109375,-0.138639488,10517,True,37,179,-23296,5.651871,14.460269,0.886103,21.045994,-0.7109375,-0.138639488,10517,True,37,,-23296,0.0,0.0,0.374196,0.335545
1207,baseline_overlay_pass->release->rtl_overlay_pass,5.701609,14.926094,2.879205,23.55636,-0.7109375,-0.140768295,10522,True,37,179,-23296,5.747443,14.730942,0.889773,21.413489,-0.7109375,-0.140768295,10522,True,37,,-23296,0.0,0.0,0.376425,0.337165
1208,baseline_overlay_pass->release->rtl_overlay_pass,5.648658,14.66033,2.908236,23.268565,-0.7109375,-0.141619818,10522,True,37,179,-23296,5.719473,14.409808,0.956864,21.128975,-0.7109375,-0.141619818,10522,True,37,,-23296,0.0,0.0,0.450767,0.329425
1209,baseline_overlay_pass->release->rtl_overlay_pass,5.700879,15.358671,2.941266,24.051407,-0.6796875,-0.128835427,11645,True,41,179,-22272,5.853464,14.376437,0.891803,21.168436,-0.6796875,-0.128835427,11645,True,41,,-22272,0.0,0.0,0.382015,0.336005
1210,baseline_overlay_pass->release->rtl_overlay_pass,5.685059,15.534443,2.886745,24.156259,-0.6796875,-0.133096671,11684,True,41,179,-22272,5.886025,15.080888,0.865593,21.879956,-0.6796875,-0.133096671,11684,True,41,,-22272,0.0,0.0,0.362445,0.330735
1211,baseline_overlay_pass->release->rtl_overlay_pass,5.597778,15.668446,3.050948,24.367802,-0.6796875,-0.134801168,11700,True,41,179,-22272,5.617791,15.035886,0.837982,21.538291,-0.6796875,-0.134801168,11700,True,41,,-22272,0.0,0.0,0.342815,0.328165
1212,baseline_overlay_pass->release->rtl_overlay_pass,5.629738,14.403776,3.215821,23.305876,-0.640625,-0.119076717,12734,True,46,179,-20992,5.758053,14.729552,0.851682,21.385828,-0.640625,-0.119076717,12734,True,46,,-20992,0.0,0.0,0.351585,0.332465
1213,baseline_overlay_pass->release->rtl_overlay_pass,5.607788,14.364216,3.035468,23.058132,-0.640625,-0.124505687,12732,True,46,179,-20992,5.641141,14.901854,0.861292,21.450089,-0.640625,-0.124505687,12732,True,46,,-20992,0.0,0.0,0.356405,0.336284
1214,baseline_overlay_pass->release->rtl_overlay_pass,5.650259,14.377176,3.716009,23.795094,-0.640625,-0.126677275,12727,True,46,179,-20992,5.632702,14.616051,0.983454,21.282487,-0.640625,-0.126677275,12727,True,46,,-20992,0.0,0.0,0.451387,0.335615
1215,baseline_overlay_pass->release->rtl_overlay_pass,5.620019,16.637841,2.977687,25.287567,-0.59375,-0.10785841,13232,True,52,179,-19456,6.086068,14.421198,0.902663,21.457859,-0.59375,-0.10785841,13232,True,52,,-19456,0.0,0.0,0.380956,0.341045
1216,baseline_overlay_pass->release->rtl_overlay_pass,5.670889,15.213759,3.089688,24.027898,-0.59375,-0.114393364,13297,True,52,179,-19456,5.626351,14.461699,1.235618,21.370708,-0.59375,-0.114393364,13297,True,52,,-19456,0.0,0.0,0.499427,0.557828
1217,baseline_overlay_pass->release->rtl_overlay_pass,5.599958,14.455107,3.290912,23.399077,-0.59375,-0.117007346,13286,True,52,179,-19456,5.60385,14.388977,0.886453,20.922222,-0.59375,-0.117007346,13286,True,52,,-19456,0.0,0.0,0.377176,0.335575
1218,baseline_overlay_pass->release->rtl_overlay_pass,5.588358,14.369066,3.355623,23.364877,-0.5546875,-0.101646688,13301,True,57,179,-18176,5.845624,14.921115,0.870733,21.682513,-0.5546875,-0.101646688,13301,True,57,,-18176,0.0,0.0,0.364565,0.332435
1219,baseline_overlay_pass->release->rtl_overlay_pass,5.659168,14.434896,3.016448,23.162433,-0.5546875,-0.107221175,13267,True,57,179,-18176,5.843054,14.929595,0.866903,21.691463,-0.5546875,-0.107221175,13267,True,57,,-18176,0.0,0.0,0.361716,0.332185
1220,baseline_overlay_pass->release->rtl_overlay_pass,5.631498,14.461987,2.887945,23.030512,-0.5546875,-0.10945097,13282,True,57,179,-18176,5.53935,15.28766,0.836512,21.708623,-0.5546875,-0.10945097,13282,True,57,,-18176,0.0,0.0,0.338105,0.331785
1221,baseline_overlay_pass->release->rtl_overlay_pass,5.657659,14.482587,2.924976,23.116302,-0.5234375,-0.097217888,12974,True,61,179,-17152,5.639472,14.698192,0.893613,21.276307,-0.5234375,-0.097217888,12974,True,61,,-17152,0.0,0.0,0.354105,0.371555
1222,baseline_overlay_pass->release->rtl_overlay_pass,5.596688,14.594089,2.889406,23.126953,-0.5234375,-0.101699655,12979,True,61,179,-17152,5.5712,14.790364,0.872862,21.279416,-0.5234375,-0.101699655,12979,True,61,,-17152,0.0,0.0,0.358615,0.343785
1223,baseline_overlay_pass->release->rtl_overlay_pass,5.586528,14.408016,2.898786,22.94058,-0.5234375,-0.103492362,12987,True,61,179,-17152,6.329242,14.422138,1.003475,21.804875,-0.5234375,-0.103492362,12987,True,61,,-17152,0.0,0.0,0.464587,0.342425
1224,baseline_overlay_pass->release->rtl_overlay_pass,5.726319,14.405346,2.902685,23.083862,-0.4453125,-0.071396945,12341,True,71,179,-14592,5.702512,14.776843,0.905773,21.434629,-0.4453125,-0.071396945,12341,True,71,,-14592,0.0,0.0,0.393476,0.332805
1225,baseline_overlay_pass->release->rtl_overlay_pass,5.75346,14.418586,2.866915,23.084882,-0.4453125,-0.081996278,12336,True,71,179,-14592,5.603551,14.423158,0.891863,20.964803,-0.4453125,-0.081996278,12336,True,71,,-14592,0.0,0.0,0.379825,0.336395
1226,baseline_overlay_pass->release->rtl_overlay_pass,5.77596,14.388996,2.871445,23.085562,-0.4453125,-0.086236011,12340,True,71,179,-14592,5.606651,14.885415,0.868093,21.402869,-0.4453125,-0.086236011,12340,True,71,,-14592,0.0,0.0,0.363645,0.333205
1227,baseline_overlay_pass->release->rtl_overlay_pass,5.900743,14.366885,2.915266,23.230984,-0.296875,-0.025588154,12350,True,90,179,-9728,5.902895,14.322586,0.892853,21.166465,-0.296875,-0.025588154,12350,True,90,,-9728,0.0,0.0,0.377586,0.338125
1228,baseline_overlay_pass->release->rtl_overlay_pass,5.72077,14.690311,3.024908,23.488249,-0.296875,-0.045860262,12328,True,90,179,-9728,5.663231,14.898454,0.873992,21.484819,-0.296875,-0.045860262,12328,True,90,,-9728,0.0,0.0,0.365805,0.334294
1229,baseline_overlay_pass->release->rtl_overlay_pass,5.777451,15.080707,2.851965,23.760363,-0.296875,-0.053969105,12371,True,90,179,-9728,5.638642,14.999406,0.849443,21.532561,-0.296875,-0.053969105,12371,True,90,,-9728,0.0,0.0,0.349405,0.330925
1230,baseline_overlay_pass->release->rtl_overlay_pass,5.655519,15.050736,2.909516,23.664481,-0.1875,-0.011275142,11961,True,104,179,-6144,5.716992,14.750203,0.861413,21.374918,-0.1875,-0.011275142,11961,True,104,,-6144,0.0,0.0,0.358665,0.335135
1231,baseline_overlay_pass->release->rtl_overlay_pass,5.603448,15.26445,2.853075,23.766843,-0.1875,-0.027010057,11815,True,104,179,-6144,6.070328,14.788493,0.890033,21.794874,-0.1875,-0.027010057,11815,True,104,,-6144,0.0,0.0,0.395925,0.328064
1232,baseline_overlay_pass->release->rtl_overlay_pass,5.629648,14.839563,2.910956,23.430187,-0.1953125,-0.036585273,11952,True,103,179,-6400,5.596411,14.991406,0.996754,21.634362,-0.1953125,-0.036585273,11952,True,103,,-6400,0.0,0.0,0.457657,0.340225
1233,baseline_overlay_pass->release->rtl_overlay_pass,5.628628,15.208498,2.949027,23.832104,-0.140625,-0.015102859,11820,True,110,179,-4608,5.733922,14.59935,0.911223,21.292986,-0.140625,-0.015102859,11820,True,110,,-4608,0.0,0.0,0.405256,0.331885
1234,baseline_overlay_pass->release->rtl_overlay_pass,5.71345,15.135097,2.847814,23.741452,-0.140625,-0.022916144,11890,True,110,179,-4608,5.56364,14.803123,0.875092,21.290646,-0.140625,-0.022916144,11890,True,110,,-4608,0.0,0.0,0.367865,0.334314
1235,baseline_overlay_pass->release->rtl_overlay_pass,5.669259,14.67539,2.856445,23.249154,-0.140625,-0.026041457,11915,True,110,179,-4608,5.595931,14.353887,0.886653,20.882121,-0.140625,-0.026041457,11915,True,110,,-4608,0.0,0.0,0.374215,0.339215
1236,baseline_overlay_pass->release->rtl_overlay_pass,5.648039,14.694701,2.864815,23.255815,-0.0859375,-0.004322833,11726,True,117,179,-2816,5.773283,14.410777,0.880433,21.110164,-0.0859375,-0.004322833,11726,True,117,,-2816,0.0,0.0,0.372235,0.335555
1237,baseline_overlay_pass->release->rtl_overlay_pass,5.606338,14.627959,2.884925,23.165313,-0.0859375,-0.012041633,11716,True,117,179,-2816,5.820514,14.961046,0.883943,21.713713,-0.0859375,-0.012041633,11716,True,117,,-2816,0.0,0.0,0.361686,0.330315
1238,baseline_overlay_pass->release->rtl_overlay_pass,5.668379,14.584928,3.049827,23.355587,-0.0859375,-0.015129153,11735,True,117,179,-2816,5.642111,15.059257,0.842363,21.587681,-0.0859375,-0.015129153,11735,True,117,,-2816,0.0,0.0,0.347195,0.328935
1239,baseline_overlay_pass->release->rtl_overlay_pass,5.683879,14.585768,3.169729,23.490349,-0.0703125,-0.009801661,11928,True,119,179,-2304,6.113188,14.687102,0.872023,21.718423,-0.0703125,-0.009801661,11928,True,119,,-2304,0.0,0.0,0.349665,0.329764
1240,baseline_overlay_pass->release->rtl_overlay_pass,5.72147,14.310465,3.162789,23.246085,-0.0703125,-0.012358165,11932,True,119,179,-2304,5.570771,15.086377,0.864902,21.567321,-0.0703125,-0.012358165,11932,True,119,,-2304,0.0,0.0,0.351195,0.344325
1241,baseline_overlay_pass->release->rtl_overlay_pass,6.029135,14.384346,2.962887,23.427278,-0.0703125,-0.013380766,11922,True,119,179,-2304,5.648902,14.458398,0.936704,21.093244,-0.0703125,-0.013380766,11922,True,119,,-2304,0.0,0.0,0.406825,0.342725
1242,baseline_overlay_pass->release->rtl_overlay_pass,5.72582,14.379305,2.880315,23.037012,-0.0390625,-0.000664806,11632,True,123,179,-1280,5.608921,14.929846,0.888363,21.47642,-0.0390625,-0.000664806,11632,True,123,,-1280,0.0,0.0,0.374555,0.337315
1243,baseline_overlay_pass->release->rtl_overlay_pass,5.587007,14.452266,2.880235,22.96819,-0.0390625,-0.004953423,11639,True,123,179,-1280,5.686902,14.63007,0.882502,21.243556,-0.0390625,-0.004953423,11639,True,123,,-1280,0.0,0.0,0.376715,0.334644
1244,baseline_overlay_pass->release->rtl_overlay_pass,5.614678,14.329144,2.884055,22.874709,-0.0390625,-0.006668869,11658,True,123,179,-1280,5.755743,14.582911,0.887873,21.268987,-0.0390625,-0.006668869,11658,True,123,,-1280,0.0,0.0,0.372225,0.340825
1245,baseline_overlay_pass->release->rtl_overlay_pass,5.637708,14.404166,2.933826,23.020601,-0.0234375,-0.000792548,11746,True,125,179,-768,5.868235,14.630601,0.915593,21.461649,-0.0234375,-0.000792548,11746,True,125,,-768,0.0,0.0,0.391336,0.324304
1246,baseline_overlay_pass->release->rtl_overlay_pass,5.670199,14.371655,2.957156,23.044621,-0.03125,-0.006410769,11705,True,124,179,-1024,5.643561,15.023497,0.822842,21.53327,-0.03125,-0.006410769,11705,True,124,,-1024,0.0,0.0,0.331485,0.327445
1247,baseline_overlay_pass->release->rtl_overlay_pass,5.779201,14.323425,2.900766,23.051032,-0.0234375,-0.003033058,11665,True,125,179,-768,5.897725,15.092898,0.861472,21.897856,-0.0234375,-0.003033058,11665,True,125,,-768,0.0,0.0,0.364155,0.326015
1248,baseline_overlay_pass->release->rtl_overlay_pass,5.774571,14.572289,2.878765,23.277005,0.0234375,0.015661777,11694,True,131,179,768,5.641902,14.984566,0.849632,21.5242,0.0234375,0.015661777,11694,True,131,,768,0.0,0.0,0.355295,0.329334
1249,baseline_overlay_pass->release->rtl_overlay_pass,5.666269,15.073067,2.861495,23.647141,0.0234375,0.009077211,11714,True,131,179,768,5.658781,14.668192,1.047185,21.422749,0.0234375,0.009077211,11714,True,131,,768,0.0,0.0,0.507467,0.335415
1250,baseline_overlay_pass->release->rtl_overlay_pass,5.618928,14.996945,2.842035,23.504708,0.0234375,0.006443384,11691,True,131,179,768,5.668831,14.425547,0.873502,21.015872,0.0234375,0.006443384,11691,True,131,,768,0.0,0.0,0.367085,0.335235
1251,baseline_overlay_pass->release->rtl_overlay_pass,5.615948,15.121407,2.854474,23.638871,0.0,-0.004453896,11734,True,128,179,0,5.686112,14.396498,0.903613,21.032473,0.0,-0.004453896,11734,True,128,,0,0.0,0.0,0.398386,0.333785
1252,baseline_overlay_pass->release->rtl_overlay_pass,5.634428,15.038735,2.884876,23.60616,0.0,-0.001781559,11737,True,128,179,0,5.616411,14.452808,0.880523,20.992213,0.0,-0.001781559,11737,True,128,,0,0.0,0.0,0.374366,0.333905
1253,baseline_overlay_pass->release->rtl_overlay_pass,5.611088,14.753571,2.886665,23.300255,0.0,-0.000712623,11752,True,128,179,0,5.789953,14.378857,0.889113,21.101474,0.0,-0.000712623,11752,True,128,,0,0.0,0.0,0.381026,0.335315
1254,baseline_overlay_pass->release->rtl_overlay_pass,5.612868,14.715191,2.864205,23.238114,-0.015625,-0.000285049,11865,True,126,179,-512,5.971296,14.5581,0.880313,21.454299,-0.015625,-0.000285049,11865,True,126,,-512,0.0,0.0,0.369655,0.333095
1255,baseline_overlay_pass->release->rtl_overlay_pass,5.574517,14.800762,2.910995,23.333195,-0.015625,-0.00011402,11865,True,126,179,-512,5.659912,15.242499,0.817681,21.764744,-0.015625,-0.00011402,11865,True,126,,-512,0.0,0.0,0.329105,0.327165
1256,baseline_overlay_pass->release->rtl_overlay_pass,5.585167,14.738891,2.976647,23.351496,-0.015625,-4.5608e-05,11865,True,126,179,-512,5.667442,14.892655,0.864742,21.470009,-0.015625,-4.5608e-05,11865,True,126,,-512,0.0,0.0,0.360935,0.332465
1257,baseline_overlay_pass->release->rtl_overlay_pass,5.733539,15.236838,2.955616,23.977616,-0.0390625,-0.016424493,11675,True,123,179,-1280,5.727243,14.756593,0.861802,21.391679,-0.0390625,-0.016424493,11675,True,123,,-1280,0.0,0.0,0.355055,0.337265
1258,baseline_overlay_pass->release->rtl_overlay_pass,5.75871,16.56757,2.931166,25.306227,-0.0390625,-0.011257297,11679,True,123,179,-1280,5.787844,14.59989,1.057186,21.49382,-0.0390625,-0.011257297,11679,True,123,,-1280,0.0,0.0,0.523377,0.334785
1259,baseline_overlay_pass->release->rtl_overlay_pass,5.613208,16.528199,3.083248,25.275626,-0.0390625,-0.009190419,11691,True,123,179,-1280,5.60521,14.346396,0.890022,20.888301,-0.0390625,-0.009190419,11691,True,123,,-1280,0.0,0.0,0.375045,0.340335
1260,baseline_overlay_pass->release->rtl_overlay_pass,5.72414,14.817073,3.109629,23.702482,-0.0625,-0.018207418,11832,True,120,179,-2048,5.728943,14.309306,0.912663,20.998443,-0.0625,-0.018207418,11832,True,120,,-2048,0.0,0.0,0.375326,0.336365
1261,baseline_overlay_pass->release->rtl_overlay_pass,5.644199,14.717071,3.18251,23.59788,-0.0625,-0.014782967,11838,True,120,179,-2048,5.574851,14.61201,0.893782,21.126265,-0.0625,-0.014782967,11838,True,120,,-2048,0.0,0.0,0.386215,0.332135
1262,baseline_overlay_pass->release->rtl_overlay_pass,5.631429,14.585398,3.269761,23.539449,-0.0625,-0.013413187,11839,True,120,179,-2048,5.793763,14.305076,0.885243,21.032443,-0.0625,-0.013413187,11839,True,120,,-2048,0.0,0.0,0.375795,0.334735
1263,baseline_overlay_pass->release->rtl_overlay_pass,5.681229,14.355064,5.248302,25.335877,-0.1015625,-0.029271525,11918,True,115,179,-3328,6.024386,14.577,0.878543,21.52775,-0.1015625,-0.029271525,11918,True,115,,-3328,0.0,0.0,0.367545,0.336615
1264,baseline_overlay_pass->release->rtl_overlay_pass,5.630248,14.310044,3.557295,23.548919,-0.1015625,-0.02389611,11894,True,115,179,-3328,5.768343,15.423302,0.874743,22.112358,-0.1015625,-0.02389611,11894,True,115,,-3328,0.0,0.0,0.380245,0.328915
1265,baseline_overlay_pass->release->rtl_overlay_pass,5.815801,14.292854,3.426674,23.58606,-0.1015625,-0.021745944,11922,True,115,179,-3328,5.676272,14.869994,0.855072,21.446219,-0.1015625,-0.021745944,11922,True,115,,-3328,0.0,0.0,0.353835,0.332725
1266,baseline_overlay_pass->release->rtl_overlay_pass,5.669368,16.461638,3.033137,25.217546,-0.109375,-0.024167128,11909,True,114,179,-3584,5.688851,14.834773,0.881493,21.451309,-0.109375,-0.024167128,11909,True,114,,-3584,0.0,0.0,0.348715,0.328034
1267,baseline_overlay_pass->release->rtl_overlay_pass,5.598318,14.729871,3.116098,23.499958,-0.109375,-0.022791851,11917,True,114,179,-3584,5.619991,14.685322,0.972684,21.323217,-0.109375,-0.022791851,11917,True,114,,-3584,0.0,0.0,0.427206,0.343905
1268,baseline_overlay_pass->release->rtl_overlay_pass,5.593148,14.398046,3.240521,23.285735,-0.109375,-0.02224174,11903,True,114,179,-3584,5.56062,14.646631,0.900133,21.156055,-0.109375,-0.02224174,11903,True,114,,-3584,0.0,0.0,0.388236,0.335795
1269,baseline_overlay_pass->release->rtl_overlay_pass,5.659909,14.598519,3.062708,23.373036,-0.1015625,-0.018740446,11961,True,115,179,-3328,5.618921,14.438928,0.893723,21.001132,-0.1015625,-0.018740446,11961,True,115,,-3328,0.0,0.0,0.386006,0.331115
1270,baseline_overlay_pass->release->rtl_overlay_pass,5.638748,14.467627,2.898796,23.054681,-0.1015625,-0.019683678,11960,True,115,179,-3328,5.630771,14.465579,0.891843,21.032823,-0.1015625,-0.019683678,11960,True,115,,-3328,0.0,0.0,0.380876,0.333945
1271,baseline_overlay_pass->release->rtl_overlay_pass,5.607698,14.391815,2.899915,22.943729,-0.1015625,-0.020060971,11966,True,115,179,-3328,5.799544,14.360527,0.888333,21.094644,-0.1015625,-0.020060971,11966,True,115,,-3328,0.0,0.0,0.378616,0.335715
1272,baseline_overlay_pass->release->rtl_overlay_pass,5.604307,14.454326,2.888386,22.99368,-0.09375,-0.016930639,11996,True,116,179,-3072,5.801143,14.870644,0.901833,21.621741,-0.09375,-0.016930639,11996,True,116,,-3072,0.0,0.0,0.396386,0.332285
1273,baseline_overlay_pass->release->rtl_overlay_pass,5.584227,14.443226,2.903556,22.97695,-0.09375,-0.018022255,11992,True,116,179,-3072,5.597121,15.482003,0.850993,21.975487,-0.09375,-0.018022255,11992,True,116,,-3072,0.0,0.0,0.349125,0.336765
1274,baseline_overlay_pass->release->rtl_overlay_pass,5.71125,14.245523,2.878035,22.879489,-0.09375,-0.018458902,12002,True,116,179,-3072,5.690822,14.885784,0.884212,21.504829,-0.09375,-0.018458902,12002,True,116,,-3072,0.0,0.0,0.387505,0.325975
1275,baseline_overlay_pass->release->rtl_overlay_pass,5.7373,14.456317,2.883345,23.124573,-0.046875,0.001053939,11907,True,122,179,-1536,5.624741,14.768582,0.857073,21.295427,-0.046875,0.001053939,11907,True,122,,-1536,0.0,0.0,0.353245,0.335065
1276,baseline_overlay_pass->release->rtl_overlay_pass,5.773371,14.581229,2.871575,23.274565,-0.046875,-0.005203424,11911,True,122,179,-1536,5.616851,14.53803,2.730389,22.93451,-0.046875,-0.005203424,11911,True,122,,-1536,0.0,0.0,2.208702,0.328184
1277,baseline_overlay_pass->release->rtl_overlay_pass,5.852092,14.788222,2.842005,23.531249,-0.046875,-0.00770637,11914,True,122,179,-1536,5.652732,14.380417,0.922013,21.003693,-0.046875,-0.00770637,11914,True,122,,-1536,0.0,0.0,0.405656,0.338825
1278,baseline_overlay_pass->release->rtl_overlay_pass,5.702449,14.946744,2.868435,23.565779,-0.015625,0.010979952,11758,True,126,179,-512,5.603271,14.401057,0.884922,20.937031,-0.015625,0.010979952,11758,True,126,,-512,0.0,0.0,0.377865,0.333115
1279,baseline_overlay_pass->release->rtl_overlay_pass,5.600508,15.012036,2.847244,23.506278,-0.015625,0.004391981,11769,True,126,179,-512,5.718372,14.478729,0.902483,21.142644,-0.015625,0.004391981,11769,True,126,,-512,0.0,0.0,0.396486,0.331995
1280,baseline_overlay_pass->release->rtl_overlay_pass,5.639438,15.155658,2.866205,23.709542,-0.015625,0.001756792,11751,True,126,179,-512,5.746753,14.421458,0.886443,21.098944,-0.015625,0.001756792,11751,True,126,,-512,0.0,0.0,0.379736,0.333905
1281,baseline_overlay_pass->release->rtl_overlay_pass,5.7173,14.788621,2.830864,23.382996,0.0078125,0.000702717,11714,True,129,179,256,6.353512,14.441828,0.886503,21.726603,0.0078125,0.000702717,11714,True,129,,256,0.0,0.0,0.379636,0.333385
1282,baseline_overlay_pass->release->rtl_overlay_pass,5.599608,14.774861,2.855675,23.276324,0.0078125,0.000281087,11712,True,129,179,256,7.604109,14.701672,0.875423,23.227884,0.0078125,0.000281087,11712,True,129,,256,0.0,0.0,0.367685,0.334645
1283,baseline_overlay_pass->release->rtl_overlay_pass,5.605147,14.608978,2.814365,23.075842,0.0078125,0.000112435,11713,True,129,179,256,5.762103,15.005656,0.864623,21.679432,0.0078125,0.000112435,11713,True,129,,256,0.0,0.0,0.367325,0.329025
1284,baseline_overlay_pass->release->rtl_overlay_pass,5.616208,14.65903,2.875185,23.198913,0.0390625,0.016451224,11802,True,133,179,1280,6.090438,14.827654,0.855632,21.820734,0.0390625,0.016451224,11802,True,133,,1280,0.0,0.0,0.357875,0.332014
1285,baseline_overlay_pass->release->rtl_overlay_pass,5.624468,14.953564,2.862344,23.486918,0.0390625,0.01126799,11807,True,133,179,1280,5.911715,15.062967,0.833732,21.855095,0.0390625,0.01126799,11807,True,133,,1280,0.0,0.0,0.338195,0.331075
1286,baseline_overlay_pass->release->rtl_overlay_pass,5.667099,14.780572,2.961706,23.461148,0.0390625,0.009194696,11796,True,133,179,1280,5.571761,15.31374,0.853872,21.783454,0.0390625,0.009194696,11796,True,133,,1280,0.0,0.0,0.353705,0.334815
1287,baseline_overlay_pass->release->rtl_overlay_pass,5.612527,14.743501,2.867385,23.271345,0.140625,0.051021628,11684,True,146,179,4608,5.612341,15.090668,0.846482,21.595311,0.140625,0.051021628,11684,True,146,,4608,0.0,0.0,0.352305,0.331374
1288,baseline_overlay_pass->release->rtl_overlay_pass,5.622808,14.773541,2.943806,23.390866,0.140625,0.037283651,11707,True,146,179,4608,5.639811,15.158088,0.848012,21.692812,0.140625,0.037283651,11707,True,146,,4608,0.0,0.0,0.351835,0.329465
1289,baseline_overlay_pass->release->rtl_overlay_pass,5.601968,14.983085,2.958716,23.595009,0.140625,0.031788461,11699,True,146,179,4608,5.666731,14.848123,0.856342,21.417278,0.140625,0.031788461,11699,True,146,,4608,0.0,0.0,0.354325,0.334845
1290,baseline_overlay_pass->release->rtl_overlay_pass,5.619757,15.36487,2.944056,23.976946,0.171875,0.042715384,11658,True,150,179,5632,5.638491,14.866314,0.861822,21.410078,0.171875,0.042715384,11658,True,150,,5632,0.0,0.0,0.361015,0.331265
1291,baseline_overlay_pass->release->rtl_overlay_pass,5.655049,14.879423,3.068978,23.65274,0.171875,0.037711154,11655,True,150,179,5632,5.568701,14.639961,0.991144,21.248746,0.171875,0.037711154,11655,True,150,,5632,0.0,0.0,0.451586,0.348235
1292,baseline_overlay_pass->release->rtl_overlay_pass,5.654089,14.366495,3.397433,23.471917,0.171875,0.035709461,11662,True,150,179,5632,5.653292,14.401377,0.896473,21.000722,0.171875,0.035709461,11662,True,150,,5632,0.0,0.0,0.387085,0.336595
1293,baseline_overlay_pass->release->rtl_overlay_pass,5.705679,14.364255,3.035958,23.156833,0.171875,0.034908785,11698,True,150,179,5632,5.682882,14.376367,0.890653,20.997912,0.171875,0.034908785,11698,True,150,,5632,0.0,0.0,0.376666,0.337995
1294,baseline_overlay_pass->release->rtl_overlay_pass,5.70891,14.385865,2.959616,23.105632,0.171875,0.034588514,11681,True,150,179,5632,5.636861,14.430277,0.892572,21.005153,0.171875,0.034588514,11681,True,150,,5632,0.0,0.0,0.382225,0.333955
1295,baseline_overlay_pass->release->rtl_overlay_pass,5.627978,14.365605,2.861485,22.903409,0.171875,0.034460406,11692,True,150,179,5632,5.693702,14.425978,0.898283,21.061833,0.171875,0.034460406,11692,True,150,,5632,0.0,0.0,0.387196,0.334155
1296,baseline_overlay_pass->release->rtl_overlay_pass,5.603898,14.397076,2.967116,23.01682,0.1640625,0.031127912,11648,True,149,179,5376,5.56382,14.423257,0.881912,20.915631,0.1640625,0.031127912,11648,True,149,,5376,0.0,0.0,0.375455,0.333824
1297,baseline_overlay_pass->release->rtl_overlay_pass,5.660158,14.391925,2.861415,22.959139,0.1640625,0.032138665,11649,True,149,179,5376,5.57956,14.425768,0.997764,21.048282,0.1640625,0.032138665,11649,True,149,,5376,0.0,0.0,0.457137,0.343075
1298,baseline_overlay_pass->release->rtl_overlay_pass,5.71905,14.365935,2.957187,23.090062,0.1640625,0.032542966,11646,True,149,179,5376,5.760392,14.452568,0.891013,21.148565,0.1640625,0.032542966,11646,True,149,,5376,0.0,0.0,0.383125,0.334835
1299,baseline_overlay_pass->release->rtl_overlay_pass,5.833921,14.319384,2.858764,23.060931,0.125,0.016298436,11591,True,144,179,4096,6.097978,14.316126,0.889963,21.349507,0.125,0.016298436,11591,True,144,,4096,0.0,0.0,0.382646,0.332344
1300,baseline_overlay_pass->release->rtl_overlay_pass,6.069485,14.314734,2.962327,23.394017,0.125,0.021519375,11627,True,144,179,4096,6.284551,14.709011,0.867542,21.908995,0.125,0.021519375,11627,True,144,,4096,0.0,0.0,0.360985,0.337385
1301,baseline_overlay_pass->release->rtl_overlay_pass,6.256567,14.659869,2.846975,23.810823,0.125,0.02360775,11554,True,144,179,4096,5.792513,15.32525,0.837002,21.998406,0.125,0.02360775,11554,True,144,,4096,0.0,0.0,0.345205,0.328625
1302,baseline_overlay_pass->release->rtl_overlay_pass,5.942823,15.167668,2.804174,23.968835,0.1171875,0.02116185,11610,True,143,179,3840,5.693922,14.845764,0.883443,21.468799,0.1171875,0.02116185,11610,True,143,,3840,0.0,0.0,0.385526,0.331285
1303,baseline_overlay_pass->release->rtl_overlay_pass,5.959363,14.896823,2.799954,23.708031,0.1171875,0.02252724,11602,True,143,179,3840,5.745412,15.091167,0.860462,21.742292,0.1171875,0.02252724,11602,True,143,,3840,0.0,0.0,0.354735,0.338175
1304,baseline_overlay_pass->release->rtl_overlay_pass,5.847502,15.297209,2.888765,24.086307,0.1171875,0.023073396,11606,True,143,179,3840,5.62022,16.72048,0.947963,23.335655,0.1171875,0.023073396,11606,True,143,,3840,0.0,0.0,0.413006,0.353515
1305,baseline_overlay_pass->release->rtl_overlay_pass,5.704259,15.228968,2.857365,23.839513,0.109375,0.020010608,11547,True,142,179,3584,5.692112,14.423308,2.714969,22.876959,0.109375,0.020010608,11547,True,142,,3584,0.0,0.0,0.371665,2.154561
1306,baseline_overlay_pass->release->rtl_overlay_pass,5.603618,15.374611,2.872975,23.899074,0.109375,0.021129243,11549,True,142,179,3584,6.068267,14.414507,0.889432,21.420589,0.109375,0.021129243,11549,True,142,,3584,0.0,0.0,0.384495,0.334135
1307,baseline_overlay_pass->release->rtl_overlay_pass,5.625809,14.850872,2.895025,23.421157,0.109375,0.021576697,11548,True,142,179,3584,5.588841,14.434598,0.871183,20.942892,0.109375,0.021576697,11548,True,142,,3584,0.0,0.0,0.370265,0.330545
1308,baseline_overlay_pass->release->rtl_overlay_pass,5.621148,14.872893,2.885836,23.428387,0.09375,0.015193179,11510,True,140,179,3072,5.662282,14.323336,0.882353,20.912541,0.09375,0.015193179,11510,True,140,,3072,0.0,0.0,0.371646,0.338995
1309,baseline_overlay_pass->release->rtl_overlay_pass,5.621348,14.68474,2.866875,23.220283,0.09375,0.017327272,11515,True,140,179,3072,6.039747,14.571809,0.894713,21.55297,0.09375,0.017327272,11515,True,140,,3072,0.0,0.0,0.388355,0.333045
1310,baseline_overlay_pass->release->rtl_overlay_pass,5.625698,14.923123,2.806824,23.404096,0.0859375,0.014899659,11521,True,139,179,2816,5.941846,14.865424,0.858152,21.714173,0.0859375,0.014899659,11521,True,139,,2816,0.0,0.0,0.355925,0.331005
1311,baseline_overlay_pass->release->rtl_overlay_pass,5.582697,14.7462,2.837425,23.213173,0.078125,0.012991113,11507,True,138,179,2560,5.607581,15.495783,0.835412,21.983807,0.078125,0.012991113,11507,True,138,,2560,0.0,0.0,0.341575,0.329025
1312,baseline_overlay_pass->release->rtl_overlay_pass,5.570888,14.775821,2.876735,23.275314,0.078125,0.014571445,11512,True,138,179,2560,5.643641,14.986386,0.864512,21.539729,0.078125,0.014571445,11512,True,138,,2560,0.0,0.0,0.358955,0.337605
1313,baseline_overlay_pass->release->rtl_overlay_pass,5.641168,14.737971,3.069418,23.501797,0.078125,0.015203578,11506,True,138,179,2560,5.59018,14.792973,0.894503,21.324476,0.078125,0.015203578,11506,True,138,,2560,0.0,0.0,0.379426,0.341424
1314,baseline_overlay_pass->release->rtl_overlay_pass,5.565467,14.590718,3.23839,23.447016,0.0703125,0.012175181,11569,True,137,179,2304,5.657862,14.876934,0.861222,21.441628,0.0703125,0.012175181,11569,True,137,,2304,0.0,0.0,0.353925,0.338005
1315,baseline_overlay_pass->release->rtl_overlay_pass,5.72571,14.356754,3.290671,23.425036,0.0703125,0.013307573,11575,True,137,179,2304,5.596101,14.746972,0.975074,21.363888,0.0703125,0.013307573,11575,True,137,,2304,0.0,0.0,0.426156,0.341085
1316,baseline_overlay_pass->release->rtl_overlay_pass,5.622368,14.395955,3.069908,23.139522,0.0703125,0.013760529,11562,True,137,179,2304,5.655801,14.451488,1.000964,21.161574,0.0703125,0.013760529,11562,True,137,,2304,0.0,0.0,0.476637,0.335314
1317,baseline_overlay_pass->release->rtl_overlay_pass,5.650119,14.510277,2.921866,23.132522,0.0546875,0.007379212,11492,True,135,179,1792,5.670981,14.455187,0.954813,21.130634,0.0546875,0.007379212,11492,True,135,,1792,0.0,0.0,0.404196,0.349745
1318,baseline_overlay_pass->release->rtl_overlay_pass,5.571517,14.403115,2.895055,22.916648,0.0546875,0.009514185,11505,True,135,179,1792,5.59834,14.429877,0.927814,21.003102,0.0546875,0.009514185,11505,True,135,,1792,0.0,0.0,0.374955,0.338575
1319,baseline_overlay_pass->release->rtl_overlay_pass,5.584657,14.345175,2.893165,22.868567,0.0546875,0.010368174,11496,True,135,179,1792,5.58321,14.568339,0.881353,21.077893,0.0546875,0.010368174,11496,True,135,,1792,0.0,0.0,0.376145,0.331504
1320,baseline_overlay_pass->release->rtl_overlay_pass,5.616368,14.379935,2.922096,22.965389,0.0390625,0.00414727,11550,True,133,179,1280,5.801263,14.456498,0.888013,21.191525,0.0390625,0.00414727,11550,True,133,,1280,0.0,0.0,0.381735,0.333344
1321,baseline_overlay_pass->release->rtl_overlay_pass,5.720379,14.398285,2.890495,23.05585,0.0390625,0.006346408,11548,True,133,179,1280,5.854404,14.455418,0.881143,21.235015,0.0390625,0.006346408,11548,True,133,,1280,0.0,0.0,0.377406,0.332895
1322,baseline_overlay_pass->release->rtl_overlay_pass,5.78006,14.528827,2.813284,23.170563,0.0390625,0.007226063,11546,True,133,179,1280,5.5836,14.978635,0.823552,21.429828,0.0390625,0.007226063,11546,True,133,,1280,0.0,0.0,0.334195,0.328374
1323,baseline_overlay_pass->release->rtl_overlay_pass,5.851051,15.026815,2.944236,23.872354,0.0234375,0.001015425,11696,True,131,179,768,5.661882,14.784513,0.858372,21.350187,0.0234375,0.001015425,11696,True,131,,768,0.0,0.0,0.358935,0.334434
1324,baseline_overlay_pass->release->rtl_overlay_pass,5.695799,14.812952,2.872185,23.434146,0.0234375,0.00321867,11683,True,131,179,768,5.55659,14.772852,0.865343,21.241606,0.0234375,0.00321867,11683,True,131,,768,0.0,0.0,0.357256,0.339155
1325,baseline_overlay_pass->release->rtl_overlay_pass,5.652898,15.020854,2.832184,23.555538,0.0234375,0.004099968,11674,True,131,179,768,5.619611,14.64128,1.012045,21.322217,0.0234375,0.004099968,11674,True,131,,768,0.0,0.0,0.450706,0.354515
1326,baseline_overlay_pass->release->rtl_overlay_pass,5.605647,15.027525,2.912366,23.593369,0.015625,-0.005391263,11645,True,130,179,512,5.646631,14.440558,0.882883,21.017502,0.015625,-0.005391263,11645,True,130,,512,0.0,0.0,0.374485,0.334094
1327,baseline_overlay_pass->release->rtl_overlay_pass,5.614487,14.794171,2.865705,23.321965,0.015625,-0.002156505,11641,True,130,179,512,5.682022,14.455448,0.879263,21.060343,0.015625,-0.002156505,11641,True,130,,512,0.0,0.0,0.370146,0.333955
1328,baseline_overlay_pass->release->rtl_overlay_pass,5.631268,14.745551,2.965866,23.389146,0.015625,-0.000862602,11666,True,130,179,512,5.806884,14.476358,0.891722,21.221455,0.015625,-0.000862602,11666,True,130,,512,0.0,0.0,0.387735,0.332505
1329,baseline_overlay_pass->release->rtl_overlay_pass,5.677919,14.7188,2.916956,23.363456,0.0078125,-0.000345041,11683,True,129,179,256,5.838554,14.995865,0.823762,21.704812,0.0078125,-0.000345041,11683,True,129,,256,0.0,0.0,0.336614,0.327165
1330,baseline_overlay_pass->release->rtl_overlay_pass,5.641308,15.31862,2.882085,23.888624,0.0078125,-0.000138016,11666,True,129,179,256,5.687122,14.965696,0.844922,21.54412,0.0078125,-0.000138016,11666,True,129,,256,0.0,0.0,0.344445,0.325035
1331,baseline_overlay_pass->release->rtl_overlay_pass,5.801621,16.087572,2.864365,24.800908,0.0078125,-5.5207e-05,11682,True,129,179,256,5.666702,14.877644,0.859362,21.449378,0.0078125,-5.5207e-05,11682,True,129,,256,0.0,0.0,0.362255,0.329744
1332,baseline_overlay_pass->release->rtl_overlay_pass,5.722509,15.96008,2.819964,24.549624,-0.0234375,-0.009865833,11752,True,125,179,-768,5.676952,14.802693,0.861842,21.388417,-0.0234375,-0.009865833,11752,True,125,,-768,0.0,0.0,0.357135,0.336795
1333,baseline_overlay_pass->release->rtl_overlay_pass,5.591147,16.372986,2.936736,24.95012,-0.0234375,-0.006758833,11747,True,125,179,-768,5.60289,14.907404,0.967564,21.526069,-0.0234375,-0.006758833,11747,True,125,,-768,0.0,0.0,0.430166,0.349245
1334,baseline_overlay_pass->release->rtl_overlay_pass,5.619188,14.857462,2.964076,23.489157,-0.0234375,-0.005516033,11751,True,125,179,-768,5.696842,14.354457,0.886673,20.986572,-0.0234375,-0.005516033,11751,True,125,,-768,0.0,0.0,0.372185,0.339065
1335,baseline_overlay_pass->release->rtl_overlay_pass,5.658709,17.189729,2.830234,25.725282,-0.0859375,-0.031268913,11785,True,117,179,-2816,5.59375,14.59758,0.891933,21.129054,-0.0859375,-0.031268913,11785,True,117,,-2816,0.0,0.0,0.381826,0.331934
1336,baseline_overlay_pass->release->rtl_overlay_pass,5.585877,14.563488,4.808055,25.018151,-0.0859375,-0.022820065,11785,True,117,179,-2816,5.688982,14.510539,0.896383,21.140014,-0.0859375,-0.022820065,11785,True,117,,-2816,0.0,0.0,0.384416,0.334895
1337,baseline_overlay_pass->release->rtl_overlay_pass,5.690619,14.670509,3.21063,23.628049,-0.0859375,-0.019440526,11785,True,117,179,-2816,5.845124,14.369497,0.883483,21.140694,-0.0859375,-0.019440526,11785,True,117,,-2816,0.0,0.0,0.380116,0.332325
1338,baseline_overlay_pass->release->rtl_overlay_pass,5.651839,14.513617,3.277762,23.496128,-0.0859375,-0.01808871,11875,True,117,179,-2816,5.672761,15.025276,0.823342,21.56926,-0.0859375,-0.01808871,11875,True,117,,-2816,0.0,0.0,0.329815,0.330915
1339,baseline_overlay_pass->release->rtl_overlay_pass,5.587838,14.345894,2.977686,22.965099,-0.0859375,-0.017547984,11875,True,117,179,-2816,5.657732,14.960705,0.866033,21.52932,-0.0859375,-0.017547984,11875,True,117,,-2816,0.0,0.0,0.358155,0.341875
1340,baseline_overlay_pass->release->rtl_overlay_pass,5.591687,14.363545,2.871945,22.878258,-0.0859375,-0.017331694,11883,True,117,179,-2816,5.60841,14.994345,0.850323,21.498779,-0.0859375,-0.017331694,11883,True,117,,-2816,0.0,0.0,0.349855,0.332325
1341,baseline_overlay_pass->release->rtl_overlay_pass,5.641218,14.463386,2.902665,23.05624,-0.09375,-0.020526427,11884,True,116,179,-3072,5.795104,14.721022,0.996194,21.56205,-0.09375,-0.020526427,11884,True,116,,-3072,0.0,0.0,0.422406,0.349345
1342,baseline_overlay_pass->release->rtl_overlay_pass,5.630188,14.346434,2.875175,22.897378,-0.09375,-0.019460571,11912,True,116,179,-3072,5.610561,14.368417,0.917613,20.944171,-0.09375,-0.019460571,11912,True,116,,-3072,0.0,0.0,0.403926,0.335554
1343,baseline_overlay_pass->release->rtl_overlay_pass,5.738839,14.347574,2.852585,22.985979,-0.09375,-0.019034228,11891,True,116,179,-3072,5.617281,14.440698,0.896433,20.999882,-0.09375,-0.019034228,11891,True,116,,-3072,0.0,0.0,0.384386,0.335165
1344,baseline_overlay_pass->release->rtl_overlay_pass,5.811511,14.429105,2.886275,23.175663,-0.0625,-0.005738691,11945,True,120,179,-2048,5.775923,14.379737,0.886523,21.089143,-0.0625,-0.005738691,11945,True,120,,-2048,0.0,0.0,0.382266,0.328725
1345,baseline_overlay_pass->release->rtl_overlay_pass,5.827401,14.559347,2.900316,23.334685,-0.0625,-0.009795477,11948,True,120,179,-2048,5.724612,14.982375,0.836172,21.588631,-0.0625,-0.009795477,11948,True,120,,-2048,0.0,0.0,0.339295,0.329065
1346,baseline_overlay_pass->release->rtl_overlay_pass,5.71186,14.774181,2.853475,23.389066,-0.0703125,-0.014699441,11944,True,119,179,-2304,5.644841,15.057276,0.840722,21.58711,-0.0703125,-0.014699441,11944,True,119,,-2304,0.0,0.0,0.340435,0.336135
1347,baseline_overlay_pass->release->rtl_overlay_pass,5.665548,15.094266,2.856654,23.66574,-0.0625,-0.011036026,11947,True,120,179,-2048,5.682181,14.815203,0.863432,21.405227,-0.0625,-0.011036026,11947,True,120,,-2048,0.0,0.0,0.364925,0.327084
1348,baseline_overlay_pass->release->rtl_overlay_pass,5.575528,15.042385,2.840875,23.503398,-0.0625,-0.01191441,11959,True,120,179,-2048,5.628731,14.873964,0.855363,21.404448,-0.0625,-0.01191441,11959,True,120,,-2048,0.0,0.0,0.359355,0.330255
1349,baseline_overlay_pass->release->rtl_overlay_pass,5.563626,15.038215,2.840794,23.489987,-0.0625,-0.012265764,11947,True,120,179,-2048,5.663501,14.763422,0.911133,21.382177,-0.0625,-0.012265764,11947,True,120,,-2048,0.0,0.0,0.369125,0.327234
1350,baseline_overlay_pass->release->rtl_overlay_pass,5.581548,14.7081,2.879215,23.215743,-0.03125,0.000718694,11899,True,124,179,-1024,5.660261,14.60095,1.018255,21.372947,-0.03125,0.000718694,11899,True,124,,-1024,0.0,0.0,0.478057,0.342225
1351,baseline_overlay_pass->release->rtl_overlay_pass,5.641558,14.612089,2.895585,23.197092,-0.03125,-0.003462522,11914,True,124,179,-1024,5.632851,14.59143,1.042725,21.319907,-0.03125,-0.003462522,11914,True,124,,-1024,0.0,0.0,0.525298,0.329415
1352,baseline_overlay_pass->release->rtl_overlay_pass,5.639878,14.69914,2.979136,23.366876,-0.03125,-0.005135009,11929,True,124,179,-1024,5.647921,14.393057,0.885993,20.975811,-0.03125,-0.005135009,11929,True,124,,-1024,0.0,0.0,0.374225,0.339694
1353,baseline_overlay_pass->release->rtl_overlay_pass,5.669168,15.003645,2.863815,23.585399,-0.0234375,-0.002522754,11926,True,125,179,-768,5.604301,14.722882,1.244798,21.621881,-0.0234375,-0.002522754,11926,True,125,,-768,0.0,0.0,0.516407,0.554918
1354,baseline_overlay_pass->release->rtl_overlay_pass,5.617818,14.917133,2.974817,23.558378,-0.0234375,-0.003821601,11930,True,125,179,-768,5.684612,14.375456,1.158396,21.263025,-0.0234375,-0.003821601,11930,True,125,,-768,0.0,0.0,0.365465,0.338655
1355,baseline_overlay_pass->release->rtl_overlay_pass,5.633768,14.625888,3.093909,23.407986,-0.0234375,-0.004341141,11936,True,125,179,-768,5.635951,14.776042,0.886873,21.344097,-0.0234375,-0.004341141,11936,True,125,,-768,0.0,0.0,0.378045,0.334274
1356,baseline_overlay_pass->release->rtl_overlay_pass,5.605698,15.210048,3.139069,24.008135,-0.0078125,0.005294794,11813,True,127,179,-256,5.863704,14.347756,0.908643,21.165024,-0.0078125,0.005294794,11813,True,127,,-256,0.0,0.0,0.400966,0.333435
1357,baseline_overlay_pass->release->rtl_overlay_pass,5.723109,14.974344,3.315422,24.063956,-0.0078125,0.002117918,11807,True,127,179,-256,5.649291,14.886564,0.834892,21.421698,-0.0078125,0.002117918,11807,True,127,,-256,0.0,0.0,0.336245,0.332145
1358,baseline_overlay_pass->release->rtl_overlay_pass,5.834991,14.323514,3.419284,23.630749,-0.0078125,0.000847167,11814,True,127,179,-256,5.648271,14.709261,0.855602,21.259176,-0.0078125,0.000847167,11814,True,127,,-256,0.0,0.0,0.354065,0.334585
1359,baseline_overlay_pass->release->rtl_overlay_pass,5.704479,14.655479,3.222991,23.63559,0.0,0.000338867,11720,True,128,179,0,5.687502,14.744672,0.866893,21.343857,0.0,0.000338867,11720,True,128,,0,0.0,0.0,0.364105,0.336545
1360,baseline_overlay_pass->release->rtl_overlay_pass,5.8021,14.524267,3.558245,23.936604,0.0,0.000135547,11617,True,128,179,0,5.697962,14.777803,0.907373,21.430558,0.0,0.000135547,11617,True,128,,0,0.0,0.0,0.389446,0.345335
1361,baseline_overlay_pass->release->rtl_overlay_pass,5.676648,14.524487,3.442234,23.69812,0.0,5.4219e-05,11609,True,128,179,0,5.587701,15.381061,1.041375,22.071947,0.0,5.4219e-05,11609,True,128,,0,0.0,0.0,0.492767,0.349735
1362,baseline_overlay_pass->release->rtl_overlay_pass,5.580768,14.339744,3.429184,23.403006,-0.078125,-0.032790813,11793,True,118,179,-2560,5.691292,14.404527,0.887173,21.030392,-0.078125,-0.032790813,11793,True,118,,-2560,0.0,0.0,0.374835,0.335844
1363,baseline_overlay_pass->release->rtl_overlay_pass,5.651068,14.468466,3.453454,23.626399,-0.078125,-0.022491325,11790,True,118,179,-2560,5.622851,14.739932,0.892263,21.303156,-0.078125,-0.022491325,11790,True,118,,-2560,0.0,0.0,0.380506,0.335224
1364,baseline_overlay_pass->release->rtl_overlay_pass,5.584177,14.428855,3.220911,23.288614,-0.078125,-0.01837153,11793,True,118,179,-2560,5.56058,14.361256,0.891833,20.858019,-0.078125,-0.01837153,11793,True,118,,-2560,0.0,0.0,0.383875,0.332914
1365,baseline_overlay_pass->release->rtl_overlay_pass,5.644088,14.310694,3.031837,23.03786,-0.1484375,-0.046254862,11823,True,109,179,-4864,5.771783,14.425217,0.896713,21.138483,-0.1484375,-0.046254862,11823,True,109,,-4864,0.0,0.0,0.381196,0.337544
1366,baseline_overlay_pass->release->rtl_overlay_pass,5.616387,14.423365,3.013697,23.107751,-0.1484375,-0.036314445,11802,True,109,179,-4864,5.929445,14.63935,0.885653,21.502129,-0.1484375,-0.036314445,11802,True,109,,-4864,0.0,0.0,0.376176,0.334435
1367,baseline_overlay_pass->release->rtl_overlay_pass,5.663679,14.379175,2.851184,22.942548,-0.1484375,-0.032338278,11799,True,109,179,-4864,5.59316,15.054566,0.845442,21.537069,-0.1484375,-0.032338278,11799,True,109,,-4864,0.0,0.0,0.344395,0.335174
1368,baseline_overlay_pass->release->rtl_overlay_pass,5.577377,14.638538,2.809604,23.075611,-0.2265625,-0.063560311,11757,True,99,179,-7424,5.659271,14.63908,0.865192,21.207664,-0.2265625,-0.063560311,11757,True,99,,-7424,0.0,0.0,0.358635,0.336765
1369,baseline_overlay_pass->release->rtl_overlay_pass,5.665809,14.583628,2.821174,23.118561,-0.2265625,-0.052611624,11766,True,99,179,-7424,5.669221,14.714331,0.858802,21.287565,-0.2265625,-0.052611624,11766,True,99,,-7424,0.0,0.0,0.354345,0.334345
1370,baseline_overlay_pass->release->rtl_overlay_pass,5.606167,14.443665,2.855164,22.953458,-0.2265625,-0.04823215,11753,True,99,179,-7424,5.649721,14.481108,1.027985,21.209245,-0.2265625,-0.04823215,11753,True,99,,-7424,0.0,0.0,0.481097,0.346265
1371,baseline_overlay_pass->release->rtl_overlay_pass,5.607208,14.397325,2.809654,22.861307,-0.2578125,-0.05960536,11777,True,95,179,-8448,5.600891,14.516628,0.890522,21.055042,-0.2578125,-0.05960536,11777,True,95,,-8448,0.0,0.0,0.380585,0.333435
1372,baseline_overlay_pass->release->rtl_overlay_pass,5.718649,14.638009,2.891235,23.292624,-0.2578125,-0.054779644,11767,True,95,179,-8448,5.628041,14.408706,0.899793,20.980712,-0.2578125,-0.054779644,11767,True,95,,-8448,0.0,0.0,0.391515,0.335425
1373,baseline_overlay_pass->release->rtl_overlay_pass,5.604518,14.462276,2.851065,22.963399,-0.2578125,-0.052849358,11750,True,95,179,-8448,5.598101,14.342616,0.884473,20.86903,-0.2578125,-0.052849358,11750,True,95,,-8448,0.0,0.0,0.372246,0.337205
1374,baseline_overlay_pass->release->rtl_overlay_pass,5.730599,14.351564,2.864054,22.991939,-0.3125,-0.075045993,11729,True,88,179,-10240,5.828314,14.349216,0.899012,21.120734,-0.3125,-0.075045993,11729,True,88,,-10240,0.0,0.0,0.388525,0.333505
1375,baseline_overlay_pass->release->rtl_overlay_pass,5.720019,14.353934,2.857495,22.977599,-0.3125,-0.067518397,11746,True,88,179,-10240,5.712502,14.991455,0.849092,21.59994,-0.3125,-0.067518397,11746,True,88,,-10240,0.0,0.0,0.349915,0.327994
1376,baseline_overlay_pass->release->rtl_overlay_pass,5.78827,14.335654,2.890856,23.06036,-0.3125,-0.064507359,11606,True,88,179,-10240,6.131888,14.927894,0.854162,21.961485,-0.3125,-0.064507359,11606,True,88,,-10240,0.0,0.0,0.352615,0.334515
1377,baseline_overlay_pass->release->rtl_overlay_pass,5.606648,14.340174,2.919246,22.910578,-0.34375,-0.076427944,11612,True,84,179,-11264,5.626961,14.948655,1.093715,21.715632,-0.34375,-0.076427944,11612,True,84,,-11264,0.0,0.0,0.356265,0.571398
1378,baseline_overlay_pass->release->rtl_overlay_pass,5.7592,14.334714,2.867095,23.006699,-0.34375,-0.071821177,11515,True,84,179,-11264,5.644471,14.757352,0.932403,21.382957,-0.34375,-0.071821177,11515,True,84,,-11264,0.0,0.0,0.393336,0.358555
1379,baseline_overlay_pass->release->rtl_overlay_pass,5.572487,14.846122,2.844345,23.310324,-0.34375,-0.069978471,11619,True,84,179,-11264,5.732993,14.63668,0.972144,21.387797,-0.34375,-0.069978471,11619,True,84,,-11264,0.0,0.0,0.433227,0.348905
1380,baseline_overlay_pass->release->rtl_overlay_pass,5.74763,14.348894,3.270931,23.417506,-0.4140625,-0.098772638,11734,True,75,179,-13568,5.693202,14.363206,0.884862,20.988061,-0.4140625,-0.098772638,11734,True,75,,-13568,0.0,0.0,0.380035,0.332034
1381,baseline_overlay_pass->release->rtl_overlay_pass,5.78523,14.311723,2.949896,23.092361,-0.4140625,-0.089196555,11733,True,75,179,-13568,5.5801,14.426708,0.879832,20.930501,-0.4140625,-0.089196555,11733,True,75,,-13568,0.0,0.0,0.367705,0.336315
1382,baseline_overlay_pass->release->rtl_overlay_pass,5.647098,14.298843,2.871815,22.862707,-0.4140625,-0.085366122,11736,True,75,179,-13568,5.847494,14.334176,0.899463,21.124793,-0.4140625,-0.085366122,11736,True,75,,-13568,0.0,0.0,0.385865,0.335715
1383,baseline_overlay_pass->release->rtl_overlay_pass,5.717259,14.577737,2.832295,23.171422,-0.4453125,-0.096958949,11725,True,71,179,-14592,5.708132,14.816303,0.857222,21.431257,-0.4453125,-0.096958949,11725,True,71,,-14592,0.0,0.0,0.353515,0.333344
1384,baseline_overlay_pass->release->rtl_overlay_pass,5.616267,14.290023,2.872985,22.827466,-0.4453125,-0.09222108,11701,True,71,179,-14592,6.102988,15.039976,0.865013,22.052067,-0.4453125,-0.09222108,11701,True,71,,-14592,0.0,0.0,0.369405,0.325335
1385,baseline_overlay_pass->release->rtl_overlay_pass,5.634498,14.385435,2.851184,22.916747,-0.4453125,-0.090325932,11728,True,71,179,-14592,5.663272,15.168358,0.861712,21.739672,-0.4453125,-0.090325932,11728,True,71,,-14592,0.0,0.0,0.359155,0.337375
1386,baseline_overlay_pass->release->rtl_overlay_pass,5.635328,14.458276,2.865975,23.004659,-0.5078125,-0.115817873,11672,True,63,179,-16640,5.652531,14.748242,0.895733,21.342966,-0.5078125,-0.115817873,11672,True,63,,-16640,0.0,0.0,0.401485,0.326765
1387,baseline_overlay_pass->release->rtl_overlay_pass,5.597517,14.329013,2.877425,22.848927,-0.5078125,-0.107264649,11673,True,63,179,-16640,5.60431,15.159687,0.954563,21.766162,-0.5078125,-0.107264649,11673,True,63,,-16640,0.0,0.0,0.416626,0.352655
1388,baseline_overlay_pass->release->rtl_overlay_pass,5.636718,14.332464,3.15014,23.171222,-0.5078125,-0.10384336,11667,True,63,179,-16640,5.682842,14.399247,1.033045,21.164584,-0.5078125,-0.10384336,11667,True,63,,-16640,0.0,0.0,0.490597,0.333225
1389,baseline_overlay_pass->release->rtl_overlay_pass,5.800061,14.588708,2.907195,23.345515,-0.5546875,-0.122162344,11703,True,57,179,-18176,5.693952,14.392307,0.893863,21.027592,-0.5546875,-0.122162344,11703,True,57,,-18176,0.0,0.0,0.379506,0.337985
1390,baseline_overlay_pass->release->rtl_overlay_pass,5.700209,14.594628,2.950786,23.293504,-0.5546875,-0.115427438,11711,True,57,179,-18176,5.653591,14.413467,0.895862,21.007512,-0.5546875,-0.115427438,11711,True,57,,-18176,0.0,0.0,0.381865,0.333965
1391,baseline_overlay_pass->release->rtl_overlay_pass,5.720439,14.484516,2.955356,23.209063,-0.5546875,-0.112733475,11706,True,57,179,-18176,5.828143,14.401026,0.886912,21.160554,-0.5546875,-0.112733475,11706,True,57,,-18176,0.0,0.0,0.372875,0.336095
1392,baseline_overlay_pass->release->rtl_overlay_pass,5.593367,14.470906,2.899445,23.012179,-0.578125,-0.12149964,11560,True,54,179,-18944,6.299411,14.57788,0.878512,21.802093,-0.578125,-0.12149964,11560,True,54,,-18944,0.0,0.0,0.369325,0.334425
1393,baseline_overlay_pass->release->rtl_overlay_pass,5.75136,14.453356,2.906995,23.165082,-0.578125,-0.117974856,11563,True,54,179,-18944,5.625881,15.349891,0.843932,21.863954,-0.578125,-0.117974856,11563,True,54,,-18944,0.0,0.0,0.346135,0.330174
1394,baseline_overlay_pass->release->rtl_overlay_pass,5.75181,14.430875,2.886715,23.116721,-0.578125,-0.116564942,11565,True,54,179,-18944,5.62372,14.708941,0.852012,21.230124,-0.578125,-0.116564942,11565,True,54,,-18944,0.0,0.0,0.353475,0.331025
1395,baseline_overlay_pass->release->rtl_overlay_pass,5.862171,14.391255,2.882505,23.182882,-0.6171875,-0.132407227,11270,True,49,179,-20224,5.590271,15.404041,0.858193,21.898675,-0.6171875,-0.132407227,11270,True,49,,-20224,0.0,0.0,0.355475,0.337205
1396,baseline_overlay_pass->release->rtl_overlay_pass,5.831731,14.842581,2.884835,23.608439,-0.6171875,-0.127025391,11275,True,49,179,-20224,5.624601,14.504318,0.989894,21.218184,-0.6171875,-0.127025391,11275,True,49,,-20224,0.0,0.0,0.448027,0.349785
1397,baseline_overlay_pass->release->rtl_overlay_pass,5.75354,15.068365,2.824864,23.69197,-0.6171875,-0.124872656,11263,True,49,179,-20224,5.699432,14.850213,0.910563,21.510709,-0.6171875,-0.124872656,11263,True,49,,-20224,0.0,0.0,0.393705,0.340915
1398,baseline_overlay_pass->release->rtl_overlay_pass,5.712279,14.987904,2.876665,23.623668,-0.6328125,-0.130574063,11251,True,47,179,-20736,5.816404,14.61557,0.910873,21.390497,-0.6328125,-0.130574063,11251,True,47,,-20736,0.0,0.0,0.409116,0.326804
1399,baseline_overlay_pass->release->rtl_overlay_pass,5.617208,14.871372,2.900176,23.435836,-0.6328125,-0.128167125,11236,True,47,179,-20736,5.53891,14.383736,0.882892,20.849039,-0.6328125,-0.128167125,11236,True,47,,-20736,0.0,0.0,0.372195,0.338474
1400,baseline_overlay_pass->release->rtl_overlay_pass,5.734109,15.270308,2.834614,23.887183,-0.6328125,-0.12720435,11251,True,47,179,-20736,6.111698,14.374416,0.909143,21.440768,-0.6328125,-0.12720435,11251,True,47,,-20736,0.0,0.0,0.401416,0.334185
1401,baseline_overlay_pass->release->rtl_overlay_pass,5.638318,14.940194,2.878935,23.503387,-0.65625,-0.13666299,11128,True,44,179,-21504,5.771073,15.049666,0.844272,21.708851,-0.65625,-0.13666299,11128,True,44,,-21504,0.0,0.0,0.339845,0.336504
1402,baseline_overlay_pass->release->rtl_overlay_pass,5.653188,14.777891,2.895935,23.374384,-0.65625,-0.133415196,11130,True,44,179,-21504,5.643901,16.02883,0.824492,22.541673,-0.65625,-0.133415196,11130,True,44,,-21504,0.0,0.0,0.334984,0.327434
1403,baseline_overlay_pass->release->rtl_overlay_pass,5.612517,14.662879,2.873735,23.196932,-0.65625,-0.132116078,11142,True,44,179,-21504,5.737812,15.113617,0.846033,21.743862,-0.65625,-0.132116078,11142,True,44,,-21504,0.0,0.0,0.351865,0.330475
1404,baseline_overlay_pass->release->rtl_overlay_pass,5.647638,15.066475,2.952566,23.71262,-0.6796875,-0.141440181,10986,True,41,179,-22272,5.59997,14.843673,0.850602,21.339096,-0.6796875,-0.141440181,10986,True,41,,-22272,0.0,0.0,0.354235,0.328855
1405,baseline_overlay_pass->release->rtl_overlay_pass,5.624768,15.449721,2.859405,23.981284,-0.6796875,-0.138138573,10986,True,41,179,-22272,5.757073,14.771372,0.936644,21.511319,-0.6796875,-0.138138573,10986,True,41,,-22272,0.0,0.0,0.407416,0.349205
1406,baseline_overlay_pass->release->rtl_overlay_pass,5.646448,14.634818,3.133778,23.466326,-0.6796875,-0.136817929,10988,True,41,179,-22272,5.589981,14.378906,0.925754,20.940781,-0.6796875,-0.136817929,10988,True,41,,-22272,0.0,0.0,0.417596,0.332485
1407,baseline_overlay_pass->release->rtl_overlay_pass,5.662708,14.917033,3.065958,23.696839,-0.6953125,-0.142852172,10805,True,39,179,-22784,5.630151,14.308376,0.888933,20.87405,-0.6953125,-0.142852172,10805,True,39,,-22784,0.0,0.0,0.380646,0.332585
1408,baseline_overlay_pass->release->rtl_overlay_pass,5.600757,14.516866,3.228641,23.397415,-0.6953125,-0.140578369,10807,True,39,179,-22784,5.695832,14.315465,0.889742,20.94397,-0.6953125,-0.140578369,10807,True,39,,-22784,0.0,0.0,0.379345,0.334955
1409,baseline_overlay_pass->release->rtl_overlay_pass,5.843431,14.390415,3.014087,23.297993,-0.6953125,-0.139668847,10815,True,39,179,-22784,5.919925,14.377956,0.892263,21.236045,-0.6953125,-0.139668847,10815,True,39,,-22784,0.0,0.0,0.384966,0.332865
1410,baseline_overlay_pass->release->rtl_overlay_pass,5.726239,14.366535,2.897555,23.040529,-0.8203125,-0.191805039,8611,True,23,179,-26880,6.113858,14.467808,0.911863,21.540449,-0.8203125,-0.191805039,8611,True,23,,-26880,0.0,0.0,0.372696,0.364316
1411,baseline_overlay_pass->release->rtl_overlay_pass,5.78509,14.511636,2.853425,23.199522,-0.8203125,-0.175159516,8599,True,23,179,-26880,5.58196,15.3117,0.829402,21.768782,-0.8203125,-0.175159516,8599,True,23,,-26880,0.0,0.0,0.335125,0.328384
1412,baseline_overlay_pass->release->rtl_overlay_pass,5.706629,14.334734,2.901875,22.991118,-0.8203125,-0.168501306,8611,True,23,179,-26880,5.638021,14.672231,0.890603,21.245165,-0.8203125,-0.168501306,8611,True,23,,-26880,0.0,0.0,0.360985,0.334635
1413,baseline_overlay_pass->release->rtl_overlay_pass,5.786011,14.627678,2.847215,23.306264,-0.8359375,-0.172400522,8297,True,21,179,-27392,5.627331,14.804422,0.867712,21.345576,-0.8359375,-0.172400522,8297,True,21,,-27392,0.0,0.0,0.359085,0.335804
1414,baseline_overlay_pass->release->rtl_overlay_pass,5.726899,14.495186,2.859774,23.13111,-0.8359375,-0.169272709,8301,True,21,179,-27392,5.656571,14.63375,0.997424,21.336786,-0.8359375,-0.169272709,8301,True,21,,-27392,0.0,0.0,0.460737,0.340124
1415,baseline_overlay_pass->release->rtl_overlay_pass,5.837811,14.334184,2.899835,23.11866,-0.8359375,-0.168021584,8301,True,21,179,-27392,5.630311,14.571979,0.956284,21.207634,-0.8359375,-0.168021584,8301,True,21,,-27392,0.0,0.0,0.411736,0.346945
1416,baseline_overlay_pass->release->rtl_overlay_pass,5.843962,14.380784,2.949476,23.220553,-0.890625,-0.190489883,7249,True,14,179,-29184,5.5938,14.443707,0.887663,20.972721,-0.890625,-0.190489883,7249,True,14,,-29184,0.0,0.0,0.378906,0.333185
1417,baseline_overlay_pass->release->rtl_overlay_pass,5.77249,14.875532,2.886055,23.584748,-0.890625,-0.183070953,7244,True,14,179,-29184,5.700071,14.331735,0.892162,20.96654,-0.890625,-0.183070953,7244,True,14,,-29184,0.0,0.0,0.382195,0.333865
1418,baseline_overlay_pass->release->rtl_overlay_pass,5.75884,15.066955,2.827534,23.702,-0.890625,-0.180103381,7249,True,14,179,-29184,5.782253,14.326496,0.876792,21.031101,-0.890625,-0.180103381,7249,True,14,,-29184,0.0,0.0,0.372755,0.331225
1419,baseline_overlay_pass->release->rtl_overlay_pass,5.731049,14.965833,2.797294,23.541027,-0.8828125,-0.175635103,7265,True,15,179,-28928,6.141169,14.432267,0.883253,21.503789,-0.8828125,-0.175635103,7265,True,15,,-28928,0.0,0.0,0.374746,0.333315
1420,baseline_overlay_pass->release->rtl_overlay_pass,5.665048,14.998814,2.801833,23.513266,-0.890625,-0.179472791,7263,True,14,179,-29184,5.777772,15.34027,0.823082,21.984896,-0.890625,-0.179472791,7263,True,14,,-29184,0.0,0.0,0.334895,0.324615
1421,baseline_overlay_pass->release->rtl_overlay_pass,5.598187,15.178497,2.793703,23.616148,-0.890625,-0.178664116,7260,True,14,179,-29184,5.662221,14.979395,0.856072,21.543529,-0.890625,-0.178664116,7260,True,14,,-29184,0.0,0.0,0.357015,0.334914
1422,baseline_overlay_pass->release->rtl_overlay_pass,5.659959,14.77816,2.864594,23.350865,-0.875,-0.171778147,7137,True,16,179,-28672,5.719882,14.964065,0.868653,21.59806,-0.875,-0.171778147,7137,True,16,,-28672,0.0,0.0,0.361315,0.335695
1423,baseline_overlay_pass->release->rtl_overlay_pass,5.605328,14.834942,2.807524,23.292414,-0.875,-0.173711259,7134,True,16,179,-28672,5.58913,14.60826,0.968894,21.214435,-0.875,-0.173711259,7134,True,16,,-28672,0.0,0.0,0.428736,0.351885
1424,baseline_overlay_pass->release->rtl_overlay_pass,5.682099,15.030764,2.880225,23.639819,-0.875,-0.174484503,7135,True,16,179,-28672,5.822514,14.385586,1.049616,21.304736,-0.875,-0.174484503,7135,True,16,,-28672,0.0,0.0,0.512797,0.342365
1425,baseline_overlay_pass->release->rtl_overlay_pass,5.668588,14.75031,2.878655,23.343965,-0.8359375,-0.158387551,7761,True,21,179,-27392,5.645571,14.457468,0.898623,21.048582,-0.8359375,-0.158387551,7761,True,21,,-27392,0.0,0.0,0.386236,0.335545
1426,baseline_overlay_pass->release->rtl_overlay_pass,5.596918,14.856262,2.948766,23.452086,-0.8359375,-0.163667521,7761,True,21,179,-27392,5.611691,14.439987,0.879312,20.974341,-0.8359375,-0.163667521,7761,True,21,,-27392,0.0,0.0,0.375205,0.330504
1427,baseline_overlay_pass->release->rtl_overlay_pass,5.604748,16.436036,2.945616,25.033561,-0.8359375,-0.165779508,7748,True,21,179,-27392,5.776413,14.345486,0.873653,21.041282,-0.8359375,-0.165779508,7748,True,21,,-27392,0.0,0.0,0.368086,0.332685
1428,baseline_overlay_pass->release->rtl_overlay_pass,5.705059,16.260854,2.999797,25.01655,-0.8125,-0.156780553,8227,True,24,179,-26624,6.037387,14.796183,0.951404,21.832814,-0.8125,-0.156780553,8227,True,24,,-26624,0.0,0.0,0.447697,0.330835
1429,baseline_overlay_pass->release->rtl_overlay_pass,5.650619,14.646258,3.19929,23.549798,-0.8125,-0.160212221,8227,True,24,179,-26624,5.646611,15.391901,0.839002,21.922984,-0.8125,-0.160212221,8227,True,24,,-26624,0.0,0.0,0.344235,0.329785
1430,baseline_overlay_pass->release->rtl_overlay_pass,5.655808,16.613039,2.961976,25.283174,-0.8125,-0.161584889,8226,True,24,179,-26624,5.649061,14.696871,0.894573,21.285636,-0.8125,-0.161584889,8226,True,24,,-26624,0.0,0.0,0.350865,0.329355
1431,baseline_overlay_pass->release->rtl_overlay_pass,5.662418,14.507926,3.059838,23.283683,-0.78125,-0.149008955,8670,True,28,179,-25600,5.727072,14.852093,0.848382,21.472457,-0.78125,-0.149008955,8670,True,28,,-25600,0.0,0.0,0.350905,0.333255
1432,baseline_overlay_pass->release->rtl_overlay_pass,5.708179,14.611678,3.17669,23.549827,-0.78125,-0.153353582,8667,True,28,179,-25600,5.655482,14.509828,0.975704,21.189254,-0.78125,-0.153353582,8667,True,28,,-25600,0.0,0.0,0.429936,0.348535
1433,baseline_overlay_pass->release->rtl_overlay_pass,5.613038,14.453936,3.257231,23.376215,-0.78125,-0.155091433,8666,True,28,179,-25600,5.614631,14.421907,0.895213,20.979521,-0.78125,-0.155091433,8666,True,28,,-25600,0.0,0.0,0.385486,0.333785
1434,baseline_overlay_pass->release->rtl_overlay_pass,5.626048,14.289693,4.152575,24.121026,-0.7578125,-0.145942823,9326,True,31,179,-24832,5.712582,14.394446,0.910043,21.062212,-0.7578125,-0.145942823,9326,True,31,,-24832,0.0,0.0,0.384055,0.338335
1435,baseline_overlay_pass->release->rtl_overlay_pass,5.647558,14.329454,2.983746,23.013708,-0.7578125,-0.149314629,9321,True,31,179,-24832,5.718631,14.395226,0.870583,21.031072,-0.7578125,-0.149314629,9321,True,31,,-24832,0.0,0.0,0.367885,0.328245
1436,baseline_overlay_pass->release->rtl_overlay_pass,5.592358,14.466255,3.099378,23.209472,-0.7578125,-0.150663352,9323,True,31,179,-24832,5.895325,14.341406,0.882753,21.164184,-0.7578125,-0.150663352,9323,True,31,,-24832,0.0,0.0,0.373815,0.336025
1437,baseline_overlay_pass->release->rtl_overlay_pass,5.597748,14.431685,2.857695,22.939108,-0.7421875,-0.144640341,9786,True,33,179,-24320,5.678512,15.125097,0.826602,21.675181,-0.7421875,-0.144640341,9786,True,33,,-24320,0.0,0.0,0.334355,0.328564
1438,baseline_overlay_pass->release->rtl_overlay_pass,5.597298,14.379704,2.872825,22.897627,-0.7421875,-0.146918636,9784,True,33,179,-24320,5.642511,14.827983,0.853292,21.366556,-0.7421875,-0.146918636,9784,True,33,,-24320,0.0,0.0,0.352615,0.334975
1439,baseline_overlay_pass->release->rtl_overlay_pass,5.606207,14.534787,2.860905,23.043679,-0.7421875,-0.147829955,9783,True,33,179,-24320,5.677821,14.69159,0.908663,21.323046,-0.7421875,-0.147829955,9783,True,33,,-24320,0.0,0.0,0.361025,0.331995
1440,baseline_overlay_pass->release->rtl_overlay_pass,5.637718,14.458126,2.869405,23.015469,-0.7265625,-0.141631982,10080,True,35,179,-23808,5.641951,14.63044,0.960794,21.280715,-0.7265625,-0.141631982,10080,True,35,,-23808,0.0,0.0,0.422636,0.351965
1441,baseline_overlay_pass->release->rtl_overlay_pass,5.642308,14.491306,2.823484,23.004008,-0.7265625,-0.143840293,10092,True,35,179,-23808,5.642141,14.63344,0.882873,21.201814,-0.7265625,-0.143840293,10092,True,35,,-23808,0.0,0.0,0.351105,0.329655
1442,baseline_overlay_pass->release->rtl_overlay_pass,5.82693,14.384094,2.831004,23.09022,-0.7265625,-0.144723617,10093,True,35,179,-23808,5.59762,14.402336,0.878133,20.92426,-0.7265625,-0.144723617,10093,True,35,,-23808,0.0,0.0,0.372955,0.334045
1443,baseline_overlay_pass->release->rtl_overlay_pass,5.601177,14.455485,2.896385,22.999998,-0.7109375,-0.138514447,10462,True,37,179,-23296,5.632851,14.408687,0.896583,20.982961,-0.7109375,-0.138514447,10462,True,37,,-23296,0.0,0.0,0.383435,0.335864
1444,baseline_overlay_pass->release->rtl_overlay_pass,5.598497,14.354714,2.845275,22.843556,-0.7109375,-0.140718279,10467,True,37,179,-23296,5.835794,14.340046,0.897653,21.118183,-0.7109375,-0.140718279,10467,True,37,,-23296,0.0,0.0,0.367276,0.325914
1445,baseline_overlay_pass->release->rtl_overlay_pass,5.72806,14.300493,2.881995,22.956068,-0.7109375,-0.141599811,10468,True,37,179,-23296,5.763913,14.798002,0.849243,21.458768,-0.7109375,-0.141599811,10468,True,37,,-23296,0.0,0.0,0.349505,0.329675
1446,baseline_overlay_pass->release->rtl_overlay_pass,5.715789,14.567527,2.895665,23.226002,-0.703125,-0.138671175,10798,True,38,179,-23040,5.643651,15.142777,0.880073,21.712401,-0.703125,-0.138671175,10798,True,38,,-23040,0.0,0.0,0.385796,0.326264
1447,baseline_overlay_pass->release->rtl_overlay_pass,5.79726,14.387324,2.876385,23.10817,-0.703125,-0.13984347,10799,True,38,179,-23040,5.628461,14.756131,0.851702,21.279305,-0.703125,-0.13984347,10799,True,38,,-23040,0.0,0.0,0.351715,0.331465
1448,baseline_overlay_pass->release->rtl_overlay_pass,5.830381,14.360504,2.862224,23.101,-0.703125,-0.140312388,10800,True,38,179,-23040,5.677622,14.63724,0.950744,21.311686,-0.703125,-0.140312388,10800,True,38,,-23040,0.0,0.0,0.405246,0.352775
1449,baseline_overlay_pass->release->rtl_overlay_pass,5.832901,14.7644,2.887255,23.541717,-0.6875,-0.133937455,11303,True,40,179,-22528,5.62275,14.522008,1.058135,21.256304,-0.6875,-0.133937455,11303,True,40,,-22528,0.0,0.0,0.470947,0.337654
1450,baseline_overlay_pass->release->rtl_overlay_pass,5.8044,14.78493,2.885955,23.522777,-0.6875,-0.136074982,11302,True,40,179,-22528,5.64042,14.475747,0.883822,21.047762,-0.6875,-0.136074982,11302,True,40,,-22528,0.0,0.0,0.374715,0.333634
1451,baseline_overlay_pass->release->rtl_overlay_pass,5.623788,15.021214,2.861814,23.551997,-0.6875,-0.136929993,11297,True,40,179,-22528,5.57737,14.614289,0.868472,21.102192,-0.6875,-0.136929993,11297,True,40,,-22528,0.0,0.0,0.362615,0.334754
1452,baseline_overlay_pass->release->rtl_overlay_pass,5.677198,14.949753,2.938355,23.613328,-0.671875,-0.130709497,11660,True,42,179,-22016,5.753322,14.415286,0.886372,21.097312,-0.671875,-0.130709497,11660,True,42,,-22016,0.0,0.0,0.376485,0.337014
1453,baseline_overlay_pass->release->rtl_overlay_pass,5.570156,14.742109,2.860194,23.219771,-0.671875,-0.132908799,11677,True,42,179,-22016,5.897315,14.476828,0.914163,21.332246,-0.671875,-0.132908799,11677,True,42,,-22016,0.0,0.0,0.402756,0.333014
1454,baseline_overlay_pass->release->rtl_overlay_pass,5.606548,14.715289,2.891675,23.259153,-0.671875,-0.13378852,11661,True,42,179,-22016,5.714512,15.092427,0.829202,21.680481,-0.671875,-0.13378852,11661,True,42,,-22016,0.0,0.0,0.338095,0.329615
1455,baseline_overlay_pass->release->rtl_overlay_pass,5.593157,14.727889,2.972667,23.340074,-0.65625,-0.127577908,12010,True,44,179,-21504,5.640431,14.813512,0.895853,21.393896,-0.65625,-0.127577908,12010,True,44,,-21504,0.0,0.0,0.392905,0.331505
1456,baseline_overlay_pass->release->rtl_overlay_pass,5.625758,14.700329,2.869634,23.241272,-0.65625,-0.129781163,11982,True,44,179,-21504,5.700831,14.69679,0.855553,21.297756,-0.65625,-0.129781163,11982,True,44,,-21504,0.0,0.0,0.354945,0.336105
1457,baseline_overlay_pass->release->rtl_overlay_pass,5.592827,14.786741,3.011267,23.437295,-0.65625,-0.130662465,11977,True,44,179,-21504,5.665411,14.583229,0.998524,21.299356,-0.65625,-0.130662465,11977,True,44,,-21504,0.0,0.0,0.444877,0.356106
1458,baseline_overlay_pass->release->rtl_overlay_pass,5.635368,14.922463,2.856755,23.462176,-0.6328125,-0.121171236,12829,True,47,179,-20736,5.639121,14.360386,0.882092,20.93122,-0.6328125,-0.121171236,12829,True,47,,-20736,0.0,0.0,0.371675,0.336315
1459,baseline_overlay_pass->release->rtl_overlay_pass,5.623027,14.713769,2.932406,23.316593,-0.6328125,-0.124405994,12825,True,47,179,-20736,5.617141,14.536089,0.893693,21.091193,-0.6328125,-0.124405994,12825,True,47,,-20736,0.0,0.0,0.378435,0.338535
1460,baseline_overlay_pass->release->rtl_overlay_pass,5.701979,14.814731,2.812754,23.375364,-0.6328125,-0.125699898,12837,True,47,179,-20736,5.820804,14.384196,0.883132,21.131983,-0.6328125,-0.125699898,12837,True,47,,-20736,0.0,0.0,0.377095,0.330274
1461,baseline_overlay_pass->release->rtl_overlay_pass,5.75583,14.875082,2.878375,23.557577,-0.6171875,-0.119654959,13196,True,49,179,-20224,5.885094,14.328216,0.888873,21.147703,-0.6171875,-0.119654959,13196,True,49,,-20224,0.0,0.0,0.379186,0.335235
1462,baseline_overlay_pass->release->rtl_overlay_pass,5.704159,14.76752,2.939166,23.458256,-0.6171875,-0.121924484,13198,True,49,179,-20224,5.837064,14.995495,0.867933,21.748222,-0.6171875,-0.121924484,13198,True,49,,-20224,0.0,0.0,0.367236,0.327145
1463,baseline_overlay_pass->release->rtl_overlay_pass,5.668488,14.648838,3.152709,23.520957,-0.6171875,-0.122832293,13193,True,49,179,-20224,5.60277,15.041445,0.838702,21.527978,-0.6171875,-0.122832293,13193,True,49,,-20224,0.0,0.0,0.343414,0.330015
1464,baseline_overlay_pass->release->rtl_overlay_pass,5.72673,14.715389,2.951156,23.442405,-0.5234375,-0.083820417,13372,True,61,179,-17152,5.696731,14.849112,0.891822,21.481127,-0.5234375,-0.083820417,13372,True,61,,-17152,0.0,0.0,0.399365,0.325205
1465,baseline_overlay_pass->release->rtl_overlay_pass,5.621987,14.566047,3.080277,23.320154,-0.5234375,-0.096340667,13369,True,61,179,-17152,5.610191,14.798352,0.867993,21.322106,-0.5234375,-0.096340667,13369,True,61,,-17152,0.0,0.0,0.362665,0.336045
1466,baseline_overlay_pass->release->rtl_overlay_pass,5.667869,14.74942,3.047147,23.518246,-0.5234375,-0.101348767,13369,True,61,179,-17152,5.685812,14.500158,1.035185,21.271775,-0.5234375,-0.101348767,13369,True,61,,-17152,0.0,0.0,0.443996,0.339525
1467,baseline_overlay_pass->release->rtl_overlay_pass,5.656658,14.521676,3.125048,23.362993,-0.4921875,-0.090227007,13291,True,65,179,-16128,5.706901,14.576449,0.897413,21.230414,-0.4921875,-0.090227007,13291,True,65,,-16128,0.0,0.0,0.386186,0.334615
1468,baseline_overlay_pass->release->rtl_overlay_pass,5.554677,14.460885,2.939945,23.006349,-0.4921875,-0.095153303,13270,True,65,179,-16128,5.667451,14.355216,0.889813,20.95839,-0.4921875,-0.095153303,13270,True,65,,-16128,0.0,0.0,0.375496,0.340535
1469,baseline_overlay_pass->release->rtl_overlay_pass,5.639638,14.330393,4.347928,24.370789,-0.4921875,-0.097123821,13278,True,65,179,-16128,5.606341,14.502358,0.886663,21.038852,-0.4921875,-0.097123821,13278,True,65,,-16128,0.0,0.0,0.376715,0.335425
1470,baseline_overlay_pass->release->rtl_overlay_pass,5.606497,14.337303,3.21162,23.206651,-0.3203125,-0.025724528,12671,True,87,179,-10496,5.791373,14.387436,0.900203,21.124763,-0.3203125,-0.025724528,12671,True,87,,-10496,0.0,0.0,0.387916,0.335465
1471,baseline_overlay_pass->release->rtl_overlay_pass,5.891782,14.649178,3.375583,23.969353,-0.3203125,-0.048727311,12684,True,87,179,-10496,5.878575,14.66322,0.867653,21.456688,-0.3203125,-0.048727311,12684,True,87,,-10496,0.0,0.0,0.363046,0.330735
1472,baseline_overlay_pass->release->rtl_overlay_pass,5.611657,14.532637,3.136799,23.332703,-0.3203125,-0.057928425,12666,True,87,179,-10496,5.61373,15.021525,0.832372,21.512738,-0.3203125,-0.057928425,12666,True,87,,-10496,0.0,0.0,0.334195,0.331975
1473,baseline_overlay_pass->release->rtl_overlay_pass,5.619328,14.381774,2.921276,22.972418,-0.2265625,-0.02223387,12352,True,99,179,-7424,5.674321,14.728411,0.852452,21.344585,-0.2265625,-0.02223387,12352,True,99,,-7424,0.0,0.0,0.357695,0.328905
1474,baseline_overlay_pass->release->rtl_overlay_pass,5.586207,14.327113,2.893225,22.854726,-0.2265625,-0.036081048,12360,True,99,179,-7424,5.630081,14.795122,0.852992,21.323425,-0.2265625,-0.036081048,12360,True,99,,-7424,0.0,0.0,0.355225,0.333055
1475,baseline_overlay_pass->release->rtl_overlay_pass,5.598937,14.654359,2.851054,23.14607,-0.2265625,-0.041619919,12336,True,99,179,-7424,5.684122,14.760321,1.015384,21.506048,-0.2265625,-0.041619919,12336,True,99,,-7424,0.0,0.0,0.480867,0.337435
1476,baseline_overlay_pass->release->rtl_overlay_pass,5.642548,14.287263,2.965496,22.944917,-0.15625,-0.014304218,12195,True,108,179,-5120,5.60867,14.371596,0.886073,20.91442,-0.15625,-0.014304218,12195,True,108,,-5120,0.0,0.0,0.374155,0.336625
1477,baseline_overlay_pass->release->rtl_overlay_pass,5.647818,14.313413,2.884775,22.891826,-0.15625,-0.024471687,12213,True,108,179,-5120,5.711781,14.321765,0.884573,20.96578,-0.15625,-0.024471687,12213,True,108,,-5120,0.0,0.0,0.372596,0.337615
1478,baseline_overlay_pass->release->rtl_overlay_pass,5.576827,14.459605,2.890995,22.973418,-0.15625,-0.028538675,12207,True,108,179,-5120,5.703811,14.399426,0.895623,21.041631,-0.15625,-0.028538675,12207,True,108,,-5120,0.0,0.0,0.383676,0.334415
1479,baseline_overlay_pass->release->rtl_overlay_pass,5.661668,14.406375,2.866895,22.979358,-0.1015625,-0.00719672,12193,True,115,179,-3328,5.855814,14.513128,0.892043,21.307615,-0.1015625,-0.00719672,12193,True,115,,-3328,0.0,0.0,0.375806,0.339505
1480,baseline_overlay_pass->release->rtl_overlay_pass,5.685788,14.363763,2.875364,22.972407,-0.1015625,-0.015066188,12179,True,115,179,-3328,5.717012,14.931744,0.844563,21.543929,-0.1015625,-0.015066188,12179,True,115,,-3328,0.0,0.0,0.346365,0.330835
1481,baseline_overlay_pass->release->rtl_overlay_pass,5.79123,14.357034,2.879655,23.075219,-0.109375,-0.021495225,12181,True,114,179,-3584,5.610851,15.110416,0.851582,21.61876,-0.109375,-0.021495225,12181,True,114,,-3584,0.0,0.0,0.352005,0.332125
1482,baseline_overlay_pass->release->rtl_overlay_pass,5.891201,14.297342,2.884305,23.12117,-0.046875,0.00452691,12042,True,122,179,-1536,5.698011,14.70565,0.865902,21.314495,-0.046875,0.00452691,12042,True,122,,-1536,0.0,0.0,0.363425,0.335595
1483,baseline_overlay_pass->release->rtl_overlay_pass,5.682468,14.72012,2.883565,23.341754,-0.046875,-0.003814236,12041,True,122,179,-1536,5.710321,14.715421,0.928383,21.401797,-0.046875,-0.003814236,12041,True,122,,-1536,0.0,0.0,0.396556,0.351625
1484,baseline_overlay_pass->release->rtl_overlay_pass,5.633748,14.981334,2.858664,23.522447,-0.046875,-0.007150694,12040,True,122,179,-1536,5.670811,14.380706,0.969564,21.069442,-0.046875,-0.007150694,12040,True,122,,-1536,0.0,0.0,0.405186,0.347245
1485,baseline_overlay_pass->release->rtl_overlay_pass,5.619098,15.022884,2.843964,23.533326,-0.0234375,0.001358472,12023,True,125,179,-768,5.670071,14.368165,0.891272,20.979351,-0.0234375,0.001358472,12023,True,125,,-768,0.0,0.0,0.375385,0.339015
1486,baseline_overlay_pass->release->rtl_overlay_pass,5.698839,14.890022,2.889425,23.525086,-0.0234375,-0.002269111,12029,True,125,179,-768,5.634921,14.406597,0.925783,21.011501,-0.0234375,-0.002269111,12029,True,125,,-768,0.0,0.0,0.379775,0.366145
1487,baseline_overlay_pass->release->rtl_overlay_pass,5.594917,14.895142,2.918465,23.458336,-0.0234375,-0.003720144,12025,True,125,179,-768,5.832593,14.422176,0.890092,21.189723,-0.0234375,-0.003720144,12025,True,125,,-768,0.0,0.0,0.382575,0.333495
1488,baseline_overlay_pass->release->rtl_overlay_pass,5.616497,14.724269,2.919716,23.308143,-0.0234375,-0.004300558,11935,True,125,179,-768,5.901315,14.805882,0.875713,21.63406,-0.0234375,-0.004300558,11935,True,125,,-768,0.0,0.0,0.370275,0.331995
1489,baseline_overlay_pass->release->rtl_overlay_pass,5.625247,14.693839,2.901095,23.266252,-0.0234375,-0.004532723,11937,True,125,179,-768,5.639441,15.088256,0.829402,21.602349,-0.0234375,-0.004532723,11937,True,125,,-768,0.0,0.0,0.334205,0.332554
1490,baseline_overlay_pass->release->rtl_overlay_pass,5.665078,15.957378,3.049098,24.720475,-0.0234375,-0.004625589,11960,True,125,179,-768,5.646881,14.807882,0.889412,21.389266,-0.0234375,-0.004625589,11960,True,125,,-768,0.0,0.0,0.352355,0.329215
1491,baseline_overlay_pass->release->rtl_overlay_pass,5.635858,14.704879,2.963986,23.351274,-0.015625,0.005181014,12006,True,126,179,-512,5.709182,14.6451,0.859122,21.259355,-0.015625,0.005181014,12006,True,126,,-512,0.0,0.0,0.359005,0.333975
1492,baseline_overlay_pass->release->rtl_overlay_pass,5.587717,14.608658,2.929585,23.175531,-0.015625,0.002072406,11989,True,126,179,-512,5.730792,14.718951,0.962274,21.457577,-0.015625,0.002072406,11989,True,126,,-512,0.0,0.0,0.402886,0.376985
1493,baseline_overlay_pass->release->rtl_overlay_pass,5.640598,15.870927,2.985206,24.546103,-0.015625,0.000828962,11999,True,126,179,-512,5.63765,14.493867,0.888833,21.068862,-0.015625,0.000828962,11999,True,126,,-512,0.0,0.0,0.375115,0.333934
1494,baseline_overlay_pass->release->rtl_overlay_pass,5.74614,14.877412,3.20785,23.883002,-0.0078125,0.000331585,11895,True,127,179,-256,5.674081,14.332716,0.888923,20.9424,-0.0078125,0.000331585,11895,True,127,,-256,0.0,0.0,0.378025,0.334735
1495,baseline_overlay_pass->release->rtl_overlay_pass,5.667328,15.523542,3.2064,24.45248,-0.0078125,0.000132634,11891,True,127,179,-256,5.59194,14.400086,0.884572,20.919949,-0.0078125,0.000132634,11891,True,127,,-256,0.0,0.0,0.374595,0.330205
1496,baseline_overlay_pass->release->rtl_overlay_pass,5.723919,16.602748,2.903136,25.281904,-0.0078125,5.3054e-05,11903,True,127,179,-256,5.879654,14.404797,0.895653,21.224974,-0.0078125,5.3054e-05,11903,True,127,,-256,0.0,0.0,0.385676,0.334005
1497,baseline_overlay_pass->release->rtl_overlay_pass,5.629948,15.279328,3.092748,24.051214,0.0,2.1221e-05,11658,True,128,179,0,5.794693,14.884903,0.876252,21.606679,0.0,2.1221e-05,11658,True,128,,0,0.0,0.0,0.354195,0.327404
1498,baseline_overlay_pass->release->rtl_overlay_pass,5.610057,16.622389,2.902135,25.186141,0.0,8.489e-06,11673,True,128,179,0,5.634571,14.953064,0.841742,21.474637,0.0,8.489e-06,11673,True,128,,0,0.0,0.0,0.346145,0.330205
1499,baseline_overlay_pass->release->rtl_overlay_pass,5.603647,16.07585,3.010377,24.739155,0.0,3.395e-06,11652,True,128,179,0,5.630471,14.697981,0.853722,21.225294,0.0,3.395e-06,11652,True,128,,0,0.0,0.0,0.352805,0.336794
1500,baseline_overlay_pass->release->rtl_overlay_pass,5.646428,14.842861,2.918505,23.454395,0.0,1.358e-06,11733,True,128,179,0,5.622931,14.740691,0.939984,21.406647,0.0,1.358e-06,11733,True,128,,0,0.0,0.0,0.415996,0.343645
1501,baseline_overlay_pass->release->rtl_overlay_pass,5.650918,15.108425,2.932076,23.740259,0.0,5.43e-07,11731,True,128,179,0,5.61559,14.389546,1.134266,21.186763,0.0,5.43e-07,11731,True,128,,0,0.0,0.0,0.376855,0.517687
1502,baseline_overlay_pass->release->rtl_overlay_pass,5.622677,14.878732,2.935166,23.486556,0.0,2.17e-07,11733,True,128,179,0,5.694192,14.346595,0.914043,21.001341,0.0,2.17e-07,11733,True,128,,0,0.0,0.0,0.379995,0.359105
1503,baseline_overlay_pass->release->rtl_overlay_pass,5.651888,15.998959,2.862244,24.560393,0.0078125,8.7e-08,11718,True,129,179,256,5.633181,14.337735,0.873073,20.887139,0.0078125,8.7e-08,11718,True,129,,256,0.0,0.0,0.369096,0.331195
1504,baseline_overlay_pass->release->rtl_overlay_pass,5.633538,14.76648,2.934866,23.384314,0.0078125,3.5e-08,11728,True,129,179,256,5.930925,14.429987,0.891713,21.298715,0.0078125,3.5e-08,11728,True,129,,256,0.0,0.0,0.384406,0.331275
1505,baseline_overlay_pass->release->rtl_overlay_pass,5.609967,15.076404,2.975237,23.710799,0.0078125,1.4e-08,11749,True,129,179,256,6.010736,14.824272,0.864392,21.746851,0.0078125,1.4e-08,11749,True,129,,256,0.0,0.0,0.359265,0.334545
1506,baseline_overlay_pass->release->rtl_overlay_pass,5.613658,14.7763,2.895125,23.333453,0.015625,6e-09,11626,True,130,179,512,5.821413,15.31799,0.848642,22.035475,0.015625,6e-09,11626,True,130,,512,0.0,0.0,0.354745,0.326434
1507,baseline_overlay_pass->release->rtl_overlay_pass,5.573177,14.77697,2.914005,23.312383,0.015625,2e-09,11641,True,130,179,512,5.58854,14.802712,0.844122,21.281515,0.015625,2e-09,11641,True,130,,512,0.0,0.0,0.350505,0.327624
1508,baseline_overlay_pass->release->rtl_overlay_pass,5.597197,15.248297,2.946235,23.84097,0.015625,1e-09,11650,True,130,179,512,5.782213,14.775302,0.852852,21.454387,0.015625,1e-09,11650,True,130,,512,0.0,0.0,0.350885,0.334805
1509,baseline_overlay_pass->release->rtl_overlay_pass,5.723849,14.579957,3.20388,23.603397,0.0234375,0.00984375,11777,True,131,179,768,5.666712,14.70671,0.982134,21.405277,0.0234375,0.00984375,11777,True,131,,768,0.0,0.0,0.429686,0.357145
1510,baseline_overlay_pass->release->rtl_overlay_pass,5.643058,14.720299,4.848795,25.264923,0.0234375,0.00675,11784,True,131,179,768,5.637161,14.527778,0.904303,21.118302,0.0234375,0.00675,11784,True,131,,768,0.0,0.0,0.399256,0.332514
1511,baseline_overlay_pass->release->rtl_overlay_pass,5.649338,15.40797,2.960196,24.067914,0.0234375,0.0055125,11803,True,131,179,768,5.60709,14.521367,0.868682,21.042381,0.0234375,0.0055125,11803,True,131,,768,0.0,0.0,0.367465,0.328054
1512,baseline_overlay_pass->release->rtl_overlay_pass,5.646568,15.235137,3.046337,23.977583,0.03125,0.00829875,11834,True,132,179,1024,5.626101,14.593709,0.879523,21.143233,0.03125,0.00829875,11834,True,132,,1024,0.0,0.0,0.375126,0.331235
1513,baseline_overlay_pass->release->rtl_overlay_pass,5.624808,14.541956,3.22238,23.442465,0.03125,0.0070695,11817,True,132,179,1024,6.094397,14.425076,0.878903,21.445467,0.03125,0.0070695,11817,True,132,,1024,0.0,0.0,0.374665,0.333085
1514,baseline_overlay_pass->release->rtl_overlay_pass,5.665188,14.540716,3.156589,23.419764,0.03125,0.0065778,11808,True,132,179,1024,5.887624,14.916724,0.848882,21.7047,0.03125,0.0065778,11808,True,132,,1024,0.0,0.0,0.354225,0.326135
1515,baseline_overlay_pass->release->rtl_overlay_pass,5.547886,14.74585,3.259051,23.601747,0.0390625,0.00966237,11800,True,133,179,1280,5.58975,15.305609,0.846402,21.789152,0.0390625,0.00966237,11800,True,133,,1280,0.0,0.0,0.348225,0.329395
1516,baseline_overlay_pass->release->rtl_overlay_pass,5.587827,14.538776,3.18921,23.366333,0.0390625,0.008552448,11782,True,133,179,1280,5.700672,14.862883,0.848472,21.458367,0.0390625,0.008552448,11782,True,133,,1280,0.0,0.0,0.355545,0.327344
1517,baseline_overlay_pass->release->rtl_overlay_pass,5.908852,14.642668,3.083298,23.689329,0.0390625,0.008108479,11803,True,133,179,1280,5.6074,14.783841,0.856842,21.294845,0.0390625,0.008108479,11803,True,133,,1280,0.0,0.0,0.360845,0.331005
1518,baseline_overlay_pass->release->rtl_overlay_pass,5.625528,14.451375,3.253991,23.383074,0.046875,0.011212142,11834,True,134,179,1536,5.688321,14.683711,1.015024,21.436737,0.046875,0.011212142,11834,True,134,,1536,0.0,0.0,0.469787,0.348555
1519,baseline_overlay_pass->release->rtl_overlay_pass,5.582807,14.383654,3.815619,23.83457,0.046875,0.010109857,11796,True,134,179,1536,5.643531,14.477907,0.886683,21.056381,0.046875,0.010109857,11796,True,134,,1536,0.0,0.0,0.377966,0.334805
1520,baseline_overlay_pass->release->rtl_overlay_pass,5.582256,14.690618,3.130038,23.457535,0.046875,0.009668943,11771,True,134,179,1536,5.56881,14.484528,0.889413,20.990071,0.046875,0.009668943,11771,True,134,,1536,0.0,0.0,0.382176,0.334315
1521,baseline_overlay_pass->release->rtl_overlay_pass,5.593257,15.342058,4.456629,25.443226,0.046875,0.009492577,11723,True,134,179,1536,5.650261,14.455427,0.888893,21.039751,0.046875,0.009492577,11723,True,134,,1536,0.0,0.0,0.379636,0.333945
1522,baseline_overlay_pass->release->rtl_overlay_pass,5.568407,14.612747,4.128144,24.363689,0.046875,0.009422031,11703,True,134,179,1536,5.880224,14.308635,0.885132,21.295475,0.046875,0.009422031,11703,True,134,,1536,0.0,0.0,0.378455,0.333725
1523,baseline_overlay_pass->release->rtl_overlay_pass,5.560687,15.923688,3.22456,24.762425,0.046875,0.009393812,11695,True,134,179,1536,6.099127,14.947484,0.868182,21.962824,0.046875,0.009393812,11695,True,134,,1536,0.0,0.0,0.366735,0.331884
1524,baseline_overlay_pass->release->rtl_overlay_pass,6.049024,14.552946,3.111368,23.764739,0.0390625,0.006101275,12047,True,133,179,1280,5.632041,15.212468,0.828942,21.716651,0.0390625,0.006101275,12047,True,133,,1280,0.0,0.0,0.335495,0.331975
1525,baseline_overlay_pass->release->rtl_overlay_pass,5.675848,14.672068,3.23232,23.633957,0.03125,0.00384676,12082,True,132,179,1024,5.708581,15.075196,0.855662,21.68441,0.03125,0.00384676,12082,True,132,,1024,0.0,0.0,0.359875,0.330684
1526,baseline_overlay_pass->release->rtl_overlay_pass,5.614737,14.582367,4.856036,25.108221,0.03125,0.005288704,12075,True,132,179,1024,5.656951,14.698111,0.867782,21.268844,0.03125,0.005288704,12075,True,132,,1024,0.0,0.0,0.362065,0.335785
1527,baseline_overlay_pass->release->rtl_overlay_pass,5.697388,15.067864,3.254871,24.069904,0.03125,0.005865482,12067,True,132,179,1024,5.663831,14.64636,0.957574,21.316666,0.03125,0.005865482,12067,True,132,,1024,0.0,0.0,0.425126,0.348665
1528,baseline_overlay_pass->release->rtl_overlay_pass,5.665038,14.529876,3.139519,23.388323,0.03125,0.006096193,12074,True,132,179,1024,5.6034,14.474057,0.888303,21.014301,0.03125,0.006096193,12074,True,132,,1024,0.0,0.0,0.379716,0.336555
1529,baseline_overlay_pass->release->rtl_overlay_pass,5.638798,14.611857,4.848015,25.152681,0.03125,0.006188477,12071,True,132,179,1024,5.60372,14.394866,0.889533,20.936679,0.03125,0.006188477,12071,True,132,,1024,0.0,0.0,0.379825,0.332654
1530,baseline_overlay_pass->release->rtl_overlay_pass,7.291473,14.751089,2.901165,24.990119,0.015625,-0.006899609,12049,True,130,179,512,5.55543,14.412596,0.884853,20.899069,0.015625,-0.006899609,12049,True,130,,512,0.0,0.0,0.376606,0.335705
1531,baseline_overlay_pass->release->rtl_overlay_pass,5.619687,14.886312,2.959376,23.516475,0.015625,-0.002759844,12032,True,130,179,512,5.891485,14.384506,1.008534,21.518678,0.015625,-0.002759844,12032,True,130,,512,0.0,0.0,0.499657,0.331204
1532,baseline_overlay_pass->release->rtl_overlay_pass,5.638737,15.796106,2.959356,24.44391,0.015625,-0.001103937,12050,True,130,179,512,6.038846,14.782752,0.857752,21.729701,0.015625,-0.001103937,12050,True,130,,512,0.0,0.0,0.360385,0.327315
1533,baseline_overlay_pass->release->rtl_overlay_pass,5.669778,16.511347,2.953586,25.184562,-0.0078125,-0.000441575,11941,True,127,179,-256,5.735192,15.289819,0.835202,21.906223,-0.0078125,-0.000441575,11941,True,127,,-256,0.0,0.0,0.341035,0.329015
1534,baseline_overlay_pass->release->rtl_overlay_pass,5.592747,14.760549,3.18972,23.597497,-0.0078125,-0.00017663,11949,True,127,179,-256,5.661611,14.736181,0.862303,21.305645,-0.0078125,-0.00017663,11949,True,127,,-256,0.0,0.0,0.358556,0.331855
1535,baseline_overlay_pass->release->rtl_overlay_pass,5.649348,14.611487,3.18224,23.497605,-0.0078125,-7.0652e-05,11959,True,127,179,-256,5.5981,14.704091,0.893453,21.240534,-0.0078125,-7.0652e-05,11959,True,127,,-256,0.0,0.0,0.391996,0.333045
1536,baseline_overlay_pass->release->rtl_overlay_pass,5.627238,14.358723,3.796359,23.835131,-0.03125,-0.013153261,11808,True,124,179,-1024,5.632621,14.745931,1.003424,21.429136,-0.03125,-0.013153261,11808,True,124,,-1024,0.0,0.0,0.432726,0.367085
1537,baseline_overlay_pass->release->rtl_overlay_pass,5.610897,14.442255,2.964266,23.069618,-0.03125,-0.009011304,11806,True,124,179,-1024,5.641801,14.446947,0.882263,21.017941,-0.03125,-0.009011304,11806,True,124,,-1024,0.0,0.0,0.375136,0.332465
1538,baseline_overlay_pass->release->rtl_overlay_pass,5.634458,14.378724,2.889055,22.949737,-0.03125,-0.007354522,11805,True,124,179,-1024,5.728992,14.335575,0.879342,20.98862,-0.03125,-0.007354522,11805,True,124,,-1024,0.0,0.0,0.374575,0.329055
1539,baseline_overlay_pass->release->rtl_overlay_pass,5.701999,14.320353,2.881605,22.955977,-0.0390625,-0.009973059,11776,True,123,179,-1280,5.788232,14.438336,0.891993,21.162882,-0.0390625,-0.009973059,11776,True,123,,-1280,0.0,0.0,0.384205,0.334264
1540,baseline_overlay_pass->release->rtl_overlay_pass,5.562627,14.381804,2.895435,22.887516,-0.03125,-0.005395473,11773,True,124,179,-1024,5.889294,14.499468,0.881002,21.317265,-0.03125,-0.005395473,11773,True,124,,-1024,0.0,0.0,0.372845,0.333865
1541,baseline_overlay_pass->release->rtl_overlay_pass,5.697559,14.371224,2.878535,22.993298,-0.0390625,-0.009189439,11776,True,123,179,-1280,6.107567,14.7078,0.875523,21.737541,-0.0390625,-0.009189439,11776,True,123,,-1280,0.0,0.0,0.363106,0.336905
1542,baseline_overlay_pass->release->rtl_overlay_pass,5.79514,14.335223,2.875375,23.053638,-0.0625,-0.018207026,11790,True,120,179,-2048,5.698102,15.259168,0.845203,21.843753,-0.0625,-0.018207026,11790,True,120,,-2048,0.0,0.0,0.349095,0.330125
1543,baseline_overlay_pass->release->rtl_overlay_pass,5.82206,14.337293,2.867185,23.073099,-0.0625,-0.01478281,11804,True,120,179,-2048,5.758542,15.068896,0.892253,21.766391,-0.0625,-0.01478281,11804,True,120,,-2048,0.0,0.0,0.392396,0.331345
1544,baseline_overlay_pass->release->rtl_overlay_pass,5.701099,14.81322,2.887775,23.453734,-0.0625,-0.013413124,11816,True,120,179,-2048,5.649121,14.745981,0.853013,21.293505,-0.0625,-0.013413124,11816,True,120,,-2048,0.0,0.0,0.350995,0.336285
1545,baseline_overlay_pass->release->rtl_overlay_pass,5.662448,15.196646,2.833344,23.741709,-0.078125,-0.01942775,11749,True,118,179,-2560,5.63499,14.737871,0.875693,21.338145,-0.078125,-0.01942775,11749,True,118,,-2560,0.0,0.0,0.367395,0.338115
1546,baseline_overlay_pass->release->rtl_overlay_pass,5.598377,15.013213,2.853145,23.512756,-0.078125,-0.0171461,11774,True,118,179,-2560,5.651371,14.68119,0.986634,21.365205,-0.078125,-0.0171461,11774,True,118,,-2560,0.0,0.0,0.433257,0.354736
1547,baseline_overlay_pass->release->rtl_overlay_pass,5.655108,14.933602,2.859464,23.495085,-0.078125,-0.01623344,11785,True,118,179,-2560,5.649931,14.519087,0.922094,21.138713,-0.078125,-0.01623344,11785,True,118,,-2560,0.0,0.0,0.384095,0.360815
1548,baseline_overlay_pass->release->rtl_overlay_pass,5.624188,14.740539,2.892224,23.304683,-0.09375,-0.022430876,11566,True,116,179,-3072,5.649451,14.392936,0.881753,20.97245,-0.09375,-0.022430876,11566,True,116,,-3072,0.0,0.0,0.369855,0.335705
1549,baseline_overlay_pass->release->rtl_overlay_pass,5.574137,14.718119,2.872565,23.211171,-0.09375,-0.02022235,11607,True,116,179,-3072,5.691742,14.391766,0.889973,21.017081,-0.09375,-0.02022235,11607,True,116,,-3072,0.0,0.0,0.379976,0.335725
1550,baseline_overlay_pass->release->rtl_overlay_pass,5.635268,14.733219,2.886545,23.303162,-0.09375,-0.01933894,11588,True,116,179,-3072,6.016337,14.441676,0.893792,21.399267,-0.09375,-0.01933894,11588,True,116,,-3072,0.0,0.0,0.383785,0.334955
1551,baseline_overlay_pass->release->rtl_overlay_pass,5.636168,14.730069,3.018367,23.434195,-0.1328125,-0.035391826,11954,True,111,179,-4352,5.952835,14.884273,0.854873,21.740241,-0.1328125,-0.035391826,11954,True,111,,-4352,0.0,0.0,0.358655,0.328025
1552,baseline_overlay_pass->release->rtl_overlay_pass,5.715779,14.484335,3.142939,23.394713,-0.1328125,-0.03009423,11944,True,111,179,-4352,5.642891,15.246128,0.848502,21.782282,-0.1328125,-0.03009423,11944,True,111,,-4352,0.0,0.0,0.348275,0.334075
1553,baseline_overlay_pass->release->rtl_overlay_pass,5.606717,14.405154,3.18237,23.249171,-0.1328125,-0.027975192,11948,True,111,179,-4352,5.749693,14.6543,0.948273,21.397556,-0.1328125,-0.027975192,11948,True,111,,-4352,0.0,0.0,0.437906,0.330565
1554,baseline_overlay_pass->release->rtl_overlay_pass,5.641497,14.371263,3.060638,23.126489,-0.1640625,-0.040252577,11901,True,107,179,-5376,5.695391,14.72222,0.894743,21.358565,-0.1640625,-0.040252577,11901,True,107,,-5376,0.0,0.0,0.382535,0.340444
1555,baseline_overlay_pass->release->rtl_overlay_pass,5.703229,14.345763,2.901875,23.002237,-0.15625,-0.032507281,11900,True,108,179,-5120,5.791273,14.825982,1.000414,21.66581,-0.15625,-0.032507281,11900,True,108,,-5120,0.0,0.0,0.445886,0.351445
1556,baseline_overlay_pass->release->rtl_overlay_pass,5.601617,14.414054,2.848314,22.913355,-0.1640625,-0.035034162,11905,True,107,179,-5376,5.63629,14.359125,0.980954,21.02308,-0.1640625,-0.035034162,11905,True,107,,-5376,0.0,0.0,0.375886,0.326905
1557,baseline_overlay_pass->release->rtl_overlay_pass,5.606027,14.384633,2.820684,22.858995,-0.1796875,-0.040263665,11940,True,105,179,-5888,5.720592,14.486278,0.880682,21.133632,-0.1796875,-0.040263665,11940,True,105,,-5888,0.0,0.0,0.374005,0.333305
1558,baseline_overlay_pass->release->rtl_overlay_pass,5.604467,14.555826,2.848985,23.056508,-0.1796875,-0.037667966,11927,True,105,179,-5888,5.62459,14.451516,0.897393,21.018471,-0.1796875,-0.037667966,11927,True,105,,-5888,0.0,0.0,0.384795,0.334615
1559,baseline_overlay_pass->release->rtl_overlay_pass,5.669148,14.460685,2.848054,23.023887,-0.1796875,-0.036629686,11931,True,105,179,-5888,6.114768,14.337245,0.891793,21.389066,-0.1796875,-0.036629686,11931,True,105,,-5888,0.0,0.0,0.381346,0.334665
1560,baseline_overlay_pass->release->rtl_overlay_pass,5.723449,14.354733,2.836784,22.962716,-0.2421875,-0.062464375,11849,True,97,179,-7936,5.947735,14.826002,0.851612,21.67299,-0.2421875,-0.062464375,11849,True,97,,-7936,0.0,0.0,0.350475,0.330975
1561,baseline_overlay_pass->release->rtl_overlay_pass,5.819041,14.317282,2.867755,23.049608,-0.2421875,-0.05404825,11838,True,97,179,-7936,5.657561,15.218108,0.886223,21.807232,-0.2421875,-0.05404825,11838,True,97,,-7936,0.0,0.0,0.350845,0.330535
1562,baseline_overlay_pass->release->rtl_overlay_pass,5.847931,14.661178,2.837624,23.394773,-0.2421875,-0.0506818,11841,True,97,179,-7936,5.63482,14.71825,0.876483,21.275074,-0.2421875,-0.0506818,11841,True,97,,-7936,0.0,0.0,0.368455,0.338795
1563,baseline_overlay_pass->release->rtl_overlay_pass,5.716129,14.79123,2.797213,23.354963,-0.265625,-0.05917897,11862,True,94,179,-8704,5.697402,14.755431,0.891883,21.391376,-0.265625,-0.05917897,11862,True,94,,-8704,0.0,0.0,0.360385,0.357965
1564,baseline_overlay_pass->release->rtl_overlay_pass,5.686218,15.059903,2.799073,23.594056,-0.265625,-0.055546588,11867,True,94,179,-8704,5.60505,14.67666,0.933323,21.264624,-0.265625,-0.055546588,11867,True,94,,-8704,0.0,0.0,0.409966,0.338744
1565,baseline_overlay_pass->release->rtl_overlay_pass,5.748999,14.937792,2.821153,23.556006,-0.265625,-0.054093635,11866,True,94,179,-8704,5.61276,14.339845,0.889473,20.889849,-0.265625,-0.054093635,11866,True,94,,-8704,0.0,0.0,0.380425,0.335485
1566,baseline_overlay_pass->release->rtl_overlay_pass,5.631427,14.688158,2.996286,23.366223,-0.296875,-0.066637454,11846,True,90,179,-9728,5.707431,14.543888,0.885022,21.182432,-0.296875,-0.066637454,11846,True,90,,-9728,0.0,0.0,0.376485,0.330665
1567,baseline_overlay_pass->release->rtl_overlay_pass,5.642878,14.77366,2.873644,23.337202,-0.296875,-0.062279982,11854,True,90,179,-9728,5.61985,14.397236,0.888073,20.94834,-0.296875,-0.062279982,11854,True,90,,-9728,0.0,0.0,0.374156,0.338525
1568,baseline_overlay_pass->release->rtl_overlay_pass,5.695539,14.762519,2.812674,23.318582,-0.296875,-0.060536993,11850,True,90,179,-9728,6.086197,14.302535,1.018655,21.452977,-0.296875,-0.060536993,11850,True,90,,-9728,0.0,0.0,0.506748,0.331735
1569,baseline_overlay_pass->release->rtl_overlay_pass,5.672808,14.719839,2.829424,23.270521,-0.3515625,-0.082808547,11969,True,83,179,-11520,6.033866,14.999225,0.849142,21.932493,-0.3515625,-0.082808547,11969,True,83,,-11520,0.0,0.0,0.347405,0.329304
1570,baseline_overlay_pass->release->rtl_overlay_pass,5.608617,14.947902,3.041317,23.648507,-0.3515625,-0.075310919,11966,True,83,179,-11520,5.738532,15.35571,0.817432,21.954144,-0.3515625,-0.075310919,11966,True,83,,-11520,0.0,0.0,0.325535,0.327545
1571,baseline_overlay_pass->release->rtl_overlay_pass,5.598777,14.561906,3.122418,23.337042,-0.3515625,-0.072311868,11976,True,83,179,-11520,5.59128,14.888503,0.855033,21.378936,-0.3515625,-0.072311868,11976,True,83,,-11520,0.0,0.0,0.357065,0.332255
1572,baseline_overlay_pass->release->rtl_overlay_pass,5.611007,14.556407,3.289761,23.512405,-0.3828125,-0.084237247,11926,True,79,179,-12544,5.641861,15.037455,0.863142,21.587429,-0.3828125,-0.084237247,11926,True,79,,-12544,0.0,0.0,0.367035,0.328215
1573,baseline_overlay_pass->release->rtl_overlay_pass,5.597767,14.451924,3.066817,23.167969,-0.3828125,-0.079632399,11928,True,79,179,-12544,5.62834,14.527008,0.994865,21.197623,-0.3828125,-0.079632399,11928,True,79,,-12544,0.0,0.0,0.447086,0.347185
1574,baseline_overlay_pass->release->rtl_overlay_pass,5.608517,14.644837,2.828864,23.13323,-0.3828125,-0.07779046,11922,True,79,179,-12544,5.61222,14.487747,1.022775,21.170653,-0.3828125,-0.07779046,11922,True,79,,-12544,0.0,0.0,0.386676,0.455717
1575,baseline_overlay_pass->release->rtl_overlay_pass,5.596587,14.478205,2.925616,23.049928,-0.4140625,-0.090178684,12008,True,75,179,-13568,5.656751,14.360256,0.888383,20.95266,-0.4140625,-0.090178684,12008,True,75,,-13568,0.0,0.0,0.375115,0.337915
1576,baseline_overlay_pass->release->rtl_overlay_pass,5.563966,14.368743,2.844484,22.822464,-0.4140625,-0.085758974,12005,True,75,179,-13568,5.57507,14.441617,0.895493,20.95702,-0.4140625,-0.085758974,12005,True,75,,-13568,0.0,0.0,0.384426,0.335965
1577,baseline_overlay_pass->release->rtl_overlay_pass,5.593497,14.664788,2.819084,23.124059,-0.4140625,-0.083991089,11996,True,75,179,-13568,5.823463,14.348065,0.887983,21.104222,-0.4140625,-0.083991089,11996,True,75,,-13568,0.0,0.0,0.380006,0.332985
1578,baseline_overlay_pass->release->rtl_overlay_pass,5.934452,14.326413,2.923725,23.234901,-0.453125,-0.099690186,11949,True,70,179,-14848,6.000316,14.592319,0.872922,21.511108,-0.453125,-0.099690186,11949,True,70,,-14848,0.0,0.0,0.372665,0.327655
1579,baseline_overlay_pass->release->rtl_overlay_pass,5.747039,14.511925,2.909495,23.214901,-0.453125,-0.094251074,11950,True,70,179,-14848,5.62229,15.505271,0.845113,22.017105,-0.453125,-0.094251074,11950,True,70,,-14848,0.0,0.0,0.336414,0.342365
1580,baseline_overlay_pass->release->rtl_overlay_pass,5.853291,14.379773,2.893265,23.17483,-0.453125,-0.09207543,11951,True,70,179,-14848,5.60228,14.965454,0.849552,21.461447,-0.453125,-0.09207543,11951,True,70,,-14848,0.0,0.0,0.353645,0.329425
1581,baseline_overlay_pass->release->rtl_overlay_pass,5.82137,14.586476,2.956116,23.412984,-0.5546875,-0.133861422,11936,True,57,179,-18176,5.6554,14.754721,0.860352,21.317015,-0.5546875,-0.133861422,11936,True,57,,-18176,0.0,0.0,0.353425,0.340234
1582,baseline_overlay_pass->release->rtl_overlay_pass,5.79978,14.492785,2.883844,23.22563,-0.5625,-0.123388319,11926,True,56,179,-18432,5.6147,14.960634,0.959314,21.580479,-0.5625,-0.123388319,11926,True,56,,-18432,0.0,0.0,0.416566,0.354175
1583,baseline_overlay_pass->release->rtl_overlay_pass,5.691838,14.971792,2.853785,23.565926,-0.5546875,-0.113574078,11926,True,57,179,-18176,5.62766,14.358035,0.881293,20.913909,-0.5546875,-0.113574078,11926,True,57,,-18176,0.0,0.0,0.373076,0.334795
1584,baseline_overlay_pass->release->rtl_overlay_pass,5.632348,14.999363,2.885555,23.564706,-0.5703125,-0.118554631,11913,True,55,179,-18688,5.720472,14.392846,0.882123,21.044351,-0.5703125,-0.118554631,11913,True,55,,-18688,0.0,0.0,0.371306,0.335725
1585,baseline_overlay_pass->release->rtl_overlay_pass,5.624898,14.977482,2.910175,23.559036,-0.578125,-0.119140602,11919,True,54,179,-18944,5.754322,14.416576,0.984344,21.199893,-0.578125,-0.119140602,11919,True,54,,-18944,0.0,0.0,0.383125,0.421436
1586,baseline_overlay_pass->release->rtl_overlay_pass,5.710979,15.062484,2.888885,23.711248,-0.578125,-0.117031241,11912,True,54,179,-18944,5.721572,14.407266,0.886983,21.060201,-0.578125,-0.117031241,11912,True,54,,-18944,0.0,0.0,0.375556,0.334065
1587,baseline_overlay_pass->release->rtl_overlay_pass,5.633018,14.712068,2.908745,23.301762,-0.609375,-0.129312496,11774,True,50,179,-19968,6.177668,14.384595,0.897353,21.505437,-0.609375,-0.129312496,11774,True,50,,-19968,0.0,0.0,0.387285,0.333324
1588,baseline_overlay_pass->release->rtl_overlay_pass,5.657968,15.045784,2.879084,23.630516,-0.609375,-0.124849999,11776,True,50,179,-19968,5.857564,14.950214,0.825082,21.749111,-0.609375,-0.124849999,11776,True,50,,-19968,0.0,0.0,0.332205,0.327625
1589,baseline_overlay_pass->release->rtl_overlay_pass,5.652788,14.871061,2.897645,23.469094,-0.609375,-0.123064999,11775,True,50,179,-19968,5.627601,15.177067,0.859512,21.70875,-0.609375,-0.123064999,11775,True,50,,-19968,0.0,0.0,0.354495,0.334045
1590,baseline_overlay_pass->release->rtl_overlay_pass,5.663297,14.707678,2.884035,23.302991,-0.625,-0.1289135,11593,True,48,179,-20480,5.59575,14.844513,0.848312,21.335285,-0.625,-0.1289135,11593,True,48,,-20480,0.0,0.0,0.354945,0.329855
1591,baseline_overlay_pass->release->rtl_overlay_pass,5.602887,14.743499,2.902515,23.295761,-0.625,-0.1265654,11598,True,48,179,-20480,5.777042,14.71209,0.918193,21.452196,-0.625,-0.1265654,11598,True,48,,-20480,0.0,0.0,0.386356,0.352595
1592,baseline_overlay_pass->release->rtl_overlay_pass,5.682128,14.82183,2.948046,23.500215,-0.625,-0.12562616,11597,True,48,179,-20480,5.656391,14.547298,1.093816,21.347795,-0.625,-0.12562616,11597,True,48,,-20480,0.0,0.0,0.556818,0.334275
1593,baseline_overlay_pass->release->rtl_overlay_pass,5.652377,14.682657,3.156019,23.541436,-0.6796875,-0.148219214,11151,True,41,179,-22272,5.724272,14.472397,0.894482,21.139272,-0.6796875,-0.148219214,11151,True,41,,-22272,0.0,0.0,0.384115,0.332604
1594,baseline_overlay_pass->release->rtl_overlay_pass,5.611938,14.497495,3.23619,23.397833,-0.6796875,-0.140850186,11151,True,41,179,-22272,5.559199,14.64795,0.878383,21.130032,-0.6796875,-0.140850186,11151,True,41,,-22272,0.0,0.0,0.368275,0.334635
1595,baseline_overlay_pass->release->rtl_overlay_pass,5.628318,14.434004,3.249911,23.364873,-0.6796875,-0.137902574,11150,True,41,179,-22272,5.750592,14.365496,0.887163,21.053131,-0.6796875,-0.137902574,11150,True,41,,-22272,0.0,0.0,0.380586,0.330975
1596,baseline_overlay_pass->release->rtl_overlay_pass,5.82413,14.467244,2.997426,23.342862,-0.78125,-0.17937978,9571,True,28,179,-25600,6.137907,14.399926,0.885782,21.468366,-0.78125,-0.17937978,9571,True,28,,-25600,0.0,0.0,0.377115,0.332275
1597,baseline_overlay_pass->release->rtl_overlay_pass,5.876701,14.325972,2.882925,23.134909,-0.78125,-0.165501912,9568,True,28,179,-25600,5.821873,15.101026,0.830332,21.800631,-0.78125,-0.165501912,9568,True,28,,-25600,0.0,0.0,0.338115,0.328165
1598,baseline_overlay_pass->release->rtl_overlay_pass,5.629048,14.372593,2.870715,22.920606,-0.78125,-0.159950765,9565,True,28,179,-25600,5.61619,15.329739,0.848742,21.838672,-0.78125,-0.159950765,9565,True,28,,-25600,0.0,0.0,0.352475,0.329505
1599,baseline_overlay_pass->release->rtl_overlay_pass,5.664368,14.371673,2.901345,22.987267,-0.859375,-0.190542806,7928,True,18,179,-28160,5.733012,14.644039,0.870182,21.293665,-0.859375,-0.190542806,7928,True,18,,-28160,0.0,0.0,0.358535,0.344825
1600,baseline_overlay_pass->release->rtl_overlay_pass,5.607377,14.317402,2.888634,22.858745,-0.859375,-0.179342122,7924,True,18,179,-28160,5.62314,14.732571,0.878363,21.278854,-0.859375,-0.179342122,7924,True,18,,-28160,0.0,0.0,0.368136,0.341325
1601,baseline_overlay_pass->release->rtl_overlay_pass,5.670598,14.326023,2.886575,22.929996,-0.8671875,-0.178143099,7926,True,17,179,-28416,5.55483,14.624209,1.032965,21.261854,-0.8671875,-0.178143099,7926,True,17,,-28416,0.0,0.0,0.508228,0.333215
1602,baseline_overlay_pass->release->rtl_overlay_pass,5.756939,14.392664,2.899405,23.096038,-0.828125,-0.15891349,8271,True,22,179,-27136,5.771762,14.336385,0.908483,21.062541,-0.828125,-0.15891349,8271,True,22,,-27136,0.0,0.0,0.398686,0.333624
1603,baseline_overlay_pass->release->rtl_overlay_pass,5.80688,14.323293,2.830074,23.006487,-0.828125,-0.162940396,8268,True,22,179,-27136,5.61121,14.428226,0.876953,20.958719,-0.828125,-0.162940396,8268,True,22,,-27136,0.0,0.0,0.366515,0.335145
1604,baseline_overlay_pass->release->rtl_overlay_pass,5.817811,14.633347,2.819214,23.318262,-0.828125,-0.164551158,8270,True,22,179,-27136,5.746682,14.500868,0.902883,21.195593,-0.828125,-0.164551158,8270,True,22,,-27136,0.0,0.0,0.395756,0.331335
1605,baseline_overlay_pass->release->rtl_overlay_pass,5.717349,15.009333,2.890255,23.664367,-0.828125,-0.165195463,8344,True,22,179,-27136,6.010566,14.495457,0.887552,21.438036,-0.828125,-0.165195463,8344,True,22,,-27136,0.0,0.0,0.374235,0.337025
1606,baseline_overlay_pass->release->rtl_overlay_pass,5.610857,15.023803,2.866154,23.547235,-0.828125,-0.165453185,8341,True,22,179,-27136,5.922994,15.136576,0.862802,22.050874,-0.828125,-0.165453185,8341,True,22,,-27136,0.0,0.0,0.362555,0.328875
1607,baseline_overlay_pass->release->rtl_overlay_pass,5.662628,14.876511,2.881185,23.467784,-0.828125,-0.165556274,8340,True,22,179,-27136,5.627121,14.68198,0.855962,21.209133,-0.828125,-0.165556274,8340,True,22,,-27136,0.0,0.0,0.356505,0.334914
1608,baseline_overlay_pass->release->rtl_overlay_pass,5.622267,14.878841,2.877024,23.424984,-0.828125,-0.16559751,8393,True,22,179,-27136,5.665091,14.761991,0.897283,21.371095,-0.828125,-0.16559751,8393,True,22,,-27136,0.0,0.0,0.357135,0.374585
1609,baseline_overlay_pass->release->rtl_overlay_pass,5.711038,14.954992,2.877375,23.590716,-0.828125,-0.165614004,8397,True,22,179,-27136,5.61421,14.755801,0.973284,21.391706,-0.828125,-0.165614004,8397,True,22,,-27136,0.0,0.0,0.428866,0.345635
1610,baseline_overlay_pass->release->rtl_overlay_pass,5.624357,14.929902,2.874885,23.475625,-0.828125,-0.165620602,8396,True,22,179,-27136,5.665631,14.367265,0.890782,20.973179,-0.828125,-0.165620602,8396,True,22,,-27136,0.0,0.0,0.379345,0.336204
1611,baseline_overlay_pass->release->rtl_overlay_pass,5.604387,14.976042,2.889905,23.518315,-0.828125,-0.165623241,8435,True,22,179,-27136,5.62255,14.626428,0.868892,21.164682,-0.828125,-0.165623241,8435,True,22,,-27136,0.0,0.0,0.362365,0.331534
1612,baseline_overlay_pass->release->rtl_overlay_pass,5.638907,14.786539,2.859685,23.332332,-0.828125,-0.165624296,8436,True,22,179,-27136,5.648951,14.334965,0.884053,20.911159,-0.828125,-0.165624296,8436,True,22,,-27136,0.0,0.0,0.373606,0.335925
1613,baseline_overlay_pass->release->rtl_overlay_pass,5.692338,14.680818,2.807304,23.228481,-0.828125,-0.165624718,8435,True,22,179,-27136,5.898654,14.327985,0.910793,21.181082,-0.828125,-0.165624718,8435,True,22,,-27136,0.0,0.0,0.402486,0.333355
1614,baseline_overlay_pass->release->rtl_overlay_pass,6.042944,14.788189,2.835404,23.713318,-0.8203125,-0.162343637,8555,True,23,179,-26880,5.719751,14.881462,0.876812,21.525527,-0.8203125,-0.162343637,8555,True,23,,-26880,0.0,0.0,0.366925,0.332974
1615,baseline_overlay_pass->release->rtl_overlay_pass,5.584097,15.054534,2.867084,23.553305,-0.8203125,-0.163374955,8553,True,23,179,-26880,5.657801,15.088326,0.838042,21.627209,-0.8203125,-0.163374955,8553,True,23,,-26880,0.0,0.0,0.347855,0.327204
1616,baseline_overlay_pass->release->rtl_overlay_pass,5.579576,14.732528,2.864475,23.22293,-0.8203125,-0.163787482,8550,True,23,179,-26880,5.654031,14.633349,0.860033,21.194223,-0.8203125,-0.163787482,8550,True,23,,-26880,0.0,0.0,0.354535,0.337625
1617,baseline_overlay_pass->release->rtl_overlay_pass,5.673478,14.596146,2.891505,23.20852,-0.8046875,-0.157389993,8804,True,25,179,-26368,5.730512,14.73082,0.931193,21.439876,-0.8046875,-0.157389993,8804,True,25,,-26368,0.0,0.0,0.399035,0.351115
1618,baseline_overlay_pass->release->rtl_overlay_pass,5.612187,14.957602,2.862335,23.479014,-0.8046875,-0.159518497,8803,True,25,179,-26368,5.60823,14.555048,0.945473,21.157022,-0.8046875,-0.159518497,8803,True,25,,-26368,0.0,0.0,0.401785,0.345395
1619,baseline_overlay_pass->release->rtl_overlay_pass,5.639198,14.743419,2.853674,23.284561,-0.8046875,-0.160369899,8805,True,25,179,-26368,5.656211,14.441546,0.896273,21.092601,-0.8046875,-0.160369899,8805,True,25,,-26368,0.0,0.0,0.390665,0.331854
1620,baseline_overlay_pass->release->rtl_overlay_pass,6.074384,14.914442,2.825474,23.86302,-0.78125,-0.15086671,9154,True,28,179,-25600,5.569749,14.437076,0.875003,20.929159,-0.78125,-0.15086671,9154,True,28,,-25600,0.0,0.0,0.366356,0.332485
1621,baseline_overlay_pass->release->rtl_overlay_pass,5.629667,14.718018,2.860364,23.25733,-0.78125,-0.154096684,9154,True,28,179,-25600,6.083317,14.282564,0.889553,21.300384,-0.78125,-0.154096684,9154,True,28,,-25600,0.0,0.0,0.380776,0.332865
1622,baseline_overlay_pass->release->rtl_overlay_pass,5.646847,14.687008,3.026337,23.409873,-0.78125,-0.155388674,9156,True,28,179,-25600,5.949355,14.389075,0.891803,21.273604,-0.78125,-0.155388674,9156,True,28,,-25600,0.0,0.0,0.383635,0.332244
1623,baseline_overlay_pass->release->rtl_overlay_pass,5.750959,14.543106,3.139759,23.482924,-0.7734375,-0.152624219,9357,True,29,179,-25344,5.65598,15.166676,0.824231,21.693259,-0.7734375,-0.152624219,9357,True,29,,-25344,0.0,0.0,0.334425,0.323535
1624,baseline_overlay_pass->release->rtl_overlay_pass,5.633677,14.664828,2.965486,23.315341,-0.7734375,-0.153862188,9355,True,29,179,-25344,5.65672,14.645959,0.883673,21.230823,-0.7734375,-0.153862188,9355,True,29,,-25344,0.0,0.0,0.385996,0.329275
1625,baseline_overlay_pass->release->rtl_overlay_pass,5.646317,14.599617,3.159719,23.455354,-0.7734375,-0.154357375,9357,True,29,179,-25344,5.56954,14.853282,0.855212,21.323335,-0.7734375,-0.154357375,9357,True,29,,-25344,0.0,0.0,0.354395,0.333275
1626,baseline_overlay_pass->release->rtl_overlay_pass,5.626977,14.405894,3.175679,23.25983,-0.765625,-0.1512742,9588,True,30,179,-25088,5.64019,14.688389,1.000984,21.378285,-0.765625,-0.1512742,9588,True,30,,-25088,0.0,0.0,0.422806,0.329495
1627,baseline_overlay_pass->release->rtl_overlay_pass,5.664148,14.630867,3.163549,23.509774,-0.765625,-0.15238468,9581,True,30,179,-25088,5.624961,14.365625,0.882803,20.923709,-0.765625,-0.15238468,9581,True,30,,-25088,0.0,0.0,0.369756,0.335695
1628,baseline_overlay_pass->release->rtl_overlay_pass,5.604106,14.368623,3.168119,23.19317,-0.765625,-0.152828872,9580,True,30,179,-25088,5.60998,14.348515,0.888802,20.892428,-0.765625,-0.152828872,9580,True,30,,-25088,0.0,0.0,0.376755,0.335314
1629,baseline_overlay_pass->release->rtl_overlay_pass,5.647518,14.397563,2.889244,22.983457,-0.75,-0.146444049,9800,True,32,179,-24576,5.672761,14.407006,0.882283,21.0053,-0.75,-0.146444049,9800,True,32,,-24576,0.0,0.0,0.373096,0.334035
1630,baseline_overlay_pass->release->rtl_overlay_pass,6.046984,14.403263,2.898255,23.396573,-0.75,-0.14857762,9799,True,32,179,-24576,5.882014,14.545708,0.899843,21.371375,-0.75,-0.14857762,9799,True,32,,-24576,0.0,0.0,0.385146,0.337025
1631,baseline_overlay_pass->release->rtl_overlay_pass,5.604007,14.344242,2.891345,22.885835,-0.75,-0.149431048,9800,True,32,179,-24576,5.765663,14.894493,0.834282,21.541388,-0.75,-0.149431048,9800,True,32,,-24576,0.0,0.0,0.344565,0.324585
1632,baseline_overlay_pass->release->rtl_overlay_pass,5.621947,14.331682,2.944836,22.946226,-0.7421875,-0.146491169,9946,True,33,179,-24320,5.64571,14.898813,0.849562,21.438165,-0.7421875,-0.146491169,9946,True,33,,-24320,0.0,0.0,0.353245,0.332075
1633,baseline_overlay_pass->release->rtl_overlay_pass,5.593797,14.599766,2.938945,23.180759,-0.7421875,-0.147658968,9948,True,33,179,-24320,5.62604,14.656269,0.940063,21.266283,-0.7421875,-0.147658968,9948,True,33,,-24320,0.0,0.0,0.435006,0.332784
1634,baseline_overlay_pass->release->rtl_overlay_pass,5.587766,14.327882,2.819694,22.782413,-0.7421875,-0.148126087,9947,True,33,179,-24320,5.62659,14.66651,0.963114,21.302414,-0.7421875,-0.148126087,9947,True,33,,-24320,0.0,0.0,0.429276,0.348795
1635,baseline_overlay_pass->release->rtl_overlay_pass,5.649918,14.372163,2.983036,23.054197,-0.7265625,-0.141750435,10222,True,35,179,-23808,5.694021,14.494997,0.953013,21.188633,-0.7265625,-0.141750435,10222,True,35,,-23808,0.0,0.0,0.401686,0.351695
1636,baseline_overlay_pass->release->rtl_overlay_pass,5.79984,14.372743,2.844714,23.063667,-0.734375,-0.147168924,10224,True,34,179,-24064,5.570779,14.371655,0.890072,20.880918,-0.734375,-0.147168924,10224,True,34,,-24064,0.0,0.0,0.381205,0.333795
1637,baseline_overlay_pass->release->rtl_overlay_pass,5.627247,14.631857,2.876774,23.181869,-0.7265625,-0.14371132,10223,True,35,179,-23808,5.654501,14.309004,0.886503,20.892128,-0.7265625,-0.14371132,10223,True,35,,-23808,0.0,0.0,0.377305,0.334524
1638,baseline_overlay_pass->release->rtl_overlay_pass,5.732249,14.388793,2.882654,23.047737,-0.7109375,-0.138109528,10495,True,37,179,-23296,5.866694,14.440836,0.902513,21.256534,-0.7109375,-0.138109528,10495,True,37,,-23296,0.0,0.0,0.391485,0.334125
1639,baseline_overlay_pass->release->rtl_overlay_pass,7.473066,14.339622,2.891395,24.752354,-0.7109375,-0.140556311,10492,True,37,179,-23296,5.875914,14.788631,0.862412,21.576708,-0.7109375,-0.140556311,10492,True,37,,-23296,0.0,0.0,0.358535,0.331475
1640,baseline_overlay_pass->release->rtl_overlay_pass,5.7677,14.404353,2.874844,23.093718,-0.7109375,-0.141535024,10492,True,37,179,-23296,5.767063,15.136966,0.845422,21.793471,-0.7109375,-0.141535024,10492,True,37,,-23296,0.0,0.0,0.348495,0.329865
1641,baseline_overlay_pass->release->rtl_overlay_pass,5.877111,14.324113,2.911985,23.162789,-0.703125,-0.13864526,10697,True,38,179,-23040,5.61712,14.71272,0.859812,21.235453,-0.703125,-0.13864526,10697,True,38,,-23040,0.0,0.0,0.358855,0.332585
1642,baseline_overlay_pass->release->rtl_overlay_pass,6.381819,14.291011,2.867535,23.587026,-0.703125,-0.139833104,10691,True,38,179,-23040,5.686792,14.889212,0.852142,21.474587,-0.703125,-0.139833104,10691,True,38,,-23040,0.0,0.0,0.355245,0.330685
1643,baseline_overlay_pass->release->rtl_overlay_pass,6.131275,14.619306,2.846554,23.652207,-0.703125,-0.140308242,10696,True,38,179,-23040,5.63006,14.642199,1.016215,21.334445,-0.703125,-0.140308242,10696,True,38,,-23040,0.0,0.0,0.444696,0.364255
1644,baseline_overlay_pass->release->rtl_overlay_pass,5.996973,15.036803,2.842924,23.925931,-0.6953125,-0.137217047,10883,True,39,179,-22784,5.676511,14.419566,0.889913,21.03472,-0.6953125,-0.137217047,10883,True,39,,-22784,0.0,0.0,0.378456,0.336525
1645,baseline_overlay_pass->release->rtl_overlay_pass,5.920072,15.064193,2.792664,23.82628,-0.6953125,-0.138324319,10885,True,39,179,-22784,5.62066,14.518967,0.872572,21.05546,-0.6953125,-0.138324319,10885,True,39,,-22784,0.0,0.0,0.367665,0.330955
1646,baseline_overlay_pass->release->rtl_overlay_pass,5.671528,15.211476,2.796004,23.726588,-0.6953125,-0.138767227,10881,True,39,179,-22784,5.715481,14.425565,0.898953,21.083751,-0.6953125,-0.138767227,10881,True,39,,-22784,0.0,0.0,0.385505,0.336925
1647,baseline_overlay_pass->release->rtl_overlay_pass,5.563066,15.414079,2.808253,23.832779,-0.703125,-0.142225641,10859,True,38,179,-23040,5.848643,14.394096,0.886063,21.172343,-0.703125,-0.142225641,10859,True,38,,-23040,0.0,0.0,0.376275,0.337335
1648,baseline_overlay_pass->release->rtl_overlay_pass,5.590096,15.440989,2.872855,23.950921,-0.703125,-0.141265256,10862,True,38,179,-23040,5.742122,14.936543,0.830581,21.559677,-0.703125,-0.141265256,10862,True,38,,-23040,0.0,0.0,0.334484,0.326795
1649,baseline_overlay_pass->release->rtl_overlay_pass,5.661167,15.337477,2.878385,23.926341,-0.703125,-0.140881103,10865,True,38,179,-23040,5.63675,15.006384,0.865742,21.554638,-0.703125,-0.140881103,10865,True,38,,-23040,0.0,0.0,0.368725,0.327284
1650,baseline_overlay_pass->release->rtl_overlay_pass,5.632847,15.017913,2.887775,23.585065,-0.671875,-0.127602441,11260,True,42,179,-22016,5.618841,14.70577,0.868742,21.238953,-0.671875,-0.127602441,11260,True,42,,-22016,0.0,0.0,0.358905,0.342905
1651,baseline_overlay_pass->release->rtl_overlay_pass,5.596986,14.764428,2.859605,23.268381,-0.671875,-0.131665976,11265,True,42,179,-22016,5.638101,14.845122,0.878333,21.406946,-0.671875,-0.131665976,11265,True,42,,-22016,0.0,0.0,0.366986,0.339355
1652,baseline_overlay_pass->release->rtl_overlay_pass,5.630397,14.683187,2.849355,23.20855,-0.671875,-0.133291391,11262,True,42,179,-22016,5.64079,14.373576,0.963133,21.08099,-0.671875,-0.133291391,11262,True,42,,-22016,0.0,0.0,0.439156,0.337955
1653,baseline_overlay_pass->release->rtl_overlay_pass,5.625327,14.83813,2.880064,23.390242,-0.671875,-0.133941556,11190,True,42,179,-22016,5.663361,14.413326,0.888213,21.01134,-0.671875,-0.133941556,11190,True,42,,-22016,0.0,0.0,0.379416,0.335835
1654,baseline_overlay_pass->release->rtl_overlay_pass,5.637157,14.794349,2.838444,23.317571,-0.671875,-0.134201622,11190,True,42,179,-22016,5.56875,14.537537,0.888202,21.0376,-0.671875,-0.134201622,11190,True,42,,-22016,0.0,0.0,0.376355,0.332194
1655,baseline_overlay_pass->release->rtl_overlay_pass,5.671898,15.637812,2.812854,24.167514,-0.671875,-0.134305649,11185,True,42,179,-22016,5.728012,14.384576,0.891063,21.050321,-0.671875,-0.134305649,11185,True,42,,-22016,0.0,0.0,0.380475,0.334395
1656,baseline_overlay_pass->release->rtl_overlay_pass,5.575756,14.709678,2.905315,23.23748,-0.625,-0.11465976,11642,True,48,179,-20480,5.872724,14.553508,0.875142,21.346794,-0.625,-0.11465976,11642,True,48,,-20480,0.0,0.0,0.367335,0.334134
1657,baseline_overlay_pass->release->rtl_overlay_pass,5.620527,14.647647,2.952495,23.2694,-0.625,-0.120863904,11642,True,48,179,-20480,5.62326,15.348869,0.833612,21.849971,-0.625,-0.120863904,11642,True,48,,-20480,0.0,0.0,0.340154,0.327445
1658,baseline_overlay_pass->release->rtl_overlay_pass,5.597796,15.160695,2.953466,23.761238,-0.625,-0.123345562,11644,True,48,179,-20480,5.60437,14.804732,0.857892,21.312784,-0.625,-0.123345562,11644,True,48,,-20480,0.0,0.0,0.358705,0.328184
1659,baseline_overlay_pass->release->rtl_overlay_pass,5.637957,15.605901,3.045868,24.335397,-0.6015625,-0.114494475,12202,True,51,179,-19712,5.62567,14.925123,0.868473,21.463406,-0.6015625,-0.114494475,12202,True,51,,-19712,0.0,0.0,0.359855,0.338955
1660,baseline_overlay_pass->release->rtl_overlay_pass,5.593767,14.695798,3.130988,23.472544,-0.6015625,-0.11798529,12226,True,51,179,-19712,5.61498,14.578669,0.978584,21.221173,-0.6015625,-0.11798529,12226,True,51,,-19712,0.0,0.0,0.454166,0.333535
1661,baseline_overlay_pass->release->rtl_overlay_pass,5.739869,14.675667,3.103038,23.571245,-0.6015625,-0.119381616,12205,True,51,179,-19712,5.6065,14.412646,0.893033,20.959039,-0.6015625,-0.119381616,12205,True,51,,-19712,0.0,0.0,0.379336,0.337955
1662,baseline_overlay_pass->release->rtl_overlay_pass,5.753639,15.021163,3.19683,24.018622,-0.75,-0.182283896,10367,True,32,179,-24576,5.6015,14.552297,0.894382,21.096101,-0.75,-0.182283896,10367,True,32,,-24576,0.0,0.0,0.384065,0.334415
1663,baseline_overlay_pass->release->rtl_overlay_pass,5.610567,14.661637,3.095378,23.426413,-0.75,-0.162913559,10366,True,32,179,-24576,5.61686,14.384386,0.886443,20.929419,-0.75,-0.162913559,10366,True,32,,-24576,0.0,0.0,0.374765,0.339815
1664,baseline_overlay_pass->release->rtl_overlay_pass,5.605247,14.395103,3.401453,23.454533,-0.75,-0.155165423,10377,True,32,179,-24576,5.885914,14.451106,0.887663,21.269453,-0.75,-0.155165423,10377,True,32,,-24576,0.0,0.0,0.377796,0.331915
1665,baseline_overlay_pass->release->rtl_overlay_pass,5.675927,14.301341,3.837409,23.86595,-0.7421875,-0.148784919,10555,True,33,179,-24320,5.715331,14.843121,0.846013,21.451476,-0.7421875,-0.148784919,10555,True,33,,-24320,0.0,0.0,0.347455,0.329135
1666,baseline_overlay_pass->release->rtl_overlay_pass,5.655107,14.372552,3.22447,23.303751,-0.75,-0.151857718,10556,True,32,179,-24576,5.671391,15.224377,0.851913,21.793061,-0.75,-0.151857718,10556,True,32,,-24576,0.0,0.0,0.358005,0.325165
1667,baseline_overlay_pass->release->rtl_overlay_pass,5.613317,14.318841,3.394182,23.378522,-0.75,-0.150743087,10557,True,32,179,-24576,5.643391,14.71397,0.845242,21.246933,-0.75,-0.150743087,10557,True,32,,-24576,0.0,0.0,0.349495,0.331454
1668,baseline_overlay_pass->release->rtl_overlay_pass,5.633287,14.374873,3.329622,23.388542,-0.734375,-0.143734735,10798,True,34,179,-24064,5.681221,14.69301,0.992214,21.414275,-0.734375,-0.143734735,10798,True,34,,-24064,0.0,0.0,0.426066,0.339435
1669,baseline_overlay_pass->release->rtl_overlay_pass,5.706939,14.513405,3.459894,23.732798,-0.734375,-0.145618894,10808,True,34,179,-24064,5.59848,14.633039,0.885963,21.164472,-0.734375,-0.145618894,10808,True,34,,-24064,0.0,0.0,0.375555,0.334745
1670,baseline_overlay_pass->release->rtl_overlay_pass,5.638457,14.361113,3.109378,23.156668,-0.734375,-0.146372558,10789,True,34,179,-24064,5.64543,14.467296,0.899483,21.05983,-0.734375,-0.146372558,10789,True,34,,-24064,0.0,0.0,0.386556,0.335314
1671,baseline_overlay_pass->release->rtl_overlay_pass,5.636357,14.353232,2.901705,22.941575,-0.734375,-0.146674023,11123,True,34,179,-24064,5.64289,14.521687,0.880732,21.08856,-0.734375,-0.146674023,11123,True,34,,-24064,0.0,0.0,0.371215,0.336094
1672,baseline_overlay_pass->release->rtl_overlay_pass,5.760629,14.460454,5.16934,25.441375,-0.734375,-0.146794609,10944,True,34,179,-24064,5.843483,14.410446,0.876953,21.175092,-0.734375,-0.146794609,10944,True,34,,-24064,0.0,0.0,0.368076,0.335025
1673,baseline_overlay_pass->release->rtl_overlay_pass,5.588827,14.415714,3.491644,23.551545,-0.734375,-0.146842844,10957,True,34,179,-24064,5.932044,14.865992,0.898882,21.745621,-0.734375,-0.146842844,10957,True,34,,-24064,0.0,0.0,0.394265,0.329615
1674,baseline_overlay_pass->release->rtl_overlay_pass,5.598056,14.396733,2.833734,22.878475,-0.734375,-0.146862137,11186,True,34,179,-24064,5.63978,15.073335,0.833861,21.592348,-0.734375,-0.146862137,11186,True,34,,-24064,0.0,0.0,0.340875,0.326815
1675,baseline_overlay_pass->release->rtl_overlay_pass,5.632417,14.412843,2.882934,22.977416,-0.734375,-0.146869855,11272,True,34,179,-24064,5.64806,14.845422,0.848632,21.386545,-0.734375,-0.146869855,11272,True,34,,-24064,0.0,0.0,0.354595,0.331365
1676,baseline_overlay_pass->release->rtl_overlay_pass,5.557756,14.505585,3.126888,23.2367,-0.734375,-0.146872942,11169,True,34,179,-24064,5.64457,14.803351,0.863852,21.356725,-0.734375,-0.146872942,11169,True,34,,-24064,0.0,0.0,0.355595,0.341125
1677,baseline_overlay_pass->release->rtl_overlay_pass,5.599426,14.485034,2.991987,23.126098,-0.71875,-0.140311677,11845,True,36,179,-23552,5.650551,14.560698,1.031065,21.290744,-0.71875,-0.140311677,11845,True,36,,-23552,0.0,0.0,0.499857,0.340895
1678,baseline_overlay_pass->release->rtl_overlay_pass,5.716319,14.664957,2.885215,23.313461,-0.71875,-0.142374671,11846,True,36,179,-23552,5.61298,14.609329,0.894583,21.164492,-0.71875,-0.142374671,11846,True,36,,-23552,0.0,0.0,0.378585,0.338175
1679,baseline_overlay_pass->release->rtl_overlay_pass,5.638197,14.644647,2.847734,23.176088,-0.71875,-0.143199868,11834,True,36,179,-23552,5.61356,14.394775,0.887073,20.941779,-0.71875,-0.143199868,11834,True,36,,-23552,0.0,0.0,0.373936,0.337575
1680,baseline_overlay_pass->release->rtl_overlay_pass,5.695849,14.402623,2.793803,22.936205,-0.71875,-0.143529947,11874,True,36,179,-23552,5.656721,14.71111,0.888733,21.301114,-0.71875,-0.143529947,11874,True,36,,-23552,0.0,0.0,0.378186,0.334665
1681,baseline_overlay_pass->release->rtl_overlay_pass,5.644658,14.350182,2.866294,22.908565,-0.71875,-0.143661979,11871,True,36,179,-23552,5.916374,14.426656,0.894093,21.282173,-0.71875,-0.143661979,11871,True,36,,-23552,0.0,0.0,0.386305,0.333474
1682,baseline_overlay_pass->release->rtl_overlay_pass,5.609207,14.590566,2.842954,23.088097,-0.71875,-0.143714792,11876,True,36,179,-23552,5.773452,14.878062,0.855622,21.556278,-0.71875,-0.143714792,11876,True,36,,-23552,0.0,0.0,0.352945,0.332985
1683,baseline_overlay_pass->release->rtl_overlay_pass,5.761169,14.491944,2.828323,23.129458,-0.703125,-0.137173417,12371,True,38,179,-23040,5.712672,15.226127,0.846942,21.832432,-0.703125,-0.137173417,12371,True,38,,-23040,0.0,0.0,0.346844,0.331335
1684,baseline_overlay_pass->release->rtl_overlay_pass,5.729078,14.334561,2.867694,22.976785,-0.703125,-0.139244367,12459,True,38,179,-23040,5.61479,14.69909,0.852292,21.210763,-0.703125,-0.139244367,12459,True,38,,-23040,0.0,0.0,0.353245,0.330625
1685,baseline_overlay_pass->release->rtl_overlay_pass,5.712738,14.593696,2.883624,23.236959,-0.703125,-0.140072747,12489,True,38,179,-23040,5.765632,14.684139,0.883712,21.379224,-0.703125,-0.140072747,12489,True,38,,-23040,0.0,0.0,0.364395,0.345535
1686,baseline_overlay_pass->release->rtl_overlay_pass,5.746779,14.317621,2.832264,22.945285,-0.6875,-0.133841599,12833,True,40,179,-22528,5.60563,14.562048,0.989014,21.205872,-0.6875,-0.133841599,12833,True,40,,-22528,0.0,0.0,0.448207,0.349875
1687,baseline_overlay_pass->release->rtl_overlay_pass,5.913661,14.319482,2.881495,23.162138,-0.6875,-0.136036639,12853,True,40,179,-22528,5.63016,14.469686,0.896293,21.04517,-0.6875,-0.136036639,12853,True,40,,-22528,0.0,0.0,0.383386,0.335995
1688,baseline_overlay_pass->release->rtl_overlay_pass,5.751479,14.564585,2.839264,23.201159,-0.6875,-0.136914656,12855,True,40,179,-22528,5.548329,14.861182,0.883842,21.338864,-0.6875,-0.136914656,12855,True,40,,-22528,0.0,0.0,0.377055,0.332905
1689,baseline_overlay_pass->release->rtl_overlay_pass,5.884601,14.350362,2.856264,23.137948,-0.6796875,-0.133984612,12756,True,41,179,-22272,5.708762,14.345995,0.890403,20.98986,-0.6796875,-0.133984612,12756,True,41,,-22272,0.0,0.0,0.379126,0.335535
1690,baseline_overlay_pass->release->rtl_overlay_pass,7.674469,14.481134,2.835934,25.041657,-0.6796875,-0.135156345,12731,True,41,179,-22272,5.882344,14.424266,0.942574,21.292834,-0.6796875,-0.135156345,12731,True,41,,-22272,0.0,0.0,0.374246,0.392316
1691,baseline_overlay_pass->release->rtl_overlay_pass,5.85004,14.335322,2.858424,23.092927,-0.6796875,-0.135625038,12689,True,41,179,-22272,5.674481,14.941013,0.844242,21.506576,-0.6796875,-0.135625038,12689,True,41,,-22272,0.0,0.0,0.347415,0.331654
1692,baseline_overlay_pass->release->rtl_overlay_pass,5.952863,14.321781,2.868914,23.193209,-0.6640625,-0.129250015,12989,True,43,179,-21760,5.774262,15.122816,0.848692,21.79098,-0.6640625,-0.129250015,12989,True,43,,-21760,0.0,0.0,0.347675,0.334305
1693,baseline_overlay_pass->release->rtl_overlay_pass,5.81142,14.330191,2.904915,23.093288,-0.6640625,-0.131387506,12988,True,43,179,-21760,5.62495,14.808331,0.870693,21.349525,-0.6640625,-0.131387506,12988,True,43,,-21760,0.0,0.0,0.360335,0.338935
1694,baseline_overlay_pass->release->rtl_overlay_pass,5.84992,14.425004,2.892405,23.216999,-0.6640625,-0.132242502,12965,True,43,179,-21760,5.62164,14.760791,0.868023,21.294694,-0.6640625,-0.132242502,12965,True,43,,-21760,0.0,0.0,0.358705,0.338395
1695,baseline_overlay_pass->release->rtl_overlay_pass,6.522741,14.381563,2.884275,23.835309,-0.6328125,-0.119459501,13121,True,47,179,-20736,5.62509,14.73966,0.919643,21.330754,-0.6328125,-0.119459501,13121,True,47,,-20736,0.0,0.0,0.357995,0.392435
1696,baseline_overlay_pass->release->rtl_overlay_pass,5.83668,14.366532,2.920725,23.171798,-0.6328125,-0.1237213,13133,True,47,179,-20736,5.60989,14.684749,0.938543,21.279483,-0.6328125,-0.1237213,13133,True,47,,-20736,0.0,0.0,0.399725,0.353385
1697,baseline_overlay_pass->release->rtl_overlay_pass,5.81091,14.314121,2.896404,23.067547,-0.6328125,-0.12542602,13107,True,47,179,-20736,5.673181,14.393926,0.944783,21.05908,-0.6328125,-0.12542602,13107,True,47,,-20736,0.0,0.0,0.432946,0.332254
1698,baseline_overlay_pass->release->rtl_overlay_pass,7.861422,14.357133,2.816693,25.083258,-0.5625,-0.096576658,12824,True,56,179,-18432,5.661131,14.375285,0.887913,20.971879,-0.5625,-0.096576658,12824,True,56,,-18432,0.0,0.0,0.377256,0.336075
1699,baseline_overlay_pass->release->rtl_overlay_pass,6.44164,14.737338,2.839824,24.064633,-0.5625,-0.106130663,12827,True,56,179,-18432,5.662451,14.394325,0.907163,21.00763,-0.5625,-0.106130663,12827,True,56,,-18432,0.0,0.0,0.376135,0.335904
1700,baseline_overlay_pass->release->rtl_overlay_pass,6.028683,14.787229,2.871344,23.737417,-0.5625,-0.109952265,12818,True,56,179,-18432,5.869653,14.363114,0.888132,21.165121,-0.5625,-0.109952265,12818,True,56,,-18432,0.0,0.0,0.378205,0.335544
1701,baseline_overlay_pass->release->rtl_overlay_pass,7.817101,14.537615,2.834434,25.237081,-0.4453125,-0.062262156,12882,True,71,179,-14592,5.825593,14.870322,0.867703,21.613698,-0.4453125,-0.062262156,12882,True,71,,-14592,0.0,0.0,0.359485,0.333485
1702,baseline_overlay_pass->release->rtl_overlay_pass,6.187006,14.467264,2.844454,23.544474,-0.4453125,-0.078342362,12891,True,71,179,-14592,5.527639,15.412899,0.880342,21.865971,-0.4453125,-0.078342362,12891,True,71,,-14592,0.0,0.0,0.369545,0.341134
1703,baseline_overlay_pass->release->rtl_overlay_pass,7.733459,14.370622,2.832614,24.984596,-0.4453125,-0.084774445,12903,True,71,179,-14592,5.63211,14.935313,0.864713,21.476976,-0.4453125,-0.084774445,12903,True,71,,-14592,0.0,0.0,0.351045,0.344605
1704,baseline_overlay_pass->release->rtl_overlay_pass,6.039683,14.352642,2.891085,23.330631,-0.390625,-0.064378528,12656,True,78,179,-12800,5.62755,14.976104,0.856632,21.504226,-0.390625,-0.064378528,12656,True,78,,-12800,0.0,0.0,0.356265,0.331815
1705,baseline_overlay_pass->release->rtl_overlay_pass,6.44877,14.915991,2.893605,24.307306,-0.390625,-0.072626411,12673,True,78,179,-12800,5.598259,14.692489,0.993465,21.334224,-0.390625,-0.072626411,12673,True,78,,-12800,0.0,0.0,0.453046,0.343955
1706,baseline_overlay_pass->release->rtl_overlay_pass,6.119855,14.398813,3.019487,23.586945,-0.390625,-0.075925564,12669,True,78,179,-12800,5.60078,14.430945,0.878413,20.957609,-0.390625,-0.075925564,12669,True,78,,-12800,0.0,0.0,0.370855,0.330715
1707,baseline_overlay_pass->release->rtl_overlay_pass,6.815306,14.307341,2.855514,24.026162,-0.359375,-0.064120226,12381,True,82,179,-11776,6.044776,14.442686,0.880793,21.417256,-0.359375,-0.064120226,12381,True,82,,-11776,0.0,0.0,0.373695,0.332815
1708,baseline_overlay_pass->release->rtl_overlay_pass,5.856081,14.341372,3.355232,23.605915,-0.359375,-0.06877309,12326,True,82,179,-11776,5.65087,14.413655,0.904063,21.017049,-0.359375,-0.06877309,12326,True,82,,-11776,0.0,0.0,0.384596,0.339904
1709,baseline_overlay_pass->release->rtl_overlay_pass,5.79968,14.559415,2.911666,23.322821,-0.359375,-0.070634236,12335,True,82,179,-11776,5.815393,14.343225,0.895463,21.099071,-0.359375,-0.070634236,12335,True,82,,-11776,0.0,0.0,0.384416,0.335195
1710,baseline_overlay_pass->release->rtl_overlay_pass,5.668737,14.424913,2.877664,23.015805,-0.3359375,-0.061534944,12135,True,85,179,-11008,5.687381,14.385695,0.891133,21.008689,-0.3359375,-0.061534944,12135,True,85,,-11008,0.0,0.0,0.379246,0.337035
1711,baseline_overlay_pass->release->rtl_overlay_pass,5.691308,14.366562,2.911376,23.017506,-0.3359375,-0.064926478,12164,True,85,179,-11008,5.825433,14.363195,0.898673,21.136211,-0.3359375,-0.064926478,12164,True,85,,-11008,0.0,0.0,0.387046,0.333454
1712,baseline_overlay_pass->release->rtl_overlay_pass,5.743739,14.457394,2.823464,23.073487,-0.3359375,-0.066283091,12169,True,85,179,-11008,5.901474,14.342684,0.894593,21.183782,-0.3359375,-0.066283091,12169,True,85,,-11008,0.0,0.0,0.379346,0.337835
1713,baseline_overlay_pass->release->rtl_overlay_pass,5.923341,15.670052,2.850074,24.487638,-0.2890625,-0.047138236,11903,True,91,179,-9472,6.052386,14.473396,0.882322,21.453996,-0.2890625,-0.047138236,11903,True,91,,-9472,0.0,0.0,0.373035,0.331474
1714,baseline_overlay_pass->release->rtl_overlay_pass,5.87564,14.314521,2.876625,23.112298,-0.2890625,-0.053542795,11915,True,91,179,-9472,5.663081,15.135716,0.819512,21.663839,-0.2890625,-0.053542795,11915,True,91,,-9472,0.0,0.0,0.328615,0.328825
1715,baseline_overlay_pass->release->rtl_overlay_pass,5.960513,14.706827,2.824104,23.538604,-0.2890625,-0.056104618,11888,True,91,179,-9472,5.63343,14.981383,0.847402,21.507737,-0.2890625,-0.056104618,11888,True,91,,-9472,0.0,0.0,0.349045,0.329855
1716,baseline_overlay_pass->release->rtl_overlay_pass,5.80658,14.350852,2.968536,23.172408,-0.2421875,-0.037441847,11668,True,97,179,-7936,5.648581,14.894892,0.861352,21.448946,-0.2421875,-0.037441847,11668,True,97,,-7936,0.0,0.0,0.358395,0.334235
1717,baseline_overlay_pass->release->rtl_overlay_pass,6.733495,14.319901,2.883054,23.984341,-0.2421875,-0.044039239,11711,True,97,179,-7936,5.586489,14.784621,0.962694,21.380765,-0.2421875,-0.044039239,11711,True,97,,-7936,0.0,0.0,0.424576,0.350995
1718,baseline_overlay_pass->release->rtl_overlay_pass,6.238246,14.480184,2.890084,23.655745,-0.2421875,-0.046678196,11683,True,97,179,-7936,5.58243,14.337124,3.066243,23.035198,-0.2421875,-0.046678196,11683,True,97,,-7936,0.0,0.0,0.375665,0.421696
1719,baseline_overlay_pass->release->rtl_overlay_pass,6.162285,14.386542,2.878405,23.474613,-0.1640625,-0.014921278,11573,True,107,179,-5376,5.59312,14.512507,0.892773,21.04551,-0.1640625,-0.014921278,11573,True,107,,-5376,0.0,0.0,0.385906,0.331195
1720,baseline_overlay_pass->release->rtl_overlay_pass,6.179865,14.583416,2.875685,23.686657,-0.1640625,-0.025656011,11596,True,107,179,-5376,5.61893,14.361605,0.896283,20.924858,-0.1640625,-0.025656011,11596,True,107,,-5376,0.0,0.0,0.384706,0.337145
1721,baseline_overlay_pass->release->rtl_overlay_pass,6.087854,14.753508,2.842334,23.732947,-0.1640625,-0.029949905,11561,True,107,179,-5376,5.586229,14.422386,0.885133,20.937468,-0.1640625,-0.029949905,11561,True,107,,-5376,0.0,0.0,0.374636,0.333785
1722,baseline_overlay_pass->release->rtl_overlay_pass,6.038053,14.929881,2.848104,23.867479,-0.140625,-0.021823712,11606,True,110,179,-4608,5.923664,14.362195,0.948484,21.280183,-0.140625,-0.021823712,11606,True,110,,-4608,0.0,0.0,0.437286,0.331875
1723,baseline_overlay_pass->release->rtl_overlay_pass,5.635637,15.231615,2.786003,23.717627,-0.140625,-0.025604485,11613,True,110,179,-4608,5.823443,14.79795,0.866242,21.537757,-0.140625,-0.025604485,11613,True,110,,-4608,0.0,0.0,0.360745,0.332355
1724,baseline_overlay_pass->release->rtl_overlay_pass,5.660858,15.470109,2.810824,23.989071,-0.140625,-0.027116794,11599,True,110,179,-4608,5.655501,15.178816,0.857113,21.73823,-0.140625,-0.027116794,11599,True,110,,-4608,0.0,0.0,0.338244,0.353435
1725,baseline_overlay_pass->release->rtl_overlay_pass,5.713428,15.334867,2.868374,23.962211,0.03125,0.044465782,11786,True,132,179,1024,5.690531,14.75371,0.850252,21.340234,0.03125,0.044465782,11786,True,132,,1024,0.0,0.0,0.353445,0.334045
1726,baseline_overlay_pass->release->rtl_overlay_pass,5.588526,15.597551,2.974516,24.209365,0.03125,0.021536313,11802,True,132,179,1024,5.6203,14.75763,0.869463,21.292774,0.03125,0.021536313,11802,True,132,,1024,0.0,0.0,0.359245,0.343935
1727,baseline_overlay_pass->release->rtl_overlay_pass,5.699528,15.308587,2.870394,23.92601,0.03125,0.012364525,11753,True,132,179,1024,5.6166,14.661179,0.961633,21.288403,0.03125,0.012364525,11753,True,132,,1024,0.0,0.0,0.427686,0.343874
1728,baseline_overlay_pass->release->rtl_overlay_pass,5.630017,14.939201,2.900845,23.517463,0.0546875,0.01853956,11852,True,135,179,1792,5.60125,14.369175,0.881693,20.900918,0.0546875,0.01853956,11852,True,135,,1792,0.0,0.0,0.375726,0.333585
1729,baseline_overlay_pass->release->rtl_overlay_pass,5.652197,14.774059,2.898725,23.418472,0.0546875,0.013978324,11818,True,135,179,1792,5.63691,14.329694,0.885983,20.902088,0.0546875,0.013978324,11818,True,135,,1792,0.0,0.0,0.376845,0.335405
1730,baseline_overlay_pass->release->rtl_overlay_pass,5.908371,14.801118,2.852834,23.609505,0.0546875,0.01215383,11772,True,135,179,1792,5.58587,14.343894,0.874233,20.848767,0.0546875,0.01215383,11772,True,135,,1792,0.0,0.0,0.367846,0.333695
1731,baseline_overlay_pass->release->rtl_overlay_pass,5.773579,14.799099,2.887275,23.509664,0.0859375,0.024549032,11578,True,139,179,2816,5.565819,14.857091,0.873732,21.345114,0.0859375,0.024549032,11578,True,139,,2816,0.0,0.0,0.365645,0.337005
1732,baseline_overlay_pass->release->rtl_overlay_pass,5.663838,15.878186,2.834624,24.424308,0.0859375,0.020132113,11574,True,139,179,2816,5.692591,14.380325,0.890762,21.004449,0.0859375,0.020132113,11574,True,139,,2816,0.0,0.0,0.397106,0.322615
1733,baseline_overlay_pass->release->rtl_overlay_pass,5.759579,14.815289,2.880465,23.503784,0.0859375,0.018365345,11571,True,139,179,2816,5.787442,14.464656,0.896043,21.193002,0.0859375,0.018365345,11571,True,139,,2816,0.0,0.0,0.386285,0.336945
1734,baseline_overlay_pass->release->rtl_overlay_pass,5.705158,14.954932,3.037707,23.751217,0.109375,0.027502388,11570,True,142,179,3584,5.708401,14.995874,0.865012,21.616307,0.109375,0.027502388,11570,True,142,,3584,0.0,0.0,0.371415,0.327645
1735,baseline_overlay_pass->release->rtl_overlay_pass,5.626377,14.652496,3.089568,23.419802,0.109375,0.024125955,11530,True,142,179,3584,5.61983,15.010474,0.844492,21.520676,0.109375,0.024125955,11530,True,142,,3584,0.0,0.0,0.345035,0.334845
1736,baseline_overlay_pass->release->rtl_overlay_pass,5.606487,14.468054,3.20758,23.334501,0.109375,0.022775382,11658,True,142,179,3584,5.67613,14.75873,0.900903,21.381305,0.109375,0.022775382,11658,True,142,,3584,0.0,0.0,0.398906,0.333675
1737,baseline_overlay_pass->release->rtl_overlay_pass,5.911311,14.342021,3.353252,23.662976,0.1328125,0.032078903,11709,True,145,179,4352,5.62595,14.698829,0.933594,21.305694,0.1328125,0.032078903,11709,True,145,,4352,0.0,0.0,0.398546,0.353085
1738,baseline_overlay_pass->release->rtl_overlay_pass,5.635607,14.331842,3.088878,23.151058,0.1328125,0.028769061,11683,True,145,179,4352,5.687381,14.464766,0.931303,21.134431,0.1328125,0.028769061,11683,True,145,,4352,0.0,0.0,0.390436,0.345375
1739,baseline_overlay_pass->release->rtl_overlay_pass,5.592817,14.295241,2.882685,22.821173,0.1328125,0.027445124,11736,True,145,179,4352,5.58112,14.493667,0.887842,21.01113,0.1328125,0.027445124,11736,True,145,,4352,0.0,0.0,0.381305,0.332945
1740,baseline_overlay_pass->release->rtl_overlay_pass,5.713279,14.482654,2.900335,23.146848,0.15625,0.0367593,11758,True,148,179,5120,5.6764,14.371484,0.886862,20.979288,0.15625,0.0367593,11758,True,148,,5120,0.0,0.0,0.376075,0.334934
1741,baseline_overlay_pass->release->rtl_overlay_pass,5.667127,14.396872,2.918435,23.030406,0.15625,0.03345372,11708,True,148,179,5120,5.713042,14.439236,0.890693,21.089541,0.15625,0.03345372,11708,True,148,,5120,0.0,0.0,0.378715,0.335905
1742,baseline_overlay_pass->release->rtl_overlay_pass,5.629217,14.293591,2.882294,22.850343,0.1640625,0.035412738,11730,True,149,179,5376,5.776142,14.75134,0.857372,21.432775,0.1640625,0.035412738,11730,True,149,,5376,0.0,0.0,0.356545,0.332555
1743,baseline_overlay_pass->release->rtl_overlay_pass,5.81545,14.349292,2.849684,23.062466,0.21875,0.056821345,11775,True,156,179,7168,5.659391,15.301838,0.818242,21.829471,0.21875,0.056821345,11775,True,156,,7168,0.0,0.0,0.329655,0.327385
1744,baseline_overlay_pass->release->rtl_overlay_pass,5.787569,14.409923,2.852244,23.096877,0.21875,0.048978538,11776,True,156,179,7168,5.59,14.643118,0.847082,21.126431,0.21875,0.048978538,11776,True,156,,7168,0.0,0.0,0.354935,0.330485
1745,baseline_overlay_pass->release->rtl_overlay_pass,5.782389,14.455584,2.829684,23.116707,0.21875,0.045841415,11733,True,156,179,7168,5.655171,14.73178,0.855352,21.286923,0.21875,0.045841415,11733,True,156,,7168,0.0,0.0,0.360555,0.326825
1746,baseline_overlay_pass->release->rtl_overlay_pass,5.779679,14.786359,2.860304,23.478663,0.2421875,0.054430316,12092,True,159,179,7936,5.633931,14.76818,0.961464,21.410285,0.2421875,0.054430316,12092,True,159,,7936,0.0,0.0,0.425726,0.352445
1747,baseline_overlay_pass->release->rtl_overlay_pass,5.602077,15.124454,2.849054,23.625215,0.2421875,0.050834626,12116,True,159,179,7936,5.61531,14.348324,0.896283,20.909488,0.2421875,0.050834626,12116,True,159,,7936,0.0,0.0,0.372476,0.340995
1748,baseline_overlay_pass->release->rtl_overlay_pass,5.589517,14.938951,2.861074,23.437102,0.2421875,0.049396351,12107,True,159,179,7936,5.63978,14.458066,0.882563,21.027869,0.2421875,0.049396351,12107,True,159,,7936,0.0,0.0,0.373765,0.338725
1749,baseline_overlay_pass->release->rtl_overlay_pass,5.670228,14.85024,2.859714,23.427312,0.3203125,0.08163354,12047,True,169,179,10496,5.739822,14.415595,0.899772,21.0998,0.3203125,0.08163354,12047,True,169,,10496,0.0,0.0,0.385615,0.338275
1750,baseline_overlay_pass->release->rtl_overlay_pass,5.599197,14.695627,2.865865,23.204419,0.328125,0.074372166,12024,True,170,179,10752,5.806753,14.491436,0.882303,21.225602,0.328125,0.074372166,12024,True,170,,10752,0.0,0.0,0.372725,0.336905
1751,baseline_overlay_pass->release->rtl_overlay_pass,5.691248,14.740818,2.908655,23.388701,0.328125,0.069123866,12052,True,170,179,10752,5.65682,15.138536,0.834452,21.677429,0.328125,0.069123866,12052,True,170,,10752,0.0,0.0,0.340225,0.330674
1752,baseline_overlay_pass->release->rtl_overlay_pass,5.626787,14.706407,2.905434,23.28528,0.390625,0.093274547,12049,True,178,179,12800,5.58787,15.076505,0.855292,21.565317,0.390625,0.093274547,12049,True,178,,12800,0.0,0.0,0.358695,0.329015
1753,baseline_overlay_pass->release->rtl_overlay_pass,5.666118,15.257406,3.008927,23.982411,0.390625,0.084184819,12055,True,178,179,12800,5.62815,14.866721,0.852773,21.391215,0.390625,0.084184819,12055,True,178,,12800,0.0,0.0,0.352925,0.333335
1754,baseline_overlay_pass->release->rtl_overlay_pass,5.638247,14.517605,3.23624,23.446222,0.3984375,0.083830177,12056,True,179,179,13056,5.63189,14.797331,0.864002,21.339083,0.3984375,0.083830177,12056,True,179,,13056,0.0,0.0,0.358685,0.338385
1755,baseline_overlay_pass->release->rtl_overlay_pass,5.609507,14.684577,2.960676,23.30466,0.4296875,0.094469571,12129,True,183,179,14080,5.61067,15.030554,0.959134,21.646038,0.4296875,0.094469571,12129,True,183,,14080,0.0,0.0,0.413346,0.357195
1756,baseline_overlay_pass->release->rtl_overlay_pass,5.575336,14.86556,3.139359,23.631025,0.4296875,0.089350328,12110,True,183,179,14080,5.715031,14.369184,0.884073,21.016049,0.4296875,0.089350328,12110,True,183,,14080,0.0,0.0,0.382535,0.326844
1757,baseline_overlay_pass->release->rtl_overlay_pass,5.661498,14.660776,3.102648,23.480513,0.4296875,0.087302631,12128,True,183,179,14080,5.66499,14.427975,0.895763,21.038229,0.4296875,0.087302631,12128,True,183,,14080,0.0,0.0,0.381676,0.335694
1758,baseline_overlay_pass->release->rtl_overlay_pass,5.564156,14.447604,3.144039,23.211409,0.4453125,0.093046053,12159,True,185,179,14592,5.757032,14.364905,0.883463,21.04862,0.4453125,0.093046053,12159,True,185,,14592,0.0,0.0,0.373806,0.334315
1759,baseline_overlay_pass->release->rtl_overlay_pass,5.631897,14.426743,3.901941,24.013451,0.4453125,0.090655921,12156,True,185,179,14592,5.813552,14.422895,0.879203,21.160401,0.4453125,0.090655921,12156,True,185,,14592,0.0,0.0,0.376256,0.329545
1760,baseline_overlay_pass->release->rtl_overlay_pass,5.612317,14.445274,3.204559,23.31477,0.4453125,0.089699868,12165,True,185,179,14592,5.890694,14.690239,0.900773,21.529727,0.4453125,0.089699868,12165,True,185,,14592,0.0,0.0,0.372605,0.353095
1761,baseline_overlay_pass->release->rtl_overlay_pass,5.623117,14.517134,3.099468,23.2971,0.46875,0.099161197,12088,True,188,179,15360,5.638151,15.043204,0.828762,21.554057,0.46875,0.099161197,12088,True,188,,15360,0.0,0.0,0.340674,0.327154
1762,baseline_overlay_pass->release->rtl_overlay_pass,5.671818,14.516354,3.751458,23.994111,0.46875,0.095914479,12082,True,188,179,15360,5.6712,14.978673,0.901523,21.595638,0.46875,0.095914479,12082,True,188,,15360,0.0,0.0,0.356465,0.337625
1763,baseline_overlay_pass->release->rtl_overlay_pass,5.756299,14.332052,3.090308,23.231179,0.46875,0.094615792,12078,True,188,179,15360,5.713381,14.76653,0.861232,21.385164,0.46875,0.094615792,12078,True,188,,15360,0.0,0.0,0.361225,0.328794
1764,baseline_overlay_pass->release->rtl_overlay_pass,5.694698,14.370782,2.915325,23.031176,0.484375,0.100658817,11928,True,190,179,15872,5.614049,14.664798,0.983644,21.312264,0.484375,0.100658817,11928,True,190,,15872,0.0,0.0,0.453006,0.338165
1765,baseline_overlay_pass->release->rtl_overlay_pass,5.707628,14.340862,2.872564,22.969585,0.484375,0.098388527,11936,True,190,179,15872,5.914444,14.639508,1.025884,21.642028,0.484375,0.098388527,11936,True,190,,15872,0.0,0.0,0.499437,0.331034
1766,baseline_overlay_pass->release->rtl_overlay_pass,5.600227,14.377332,2.878025,22.901124,0.4765625,0.094199161,11897,True,189,179,15616,5.600859,14.540236,0.880052,21.070549,0.4765625,0.094199161,11897,True,189,,15616,0.0,0.0,0.375415,0.331754
1767,baseline_overlay_pass->release->rtl_overlay_pass,5.744819,14.325401,2.877914,22.993785,0.5078125,0.107992164,11896,True,193,179,16640,5.954494,14.393994,0.888722,21.284052,0.5078125,0.107992164,11896,True,193,,16640,0.0,0.0,0.380205,0.335934
1768,baseline_overlay_pass->release->rtl_overlay_pass,5.83417,14.362062,2.878714,23.123977,0.5078125,0.104134366,11887,True,193,179,16640,5.713121,14.620708,0.893573,21.302703,0.5078125,0.104134366,11887,True,193,,16640,0.0,0.0,0.386405,0.332714
1769,baseline_overlay_pass->release->rtl_overlay_pass,5.775719,14.348721,3.319651,23.500653,0.5078125,0.102591246,11860,True,193,179,16640,5.865944,14.78481,0.883952,21.578857,0.5078125,0.102591246,11860,True,193,,16640,0.0,0.0,0.372115,0.336864
1770,baseline_overlay_pass->release->rtl_overlay_pass,9.350225,15.275856,3.500724,28.192025,0.546875,0.118380249,11857,True,198,179,17920,6.082896,14.972743,0.838812,21.940072,0.546875,0.118380249,11857,True,198,,17920,0.0,0.0,0.343865,0.329455
1771,baseline_overlay_pass->release->rtl_overlay_pass,6.253177,16.474155,3.22165,26.011172,0.546875,0.112977099,11866,True,198,179,17920,5.57123,14.79575,0.847662,21.261493,0.546875,0.112977099,11866,True,198,,17920,0.0,0.0,0.352575,0.330405
1772,baseline_overlay_pass->release->rtl_overlay_pass,6.081204,16.284612,3.164679,25.590205,0.546875,0.11081584,11852,True,198,179,17920,5.643091,14.672039,0.912223,21.272283,0.546875,0.11081584,11852,True,198,,17920,0.0,0.0,0.406666,0.335965
1773,baseline_overlay_pass->release->rtl_overlay_pass,6.223137,15.686072,2.888705,24.850584,0.5703125,0.119795086,11854,True,201,179,18688,5.65141,14.842351,0.919193,21.459535,0.5703125,0.119795086,11854,True,201,,18688,0.0,0.0,0.393426,0.350415
1774,baseline_overlay_pass->release->rtl_overlay_pass,5.699788,14.366012,2.854134,22.967434,0.5703125,0.116355534,11855,True,201,179,18688,5.680971,14.498736,1.007585,21.238562,0.5703125,0.116355534,11855,True,201,,18688,0.0,0.0,0.454446,0.337285
1775,baseline_overlay_pass->release->rtl_overlay_pass,5.662087,14.332141,2.882434,22.922954,0.5703125,0.114979714,11855,True,201,179,18688,5.923064,14.322424,0.886082,21.180341,0.5703125,0.114979714,11855,True,201,,18688,0.0,0.0,0.373925,0.337494
1776,baseline_overlay_pass->release->rtl_overlay_pass,5.767559,14.439493,2.857395,23.111347,0.609375,0.130835635,11728,True,206,179,19968,5.68422,14.420305,0.930513,21.08416,0.609375,0.130835635,11728,True,206,,19968,0.0,0.0,0.391496,0.359845
1777,baseline_overlay_pass->release->rtl_overlay_pass,5.894211,14.296141,2.857374,23.095366,0.609375,0.125459254,11732,True,206,179,19968,5.716351,14.479266,0.886112,21.12661,0.609375,0.125459254,11732,True,206,,19968,0.0,0.0,0.374605,0.335405
1778,baseline_overlay_pass->release->rtl_overlay_pass,5.788329,14.696677,2.840083,23.37419,0.609375,0.123308702,11720,True,206,179,19968,5.762612,14.984784,0.881602,21.675188,0.609375,0.123308702,11720,True,206,,19968,0.0,0.0,0.376805,0.334865
1779,baseline_overlay_pass->release->rtl_overlay_pass,5.692738,14.823398,2.818143,23.382121,0.640625,0.135573481,11440,True,210,179,20992,5.563519,15.068684,0.823742,21.500926,0.640625,0.135573481,11440,True,210,,20992,0.0,0.0,0.332825,0.329114
1780,baseline_overlay_pass->release->rtl_overlay_pass,5.657537,15.073853,2.867144,23.647245,0.640625,0.131104392,11438,True,210,179,20992,5.720511,14.791931,0.849032,21.405544,0.640625,0.131104392,11438,True,210,,20992,0.0,0.0,0.348435,0.335434
1781,baseline_overlay_pass->release->rtl_overlay_pass,5.668057,14.94198,2.824183,23.480862,0.640625,0.129316757,11446,True,210,179,20992,5.613999,14.851431,0.849502,21.360154,0.640625,0.129316757,11446,True,210,,20992,0.0,0.0,0.353085,0.331375
1782,baseline_overlay_pass->release->rtl_overlay_pass,5.633317,14.965021,2.821284,23.467022,0.6484375,0.131882953,11433,True,211,179,21248,5.67103,14.663208,0.953123,21.332843,0.6484375,0.131882953,11433,True,211,,21248,0.0,0.0,0.406495,0.357465
1783,baseline_overlay_pass->release->rtl_overlay_pass,5.641647,14.761528,2.873065,23.32397,0.6484375,0.130565681,11422,True,211,179,21248,6.005926,14.466676,0.882363,21.402745,0.6484375,0.130565681,11422,True,211,,21248,0.0,0.0,0.371706,0.333355
1784,baseline_overlay_pass->release->rtl_overlay_pass,5.628157,14.734247,2.852444,23.262029,0.6484375,0.130038772,11421,True,211,179,21248,5.63266,14.413465,0.896813,20.990799,0.6484375,0.130038772,11421,True,211,,21248,0.0,0.0,0.385196,0.336085
1785,baseline_overlay_pass->release->rtl_overlay_pass,5.674798,14.762878,2.876135,23.361091,0.65625,0.133109259,11487,True,212,179,21504,5.594519,14.415155,0.881813,20.936438,0.65625,0.133109259,11487,True,212,,21504,0.0,0.0,0.372515,0.335835
1786,baseline_overlay_pass->release->rtl_overlay_pass,5.608806,14.650386,3.037527,23.34582,0.6484375,0.128712454,11488,True,211,179,21248,5.887553,14.662348,0.882022,21.478785,0.6484375,0.128712454,11488,True,211,,21248,0.0,0.0,0.374075,0.336074
1787,baseline_overlay_pass->release->rtl_overlay_pass,5.729398,14.461303,3.150969,23.393991,0.65625,0.132578731,11490,True,212,179,21504,5.856994,14.536217,0.882592,21.321113,0.65625,0.132578731,11490,True,212,,21504,0.0,0.0,0.374345,0.334225
1788,baseline_overlay_pass->release->rtl_overlay_pass,5.628307,14.438413,3.145779,23.265769,0.6796875,0.141625243,11351,True,215,179,22272,5.778442,14.897262,0.831982,21.556407,0.6796875,0.141625243,11351,True,215,,22272,0.0,0.0,0.337735,0.329755
1789,baseline_overlay_pass->release->rtl_overlay_pass,5.639247,14.310591,3.137379,23.139357,0.6796875,0.138212597,11357,True,215,179,22272,5.62377,15.398119,0.851472,21.918832,0.6796875,0.138212597,11357,True,215,,22272,0.0,0.0,0.351655,0.333024
1790,baseline_overlay_pass->release->rtl_overlay_pass,6.919777,14.383292,2.944475,24.304015,0.6796875,0.136847539,11342,True,215,179,22272,5.684481,15.198436,0.841192,21.771569,0.6796875,0.136847539,11342,True,215,,22272,0.0,0.0,0.349795,0.326895
1791,baseline_overlay_pass->release->rtl_overlay_pass,5.638297,14.556524,2.831013,23.076446,0.6796875,0.136301516,11182,True,215,179,22272,5.59001,14.836871,0.865293,21.338894,0.6796875,0.136301516,11182,True,215,,22272,0.0,0.0,0.360916,0.335945
1792,baseline_overlay_pass->release->rtl_overlay_pass,5.689998,14.517404,2.909365,23.168838,0.6796875,0.136083106,11204,True,215,179,22272,5.666561,14.901882,1.021445,21.636408,0.6796875,0.136083106,11204,True,215,,22272,0.0,0.0,0.469667,0.352435
1793,baseline_overlay_pass->release->rtl_overlay_pass,5.625867,14.305051,2.895845,22.873493,0.6796875,0.135995742,11194,True,215,179,22272,5.595289,14.457645,0.884072,20.983988,0.6796875,0.135995742,11194,True,215,,22272,0.0,0.0,0.372665,0.336324
1794,baseline_overlay_pass->release->rtl_overlay_pass,5.634567,14.528534,2.829644,23.043556,0.671875,0.132679547,11082,True,214,179,22016,6.086406,14.522666,0.914513,21.572617,0.671875,0.132679547,11082,True,214,,22016,0.0,0.0,0.412386,0.330845
1795,baseline_overlay_pass->release->rtl_overlay_pass,5.685047,15.320816,2.994436,24.050251,0.671875,0.133696819,11099,True,214,179,22016,5.61795,14.508217,1.113416,21.285203,0.671875,0.133696819,11099,True,214,,22016,0.0,0.0,0.371275,0.568528
1796,baseline_overlay_pass->release->rtl_overlay_pass,5.643257,14.319031,2.876764,22.884903,0.671875,0.134103728,11084,True,214,179,22016,5.856753,14.325644,0.878293,21.10553,0.671875,0.134103728,11084,True,214,,22016,0.0,0.0,0.372116,0.335405
1797,baseline_overlay_pass->release->rtl_overlay_pass,5.773879,14.390152,2.882464,23.096957,0.65625,0.127703991,11212,True,212,179,21504,5.64342,15.325198,0.846862,21.865601,0.65625,0.127703991,11212,True,212,,21504,0.0,0.0,0.354955,0.325195
1798,baseline_overlay_pass->release->rtl_overlay_pass,5.82758,14.376611,2.939665,23.190398,0.6640625,0.133112846,11197,True,213,179,21760,5.662021,14.76734,0.844932,21.318903,0.6640625,0.133112846,11197,True,213,,21760,0.0,0.0,0.348334,0.332005
1799,baseline_overlay_pass->release->rtl_overlay_pass,5.912592,14.390672,2.894435,23.244189,0.6640625,0.132932639,11173,True,213,179,21760,5.61267,14.899362,0.861872,21.418884,0.6640625,0.132932639,11173,True,213,,21760,0.0,0.0,0.356305,0.336244
1800,baseline_overlay_pass->release->rtl_overlay_pass,5.798239,14.806409,2.836114,23.492942,0.6796875,0.139423055,11270,True,215,179,22272,5.66638,14.80805,0.924404,21.443725,0.6796875,0.139423055,11270,True,215,,22272,0.0,0.0,0.387965,0.358475
1801,baseline_overlay_pass->release->rtl_overlay_pass,5.678987,15.081502,2.880354,23.689605,0.6796875,0.137331722,11267,True,215,179,22272,5.61757,14.489296,0.987894,21.144111,0.6796875,0.137331722,11267,True,215,,22272,0.0,0.0,0.455267,0.335755
1802,baseline_overlay_pass->release->rtl_overlay_pass,5.679017,15.132563,2.872724,23.732566,0.6796875,0.136495189,11279,True,215,179,22272,6.067426,14.610138,0.835932,21.556616,0.6796875,0.136495189,11279,True,215,,22272,0.0,0.0,0.340325,0.331015
1803,baseline_overlay_pass->release->rtl_overlay_pass,5.665108,14.697667,2.881014,23.291289,0.6796875,0.136160576,11295,True,215,179,22272,5.594869,14.378625,1.232378,21.253733,0.6796875,0.136160576,11295,True,215,,22272,0.0,0.0,0.377966,0.555898
1804,baseline_overlay_pass->release->rtl_overlay_pass,5.590447,14.643556,2.908035,23.189918,0.6796875,0.13602673,11312,True,215,179,22272,5.68202,14.520226,0.888773,21.134161,0.6796875,0.13602673,11312,True,215,,22272,0.0,0.0,0.383306,0.332175
1805,baseline_overlay_pass->release->rtl_overlay_pass,5.607136,14.743307,2.892755,23.289529,0.6796875,0.135973192,11304,True,215,179,22272,5.861034,14.541147,0.884893,21.330964,0.6796875,0.135973192,11304,True,215,,22272,0.0,0.0,0.379985,0.331635
1806,baseline_overlay_pass->release->rtl_overlay_pass,5.612737,14.708237,2.896075,23.263829,0.6796875,0.135951777,11310,True,215,179,22272,5.65722,15.144115,0.834212,21.684048,0.6796875,0.135951777,11310,True,215,,22272,0.0,0.0,0.341955,0.325534
1807,baseline_overlay_pass->release->rtl_overlay_pass,5.615707,14.618466,3.044107,23.3294,0.6796875,0.135943211,11331,True,215,179,22272,5.908724,15.081855,0.838152,21.873751,0.6796875,0.135943211,11331,True,215,,22272,0.0,0.0,0.346105,0.329755
1808,baseline_overlay_pass->release->rtl_overlay_pass,5.627017,14.507074,3.25282,23.437771,0.6796875,0.135939784,11321,True,215,179,22272,5.611949,14.79909,0.854293,21.311283,0.6796875,0.135939784,11321,True,215,,22272,0.0,0.0,0.358625,0.331585
1809,baseline_overlay_pass->release->rtl_overlay_pass,5.617987,14.438963,3.158929,23.270109,0.671875,0.132657164,11481,True,214,179,22016,5.66477,15.067055,0.864742,21.644218,0.671875,0.132657164,11481,True,214,,22016,0.0,0.0,0.358775,0.338784
1810,baseline_overlay_pass->release->rtl_overlay_pass,5.559566,14.598335,3.116718,23.32897,0.671875,0.133687865,11484,True,214,179,22016,6.143367,14.557827,1.031484,21.782939,0.671875,0.133687865,11484,True,214,,22016,0.0,0.0,0.450676,0.349005
1811,baseline_overlay_pass->release->rtl_overlay_pass,5.556816,14.335161,2.833793,22.776731,0.671875,0.134100146,11485,True,214,179,22016,5.6166,14.435665,0.897173,20.996998,0.671875,0.134100146,11485,True,214,,22016,0.0,0.0,0.398246,0.326244
1812,baseline_overlay_pass->release->rtl_overlay_pass,5.582186,14.407472,2.803734,22.840962,0.671875,0.134265058,11754,True,214,179,22016,5.62022,14.433375,0.893392,20.993878,0.671875,0.134265058,11754,True,214,,22016,0.0,0.0,0.381285,0.337925
1813,baseline_overlay_pass->release->rtl_overlay_pass,5.673227,14.365762,2.840954,22.927743,0.671875,0.134331023,11748,True,214,179,22016,5.744791,14.474905,0.906263,21.171141,0.671875,0.134331023,11748,True,214,,22016,0.0,0.0,0.379025,0.352045
1814,baseline_overlay_pass->release->rtl_overlay_pass,5.728858,14.366851,2.827324,22.970844,0.671875,0.134357409,11750,True,214,179,22016,5.844023,14.709879,0.869852,21.469895,0.671875,0.134357409,11750,True,214,,22016,0.0,0.0,0.365415,0.332085
1815,baseline_overlay_pass->release->rtl_overlay_pass,5.892971,14.524444,2.795464,23.258659,0.6640625,0.131086714,11926,True,213,179,21760,6.045136,14.924362,0.845602,21.86208,0.6640625,0.131086714,11926,True,213,,21760,0.0,0.0,0.349984,0.329215
1816,baseline_overlay_pass->release->rtl_overlay_pass,5.895381,14.432412,2.878184,23.252798,0.6640625,0.132122185,11922,True,213,179,21760,5.63414,15.414139,0.856562,21.949652,0.6640625,0.132122185,11922,True,213,,21760,0.0,0.0,0.351575,0.337024
1817,baseline_overlay_pass->release->rtl_overlay_pass,5.801839,14.769438,2.807173,23.429681,0.6640625,0.132536374,11908,True,213,179,21760,5.62957,14.708859,0.854152,21.237471,0.6640625,0.132536374,11908,True,213,,21760,0.0,0.0,0.352355,0.333155
1818,baseline_overlay_pass->release->rtl_overlay_pass,5.674328,15.210215,2.786573,23.719036,0.6640625,0.13270205,11962,True,213,179,21760,6.007465,14.81151,0.923443,21.790109,0.6640625,0.13270205,11962,True,213,,21760,0.0,0.0,0.393996,0.349255
1819,baseline_overlay_pass->release->rtl_overlay_pass,5.611256,15.183954,2.818033,23.660685,0.6640625,0.13276832,11954,True,213,179,21760,5.681411,14.403095,1.42102,21.553457,0.6640625,0.13276832,11954,True,213,,21760,0.0,0.0,0.580899,0.605738
1820,baseline_overlay_pass->release->rtl_overlay_pass,5.600006,15.004172,2.800903,23.451651,0.6640625,0.132794828,11968,True,213,179,21760,5.599779,14.668738,0.882763,21.200121,0.6640625,0.132794828,11968,True,213,,21760,0.0,0.0,0.372345,0.337075
1821,baseline_overlay_pass->release->rtl_overlay_pass,5.592996,14.864259,2.811273,23.317659,0.6640625,0.132805431,12064,True,213,179,21760,5.64497,15.008573,0.893463,21.591447,0.6640625,0.132805431,12064,True,213,,21760,0.0,0.0,0.383465,0.334844
1822,baseline_overlay_pass->release->rtl_overlay_pass,5.614127,14.91227,3.174958,23.749497,0.6640625,0.132809672,12080,True,213,179,21760,5.784202,14.353864,0.900453,21.08347,0.6640625,0.132809672,12080,True,213,,21760,0.0,0.0,0.370995,0.331915
1823,baseline_overlay_pass->release->rtl_overlay_pass,5.632956,14.866479,2.817604,23.364001,0.6640625,0.132811369,12057,True,213,179,21760,5.789592,14.644039,0.863652,21.342353,0.6640625,0.132811369,12057,True,213,,21760,0.0,0.0,0.358845,0.332904
1824,baseline_overlay_pass->release->rtl_overlay_pass,5.997772,14.823379,2.868675,23.739766,0.6640625,0.132812048,12259,True,213,179,21760,5.659941,15.002923,0.865422,21.571367,0.6640625,0.132812048,12259,True,213,,21760,0.0,0.0,0.345165,0.353585
1825,baseline_overlay_pass->release->rtl_overlay_pass,5.663907,14.698766,2.889935,23.299659,0.6640625,0.132812319,12257,True,213,179,21760,5.587819,14.821391,0.849032,21.303392,0.6640625,0.132812319,12257,True,213,,21760,0.0,0.0,0.350335,0.333415
1826,baseline_overlay_pass->release->rtl_overlay_pass,5.627227,14.631246,2.896665,23.202838,0.6640625,0.132812428,12256,True,213,179,21760,6.049176,14.862102,0.905663,21.862401,0.6640625,0.132812428,12256,True,213,,21760,0.0,0.0,0.404586,0.332755
1827,baseline_overlay_pass->release->rtl_overlay_pass,5.639847,14.695076,3.049337,23.434702,0.65625,0.129531221,12241,True,212,179,21504,5.64676,14.535247,0.999634,21.230782,0.65625,0.129531221,12241,True,212,,21504,0.0,0.0,0.452257,0.350215
1828,baseline_overlay_pass->release->rtl_overlay_pass,5.697688,14.715037,2.885325,23.3467,0.6640625,0.133843738,12226,True,213,179,21760,5.66239,14.413605,0.919323,21.043529,0.6640625,0.133843738,12226,True,213,,21760,0.0,0.0,0.374065,0.370435
1829,baseline_overlay_pass->release->rtl_overlay_pass,5.614437,14.459233,3.050707,23.179357,0.6640625,0.133224995,12231,True,213,179,21760,5.62183,14.477046,0.893373,21.037059,0.6640625,0.133224995,12231,True,213,,21760,0.0,0.0,0.384736,0.333815
1830,baseline_overlay_pass->release->rtl_overlay_pass,5.585886,14.662386,3.2374,23.536483,0.6484375,0.126414998,12409,True,211,179,21248,5.714711,14.354694,0.886823,21.000168,0.6484375,0.126414998,12409,True,211,,21248,0.0,0.0,0.378286,0.334725
1831,baseline_overlay_pass->release->rtl_overlay_pass,5.640857,14.410482,3.377913,23.480592,0.6484375,0.128378499,12406,True,211,179,21248,5.740691,14.388905,0.884463,21.060899,0.6484375,0.128378499,12406,True,211,,21248,0.0,0.0,0.375626,0.338625
1832,baseline_overlay_pass->release->rtl_overlay_pass,5.705388,14.312361,3.91925,23.989139,0.6484375,0.1291639,12413,True,211,179,21248,5.827272,14.961712,0.987835,21.82335,0.6484375,0.1291639,12413,True,211,,21248,0.0,0.0,0.473976,0.341645
1833,baseline_overlay_pass->release->rtl_overlay_pass,5.682688,14.340271,3.267821,23.34607,0.6484375,0.12947806,12377,True,211,179,21248,5.63336,15.017813,0.834562,21.532156,0.6484375,0.12947806,12377,True,211,,21248,0.0,0.0,0.340175,0.331275
1834,baseline_overlay_pass->release->rtl_overlay_pass,5.726518,14.375402,2.879125,23.033005,0.6484375,0.129603724,12371,True,211,179,21248,6.024345,14.750009,0.879643,21.698858,0.6484375,0.129603724,12371,True,211,,21248,0.0,0.0,0.347394,0.326944
1835,baseline_overlay_pass->release->rtl_overlay_pass,5.593306,14.30645,2.889415,22.834842,0.6484375,0.12965399,12385,True,211,179,21248,5.582639,14.830171,0.859973,21.317903,0.6484375,0.12965399,12385,True,211,,21248,0.0,0.0,0.355146,0.336925
1836,baseline_overlay_pass->release->rtl_overlay_pass,5.660137,14.389122,2.872004,22.968724,0.6328125,0.123111596,12543,True,209,179,20736,5.693101,14.605258,0.982594,21.361804,0.6328125,0.123111596,12543,True,209,,20736,0.0,0.0,0.452096,0.336235
1837,baseline_overlay_pass->release->rtl_overlay_pass,5.546715,14.442543,2.826074,22.863192,0.6328125,0.125182138,12537,True,209,179,20736,5.5758,14.666328,0.886013,21.176521,0.6328125,0.125182138,12537,True,209,,20736,0.0,0.0,0.377315,0.334984
1838,baseline_overlay_pass->release->rtl_overlay_pass,5.667677,14.355001,2.880544,22.948304,0.6328125,0.126010355,12509,True,209,179,20736,5.604289,14.366694,0.918123,20.934057,0.6328125,0.126010355,12509,True,209,,20736,0.0,0.0,0.386436,0.333655
1839,baseline_overlay_pass->release->rtl_overlay_pass,5.651327,14.28437,2.882754,22.863372,0.6015625,0.113216642,12313,True,205,179,19712,5.63959,14.482626,0.886123,21.051349,0.6015625,0.113216642,12313,True,205,,19712,0.0,0.0,0.375966,0.336825
1840,baseline_overlay_pass->release->rtl_overlay_pass,5.712578,14.785078,2.880975,23.426261,0.6015625,0.117474157,12303,True,205,179,19712,5.802632,14.451975,0.904163,21.205821,0.6015625,0.117474157,12303,True,205,,19712,0.0,0.0,0.387216,0.337255
1841,baseline_overlay_pass->release->rtl_overlay_pass,5.671828,14.404562,2.860334,22.982214,0.6015625,0.119177163,12299,True,205,179,19712,5.688511,15.257507,0.857822,21.8532,0.6015625,0.119177163,12299,True,205,,19712,0.0,0.0,0.360026,0.329085
1842,baseline_overlay_pass->release->rtl_overlay_pass,5.692857,14.356081,2.838164,22.933473,0.578125,0.110014615,12442,True,202,179,18944,5.741181,15.463919,0.877382,22.125464,0.578125,0.110014615,12442,True,202,,18944,0.0,0.0,0.351925,0.356385
1843,baseline_overlay_pass->release->rtl_overlay_pass,5.80183,16.807849,2.820414,25.477603,0.578125,0.113380846,12412,True,202,179,18944,5.589889,14.900492,1.123316,21.659248,0.578125,0.113380846,12412,True,202,,18944,0.0,0.0,0.352975,0.602768
1844,baseline_overlay_pass->release->rtl_overlay_pass,5.615186,14.30895,2.897125,22.868092,0.578125,0.114727338,12441,True,202,179,18944,5.692011,14.654158,0.925823,21.319653,0.578125,0.114727338,12441,True,202,,18944,0.0,0.0,0.393356,0.355025
1845,baseline_overlay_pass->release->rtl_overlay_pass,5.598006,14.464163,2.895485,23.003764,0.5625,0.108703435,12315,True,200,179,18432,5.6412,14.657578,1.012014,21.360324,0.5625,0.108703435,12315,True,200,,18432,0.0,0.0,0.468977,0.340435
1846,baseline_overlay_pass->release->rtl_overlay_pass,5.580646,14.508283,2.969175,23.106276,0.5625,0.110981374,12318,True,200,179,18432,5.790022,14.357524,0.887063,21.08521,0.5625,0.110981374,12318,True,200,,18432,0.0,0.0,0.380156,0.335345
1847,baseline_overlay_pass->release->rtl_overlay_pass,6.303628,14.680606,2.911275,23.943709,0.5625,0.11189255,12326,True,200,179,18432,5.558359,14.342873,0.878472,20.826126,0.5625,0.11189255,12326,True,200,,18432,0.0,0.0,0.373915,0.333644
1848,baseline_overlay_pass->release->rtl_overlay_pass,5.739699,15.051132,2.814464,23.658715,0.5,0.08600702,12451,True,192,179,16384,5.713271,14.372854,0.889153,21.021149,0.5,0.08600702,12451,True,192,,16384,0.0,0.0,0.381005,0.335345
1849,baseline_overlay_pass->release->rtl_overlay_pass,5.763709,15.052072,3.23983,24.106082,0.5,0.094402808,12437,True,192,179,16384,5.839783,14.432725,0.968894,21.286972,0.5,0.094402808,12437,True,192,,16384,0.0,0.0,0.463157,0.330154
1850,baseline_overlay_pass->release->rtl_overlay_pass,5.684787,14.475343,2.882224,23.089376,0.5,0.097761123,12446,True,192,179,16384,5.878543,15.228886,0.854212,22.010642,0.5,0.097761123,12446,True,192,,16384,0.0,0.0,0.354955,0.332165
1851,baseline_overlay_pass->release->rtl_overlay_pass,5.723868,14.30128,2.941866,23.016855,0.4765625,0.089260699,12408,True,189,179,15616,5.598149,15.222236,1.178477,22.045843,0.4765625,0.089260699,12408,True,189,,15616,0.0,0.0,0.467117,0.540908
1852,baseline_overlay_pass->release->rtl_overlay_pass,5.788439,14.424862,2.895965,23.156177,0.4765625,0.09289178,12399,True,189,179,15616,5.652141,14.79157,0.913153,21.403064,0.4765625,0.09289178,12399,True,189,,15616,0.0,0.0,0.358635,0.389135
1853,baseline_overlay_pass->release->rtl_overlay_pass,5.84074,14.89153,2.920545,23.702195,0.4765625,0.094344212,12375,True,189,179,15616,5.712571,14.939543,0.866822,21.565146,0.4765625,0.094344212,12375,True,189,,15616,0.0,0.0,0.358515,0.339414
1854,baseline_overlay_pass->release->rtl_overlay_pass,6.990698,14.423852,2.896004,24.357845,0.453125,0.085081435,12341,True,186,179,14848,5.63647,14.495046,0.993015,21.173331,0.453125,0.085081435,12341,True,186,,14848,0.0,0.0,0.450566,0.345905
1855,baseline_overlay_pass->release->rtl_overlay_pass,5.889931,14.477153,2.892344,23.30885,0.453125,0.088407574,12360,True,186,179,14848,5.59586,14.453525,0.882712,20.979518,0.453125,0.088407574,12360,True,186,,14848,0.0,0.0,0.373225,0.336034
1856,baseline_overlay_pass->release->rtl_overlay_pass,5.708218,14.812938,2.852274,23.420671,0.453125,0.08973803,12345,True,186,179,14848,5.663211,14.456035,0.892163,21.059159,0.453125,0.08973803,12345,True,186,,14848,0.0,0.0,0.386055,0.332424
1857,baseline_overlay_pass->release->rtl_overlay_pass,5.815169,15.805653,2.920865,24.596819,0.4375,0.083707712,12353,True,184,179,14336,5.594369,14.354274,0.882142,20.874496,0.4375,0.083707712,12353,True,184,,14336,0.0,0.0,0.374755,0.334234
1858,baseline_overlay_pass->release->rtl_overlay_pass,5.662978,14.9586,2.824213,23.491772,0.4375,0.085983085,12346,True,184,179,14336,5.913934,14.739529,0.882472,21.580746,0.4375,0.085983085,12346,True,184,,14336,0.0,0.0,0.379165,0.331464
1859,baseline_overlay_pass->release->rtl_overlay_pass,5.648778,16.86977,2.823083,25.389912,0.4375,0.086893234,12351,True,184,179,14336,5.808172,14.841821,0.856143,21.590517,0.4375,0.086893234,12351,True,184,,14336,0.0,0.0,0.354085,0.331745
1860,baseline_overlay_pass->release->rtl_overlay_pass,6.068494,16.517555,2.880024,25.518624,0.375,0.061007294,12359,True,176,179,12288,5.732402,15.070864,0.849943,21.700539,0.375,0.061007294,12359,True,176,,12288,0.0,0.0,0.333514,0.325455
1861,baseline_overlay_pass->release->rtl_overlay_pass,6.062533,14.589365,2.840044,23.540333,0.375,0.069402917,12369,True,176,179,12288,5.61167,15.132985,0.849442,21.640707,0.375,0.069402917,12369,True,176,,12288,0.0,0.0,0.348435,0.334385
1862,baseline_overlay_pass->release->rtl_overlay_pass,5.903961,15.011141,2.894035,23.864797,0.375,0.072761167,12374,True,176,179,12288,5.65472,14.667258,0.872293,21.239312,0.375,0.072761167,12374,True,176,,12288,0.0,0.0,0.357125,0.346875
1863,baseline_overlay_pass->release->rtl_overlay_pass,5.920971,15.176373,4.403548,25.559713,0.34375,0.060979467,12302,True,172,179,11264,5.624,14.739929,0.959124,21.371423,0.34375,0.060979467,12302,True,172,,11264,0.0,0.0,0.420726,0.352275
1864,baseline_overlay_pass->release->rtl_overlay_pass,6.375228,14.640155,2.893145,23.960859,0.34375,0.065641787,12310,True,172,179,11264,5.662511,14.390894,0.892282,20.995708,0.34375,0.065641787,12310,True,172,,11264,0.0,0.0,0.384735,0.333135
1865,baseline_overlay_pass->release->rtl_overlay_pass,5.732029,14.391471,2.880994,23.051015,0.34375,0.067506715,12325,True,172,179,11264,5.60286,14.412894,0.878452,20.943207,0.34375,0.067506715,12325,True,172,,11264,0.0,0.0,0.373295,0.333364
1866,baseline_overlay_pass->release->rtl_overlay_pass,5.85755,14.30608,2.899684,23.109655,0.296875,0.048565186,12378,True,166,179,9728,5.846193,14.681498,0.888252,21.460694,0.296875,0.048565186,12378,True,166,,9728,0.0,0.0,0.379295,0.334224
1867,baseline_overlay_pass->release->rtl_overlay_pass,5.8756,16.079667,3.637996,25.647255,0.296875,0.055051074,12367,True,166,179,9728,5.800132,14.445235,0.891273,21.183901,0.296875,0.055051074,12367,True,166,,9728,0.0,0.0,0.380815,0.335535
1868,baseline_overlay_pass->release->rtl_overlay_pass,5.762129,14.24619,2.890705,22.945704,0.296875,0.05764543,12378,True,166,179,9728,5.747742,14.692009,0.873752,21.359373,0.296875,0.05764543,12378,True,166,,9728,0.0,0.0,0.365835,0.335624
1869,baseline_overlay_pass->release->rtl_overlay_pass,6.058144,14.380331,2.928355,23.414141,0.265625,0.045558172,12398,True,162,179,8704,5.66477,15.101235,0.831642,21.644248,0.265625,0.045558172,12398,True,162,,8704,0.0,0.0,0.339975,0.327185
1870,baseline_overlay_pass->release->rtl_overlay_pass,5.983302,15.189834,3.577635,24.807241,0.265625,0.050098269,12387,True,162,179,8704,5.64203,14.78787,0.907953,21.383623,0.265625,0.050098269,12387,True,162,,8704,0.0,0.0,0.411866,0.327194
1871,baseline_overlay_pass->release->rtl_overlay_pass,5.971182,14.453683,2.939195,23.42057,0.265625,0.051914308,12389,True,162,179,8704,5.898533,14.770079,0.850132,21.566016,0.265625,0.051914308,12389,True,162,,8704,0.0,0.0,0.355395,0.326535
1872,baseline_overlay_pass->release->rtl_overlay_pass,6.449109,14.443513,2.857844,23.799046,0.1640625,0.009984473,12076,True,149,179,5376,5.63874,14.821361,0.984184,21.490155,0.1640625,0.009984473,12076,True,149,,5376,0.0,0.0,0.432626,0.356785
1873,baseline_overlay_pass->release->rtl_overlay_pass,6.259187,14.393522,2.855974,23.555663,0.1640625,0.023681289,12074,True,149,179,5376,5.6474,14.487716,0.906773,21.08874,0.1640625,0.023681289,12074,True,149,,5376,0.0,0.0,0.397466,0.334395
1874,baseline_overlay_pass->release->rtl_overlay_pass,6.061773,16.119028,3.137768,25.373101,0.1640625,0.029160016,12089,True,149,179,5376,5.731121,14.692958,0.877773,21.348243,0.1640625,0.029160016,12089,True,149,,5376,0.0,0.0,0.370185,0.336215
1875,baseline_overlay_pass->release->rtl_overlay_pass,5.84668,14.652996,2.856534,23.40325,0.15625,0.028070256,11907,True,148,179,5120,5.664851,14.405434,0.910902,21.025828,0.15625,0.028070256,11907,True,148,,5120,0.0,0.0,0.404745,0.332495
1876,baseline_overlay_pass->release->rtl_overlay_pass,5.706358,14.849498,2.864135,23.468582,0.15625,0.029978103,11894,True,148,179,5120,5.722402,14.352604,0.879502,20.999318,0.15625,0.029978103,11894,True,148,,5120,0.0,0.0,0.372125,0.336015
1877,baseline_overlay_pass->release->rtl_overlay_pass,5.691977,15.014102,2.861604,23.615584,0.15625,0.030741241,11902,True,148,179,5120,5.798982,15.175416,0.868352,21.89023,0.15625,0.030741241,11902,True,148,,5120,0.0,0.0,0.368265,0.327984
1878,baseline_overlay_pass->release->rtl_overlay_pass,7.83846,14.785307,2.879025,25.552923,0.1015625,0.008077746,11737,True,141,179,3328,5.612949,14.984482,0.833711,21.475454,0.1015625,0.008077746,11737,True,141,,3328,0.0,0.0,0.337465,0.329915
1879,baseline_overlay_pass->release->rtl_overlay_pass,5.644727,14.831648,2.836774,23.363629,0.1015625,0.015418599,11745,True,141,179,3328,5.934264,14.868131,0.858583,21.708408,0.1015625,0.015418599,11745,True,141,,3328,0.0,0.0,0.356405,0.332935
1880,baseline_overlay_pass->release->rtl_overlay_pass,5.751489,14.898349,2.881374,23.579863,0.1015625,0.018354939,11750,True,141,179,3328,5.848183,14.717989,0.855692,21.461315,0.1015625,0.018354939,11750,True,141,,3328,0.0,0.0,0.353795,0.335664
1881,baseline_overlay_pass->release->rtl_overlay_pass,6.200926,15.665791,4.956306,26.877054,0.0859375,0.012966976,11724,True,139,179,2816,5.65121,14.533056,0.977704,21.212361,0.0859375,0.012966976,11724,True,139,,2816,0.0,0.0,0.449927,0.335254
1882,baseline_overlay_pass->release->rtl_overlay_pass,5.886451,14.456142,2.883884,23.272988,0.0859375,0.01549929,11711,True,139,179,2816,5.747642,14.651018,0.880773,21.328503,0.0859375,0.01549929,11711,True,139,,2816,0.0,0.0,0.373265,0.335375
1883,baseline_overlay_pass->release->rtl_overlay_pass,5.800459,14.973641,2.947675,23.778167,0.0859375,0.016512216,11734,True,139,179,2816,5.66026,14.331484,0.893093,20.928217,0.0859375,0.016512216,11734,True,139,,2816,0.0,0.0,0.381106,0.336615
1884,baseline_overlay_pass->release->rtl_overlay_pass,5.725478,15.436938,2.952025,24.175842,0.0625,0.007073636,11858,True,136,179,2048,5.749761,14.368674,0.884722,21.047858,0.0625,0.007073636,11858,True,136,,2048,0.0,0.0,0.376805,0.334315
1885,baseline_overlay_pass->release->rtl_overlay_pass,5.84683,14.872549,2.830193,23.597844,0.0625,0.010329455,11862,True,136,179,2048,5.849043,14.439335,0.899612,21.232451,0.0625,0.010329455,11862,True,136,,2048,0.0,0.0,0.388775,0.338525
1886,baseline_overlay_pass->release->rtl_overlay_pass,5.699908,14.853009,2.833964,23.439781,0.0625,0.011631782,11848,True,136,179,2048,5.762662,15.041534,0.867852,21.718718,0.0625,0.011631782,11848,True,136,,2048,0.0,0.0,0.357205,0.338175
1887,baseline_overlay_pass->release->rtl_overlay_pass,5.596286,15.055112,2.869084,23.568843,0.0390625,0.002308963,11931,True,133,179,1280,5.915784,15.000183,0.859782,21.82038,0.0390625,0.002308963,11931,True,133,,1280,0.0,0.0,0.371935,0.324624
1888,baseline_overlay_pass->release->rtl_overlay_pass,5.771109,14.884039,2.883985,23.587273,0.0390625,0.005611085,11932,True,133,179,1280,5.62917,14.83539,0.857303,21.367004,0.0390625,0.005611085,11932,True,133,,1280,0.0,0.0,0.359725,0.330885
1889,baseline_overlay_pass->release->rtl_overlay_pass,5.624716,14.670136,2.856654,23.197717,0.0390625,0.006931934,11934,True,133,179,1280,5.62903,14.720049,0.855792,21.250372,0.0390625,0.006931934,11934,True,133,,1280,0.0,0.0,0.349155,0.338085
1890,baseline_overlay_pass->release->rtl_overlay_pass,5.621577,14.794178,2.875294,23.340159,0.0078125,-0.008945976,11885,True,129,179,256,5.830812,14.743229,0.996864,21.617817,0.0078125,-0.008945976,11885,True,129,,256,0.0,0.0,0.466757,0.344004
1891,baseline_overlay_pass->release->rtl_overlay_pass,5.608317,14.656925,5.174359,25.489582,0.0078125,-0.003578391,11889,True,129,179,256,5.64442,16.611166,1.014185,23.320831,0.0078125,-0.003578391,11889,True,129,,256,0.0,0.0,0.486017,0.335975
1892,baseline_overlay_pass->release->rtl_overlay_pass,5.628347,14.647276,2.949665,23.275078,0.0078125,-0.001431356,11869,True,129,179,256,5.61384,14.432415,1.465451,21.558946,0.0078125,-0.001431356,11869,True,129,,256,0.0,0.0,0.374406,0.335715
1893,baseline_overlay_pass->release->rtl_overlay_pass,5.659047,14.710386,2.882734,23.298748,-0.0078125,-0.000572542,11933,True,127,179,-256,5.792432,14.469176,0.879463,21.187081,-0.0078125,-0.000572542,11933,True,127,,-256,0.0,0.0,0.371075,0.335145
1894,baseline_overlay_pass->release->rtl_overlay_pass,5.699087,14.627215,2.822113,23.196707,-0.0078125,-0.000229017,11917,True,127,179,-256,5.69145,14.368154,0.881582,20.983787,-0.0078125,-0.000229017,11917,True,127,,-256,0.0,0.0,0.372385,0.333475
1895,baseline_overlay_pass->release->rtl_overlay_pass,5.790079,14.777287,2.814344,23.430981,-0.0078125,-9.1607e-05,11920,True,127,179,-256,5.763882,14.385005,0.881442,21.078849,-0.0078125,-9.1607e-05,11920,True,127,,-256,0.0,0.0,0.373335,0.333525
1896,baseline_overlay_pass->release->rtl_overlay_pass,5.89681,15.009151,2.961695,23.961818,-0.0859375,-0.036130393,11877,True,117,179,-2816,6.082206,14.602397,0.892702,21.625417,-0.0859375,-0.036130393,11877,True,117,,-2816,0.0,0.0,0.382465,0.335064
1897,baseline_overlay_pass->release->rtl_overlay_pass,5.632127,14.667916,2.938575,23.289108,-0.0859375,-0.024764657,11875,True,117,179,-2816,5.879704,15.148305,0.825602,21.903281,-0.0859375,-0.024764657,11875,True,117,,-2816,0.0,0.0,0.335185,0.326684
1898,baseline_overlay_pass->release->rtl_overlay_pass,5.639897,14.463973,3.103118,23.259638,-0.0859375,-0.020218363,11892,True,117,179,-2816,5.59521,15.200616,0.873632,21.712458,-0.0859375,-0.020218363,11892,True,117,,-2816,0.0,0.0,0.362345,0.340894
1899,baseline_overlay_pass->release->rtl_overlay_pass,5.903071,14.898539,3.157968,24.009319,-0.0859375,-0.018399845,11883,True,117,179,-2816,5.64841,14.901381,0.898772,21.494565,-0.0859375,-0.018399845,11883,True,117,,-2816,0.0,0.0,0.382315,0.340465
1900,baseline_overlay_pass->release->rtl_overlay_pass,5.658267,14.2994,3.398262,23.4099,-0.0859375,-0.017672438,11884,True,117,179,-2816,5.65212,14.589307,0.979224,21.270471,-0.0859375,-0.017672438,11884,True,117,,-2816,0.0,0.0,0.441027,0.346775
1901,baseline_overlay_pass->release->rtl_overlay_pass,5.645866,14.32519,3.330861,23.35136,-0.0859375,-0.017381475,11871,True,117,179,-2816,5.64852,14.542976,2.936911,23.179088,-0.0859375,-0.017381475,11871,True,117,,-2816,0.0,0.0,0.377565,2.367003
1902,baseline_overlay_pass->release->rtl_overlay_pass,5.681547,14.622835,2.846784,23.200067,-0.1171875,-0.03039009,11876,True,113,179,-3840,5.60259,14.628717,0.849482,21.12458,-0.1171875,-0.03039009,11876,True,113,,-3840,0.0,0.0,0.356635,0.326265
1903,baseline_overlay_pass->release->rtl_overlay_pass,5.732358,14.385121,2.878354,23.044474,-0.1171875,-0.026218536,11873,True,113,179,-3840,5.60095,14.386124,0.888423,20.920127,-0.1171875,-0.026218536,11873,True,113,,-3840,0.0,0.0,0.373476,0.338295
1904,baseline_overlay_pass->release->rtl_overlay_pass,5.604866,14.488293,2.869684,23.013294,-0.1171875,-0.024549914,11881,True,113,179,-3840,5.570339,14.532606,0.864952,21.011168,-0.1171875,-0.024549914,11881,True,113,,-3840,0.0,0.0,0.364855,0.328405
1905,baseline_overlay_pass->release->rtl_overlay_pass,5.619326,18.078718,3.381232,27.136457,-0.171875,-0.046851216,11625,True,106,179,-5632,5.778482,14.288143,0.890573,21.003238,-0.171875,-0.046851216,11625,True,106,,-5632,0.0,0.0,0.381756,0.334845
1906,baseline_overlay_pass->release->rtl_overlay_pass,6.625692,15.57748,2.877304,25.128237,-0.171875,-0.039365486,11625,True,106,179,-5632,6.176187,14.704038,0.866313,21.792209,-0.171875,-0.039365486,11625,True,106,,-5632,0.0,0.0,0.363595,0.331185
1907,baseline_overlay_pass->release->rtl_overlay_pass,5.743988,14.875319,2.806423,23.474011,-0.171875,-0.036371195,11626,True,106,179,-5632,5.63129,15.339358,0.840302,21.85359,-0.171875,-0.036371195,11626,True,106,,-5632,0.0,0.0,0.338245,0.334915
1908,baseline_overlay_pass->release->rtl_overlay_pass,5.641007,15.271875,2.840424,23.801096,-0.2734375,-0.077829728,11968,True,93,179,-8960,5.61036,14.949922,0.847632,21.452444,-0.2734375,-0.077829728,11968,True,93,,-8960,0.0,0.0,0.349495,0.331295
1909,baseline_overlay_pass->release->rtl_overlay_pass,5.676527,15.217284,2.817303,23.759636,-0.2734375,-0.063944391,11968,True,93,179,-8960,5.936254,14.682769,0.865982,21.529905,-0.2734375,-0.063944391,11968,True,93,,-8960,0.0,0.0,0.362265,0.334234
1910,baseline_overlay_pass->release->rtl_overlay_pass,5.597706,14.646535,2.840304,23.131726,-0.265625,-0.055109006,11976,True,94,179,-8704,5.583999,14.76701,0.965924,21.364883,-0.265625,-0.055109006,11976,True,94,,-8704,0.0,0.0,0.422056,0.355875
1911,baseline_overlay_pass->release->rtl_overlay_pass,5.587426,15.765262,2.896914,24.298893,-0.328125,-0.080168603,11848,True,86,179,-10752,5.64724,14.311743,0.884943,20.890276,-0.328125,-0.080168603,11848,True,86,,-10752,0.0,0.0,0.373976,0.331815
1912,baseline_overlay_pass->release->rtl_overlay_pass,5.563026,14.646446,2.883304,23.140776,-0.328125,-0.071442441,11840,True,86,179,-10752,5.69895,14.753899,0.869713,21.366193,-0.328125,-0.071442441,11840,True,86,,-10752,0.0,0.0,0.360945,0.334965
1913,baseline_overlay_pass->release->rtl_overlay_pass,5.669847,14.865008,2.853254,23.43652,-0.3359375,-0.071233226,11847,True,85,179,-11008,5.6195,14.417104,0.883792,20.964217,-0.3359375,-0.071233226,11847,True,85,,-11008,0.0,0.0,0.374535,0.335434
1914,baseline_overlay_pass->release->rtl_overlay_pass,5.608516,14.675865,2.874734,23.206317,-0.375,-0.085212041,11907,True,80,179,-12288,5.729632,14.382614,0.892563,21.049639,-0.375,-0.085212041,11907,True,80,,-12288,0.0,0.0,0.377396,0.338065
1915,baseline_overlay_pass->release->rtl_overlay_pass,5.624176,16.764928,2.996686,25.438572,-0.375,-0.079084816,11915,True,80,179,-12288,5.810013,14.763419,0.883982,21.503755,-0.375,-0.079084816,11915,True,80,,-12288,0.0,0.0,0.374975,0.335724
1916,baseline_overlay_pass->release->rtl_overlay_pass,5.627566,14.745856,2.869494,23.290958,-0.375,-0.076633926,11906,True,80,179,-12288,5.591919,15.132444,0.832972,21.601646,-0.375,-0.076633926,11906,True,80,,-12288,0.0,0.0,0.338444,0.333044
1917,baseline_overlay_pass->release->rtl_overlay_pass,5.623687,14.795548,2.913295,23.37959,-0.4140625,-0.092059821,11855,True,75,179,-13568,5.932594,14.687068,0.853712,21.517995,-0.4140625,-0.092059821,11855,True,75,,-13568,0.0,0.0,0.351055,0.334565
1918,baseline_overlay_pass->release->rtl_overlay_pass,5.727078,14.749057,3.103037,23.631013,-0.4140625,-0.086511428,11865,True,75,179,-13568,5.62552,15.420389,0.851362,21.940421,-0.4140625,-0.086511428,11865,True,75,,-13568,0.0,0.0,0.350695,0.330865
1919,baseline_overlay_pass->release->rtl_overlay_pass,5.728318,14.878969,2.810323,23.465761,-0.4140625,-0.084292071,11863,True,75,179,-13568,5.60429,16.532194,0.904012,23.084437,-0.4140625,-0.084292071,11863,True,75,,-13568,0.0,0.0,0.385945,0.339555
1920,baseline_overlay_pass->release->rtl_overlay_pass,5.624157,14.859889,2.890774,23.422621,-0.484375,-0.112935579,11891,True,66,179,-15872,5.64875,14.458845,2.674218,22.828884,-0.484375,-0.112935579,11891,True,66,,-15872,0.0,0.0,2.12122,0.341835
1921,baseline_overlay_pass->release->rtl_overlay_pass,5.708248,15.469748,2.893225,24.118641,-0.484375,-0.103299231,11874,True,66,179,-15872,5.699801,14.467046,1.028025,21.246862,-0.484375,-0.103299231,11874,True,66,,-15872,0.0,0.0,0.499687,0.339615
1922,baseline_overlay_pass->release->rtl_overlay_pass,5.627627,14.720277,2.871124,23.268798,-0.484375,-0.099444693,11883,True,66,179,-15872,5.60002,14.420084,0.896742,20.966957,-0.484375,-0.099444693,11883,True,66,,-15872,0.0,0.0,0.379325,0.340555
1923,baseline_overlay_pass->release->rtl_overlay_pass,5.657456,14.776467,2.891185,23.37182,-0.53125,-0.117590377,11783,True,60,179,-17408,5.61172,14.507546,0.875442,21.040158,-0.53125,-0.117590377,11783,True,60,,-17408,0.0,0.0,0.366485,0.334254
1924,baseline_overlay_pass->release->rtl_overlay_pass,7.194471,17.526759,3.694087,28.503518,-0.53125,-0.110786151,11778,True,60,179,-17408,5.59466,14.418174,0.894562,20.950887,-0.53125,-0.110786151,11778,True,60,,-17408,0.0,0.0,0.379015,0.340285
1925,baseline_overlay_pass->release->rtl_overlay_pass,6.217886,16.317101,3.517374,26.115761,-0.53125,-0.10806446,11774,True,60,179,-17408,5.744471,14.353003,0.888673,21.033568,-0.53125,-0.10806446,11774,True,60,,-17408,0.0,0.0,0.378685,0.332964
1926,baseline_overlay_pass->release->rtl_overlay_pass,6.361377,15.960705,3.548985,25.924758,-0.5703125,-0.123382034,11771,True,55,179,-18688,6.34534,14.724789,0.894213,22.010902,-0.5703125,-0.123382034,11771,True,55,,-18688,0.0,0.0,0.383976,0.334745
1927,baseline_overlay_pass->release->rtl_overlay_pass,6.000022,15.844944,3.105368,25.010085,-0.5703125,-0.117790314,11770,True,55,179,-18688,5.985505,14.857321,0.885223,21.777379,-0.5703125,-0.117790314,11770,True,55,,-18688,0.0,0.0,0.384225,0.329675
1928,baseline_overlay_pass->release->rtl_overlay_pass,5.983922,15.944125,3.709897,25.705095,-0.5703125,-0.115553625,11759,True,55,179,-18688,5.63473,15.287097,0.840472,21.807919,-0.5703125,-0.115553625,11759,True,55,,-18688,0.0,0.0,0.344834,0.330115
1929,baseline_overlay_pass->release->rtl_overlay_pass,6.298577,16.536134,3.393962,26.288994,-0.53125,-0.0982527,11332,True,60,179,-17408,5.62592,14.715769,0.886823,21.275372,-0.53125,-0.0982527,11332,True,60,,-17408,0.0,0.0,0.393196,0.325075
1930,baseline_overlay_pass->release->rtl_overlay_pass,5.884231,16.216469,3.075217,25.225958,-0.5390625,-0.10633233,11351,True,59,179,-17664,5.64526,14.726229,0.884343,21.301522,-0.5390625,-0.10633233,11351,True,59,,-17664,0.0,0.0,0.366455,0.342875
1931,baseline_overlay_pass->release->rtl_overlay_pass,6.023302,16.151888,3.171739,25.39746,-0.53125,-0.103939182,11328,True,60,179,-17408,6.073236,16.168709,0.960884,23.24812,-0.53125,-0.103939182,11328,True,60,,-17408,0.0,0.0,0.421376,0.353525
1932,baseline_overlay_pass->release->rtl_overlay_pass,8.46001,15.363216,3.113558,26.987095,-0.5703125,-0.121731923,11411,True,55,179,-18688,5.64609,14.752779,0.965034,21.408984,-0.5703125,-0.121731923,11411,True,55,,-18688,0.0,0.0,0.438266,0.342565
1933,baseline_overlay_pass->release->rtl_overlay_pass,5.959402,15.571879,3.127778,24.71268,-0.5703125,-0.117130269,11377,True,55,179,-18688,5.60165,16.592515,0.977524,23.220779,-0.5703125,-0.117130269,11377,True,55,,-18688,0.0,0.0,0.436346,0.346775
1934,baseline_overlay_pass->release->rtl_overlay_pass,5.87897,15.066432,3.001726,23.989089,-0.5703125,-0.115289608,11379,True,55,179,-18688,5.587129,14.373244,0.883063,20.892376,-0.5703125,-0.115289608,11379,True,55,,-18688,0.0,0.0,0.373465,0.336945
1935,baseline_overlay_pass->release->rtl_overlay_pass,6.185796,15.468738,3.062577,24.771401,-0.640625,-0.144084593,11336,True,46,179,-20992,5.617099,14.483825,0.897563,21.048478,-0.640625,-0.144084593,11336,True,46,,-20992,0.0,0.0,0.388676,0.331715
1936,baseline_overlay_pass->release->rtl_overlay_pass,5.915291,15.460138,3.092238,24.515537,-0.640625,-0.134508837,11332,True,46,179,-20992,5.66767,14.499286,0.891043,21.101479,-0.640625,-0.134508837,11332,True,46,,-20992,0.0,0.0,0.378826,0.335465
1937,baseline_overlay_pass->release->rtl_overlay_pass,5.945572,15.479868,3.055777,24.536137,-0.640625,-0.130678535,11346,True,46,179,-20992,5.736342,14.448095,0.920593,21.15084,-0.640625,-0.130678535,11346,True,46,,-20992,0.0,0.0,0.381366,0.361565
1938,baseline_overlay_pass->release->rtl_overlay_pass,5.915531,15.516359,3.040677,24.530487,-0.59375,-0.109458914,11649,True,52,179,-19456,6.098496,14.498376,0.886103,21.527605,-0.59375,-0.109458914,11649,True,52,,-19456,0.0,0.0,0.375616,0.335885
1939,baseline_overlay_pass->release->rtl_overlay_pass,5.84128,15.64248,3.338161,24.879522,-0.5859375,-0.111752316,11525,True,53,179,-19200,5.66381,15.462699,0.830062,21.999832,-0.5859375,-0.111752316,11525,True,53,,-19200,0.0,0.0,0.337285,0.329545
1940,baseline_overlay_pass->release->rtl_overlay_pass,5.90918,15.386816,3.175708,24.525557,-0.5859375,-0.115013426,11532,True,53,179,-19200,5.64312,15.047053,0.843582,21.578175,-0.5859375,-0.115013426,11532,True,53,,-19200,0.0,0.0,0.346785,0.328935
1941,baseline_overlay_pass->release->rtl_overlay_pass,5.996652,15.726621,3.369161,25.150097,-0.609375,-0.12616162,11626,True,50,179,-19968,5.791322,14.677548,0.864112,21.374822,-0.609375,-0.12616162,11626,True,50,,-19968,0.0,0.0,0.361895,0.333175
1942,baseline_overlay_pass->release->rtl_overlay_pass,6.080213,16.30357,7.348433,29.790328,-0.609375,-0.123589648,11621,True,50,179,-19968,5.61874,14.711989,0.866232,21.242641,-0.609375,-0.123589648,11621,True,50,,-19968,0.0,0.0,0.359145,0.339285
1943,baseline_overlay_pass->release->rtl_overlay_pass,5.777969,15.59594,3.410153,24.842972,-0.609375,-0.122560859,11622,True,50,179,-19968,5.6884,14.640867,1.033045,21.410373,-0.609375,-0.122560859,11622,True,50,,-19968,0.0,0.0,0.464156,0.343365
1944,baseline_overlay_pass->release->rtl_overlay_pass,5.913951,15.427477,3.055607,24.451995,-0.6171875,-0.125430594,11613,True,49,179,-20224,5.690921,14.413564,0.882982,21.033948,-0.6171875,-0.125430594,11613,True,49,,-20224,0.0,0.0,0.376315,0.330214
1945,baseline_overlay_pass->release->rtl_overlay_pass,5.620376,14.822138,3.001496,23.497381,-0.6171875,-0.124234737,11614,True,49,179,-20224,5.58908,14.668198,0.891303,21.191671,-0.6171875,-0.124234737,11614,True,49,,-20224,0.0,0.0,0.380365,0.336105
1946,baseline_overlay_pass->release->rtl_overlay_pass,5.809759,14.610774,2.876805,23.351629,-0.6171875,-0.123756395,11609,True,49,179,-20224,5.661321,14.437825,0.889852,21.032698,-0.6171875,-0.123756395,11609,True,49,,-20224,0.0,0.0,0.376185,0.339015
1947,baseline_overlay_pass->release->rtl_overlay_pass,5.87643,14.472603,2.843984,23.242337,-0.6328125,-0.130127558,11517,True,47,179,-20736,5.839523,14.900671,0.877812,21.665717,-0.6328125,-0.130127558,11517,True,47,,-20736,0.0,0.0,0.368545,0.334764
1948,baseline_overlay_pass->release->rtl_overlay_pass,5.84196,14.716296,2.838393,23.44565,-0.6328125,-0.127988523,11515,True,47,179,-20736,5.853343,14.567827,0.879162,21.345262,-0.6328125,-0.127988523,11515,True,47,,-20736,0.0,0.0,0.367195,0.339265
1949,baseline_overlay_pass->release->rtl_overlay_pass,5.82677,14.860739,2.821903,23.555632,-0.6328125,-0.127132909,11521,True,47,179,-20736,5.566769,15.177835,0.822572,21.611416,-0.6328125,-0.127132909,11521,True,47,,-20736,0.0,0.0,0.334185,0.326155
1950,baseline_overlay_pass->release->rtl_overlay_pass,5.701698,15.027341,2.793793,23.570712,-0.640625,-0.130071914,11464,True,46,179,-20992,5.64647,14.699228,0.852122,21.243621,-0.640625,-0.130071914,11464,True,46,,-20992,0.0,0.0,0.355965,0.330254
1951,baseline_overlay_pass->release->rtl_overlay_pass,5.608687,15.183563,2.801053,23.638143,-0.640625,-0.128903765,11461,True,46,179,-20992,5.62393,14.85269,0.870312,21.392653,-0.640625,-0.128903765,11461,True,46,,-20992,0.0,0.0,0.360855,0.338885
1952,baseline_overlay_pass->release->rtl_overlay_pass,5.609926,15.306555,2.877114,23.839246,-0.640625,-0.128436506,11445,True,46,179,-20992,5.879744,14.682458,0.934013,21.542045,-0.640625,-0.128436506,11445,True,46,,-20992,0.0,0.0,0.400056,0.354185
1953,baseline_overlay_pass->release->rtl_overlay_pass,5.639336,14.729216,2.916575,23.333938,-0.6796875,-0.144655852,10789,True,41,179,-22272,5.930134,15.157655,1.033554,22.173434,-0.6796875,-0.144655852,10789,True,41,,-22272,0.0,0.0,0.499177,0.335814
1954,baseline_overlay_pass->release->rtl_overlay_pass,5.797769,14.770297,2.935365,23.554101,-0.6796875,-0.139424841,10794,True,41,179,-22272,5.64496,14.431344,0.886833,21.011118,-0.6796875,-0.139424841,10794,True,41,,-22272,0.0,0.0,0.374835,0.336615
1955,baseline_overlay_pass->release->rtl_overlay_pass,5.778369,14.662236,2.907454,23.39531,-0.6796875,-0.137332436,10787,True,41,179,-22272,5.971824,14.344413,0.886453,21.248441,-0.6796875,-0.137332436,10787,True,41,,-22272,0.0,0.0,0.376266,0.336275
1956,baseline_overlay_pass->release->rtl_overlay_pass,5.620506,14.745076,2.871204,23.283817,-0.6875,-0.139776725,10654,True,40,179,-22528,5.736231,14.362424,0.880923,21.023438,-0.6875,-0.139776725,10654,True,40,,-22528,0.0,0.0,0.369765,0.334695
1957,baseline_overlay_pass->release->rtl_overlay_pass,5.591385,14.869648,2.881985,23.38946,-0.6875,-0.13841069,10653,True,40,179,-22528,5.792062,14.395624,0.892603,21.125719,-0.6875,-0.13841069,10653,True,40,,-22528,0.0,0.0,0.383876,0.332315
1958,baseline_overlay_pass->release->rtl_overlay_pass,5.643597,14.703236,2.887344,23.282008,-0.6875,-0.137864276,10654,True,40,179,-22528,5.734571,15.045283,0.849642,21.676657,-0.6875,-0.137864276,10654,True,40,,-22528,0.0,0.0,0.349995,0.330324
1959,baseline_overlay_pass->release->rtl_overlay_pass,5.666967,14.778537,2.803543,23.296967,-0.6953125,-0.14092696,10520,True,39,179,-22784,5.709081,14.935482,0.844552,21.535735,-0.6953125,-0.14092696,10520,True,39,,-22784,0.0,0.0,0.349575,0.329214
1960,baseline_overlay_pass->release->rtl_overlay_pass,5.698498,15.755702,2.802853,24.304173,-0.6953125,-0.139808284,10517,True,39,179,-22784,5.6512,14.936922,0.848692,21.488054,-0.6953125,-0.139808284,10517,True,39,,-22784,0.0,0.0,0.354475,0.329315
1961,baseline_overlay_pass->release->rtl_overlay_pass,5.594996,15.317255,2.933055,23.896437,-0.6953125,-0.139360814,10518,True,39,179,-22784,5.697831,14.915072,0.882572,21.540895,-0.6953125,-0.139360814,10518,True,39,,-22784,0.0,0.0,0.367585,0.341475
1962,baseline_overlay_pass->release->rtl_overlay_pass,5.598006,14.546333,3.087898,23.286138,-0.703125,-0.142463075,10382,True,38,179,-23040,5.61697,14.382304,0.994874,21.044368,-0.703125,-0.142463075,10382,True,38,,-23040,0.0,0.0,0.428946,0.373725
1963,baseline_overlay_pass->release->rtl_overlay_pass,5.580176,14.37173,3.418482,23.421369,-0.703125,-0.14136023,10387,True,38,179,-23040,6.091476,14.476705,0.881993,21.498274,-0.703125,-0.14136023,10387,True,38,,-23040,0.0,0.0,0.373765,0.331885
1964,baseline_overlay_pass->release->rtl_overlay_pass,5.616116,14.390031,4.016272,24.07563,-0.703125,-0.140919092,10385,True,38,179,-23040,5.64449,14.346084,0.936353,20.970977,-0.703125,-0.140919092,10385,True,38,,-23040,0.0,0.0,0.389655,0.341525
1965,baseline_overlay_pass->release->rtl_overlay_pass,5.614946,14.269829,3.24105,23.176776,-0.6953125,-0.137461387,10318,True,39,179,-22784,5.626479,14.304632,0.885713,20.862735,-0.6953125,-0.137461387,10318,True,39,,-22784,0.0,0.0,0.374655,0.334915
1966,baseline_overlay_pass->release->rtl_overlay_pass,5.596586,14.31487,2.872445,22.832231,-0.6953125,-0.138422055,10321,True,39,179,-22784,5.65905,14.436655,0.890053,21.029588,-0.6953125,-0.138422055,10321,True,39,,-22784,0.0,0.0,0.376916,0.338095
1967,baseline_overlay_pass->release->rtl_overlay_pass,5.648206,14.3318,2.867354,22.898331,-0.6953125,-0.138806322,10316,True,39,179,-22784,7.09024,14.385223,0.888852,22.412187,-0.6953125,-0.138806322,10316,True,39,,-22784,0.0,0.0,0.377475,0.334594
1968,baseline_overlay_pass->release->rtl_overlay_pass,5.628257,14.33681,2.825903,22.842321,-0.6875,-0.135678779,10417,True,40,179,-22528,8.796684,14.467125,0.875462,24.187163,-0.6875,-0.135678779,10417,True,40,,-22528,0.0,0.0,0.368685,0.332555
1969,baseline_overlay_pass->release->rtl_overlay_pass,5.643317,14.400431,2.858334,22.951762,-0.6875,-0.136771512,10414,True,40,179,-22528,7.599877,14.399054,0.923373,22.967265,-0.6875,-0.136771512,10414,True,40,,-22528,0.0,0.0,0.414256,0.333275
1970,baseline_overlay_pass->release->rtl_overlay_pass,5.711508,14.34022,2.883025,22.985133,-0.6875,-0.137208605,10421,True,40,179,-22528,5.65438,15.144055,0.828402,21.673217,-0.6875,-0.137208605,10421,True,40,,-22528,0.0,0.0,0.340065,0.326634
1971,baseline_overlay_pass->release->rtl_overlay_pass,5.546555,14.409752,2.850584,22.850951,-0.6875,-0.137383442,10402,True,40,179,-22528,5.721981,15.126434,0.884113,21.777198,-0.6875,-0.137383442,10402,True,40,,-22528,0.0,0.0,0.381375,0.331434
1972,baseline_overlay_pass->release->rtl_overlay_pass,5.716177,14.578144,2.897624,23.236046,-0.6875,-0.137453377,10399,True,40,179,-22528,5.612719,14.910871,0.854982,21.421894,-0.6875,-0.137453377,10399,True,40,,-22528,0.0,0.0,0.359565,0.330585
1973,baseline_overlay_pass->release->rtl_overlay_pass,5.757638,14.539803,2.905955,23.250397,-0.6875,-0.137481351,10392,True,40,179,-22528,5.589309,14.688088,0.979044,21.302181,-0.6875,-0.137481351,10392,True,40,,-22528,0.0,0.0,0.441266,0.355826
1974,baseline_overlay_pass->release->rtl_overlay_pass,7.598666,14.449551,2.861344,24.962423,-0.6875,-0.13749254,10443,True,40,179,-22528,5.699291,14.378864,0.916233,21.043818,-0.6875,-0.13749254,10443,True,40,,-22528,0.0,0.0,0.392595,0.342084
1975,baseline_overlay_pass->release->rtl_overlay_pass,7.630787,14.32661,2.881064,24.886383,-0.6875,-0.137497016,10440,True,40,179,-22528,5.62008,14.557656,0.890953,21.115939,-0.6875,-0.137497016,10440,True,40,,-22528,0.0,0.0,0.382106,0.337255
1976,baseline_overlay_pass->release->rtl_overlay_pass,5.797359,14.27202,2.900184,23.018223,-0.6875,-0.137498806,10438,True,40,179,-22528,5.62311,14.343903,0.893643,20.903716,-0.6875,-0.137498806,10438,True,40,,-22528,0.0,0.0,0.372396,0.340315
1977,baseline_overlay_pass->release->rtl_overlay_pass,6.199165,14.431181,3.006376,23.685344,-0.6875,-0.137499523,10464,True,40,179,-22528,5.810253,14.463565,0.875952,21.19424,-0.6875,-0.137499523,10464,True,40,,-22528,0.0,0.0,0.373015,0.328724
1978,baseline_overlay_pass->release->rtl_overlay_pass,5.88997,14.487083,2.887814,23.310657,-0.6875,-0.137499809,10468,True,40,179,-22528,5.954585,14.86015,0.885742,21.745488,-0.6875,-0.137499809,10468,True,40,,-22528,0.0,0.0,0.352425,0.361365
1979,baseline_overlay_pass->release->rtl_overlay_pass,6.137554,14.31877,2.875325,23.379369,-0.6875,-0.137499924,10468,True,40,179,-22528,5.592279,14.972582,0.856793,21.467274,-0.6875,-0.137499924,10468,True,40,,-22528,0.0,0.0,0.345934,0.341745
1980,baseline_overlay_pass->release->rtl_overlay_pass,6.238836,14.501913,2.894845,23.683024,-0.6875,-0.137499969,10630,True,40,179,-22528,5.65892,14.768959,0.873862,21.348112,-0.6875,-0.137499969,10630,True,40,,-22528,0.0,0.0,0.361425,0.344545
1981,baseline_overlay_pass->release->rtl_overlay_pass,6.103583,14.544483,2.878034,23.574601,-0.6875,-0.137499988,10627,True,40,179,-22528,5.64123,14.729529,0.938503,21.356932,-0.6875,-0.137499988,10627,True,40,,-22528,0.0,0.0,0.395036,0.359886
1982,baseline_overlay_pass->release->rtl_overlay_pass,5.678957,16.376432,2.823303,24.931192,-0.6875,-0.137499995,10628,True,40,179,-22528,5.68981,14.384564,0.943514,21.069338,-0.6875,-0.137499995,10628,True,40,,-22528,0.0,0.0,0.413075,0.340905
1983,baseline_overlay_pass->release->rtl_overlay_pass,7.517955,14.545503,2.882194,24.993593,-0.6796875,-0.134218748,10795,True,41,179,-22272,5.66451,14.391184,0.956824,21.060118,-0.6796875,-0.134218748,10795,True,41,,-22272,0.0,0.0,0.420936,0.333335
1984,baseline_overlay_pass->release->rtl_overlay_pass,5.924431,14.923869,2.889054,23.789415,-0.6796875,-0.135249999,10790,True,41,179,-22272,5.61984,14.410224,0.889753,20.963247,-0.6796875,-0.135249999,10790,True,41,,-22272,0.0,0.0,0.378086,0.335775
1985,baseline_overlay_pass->release->rtl_overlay_pass,5.8731,15.070191,2.827923,23.819075,-0.6796875,-0.1356625,10788,True,41,179,-22272,5.781842,14.658657,0.907343,21.390623,-0.6796875,-0.1356625,10788,True,41,,-22272,0.0,0.0,0.399755,0.335054
1986,baseline_overlay_pass->release->rtl_overlay_pass,7.395413,14.331519,2.908284,24.681978,-0.671875,-0.13254625,11019,True,42,179,-22016,5.840323,14.404924,0.884253,21.17487,-0.671875,-0.13254625,11019,True,42,,-22016,0.0,0.0,0.376645,0.331255
1987,baseline_overlay_pass->release->rtl_overlay_pass,5.87983,14.417911,2.903544,23.247566,-0.671875,-0.1336435,11022,True,42,179,-22016,5.65356,15.054593,0.845652,21.598266,-0.671875,-0.1336435,11022,True,42,,-22016,0.0,0.0,0.355135,0.324714
1988,baseline_overlay_pass->release->rtl_overlay_pass,5.82583,14.522413,2.885384,23.281307,-0.671875,-0.1340824,11020,True,42,179,-22016,5.63162,14.84835,0.862382,21.387953,-0.671875,-0.1340824,11020,True,42,,-22016,0.0,0.0,0.353885,0.339605
1989,baseline_overlay_pass->release->rtl_overlay_pass,6.032733,14.635175,2.867654,23.582562,-0.6640625,-0.13097671,11077,True,43,179,-21760,5.66212,14.713128,0.857742,21.278951,-0.6640625,-0.13097671,11077,True,43,,-21760,0.0,0.0,0.349765,0.341815
1990,baseline_overlay_pass->release->rtl_overlay_pass,5.915681,14.893238,2.854863,23.719274,-0.6640625,-0.132078184,11080,True,43,179,-21760,5.66521,14.624537,0.953653,21.289951,-0.6640625,-0.132078184,11080,True,43,,-21760,0.0,0.0,0.411656,0.356925
1991,baseline_overlay_pass->release->rtl_overlay_pass,5.980652,14.760076,2.827673,23.617592,-0.6640625,-0.132518774,11080,True,43,179,-21760,5.62836,14.545825,0.990574,21.216121,-0.6640625,-0.132518774,11080,True,43,,-21760,0.0,0.0,0.439656,0.349855
1992,baseline_overlay_pass->release->rtl_overlay_pass,6.323107,14.513243,2.864174,23.748554,-0.65625,-0.129413759,11115,True,44,179,-21504,5.580989,14.360674,0.914263,20.901316,-0.65625,-0.129413759,11115,True,44,,-21504,0.0,0.0,0.406146,0.333145
1993,baseline_overlay_pass->release->rtl_overlay_pass,5.952042,14.918419,2.840964,23.761215,-0.65625,-0.130515504,11102,True,44,179,-21504,5.6079,14.459275,0.886193,20.999748,-0.65625,-0.130515504,11102,True,44,,-21504,0.0,0.0,0.376026,0.335605
1994,baseline_overlay_pass->release->rtl_overlay_pass,5.962442,14.798257,2.911145,23.721994,-0.65625,-0.130956202,11108,True,44,179,-21504,5.67063,14.362773,0.902273,20.979637,-0.65625,-0.130956202,11108,True,44,,-21504,0.0,0.0,0.396496,0.331754
1995,baseline_overlay_pass->release->rtl_overlay_pass,6.000522,15.132302,2.887535,24.07127,-0.6640625,-0.134413731,11088,True,43,179,-21760,5.776932,14.375544,0.886493,21.083499,-0.6640625,-0.134413731,11088,True,43,,-21760,0.0,0.0,0.381216,0.332545
1996,baseline_overlay_pass->release->rtl_overlay_pass,5.605606,15.060251,2.828963,23.542001,-0.6640625,-0.133452992,11098,True,43,179,-21760,6.054696,14.965172,0.877963,21.945751,-0.6640625,-0.133452992,11098,True,43,,-21760,0.0,0.0,0.373906,0.330975
1997,baseline_overlay_pass->release->rtl_overlay_pass,5.602986,15.042181,2.866164,23.559741,-0.6640625,-0.133068697,11078,True,43,179,-21760,5.591539,15.477819,0.842462,21.95555,-0.6640625,-0.133068697,11078,True,43,,-21760,0.0,0.0,0.343074,0.332475
1998,baseline_overlay_pass->release->rtl_overlay_pass,5.637326,15.268704,2.934115,23.887596,-0.6640625,-0.132914979,10935,True,43,179,-21760,5.595259,15.231005,0.861983,21.735748,-0.6640625,-0.132914979,10935,True,43,,-21760,0.0,0.0,0.356475,0.337265
1999,baseline_overlay_pass->release->rtl_overlay_pass,5.598975,15.259004,2.843824,23.749965,-0.6640625,-0.132853492,10834,True,43,179,-21760,5.621839,14.773679,0.857492,21.297621,-0.6640625,-0.132853492,10834,True,43,,-21760,0.0,0.0,0.358895,0.330674
2000,baseline_overlay_pass->release->rtl_overlay_pass,5.647017,16.760297,2.883394,25.338129,-0.6640625,-0.132828897,10940,True,43,179,-21760,5.63408,14.750469,0.894073,21.324032,-0.6640625,-0.132828897,10940,True,43,,-21760,0.0,0.0,0.393186,0.330205
2001,baseline_overlay_pass->release->rtl_overlay_pass,5.889551,14.689155,2.864443,23.491671,-0.6640625,-0.132819059,10988,True,43,179,-21760,5.66155,14.967671,0.928983,21.604326,-0.6640625,-0.132819059,10988,True,43,,-21760,0.0,0.0,0.406526,0.342555
2002,baseline_overlay_pass->release->rtl_overlay_pass,5.592385,15.121522,2.843683,23.607963,-0.6640625,-0.132815123,10974,True,43,179,-21760,5.616149,14.419724,0.992964,21.079548,-0.6640625,-0.132815123,10974,True,43,,-21760,0.0,0.0,0.458767,0.337315
2003,baseline_overlay_pass->release->rtl_overlay_pass,5.621407,15.122202,2.841034,23.630793,-0.6640625,-0.132813549,11022,True,43,179,-21760,5.69097,14.371813,0.909123,21.020047,-0.6640625,-0.132813549,11022,True,43,,-21760,0.0,0.0,0.401686,0.334875
2004,baseline_overlay_pass->release->rtl_overlay_pass,5.630036,15.193324,2.872654,23.749604,-0.65625,-0.12953167,11042,True,44,179,-21504,5.599359,14.500445,0.890152,21.037207,-0.65625,-0.12953167,11042,True,44,,-21504,0.0,0.0,0.381615,0.331705
2005,baseline_overlay_pass->release->rtl_overlay_pass,5.655926,15.01538,2.831474,23.548861,-0.65625,-0.130562668,10995,True,44,179,-21504,5.555029,14.462175,1.144746,21.20962,-0.65625,-0.130562668,10995,True,44,,-21504,0.0,0.0,0.384285,0.581168
2006,baseline_overlay_pass->release->rtl_overlay_pass,5.635066,14.969279,2.847263,23.49927,-0.65625,-0.130975067,11041,True,44,179,-21504,5.686541,14.360003,0.876632,20.968967,-0.65625,-0.130975067,11041,True,44,,-21504,0.0,0.0,0.371675,0.334555
2007,baseline_overlay_pass->release->rtl_overlay_pass,5.655777,14.812707,2.867244,23.381358,-0.65625,-0.131140027,11148,True,44,179,-21504,5.66343,14.332093,0.914903,20.957346,-0.65625,-0.131140027,11148,True,44,,-21504,0.0,0.0,0.408456,0.330364
2008,baseline_overlay_pass->release->rtl_overlay_pass,5.767888,14.681455,2.931725,23.429949,-0.65625,-0.131206011,11091,True,44,179,-21504,7.630918,14.614827,0.890132,23.182449,-0.65625,-0.131206011,11091,True,44,,-21504,0.0,0.0,0.379495,0.332805
2009,baseline_overlay_pass->release->rtl_overlay_pass,5.725568,14.629225,2.912845,23.314988,-0.65625,-0.131232404,11092,True,44,179,-21504,8.49984,14.365203,0.915083,23.824787,-0.65625,-0.131232404,11092,True,44,,-21504,0.0,0.0,0.407636,0.334335
2010,baseline_overlay_pass->release->rtl_overlay_pass,5.631277,14.717636,2.904265,23.300598,-0.640625,-0.124680462,11480,True,46,179,-20992,7.394935,14.544456,0.882513,22.864824,-0.640625,-0.124680462,11480,True,46,,-20992,0.0,0.0,0.372056,0.336455
2011,baseline_overlay_pass->release->rtl_overlay_pass,5.596766,17.884014,3.066237,26.601647,-0.640625,-0.126747185,11486,True,46,179,-20992,6.239949,14.919061,0.844212,22.049972,-0.640625,-0.126747185,11486,True,46,,-20992,0.0,0.0,0.347855,0.328114
2012,baseline_overlay_pass->release->rtl_overlay_pass,5.768528,14.943629,3.131868,23.898446,-0.640625,-0.127573874,11481,True,46,179,-20992,5.603699,15.008573,0.835922,21.494444,-0.640625,-0.127573874,11481,True,46,,-20992,0.0,0.0,0.338725,0.331985
2013,baseline_overlay_pass->release->rtl_overlay_pass,5.691097,14.934559,2.868804,23.542151,-0.640625,-0.12790455,11419,True,46,179,-20992,5.62202,14.930231,0.850112,21.449074,-0.640625,-0.12790455,11419,True,46,,-20992,0.0,0.0,0.351275,0.330575
2014,baseline_overlay_pass->release->rtl_overlay_pass,5.922741,14.752417,2.832243,23.554801,-0.640625,-0.12803682,11414,True,46,179,-20992,5.65562,14.81036,0.907783,21.419073,-0.640625,-0.12803682,11414,True,46,,-20992,0.0,0.0,0.405726,0.329985
2015,baseline_overlay_pass->release->rtl_overlay_pass,5.644236,14.889029,2.815463,23.394769,-0.640625,-0.128089728,11418,True,46,179,-20992,5.596799,16.345491,0.890093,22.876774,-0.640625,-0.128089728,11418,True,46,,-20992,0.0,0.0,0.360085,0.353335
2016,baseline_overlay_pass->release->rtl_overlay_pass,5.682507,14.916909,2.882584,23.5306,-0.6328125,-0.124829641,11330,True,47,179,-20736,5.579789,14.556536,0.927353,21.114348,-0.6328125,-0.124829641,11330,True,47,,-20736,0.0,0.0,0.401356,0.340535
2017,baseline_overlay_pass->release->rtl_overlay_pass,5.653077,14.573483,3.119038,23.399168,-0.6328125,-0.125869356,11348,True,47,179,-20736,5.62426,14.343773,0.910893,20.926696,-0.6328125,-0.125869356,11348,True,47,,-20736,0.0,0.0,0.407536,0.330774
2018,baseline_overlay_pass->release->rtl_overlay_pass,5.599776,14.757736,3.092437,23.50385,-0.6328125,-0.126285243,11360,True,47,179,-20736,5.698481,14.416864,0.975054,21.139079,-0.6328125,-0.126285243,11360,True,47,,-20736,0.0,0.0,0.369046,0.337105
2019,baseline_overlay_pass->release->rtl_overlay_pass,5.722367,14.306459,3.499024,23.582101,-0.6328125,-0.126451597,11385,True,47,179,-20736,5.587519,14.464145,0.886543,20.984897,-0.6328125,-0.126451597,11385,True,47,,-20736,0.0,0.0,0.378066,0.333445
2020,baseline_overlay_pass->release->rtl_overlay_pass,5.656887,14.385471,3.399922,23.49476,-0.6328125,-0.126518139,11394,True,47,179,-20736,5.740821,14.420474,0.886672,21.093108,-0.6328125,-0.126518139,11394,True,47,,-20736,0.0,0.0,0.374755,0.334455
2021,baseline_overlay_pass->release->rtl_overlay_pass,5.643437,14.564663,3.175509,23.47608,-0.6328125,-0.126544756,11384,True,47,179,-20736,5.763162,14.473075,0.882092,21.164939,-0.6328125,-0.126544756,11384,True,47,,-20736,0.0,0.0,0.376175,0.328775
2022,baseline_overlay_pass->release->rtl_overlay_pass,5.729638,14.31887,2.869634,22.968552,-0.625,-0.123274152,11408,True,48,179,-20480,5.820183,14.496745,0.897553,21.259851,-0.625,-0.123274152,11408,True,48,,-20480,0.0,0.0,0.384306,0.335365
2023,baseline_overlay_pass->release->rtl_overlay_pass,5.655497,14.35374,2.875475,22.930192,-0.625,-0.124309661,11430,True,48,179,-20480,7.522967,14.487035,0.907123,22.961685,-0.625,-0.124309661,11430,True,48,,-20480,0.0,0.0,0.400945,0.332814
2024,baseline_overlay_pass->release->rtl_overlay_pass,5.641117,14.35207,2.841384,22.882771,-0.6328125,-0.128005114,11427,True,47,179,-20736,7.709249,14.373273,0.885052,23.013335,-0.6328125,-0.128005114,11427,True,47,,-20736,0.0,0.0,0.372295,0.338454
2025,baseline_overlay_pass->release->rtl_overlay_pass,5.610256,14.36227,2.846374,22.867921,-0.625,-0.123858296,11379,True,48,179,-20480,7.75914,15.097994,0.884863,23.793487,-0.625,-0.123858296,11379,True,48,,-20480,0.0,0.0,0.382176,0.329915
2026,baseline_overlay_pass->release->rtl_overlay_pass,5.580866,14.439902,2.829773,22.897271,-0.625,-0.124543318,11361,True,48,179,-20480,5.598939,15.457209,0.821342,21.92488,-0.625,-0.124543318,11361,True,48,,-20480,0.0,0.0,0.327775,0.328935
2027,baseline_overlay_pass->release->rtl_overlay_pass,5.635077,14.318189,2.823173,22.82069,-0.625,-0.124817327,11371,True,48,179,-20480,5.644009,15.098143,0.859463,21.646466,-0.625,-0.124817327,11371,True,48,,-20480,0.0,0.0,0.355395,0.335245
2028,baseline_overlay_pass->release->rtl_overlay_pass,5.707587,14.540423,2.966605,23.262416,-0.625,-0.124926931,11403,True,48,179,-20480,5.580029,14.815579,0.862552,21.302142,-0.625,-0.124926931,11403,True,48,,-20480,0.0,0.0,0.354935,0.337275
2029,baseline_overlay_pass->release->rtl_overlay_pass,5.800989,14.286529,2.919675,23.054273,-0.625,-0.124970772,11403,True,48,179,-20480,5.6434,14.84349,0.907243,21.441643,-0.625,-0.124970772,11403,True,48,,-20480,0.0,0.0,0.404826,0.331934
2030,baseline_overlay_pass->release->rtl_overlay_pass,5.85354,14.33189,2.969296,23.204356,-0.625,-0.124988309,11391,True,48,179,-20480,5.620209,14.524216,0.995904,21.18954,-0.625,-0.124988309,11391,True,48,,-20480,0.0,0.0,0.447046,0.350095
2031,baseline_overlay_pass->release->rtl_overlay_pass,6.214805,14.293789,2.867614,23.423619,-0.6171875,-0.121714074,11506,True,49,179,-20224,5.64723,14.416703,0.927113,21.038768,-0.6171875,-0.121714074,11506,True,49,,-20224,0.0,0.0,0.386595,0.337995
2032,baseline_overlay_pass->release->rtl_overlay_pass,6.054853,14.413581,2.889534,23.406609,-0.6171875,-0.122748129,11503,True,49,179,-20224,5.61832,14.351573,0.886413,20.903076,-0.6171875,-0.122748129,11503,True,49,,-20224,0.0,0.0,0.378045,0.334835
2033,baseline_overlay_pass->release->rtl_overlay_pass,5.88035,14.776936,2.908205,23.615782,-0.6171875,-0.123161752,11501,True,49,179,-20224,5.677741,14.372103,0.889083,20.981887,-0.6171875,-0.123161752,11501,True,49,,-20224,0.0,0.0,0.375805,0.340045
2034,baseline_overlay_pass->release->rtl_overlay_pass,6.096464,14.789427,2.867724,23.802575,-0.609375,-0.120045951,11651,True,50,179,-19968,5.847332,14.471404,0.914813,21.280101,-0.609375,-0.120045951,11651,True,50,,-19968,0.0,0.0,0.404345,0.333705
2035,baseline_overlay_pass->release->rtl_overlay_pass,6.074523,14.936069,2.803313,23.862276,-0.609375,-0.12114338,11653,True,50,179,-19968,5.64968,14.902101,0.844382,21.445743,-0.609375,-0.12114338,11653,True,50,,-19968,0.0,0.0,0.343815,0.331265
2036,baseline_overlay_pass->release->rtl_overlay_pass,6.018322,14.796617,2.815273,23.679643,-0.6015625,-0.118301102,11645,True,51,179,-19712,5.639159,15.260885,0.853322,21.800988,-0.6015625,-0.118301102,11645,True,51,,-19712,0.0,0.0,0.358605,0.328855
2037,baseline_overlay_pass->release->rtl_overlay_pass,5.669837,15.302544,2.839233,23.857885,-0.609375,-0.122789191,11555,True,50,179,-19968,5.707031,14.704598,0.851882,21.309551,-0.609375,-0.122789191,11555,True,50,,-19968,0.0,0.0,0.352225,0.333634
2038,baseline_overlay_pass->release->rtl_overlay_pass,5.699567,15.438147,2.875644,24.059858,-0.609375,-0.122240676,11548,True,50,179,-19968,5.711891,14.695678,0.947403,21.401432,-0.609375,-0.122240676,11548,True,50,,-19968,0.0,0.0,0.423296,0.338695
2039,baseline_overlay_pass->release->rtl_overlay_pass,5.608576,14.949529,2.891094,23.49712,-0.609375,-0.122021271,11556,True,50,179,-19968,5.636439,14.655307,0.872632,21.207969,-0.609375,-0.122021271,11556,True,50,,-19968,0.0,0.0,0.358855,0.339415
2040,baseline_overlay_pass->release->rtl_overlay_pass,5.758319,14.739706,2.871014,23.416849,-0.6015625,-0.118652258,11741,True,51,179,-19712,5.622129,14.396433,0.878472,20.942786,-0.6015625,-0.118652258,11741,True,51,,-19712,0.0,0.0,0.373035,0.334475
2041,baseline_overlay_pass->release->rtl_overlay_pass,5.728888,14.680305,2.854624,23.312867,-0.6015625,-0.119648403,11744,True,51,179,-19712,5.608739,14.355053,0.915523,20.925686,-0.6015625,-0.119648403,11744,True,51,,-19712,0.0,0.0,0.405526,0.335255
2042,baseline_overlay_pass->release->rtl_overlay_pass,5.638237,14.724716,2.895414,23.307317,-0.6015625,-0.120046861,11748,True,51,179,-19712,5.769661,14.371674,0.880382,21.068358,-0.6015625,-0.120046861,11748,True,51,,-19712,0.0,0.0,0.371705,0.335445
2043,baseline_overlay_pass->release->rtl_overlay_pass,6.039682,14.652975,2.946485,23.685983,-0.59375,-0.116924995,11774,True,52,179,-19456,5.785561,14.945521,0.878863,21.659596,-0.59375,-0.116924995,11774,True,52,,-19456,0.0,0.0,0.375696,0.330785
2044,baseline_overlay_pass->release->rtl_overlay_pass,5.726957,14.673324,2.913704,23.361607,-0.59375,-0.118019998,11766,True,52,179,-19456,5.619309,15.052073,0.849692,21.565014,-0.59375,-0.118019998,11766,True,52,,-19456,0.0,0.0,0.349844,0.333015
2045,baseline_overlay_pass->release->rtl_overlay_pass,5.683677,14.586494,3.031836,23.353467,-0.59375,-0.118457999,11773,True,52,179,-19456,5.729161,15.824204,0.862392,22.463657,-0.59375,-0.118457999,11773,True,52,,-19456,0.0,0.0,0.367486,0.325425
2046,baseline_overlay_pass->release->rtl_overlay_pass,5.646017,14.549963,3.24601,23.49516,-0.59375,-0.1186332,11838,True,52,179,-19456,5.65798,15.013552,0.887623,21.608176,-0.59375,-0.1186332,11838,True,52,,-19456,0.0,0.0,0.372945,0.339125
2047,baseline_overlay_pass->release->rtl_overlay_pass,5.715668,14.34907,3.372602,23.49018,-0.59375,-0.11870328,11836,True,52,179,-19456,5.63197,14.883771,0.964564,21.529155,-0.59375,-0.11870328,11836,True,52,,-19456,0.0,0.0,0.428236,0.344975
2048,baseline_overlay_pass->release->rtl_overlay_pass,5.769078,14.472921,3.372041,23.667282,-0.59375,-0.118731312,11844,True,52,179,-19456,6.414361,15.768583,0.955364,23.186298,-0.59375,-0.118731312,11844,True,52,,-19456,0.0,0.0,0.428636,0.334335
2049,baseline_overlay_pass->release->rtl_overlay_pass,5.737478,14.31298,3.311861,23.414319,-0.59375,-0.118742525,11815,True,52,179,-19456,6.133917,15.620081,0.871702,22.67348,-0.59375,-0.118742525,11815,True,52,,-19456,0.0,0.0,0.363685,0.335364
2050,baseline_overlay_pass->release->rtl_overlay_pass,5.758238,14.515852,2.840824,23.163505,-0.59375,-0.11874701,11815,True,52,179,-19456,5.626,16.693466,0.922263,23.289149,-0.59375,-0.11874701,11815,True,52,,-19456,0.0,0.0,0.399526,0.339744
2051,baseline_overlay_pass->release->rtl_overlay_pass,5.704238,14.36595,2.860034,22.976342,-0.59375,-0.118748804,11809,True,52,179,-19456,5.805432,14.748199,0.994324,21.594485,-0.59375,-0.118748804,11809,True,52,,-19456,0.0,0.0,0.460056,0.341795
2052,baseline_overlay_pass->release->rtl_overlay_pass,5.619866,14.301389,2.870534,22.84095,-0.59375,-0.118749522,11869,True,52,179,-19456,5.63513,14.328083,0.886983,20.898506,-0.59375,-0.118749522,11869,True,52,,-19456,0.0,0.0,0.375586,0.339425
2053,baseline_overlay_pass->release->rtl_overlay_pass,5.700247,14.287009,2.864404,22.90159,-0.59375,-0.118749809,11865,True,52,179,-19456,5.6878,14.559666,0.882812,21.178849,-0.59375,-0.118749809,11865,True,52,,-19456,0.0,0.0,0.377805,0.331785
2054,baseline_overlay_pass->release->rtl_overlay_pass,5.661527,14.426471,2.811603,22.946251,-0.59375,-0.118749923,11878,True,52,179,-19456,5.6468,14.281952,0.888662,20.861825,-0.59375,-0.118749923,11878,True,52,,-19456,0.0,0.0,0.375905,0.338665
2055,baseline_overlay_pass->release->rtl_overlay_pass,5.650047,14.32283,2.915245,22.936642,-0.5859375,-0.115468719,11844,True,53,179,-19200,5.790022,14.346013,0.895163,21.077048,-0.5859375,-0.115468719,11844,True,53,,-19200,0.0,0.0,0.382185,0.334855
2056,baseline_overlay_pass->release->rtl_overlay_pass,5.658637,14.400461,2.853794,22.962652,-0.5859375,-0.116499988,11825,True,53,179,-19200,6.124416,14.585986,0.901783,21.659486,-0.5859375,-0.116499988,11825,True,53,,-19200,0.0,0.0,0.372446,0.333355
2057,baseline_overlay_pass->release->rtl_overlay_pass,5.636316,14.490312,2.817653,22.991252,-0.5859375,-0.116912495,11846,True,53,179,-19200,5.600829,15.379238,0.829912,21.855539,-0.5859375,-0.116912495,11846,True,53,,-19200,0.0,0.0,0.335975,0.328435
2058,baseline_overlay_pass->release->rtl_overlay_pass,5.679327,14.345,2.837784,22.943642,-0.59375,-0.120358748,11921,True,52,179,-19456,5.679481,14.691728,0.875922,21.292271,-0.59375,-0.120358748,11921,True,52,,-19456,0.0,0.0,0.349395,0.331405
2059,baseline_overlay_pass->release->rtl_overlay_pass,5.85475,14.35838,2.886814,23.146814,-0.59375,-0.119393499,11911,True,52,179,-19456,5.542838,15.038172,0.861303,21.486854,-0.59375,-0.119393499,11911,True,52,,-19456,0.0,0.0,0.360575,0.330835
2060,baseline_overlay_pass->release->rtl_overlay_pass,5.765888,14.328129,2.873294,23.015562,-0.59375,-0.1190074,11924,True,52,179,-19456,5.61596,14.543926,1.008644,21.2168,-0.59375,-0.1190074,11924,True,52,,-19456,0.0,0.0,0.473787,0.343175
2061,baseline_overlay_pass->release->rtl_overlay_pass,5.812599,14.287659,2.932144,23.078174,-0.5859375,-0.11557171,11931,True,53,179,-19200,5.606309,14.86358,0.990764,21.507784,-0.5859375,-0.11557171,11931,True,53,,-19200,0.0,0.0,0.429426,0.374685
2062,baseline_overlay_pass->release->rtl_overlay_pass,5.87075,14.793656,2.932554,23.648183,-0.5859375,-0.116541184,11919,True,53,179,-19200,5.566668,14.690927,1.057595,21.370572,-0.5859375,-0.116541184,11919,True,53,,-19200,0.0,0.0,0.514877,0.338995
2063,baseline_overlay_pass->release->rtl_overlay_pass,5.83443,14.865418,2.860614,23.611952,-0.5859375,-0.116928974,11915,True,53,179,-19200,5.561249,14.586116,0.886123,21.080558,-0.5859375,-0.116928974,11915,True,53,,-19200,0.0,0.0,0.378856,0.333965
2064,baseline_overlay_pass->release->rtl_overlay_pass,5.703508,16.500993,2.821883,25.077814,-0.578125,-0.113802839,11638,True,54,179,-18944,5.69524,14.500825,0.889132,21.133458,-0.578125,-0.113802839,11638,True,54,,-18944,0.0,0.0,0.374235,0.338465
2065,baseline_overlay_pass->release->rtl_overlay_pass,5.761028,14.883258,2.800313,23.49502,-0.578125,-0.114896136,11692,True,54,179,-18944,5.546858,14.400204,0.883352,20.873905,-0.578125,-0.114896136,11692,True,54,,-18944,0.0,0.0,0.372315,0.336925
2066,baseline_overlay_pass->release->rtl_overlay_pass,5.639726,15.07073,2.777272,23.53418,-0.578125,-0.115333454,11685,True,54,179,-18944,5.67344,14.442784,0.881793,21.041337,-0.578125,-0.115333454,11685,True,54,,-18944,0.0,0.0,0.373266,0.336125
2067,baseline_overlay_pass->release->rtl_overlay_pass,5.582955,15.030961,2.855124,23.51374,-0.5859375,-0.118789632,11684,True,53,179,-19200,5.884713,14.82524,0.877012,21.630936,-0.5859375,-0.118789632,11684,True,53,,-19200,0.0,0.0,0.365985,0.336575
2068,baseline_overlay_pass->release->rtl_overlay_pass,5.811159,15.440176,2.863834,24.16176,-0.5859375,-0.117828353,11729,True,53,179,-19200,5.5971,15.087383,0.821972,21.549665,-0.5859375,-0.117828353,11729,True,53,,-19200,0.0,0.0,0.331775,0.326875
2069,baseline_overlay_pass->release->rtl_overlay_pass,5.87375,15.195632,2.973365,24.091249,-0.5859375,-0.117443841,11743,True,53,179,-19200,5.632349,14.792929,0.868122,21.338022,-0.5859375,-0.117443841,11743,True,53,,-19200,0.0,0.0,0.360055,0.342115
2070,baseline_overlay_pass->release->rtl_overlay_pass,5.688067,15.628179,3.027296,24.391943,-0.5703125,-0.110727536,11911,True,55,179,-18688,5.614259,14.771038,0.847572,21.277181,-0.5703125,-0.110727536,11911,True,55,,-18688,0.0,0.0,0.352615,0.329905
2071,baseline_overlay_pass->release->rtl_overlay_pass,5.84035,15.308344,3.160768,24.356593,-0.578125,-0.116009765,11980,True,54,179,-18944,5.642729,14.593446,0.960424,21.24319,-0.578125,-0.116009765,11980,True,54,,-18944,0.0,0.0,0.425596,0.345465
2072,baseline_overlay_pass->release->rtl_overlay_pass,5.690297,15.279924,2.874514,23.894105,-0.578125,-0.115778906,11997,True,54,179,-18944,6.079355,14.420943,0.885302,21.433193,-0.578125,-0.115778906,11997,True,54,,-18944,0.0,0.0,0.374985,0.333454
2073,baseline_overlay_pass->release->rtl_overlay_pass,5.622066,15.01592,2.851883,23.53758,-0.5859375,-0.118967812,12045,True,53,179,-19200,5.703741,14.323522,0.889272,20.963386,-0.5859375,-0.118967812,12045,True,53,,-19200,0.0,0.0,0.375155,0.336844
2074,baseline_overlay_pass->release->rtl_overlay_pass,5.735228,15.382195,2.829254,23.992277,-0.5859375,-0.117899625,12043,True,53,179,-19200,5.600269,14.551236,0.865192,21.061268,-0.5859375,-0.117899625,12043,True,53,,-19200,0.0,0.0,0.363876,0.331285
2075,baseline_overlay_pass->release->rtl_overlay_pass,6.108703,14.805227,2.871544,23.840155,-0.5859375,-0.11747235,12050,True,53,179,-19200,5.782921,14.394703,0.887183,21.109178,-0.5859375,-0.11747235,12050,True,53,,-19200,0.0,0.0,0.380556,0.331555
2076,baseline_overlay_pass->release->rtl_overlay_pass,5.932871,15.232734,2.853903,24.067669,-0.5859375,-0.11730144,12178,True,53,179,-19200,6.135837,14.428764,0.883313,21.492704,-0.5859375,-0.11730144,12178,True,53,,-19200,0.0,0.0,0.374856,0.331995
2077,baseline_overlay_pass->release->rtl_overlay_pass,6.142424,15.089821,2.849914,24.125679,-0.5859375,-0.117233076,12181,True,53,179,-19200,5.802622,15.103564,0.845292,21.800038,-0.5859375,-0.117233076,12181,True,53,,-19200,0.0,0.0,0.345765,0.330104
2078,baseline_overlay_pass->release->rtl_overlay_pass,6.135194,14.905928,2.965155,24.056818,-0.5859375,-0.11720573,12177,True,53,179,-19200,5.630759,15.030412,0.847772,21.552914,-0.5859375,-0.11720573,12177,True,53,,-19200,0.0,0.0,0.355895,0.323944
2079,baseline_overlay_pass->release->rtl_overlay_pass,5.823519,14.560012,2.857843,23.291667,-0.578125,-0.113913542,12158,True,54,179,-18944,5.609929,14.694118,0.862082,21.333621,-0.578125,-0.113913542,12158,True,54,,-18944,0.0,0.0,0.356385,0.337974
2080,baseline_overlay_pass->release->rtl_overlay_pass,6.957346,14.956079,2.844564,24.805319,-0.578125,-0.114940417,12166,True,54,179,-18944,5.622919,14.775408,0.937323,21.381752,-0.578125,-0.114940417,12166,True,54,,-18944,0.0,0.0,0.405106,0.350855
2081,baseline_overlay_pass->release->rtl_overlay_pass,6.081433,14.421171,2.873544,23.425139,-0.578125,-0.115351167,12166,True,54,179,-18944,5.64039,14.326783,1.177197,21.19301,-0.578125,-0.115351167,12166,True,54,,-18944,0.0,0.0,0.377016,0.528028
2082,baseline_overlay_pass->release->rtl_overlay_pass,5.946081,14.720945,2.866294,23.582761,-0.5859375,-0.118796717,12135,True,53,179,-19200,5.614949,14.440464,0.884822,20.987276,-0.5859375,-0.118796717,12135,True,53,,-19200,0.0,0.0,0.377005,0.332105
2083,baseline_overlay_pass->release->rtl_overlay_pass,5.877019,14.982809,2.832564,23.742414,-0.5859375,-0.117831187,12131,True,53,179,-19200,5.563999,14.480445,0.897123,20.986117,-0.5859375,-0.117831187,12131,True,53,,-19200,0.0,0.0,0.389286,0.332595
2084,baseline_overlay_pass->release->rtl_overlay_pass,5.843349,15.501197,2.825603,24.21685,-0.5859375,-0.117444975,12120,True,53,179,-19200,5.705441,14.407114,0.945643,21.104498,-0.5859375,-0.117444975,12120,True,53,,-19200,0.0,0.0,0.438406,0.332884
2085,baseline_overlay_pass->release->rtl_overlay_pass,5.956801,14.753386,2.871474,23.630711,-0.5859375,-0.11729049,12055,True,53,179,-19200,6.004885,14.317182,0.892882,21.368712,-0.5859375,-0.11729049,12055,True,53,,-19200,0.0,0.0,0.378165,0.337464
2086,baseline_overlay_pass->release->rtl_overlay_pass,7.713048,14.34402,2.882684,24.985862,-0.5859375,-0.117228696,12050,True,53,179,-19200,5.931024,15.339336,0.858303,22.173914,-0.5859375,-0.117228696,12050,True,53,,-19200,0.0,0.0,0.357845,0.331235
2087,baseline_overlay_pass->release->rtl_overlay_pass,7.918791,14.453361,2.815644,25.233217,-0.5859375,-0.117203978,12050,True,53,179,-19200,5.685651,15.395767,0.872232,21.997821,-0.5859375,-0.117203978,12050,True,53,,-19200,0.0,0.0,0.352325,0.330925
2088,baseline_overlay_pass->release->rtl_overlay_pass,6.386648,15.095941,2.873434,24.406934,-0.59375,-0.120475341,11975,True,52,179,-19456,5.63461,14.748748,0.857153,21.286321,-0.59375,-0.120475341,11975,True,52,,-19456,0.0,0.0,0.358015,0.330525
2089,baseline_overlay_pass->release->rtl_overlay_pass,5.996192,14.460471,2.859483,23.366367,-0.59375,-0.119440137,11976,True,52,179,-19456,5.753961,14.800189,0.871272,21.470533,-0.59375,-0.119440137,11976,True,52,,-19456,0.0,0.0,0.367125,0.333585
2090,baseline_overlay_pass->release->rtl_overlay_pass,7.657717,14.270378,2.865614,24.84174,-0.59375,-0.119026055,11975,True,52,179,-19456,5.585999,14.735448,0.995254,21.364802,-0.59375,-0.119026055,11975,True,52,,-19456,0.0,0.0,0.451686,0.343275
2091,baseline_overlay_pass->release->rtl_overlay_pass,7.683977,14.34117,2.860674,24.934681,-0.59375,-0.118860422,11940,True,52,179,-19456,5.61294,14.572886,0.893873,21.126739,-0.59375,-0.118860422,11940,True,52,,-19456,0.0,0.0,0.379916,0.335935
2092,baseline_overlay_pass->release->rtl_overlay_pass,7.620886,14.39692,2.811993,24.87813,-0.59375,-0.118794169,11978,True,52,179,-19456,5.60672,14.422644,0.907283,20.979657,-0.59375,-0.118794169,11978,True,52,,-19456,0.0,0.0,0.398396,0.331545
2093,baseline_overlay_pass->release->rtl_overlay_pass,6.277736,14.513892,2.963395,23.803104,-0.59375,-0.118767667,11974,True,52,179,-19456,6.569353,16.377051,1.079996,24.08843,-0.59375,-0.118767667,11974,True,52,,-19456,0.0,0.0,0.516557,0.351055
2094,baseline_overlay_pass->release->rtl_overlay_pass,6.075503,15.145952,2.861044,24.134849,-0.59375,-0.118757067,11957,True,52,179,-19456,8.223596,18.906137,1.049585,28.234159,-0.59375,-0.118757067,11957,True,52,,-19456,0.0,0.0,0.474627,0.372645
2095,baseline_overlay_pass->release->rtl_overlay_pass,6.295446,14.319049,3.26792,23.930587,-0.59375,-0.118752827,11952,True,52,179,-19456,7.379835,16.28157,1.154956,24.867011,-0.59375,-0.118752827,11952,True,52,,-19456,0.0,0.0,0.589658,0.351255
2096,baseline_overlay_pass->release->rtl_overlay_pass,6.207345,14.708435,2.869744,23.834885,-0.59375,-0.118751131,11953,True,52,179,-19456,6.142897,16.828138,1.093916,24.117561,-0.59375,-0.118751131,11953,True,52,,-19456,0.0,0.0,0.499277,0.385756
2097,baseline_overlay_pass->release->rtl_overlay_pass,6.006482,14.549063,2.873264,23.479129,-0.59375,-0.118750452,11951,True,52,179,-19456,5.732531,14.316532,0.889312,20.985327,-0.59375,-0.118750452,11951,True,52,,-19456,0.0,0.0,0.378285,0.335545
2098,baseline_overlay_pass->release->rtl_overlay_pass,6.52623,14.473942,2.882784,23.927756,-0.59375,-0.118750181,11929,True,52,179,-19456,5.736911,14.762758,0.855722,21.396442,-0.59375,-0.118750181,11929,True,52,,-19456,0.0,0.0,0.357035,0.327875
2099,baseline_overlay_pass->release->rtl_overlay_pass,5.818019,15.838912,2.886454,24.594106,-0.59375,-0.118750072,11928,True,52,179,-19456,7.560837,14.300932,0.907193,22.816152,-0.59375,-0.118750072,11928,True,52,,-19456,0.0,0.0,0.379306,0.351875
2100,baseline_overlay_pass->release->rtl_overlay_pass,7.605146,14.643844,2.827573,25.124004,-0.578125,-0.112187529,11710,True,54,179,-18944,5.776852,14.619406,0.875302,21.316341,-0.578125,-0.112187529,11710,True,54,,-18944,0.0,0.0,0.366355,0.335215
2101,baseline_overlay_pass->release->rtl_overlay_pass,7.8775,14.33824,2.902124,25.210275,-0.578125,-0.114250012,11589,True,54,179,-18944,5.65714,15.067763,0.863862,21.632365,-0.578125,-0.114250012,11589,True,54,,-18944,0.0,0.0,0.366125,0.329995
2102,baseline_overlay_pass->release->rtl_overlay_pass,8.041382,14.276058,2.815283,25.181355,-0.5859375,-0.118356255,11671,True,53,179,-19200,5.618229,14.745838,0.852612,21.26173,-0.5859375,-0.118356255,11671,True,53,,-19200,0.0,0.0,0.354635,0.330644
2103,baseline_overlay_pass->release->rtl_overlay_pass,7.221741,14.641374,2.902544,24.8142,-0.59375,-0.120936252,11824,True,52,179,-19456,6.059085,14.764658,0.897113,21.765277,-0.59375,-0.120936252,11824,True,52,,-19456,0.0,0.0,0.397545,0.331144
2104,baseline_overlay_pass->release->rtl_overlay_pass,6.133824,14.842537,2.864724,23.891175,-0.59375,-0.119624501,11752,True,52,179,-19456,5.61577,14.757888,1.332508,21.759567,-0.59375,-0.119624501,11752,True,52,,-19456,0.0,0.0,0.469506,0.661759
2105,baseline_overlay_pass->release->rtl_overlay_pass,6.166524,14.35789,2.979726,23.55117,-0.59375,-0.1190998,11759,True,52,179,-19456,5.683311,14.455914,0.893083,21.079848,-0.59375,-0.1190998,11759,True,52,,-19456,0.0,0.0,0.387876,0.330095
2106,baseline_overlay_pass->release->rtl_overlay_pass,6.063033,14.485152,2.814563,23.410728,-0.5859375,-0.11560867,11897,True,53,179,-19200,5.578058,14.688307,0.883683,21.19799,-0.5859375,-0.11560867,11897,True,53,,-19200,0.0,0.0,0.376136,0.333315
2107,baseline_overlay_pass->release->rtl_overlay_pass,5.844019,14.457981,2.907134,23.257385,-0.5859375,-0.116555968,11884,True,53,179,-19200,5.728491,14.448324,0.896063,21.117798,-0.5859375,-0.116555968,11884,True,53,,-19200,0.0,0.0,0.384496,0.334205
2108,baseline_overlay_pass->release->rtl_overlay_pass,6.715003,15.04425,3.087297,24.899251,-0.5859375,-0.116934887,11898,True,53,179,-19200,5.826852,14.343053,0.891972,21.107148,-0.5859375,-0.116934887,11898,True,53,,-19200,0.0,0.0,0.376865,0.339255
2109,baseline_overlay_pass->release->rtl_overlay_pass,5.781648,14.514462,2.874784,23.217155,-0.5859375,-0.117086455,11874,True,53,179,-19200,5.804212,16.202729,0.934753,22.993934,-0.5859375,-0.117086455,11874,True,53,,-19200,0.0,0.0,0.418736,0.336445
2110,baseline_overlay_pass->release->rtl_overlay_pass,6.54579,14.319819,2.874024,23.788853,-0.5859375,-0.117147082,11842,True,53,179,-19200,5.734011,15.037342,0.839702,21.664386,-0.5859375,-0.117147082,11842,True,53,,-19200,0.0,0.0,0.335415,0.325845
2111,baseline_overlay_pass->release->rtl_overlay_pass,6.226515,14.38409,2.847173,23.505249,-0.5859375,-0.117171333,11853,True,53,179,-19200,6.022455,15.057243,0.860142,21.98456,-0.5859375,-0.117171333,11853,True,53,,-19200,0.0,0.0,0.355395,0.335665
2112,baseline_overlay_pass->release->rtl_overlay_pass,6.050213,14.38839,2.832084,23.315327,-0.5859375,-0.117181033,11729,True,53,179,-19200,5.643029,15.120413,0.850442,21.660036,-0.5859375,-0.117181033,11729,True,53,,-19200,0.0,0.0,0.354915,0.327824
2113,baseline_overlay_pass->release->rtl_overlay_pass,6.478659,14.410771,2.866454,23.806854,-0.5859375,-0.117184913,11716,True,53,179,-19200,5.598789,14.728688,0.899613,21.27242,-0.5859375,-0.117184913,11716,True,53,,-19200,0.0,0.0,0.385465,0.341704
2114,baseline_overlay_pass->release->rtl_overlay_pass,6.203805,14.42372,2.864094,23.54071,-0.5859375,-0.117186465,11800,True,53,179,-19200,5.66816,14.87813,0.996714,21.590765,-0.5859375,-0.117186465,11800,True,53,,-19200,0.0,0.0,0.464196,0.341775
2115,baseline_overlay_pass->release->rtl_overlay_pass,5.88062,14.35774,2.900514,23.185184,-0.5859375,-0.117187086,11860,True,53,179,-19200,5.599029,14.419563,0.878833,20.944926,-0.5859375,-0.117187086,11860,True,53,,-19200,0.0,0.0,0.372775,0.332185
2116,baseline_overlay_pass->release->rtl_overlay_pass,5.845609,14.309778,2.883894,23.085253,-0.5859375,-0.117187334,11792,True,53,179,-19200,5.610819,14.486495,0.892793,21.035027,-0.5859375,-0.117187334,11792,True,53,,-19200,0.0,0.0,0.384516,0.328755
2117,baseline_overlay_pass->release->rtl_overlay_pass,5.745838,14.875747,2.870654,23.54542,-0.5859375,-0.117187434,11835,True,53,179,-19200,5.714211,14.505335,0.889813,21.156389,-0.5859375,-0.117187434,11835,True,53,,-19200,0.0,0.0,0.385886,0.328995
2118,baseline_overlay_pass->release->rtl_overlay_pass,6.943676,14.315289,2.881095,24.18979,-0.5859375,-0.117187474,12155,True,53,179,-19200,5.857593,14.422424,0.898923,21.22375,-0.5859375,-0.117187474,12155,True,53,,-19200,0.0,0.0,0.380816,0.338595
2119,baseline_overlay_pass->release->rtl_overlay_pass,5.89873,14.460931,2.884374,23.291126,-0.5859375,-0.117187489,12114,True,53,179,-19200,6.053475,15.138854,0.829982,22.069011,-0.5859375,-0.117187489,12114,True,53,,-19200,0.0,0.0,0.333185,0.330594
2120,baseline_overlay_pass->release->rtl_overlay_pass,5.813009,14.760175,2.915425,23.53987,-0.5859375,-0.117187496,12114,True,53,179,-19200,5.65871,14.791599,1.100966,21.599215,-0.5859375,-0.117187496,12114,True,53,,-19200,0.0,0.0,0.356975,0.576508
2121,baseline_overlay_pass->release->rtl_overlay_pass,5.89205,14.866317,2.871263,23.683583,-0.59375,-0.120468748,12186,True,52,179,-19456,5.594919,15.851834,0.896103,22.390266,-0.59375,-0.120468748,12186,True,52,,-19456,0.0,0.0,0.390686,0.327435
2122,baseline_overlay_pass->release->rtl_overlay_pass,5.764868,14.99506,2.871144,23.678482,-0.59375,-0.119437499,12188,True,52,179,-19456,5.924154,15.105703,0.852252,21.928029,-0.59375,-0.119437499,12188,True,52,,-19456,0.0,0.0,0.350835,0.332775
2123,baseline_overlay_pass->release->rtl_overlay_pass,5.652017,14.821906,2.920964,23.441848,-0.59375,-0.119025,12180,True,52,179,-19456,5.65734,15.469719,1.054835,22.229744,-0.59375,-0.119025,12180,True,52,,-19456,0.0,0.0,0.498117,0.341055
2124,baseline_overlay_pass->release->rtl_overlay_pass,5.633406,15.184312,2.850194,23.715933,-0.5859375,-0.11557875,12271,True,53,179,-19200,5.627669,14.876,0.878302,21.428172,-0.5859375,-0.11557875,12271,True,53,,-19200,0.0,0.0,0.361595,0.347335
2125,baseline_overlay_pass->release->rtl_overlay_pass,5.694927,14.778926,2.959755,23.480109,-0.5859375,-0.116544,12262,True,53,179,-19200,5.594899,14.813989,0.997744,21.458473,-0.5859375,-0.116544,12262,True,53,,-19200,0.0,0.0,0.456636,0.346735
2126,baseline_overlay_pass->release->rtl_overlay_pass,6.057172,14.654895,2.902824,23.664212,-0.5859375,-0.1169301,12266,True,53,179,-19200,5.618309,14.461574,0.886172,21.012126,-0.5859375,-0.1169301,12266,True,53,,-19200,0.0,0.0,0.379625,0.331764
2127,baseline_overlay_pass->release->rtl_overlay_pass,5.705378,14.912678,2.913395,23.578301,-0.59375,-0.12036579,12299,True,52,179,-19456,5.639009,14.501574,0.883963,21.067407,-0.59375,-0.12036579,12299,True,52,,-19456,0.0,0.0,0.374215,0.336335
2128,baseline_overlay_pass->release->rtl_overlay_pass,5.662146,14.812426,2.793343,23.315556,-0.5859375,-0.116115066,12303,True,53,179,-19200,5.753291,14.558625,0.877762,21.23111,-0.5859375,-0.116115066,12303,True,53,,-19200,0.0,0.0,0.377485,0.326364
2129,baseline_overlay_pass->release->rtl_overlay_pass,5.621696,14.726075,2.827703,23.221885,-0.59375,-0.120039776,12310,True,52,179,-19456,5.860063,14.340113,0.881822,21.125968,-0.59375,-0.120039776,12310,True,52,,-19456,0.0,0.0,0.371475,0.335634
2130,baseline_overlay_pass->release->rtl_overlay_pass,5.693837,14.893128,2.886644,23.522189,-0.59375,-0.119265911,12321,True,52,179,-19456,5.65842,14.778019,0.862202,21.349001,-0.59375,-0.119265911,12321,True,52,,-19456,0.0,0.0,0.357805,0.333644
2131,baseline_overlay_pass->release->rtl_overlay_pass,5.739068,14.784046,2.997696,23.57421,-0.59375,-0.118956364,12314,True,52,179,-19456,5.63167,15.167574,0.883483,21.729727,-0.59375,-0.118956364,12314,True,52,,-19456,0.0,0.0,0.381786,0.331855
2132,baseline_overlay_pass->release->rtl_overlay_pass,5.647497,14.664094,3.153549,23.52041,-0.59375,-0.118832546,12323,True,52,179,-19456,5.592289,14.690777,0.856192,21.183998,-0.59375,-0.118832546,12323,True,52,,-19456,0.0,0.0,0.355765,0.334035
2133,baseline_overlay_pass->release->rtl_overlay_pass,5.682886,14.556092,3.299411,23.59369,-0.59375,-0.118783018,12350,True,52,179,-19456,6.002174,14.759928,0.883202,21.692396,-0.59375,-0.118783018,12350,True,52,,-19456,0.0,0.0,0.352105,0.325665
2134,baseline_overlay_pass->release->rtl_overlay_pass,5.674606,14.569222,3.022836,23.318566,-0.6015625,-0.122044457,12348,True,51,179,-19712,5.593789,14.651137,1.107185,21.399501,-0.6015625,-0.122044457,12348,True,51,,-19712,0.0,0.0,0.440176,0.469747
2135,baseline_overlay_pass->release->rtl_overlay_pass,5.601805,14.338209,2.810813,22.799328,-0.6015625,-0.121005283,12340,True,51,179,-19712,5.65283,14.350952,0.886012,20.937375,-0.6015625,-0.121005283,12340,True,51,,-19712,0.0,0.0,0.371515,0.335824
2136,baseline_overlay_pass->release->rtl_overlay_pass,5.652177,14.42086,2.837214,22.958111,-0.59375,-0.117308363,12472,True,52,179,-19456,5.608519,14.618607,0.884992,21.161178,-0.59375,-0.117308363,12472,True,52,,-19456,0.0,0.0,0.378365,0.331875
2137,baseline_overlay_pass->release->rtl_overlay_pass,5.589596,14.41522,2.839913,22.88746,-0.59375,-0.118173345,12482,True,52,179,-19456,5.634099,14.695697,0.840652,21.210649,-0.59375,-0.118173345,12482,True,52,,-19456,0.0,0.0,0.346135,0.326994
2138,baseline_overlay_pass->release->rtl_overlay_pass,5.597026,14.345039,2.872654,22.862409,-0.59375,-0.118519338,12481,True,52,179,-19456,6.169497,14.337562,0.883512,21.435862,-0.59375,-0.118519338,12481,True,52,,-19456,0.0,0.0,0.372215,0.335094
2139,baseline_overlay_pass->release->rtl_overlay_pass,5.675657,14.513392,2.810813,23.044072,-0.6015625,-0.121938985,12604,True,51,179,-19712,5.738641,14.836379,0.881153,21.508224,-0.6015625,-0.121938985,12604,True,51,,-19712,0.0,0.0,0.373596,0.331955
2140,baseline_overlay_pass->release->rtl_overlay_pass,5.764828,14.590403,2.841134,23.243705,-0.6015625,-0.120963094,12624,True,51,179,-19712,5.589939,14.994471,0.840332,21.468913,-0.6015625,-0.120963094,12624,True,51,,-19712,0.0,0.0,0.345735,0.326175
2141,baseline_overlay_pass->release->rtl_overlay_pass,5.736928,14.41562,2.814203,23.015472,-0.6015625,-0.120572738,12607,True,51,179,-19712,5.731591,14.958331,0.861923,21.597635,-0.6015625,-0.120572738,12607,True,51,,-19712,0.0,0.0,0.356525,0.337705
2142,baseline_overlay_pass->release->rtl_overlay_pass,5.8633,14.636563,2.813143,23.361037,-0.6171875,-0.126979095,12518,True,49,179,-20224,5.659289,14.682907,0.947953,21.334231,-0.6171875,-0.126979095,12518,True,49,,-20224,0.0,0.0,0.434186,0.336625
2143,baseline_overlay_pass->release->rtl_overlay_pass,5.784718,15.016789,2.810593,23.657021,-0.6171875,-0.124854138,12513,True,49,179,-20224,5.625939,14.380713,0.959254,21.016986,-0.6171875,-0.124854138,12513,True,49,,-20224,0.0,0.0,0.434446,0.340065
2144,baseline_overlay_pass->release->rtl_overlay_pass,5.636906,15.207232,2.796013,23.686982,-0.6171875,-0.124004155,12515,True,49,179,-20224,5.69387,14.515934,0.908853,21.167689,-0.6171875,-0.124004155,12515,True,49,,-20224,0.0,0.0,0.380845,0.333775
2145,baseline_overlay_pass->release->rtl_overlay_pass,5.648426,14.996739,2.860464,23.5536,-0.640625,-0.133507912,12484,True,46,179,-20992,5.630339,14.677587,0.888822,21.240379,-0.640625,-0.133507912,12484,True,46,,-20992,0.0,0.0,0.378635,0.335514
2146,baseline_overlay_pass->release->rtl_overlay_pass,5.703297,17.272184,2.818963,25.843065,-0.640625,-0.130278165,12483,True,46,179,-20992,5.800212,14.397563,0.904622,21.147248,-0.640625,-0.130278165,12483,True,46,,-20992,0.0,0.0,0.369565,0.332015
2147,baseline_overlay_pass->release->rtl_overlay_pass,5.574995,14.914078,2.832963,23.368367,-0.640625,-0.128986266,12491,True,46,179,-20992,5.814472,14.823729,0.882052,21.567714,-0.640625,-0.128986266,12491,True,46,,-20992,0.0,0.0,0.373835,0.333575
2148,baseline_overlay_pass->release->rtl_overlay_pass,5.662547,14.944318,2.874864,23.5281,-0.640625,-0.128469506,12468,True,46,179,-20992,5.63943,15.076353,0.867482,21.626505,-0.640625,-0.128469506,12468,True,46,,-20992,0.0,0.0,0.370805,0.327734
2149,baseline_overlay_pass->release->rtl_overlay_pass,5.685447,14.823057,2.884954,23.440738,-0.640625,-0.128262803,12473,True,46,179,-20992,6.005394,14.805299,0.856222,21.712696,-0.640625,-0.128262803,12473,True,46,,-20992,0.0,0.0,0.356415,0.332045
2150,baseline_overlay_pass->release->rtl_overlay_pass,5.725348,14.752696,2.897604,23.424808,-0.640625,-0.128180121,12465,True,46,179,-20992,5.64476,15.259745,0.868273,21.817868,-0.640625,-0.128180121,12465,True,46,,-20992,0.0,0.0,0.372275,0.325255
2151,baseline_overlay_pass->release->rtl_overlay_pass,5.762248,14.738465,2.890554,23.439679,-0.6796875,-0.144553298,11637,True,41,179,-22272,5.651249,14.989271,1.007194,21.693686,-0.6796875,-0.144553298,11637,True,41,,-22272,0.0,0.0,0.460047,0.353295
2152,baseline_overlay_pass->release->rtl_overlay_pass,5.666217,14.734175,2.869134,23.316746,-0.6796875,-0.139383819,11664,True,41,179,-22272,5.770482,14.967151,0.883513,21.668396,-0.6796875,-0.139383819,11664,True,41,,-22272,0.0,0.0,0.375866,0.328025
2153,baseline_overlay_pass->release->rtl_overlay_pass,5.626876,14.979308,2.847083,23.500129,-0.6796875,-0.137316028,11685,True,41,179,-22272,5.63005,14.584946,0.879732,21.140518,-0.6796875,-0.137316028,11685,True,41,,-22272,0.0,0.0,0.374715,0.330835
2154,baseline_overlay_pass->release->rtl_overlay_pass,5.696357,14.988879,2.957495,23.689742,-0.6796875,-0.136488911,11713,True,41,179,-22272,5.627,14.486724,0.882232,21.040057,-0.6796875,-0.136488911,11713,True,41,,-22272,0.0,0.0,0.373975,0.334194
2155,baseline_overlay_pass->release->rtl_overlay_pass,5.588626,16.199117,2.923904,24.761998,-0.6796875,-0.136158064,11716,True,41,179,-22272,5.773991,14.513775,0.893463,21.223139,-0.6796875,-0.136158064,11716,True,41,,-22272,0.0,0.0,0.380115,0.334365
2156,baseline_overlay_pass->release->rtl_overlay_pass,5.687347,15.195132,2.977305,23.912976,-0.6796875,-0.136025726,11713,True,41,179,-22272,5.787941,14.774668,0.854692,21.464703,-0.6796875,-0.136025726,11713,True,41,,-22272,0.0,0.0,0.353045,0.331164
2157,baseline_overlay_pass->release->rtl_overlay_pass,5.678507,16.141816,2.965185,24.836419,-0.671875,-0.13269154,11894,True,42,179,-22016,5.952394,15.070213,0.836882,21.905539,-0.671875,-0.13269154,11894,True,42,,-22016,0.0,0.0,0.340465,0.331325
2158,baseline_overlay_pass->release->rtl_overlay_pass,5.762318,16.629195,2.884584,25.323747,-0.671875,-0.133701616,11894,True,42,179,-22016,5.627909,15.080803,0.861313,21.616305,-0.671875,-0.133701616,11894,True,42,,-22016,0.0,0.0,0.358805,0.332475
2159,baseline_overlay_pass->release->rtl_overlay_pass,5.617745,15.557217,3.076387,24.304771,-0.671875,-0.134105646,11894,True,42,179,-22016,5.611199,14.775109,0.859772,21.29203,-0.671875,-0.134105646,11894,True,42,,-22016,0.0,0.0,0.355445,0.336524
2160,baseline_overlay_pass->release->rtl_overlay_pass,5.624266,14.38011,3.188319,23.247005,-0.6640625,-0.130986009,12039,True,43,179,-21760,5.644879,15.117093,0.985154,21.799007,-0.6640625,-0.130986009,12039,True,43,,-21760,0.0,0.0,0.458307,0.333004
2161,baseline_overlay_pass->release->rtl_overlay_pass,5.603346,14.429071,3.201729,23.286596,-0.6640625,-0.132081903,12042,True,43,179,-21760,5.63595,14.456304,0.890773,21.032087,-0.6640625,-0.132081903,12042,True,43,,-21760,0.0,0.0,0.379236,0.334475
2162,baseline_overlay_pass->release->rtl_overlay_pass,5.668727,14.42143,5.22329,25.365117,-0.6640625,-0.132520261,12043,True,43,179,-21760,5.643369,14.458654,0.919373,21.067497,-0.6640625,-0.132520261,12043,True,43,,-21760,0.0,0.0,0.411435,0.331895
2163,baseline_overlay_pass->release->rtl_overlay_pass,5.599315,14.427441,5.22972,25.308946,-0.65625,-0.129414355,12355,True,44,179,-21504,5.605729,14.518045,0.895992,21.064687,-0.65625,-0.129414355,12355,True,44,,-21504,0.0,0.0,0.387055,0.333375
2164,baseline_overlay_pass->release->rtl_overlay_pass,5.682447,15.141681,3.158868,24.036857,-0.65625,-0.130515742,12351,True,44,179,-21504,5.888063,14.352012,0.875963,21.158979,-0.65625,-0.130515742,12351,True,44,,-21504,0.0,0.0,0.369886,0.333495
2165,baseline_overlay_pass->release->rtl_overlay_pass,5.595846,14.43966,3.174198,23.261515,-0.65625,-0.130956297,12354,True,44,179,-21504,6.050266,14.89143,0.860812,21.849578,-0.65625,-0.130956297,12354,True,44,,-21504,0.0,0.0,0.357955,0.333474
2166,baseline_overlay_pass->release->rtl_overlay_pass,5.583706,14.383959,3.037156,23.057942,-0.6484375,-0.127851269,12453,True,45,179,-21248,5.67072,15.703411,0.930853,22.357985,-0.6484375,-0.127851269,12453,True,45,,-21248,0.0,0.0,0.413076,0.336225
2167,baseline_overlay_pass->release->rtl_overlay_pass,5.614776,14.946738,5.24441,25.852455,-0.6484375,-0.128953007,12454,True,45,179,-21248,5.626109,14.799589,0.839902,21.30734,-0.6484375,-0.128953007,12454,True,45,,-21248,0.0,0.0,0.345535,0.327295
2168,baseline_overlay_pass->release->rtl_overlay_pass,5.623236,14.40887,4.55834,24.643586,-0.6484375,-0.129393703,12452,True,45,179,-21248,6.360349,14.92878,0.865433,22.210983,-0.6484375,-0.129393703,12452,True,45,,-21248,0.0,0.0,0.360255,0.338155
2169,baseline_overlay_pass->release->rtl_overlay_pass,5.801868,14.355699,3.091837,23.302205,-0.609375,-0.113163731,12808,True,50,179,-19968,6.030295,14.738308,0.930023,21.744586,-0.609375,-0.113163731,12808,True,50,,-19968,0.0,0.0,0.398966,0.350025
2170,baseline_overlay_pass->release->rtl_overlay_pass,5.650816,14.4698,3.30894,23.481288,-0.6171875,-0.121671742,12810,True,49,179,-20224,5.600459,14.379243,0.940153,21.097288,-0.6171875,-0.121671742,12810,True,49,,-20224,0.0,0.0,0.393825,0.347435
2171,baseline_overlay_pass->release->rtl_overlay_pass,5.701297,14.302509,2.857033,22.91205,-0.6171875,-0.122731197,12815,True,49,179,-20224,6.639083,14.390333,0.890122,21.977529,-0.6171875,-0.122731197,12815,True,49,,-20224,0.0,0.0,0.382775,0.331245
2172,baseline_overlay_pass->release->rtl_overlay_pass,5.597796,14.454921,2.853093,22.954341,-0.578125,-0.106748729,12899,True,54,179,-18944,5.65317,14.948671,0.919873,21.570114,-0.578125,-0.106748729,12899,True,54,,-18944,0.0,0.0,0.390456,0.331304
2173,baseline_overlay_pass->release->rtl_overlay_pass,5.533514,14.4,2.823703,22.803118,-0.578125,-0.112074492,12891,True,54,179,-18944,6.36206,14.819819,0.931033,22.159083,-0.578125,-0.112074492,12891,True,54,,-18944,0.0,0.0,0.417956,0.337585
2174,baseline_overlay_pass->release->rtl_overlay_pass,5.577575,14.321409,2.954485,22.89851,-0.578125,-0.114204797,12890,True,54,179,-18944,6.511932,14.461704,0.886212,21.907379,-0.578125,-0.114204797,12890,True,54,,-18944,0.0,0.0,0.377375,0.336445
2175,baseline_overlay_pass->release->rtl_overlay_pass,5.627836,14.43683,2.883604,22.993511,-0.5625,-0.108494419,12894,True,56,179,-18432,5.892443,14.478684,0.891082,21.30585,-0.5625,-0.108494419,12894,True,56,,-18432,0.0,0.0,0.380815,0.332224
2176,baseline_overlay_pass->release->rtl_overlay_pass,5.721998,14.286928,2.880584,22.93796,-0.5625,-0.110897767,12889,True,56,179,-18432,5.64397,15.869394,0.852372,22.415846,-0.5625,-0.110897767,12889,True,56,,-18432,0.0,0.0,0.354005,0.330085
2177,baseline_overlay_pass->release->rtl_overlay_pass,5.819829,14.35894,2.823983,23.103733,-0.5625,-0.111859107,12896,True,56,179,-18432,5.901534,15.750142,0.850732,22.547128,-0.5625,-0.111859107,12896,True,56,,-18432,0.0,0.0,0.353405,0.331624
2178,baseline_overlay_pass->release->rtl_overlay_pass,6.099423,14.367959,2.883394,23.397817,-0.5078125,-0.089274893,12897,True,63,179,-16640,6.508172,15.040512,0.861992,22.458596,-0.5078125,-0.089274893,12897,True,63,,-16640,0.0,0.0,0.360415,0.332345
2179,baseline_overlay_pass->release->rtl_overlay_pass,6.025032,14.41314,2.830683,23.314216,-0.5078125,-0.096647457,12873,True,63,179,-16640,5.635289,14.742017,0.853232,21.27575,-0.5078125,-0.096647457,12873,True,63,,-16640,0.0,0.0,0.353355,0.331695
2180,baseline_overlay_pass->release->rtl_overlay_pass,6.115714,14.314928,2.892504,23.370887,-0.5078125,-0.099596483,12870,True,63,179,-16640,5.961174,15.511688,1.012595,22.530418,-0.5078125,-0.099596483,12870,True,63,,-16640,0.0,0.0,0.403975,0.425766
2181,baseline_overlay_pass->release->rtl_overlay_pass,6.679102,14.829106,2.849953,24.404672,-0.453125,-0.077807343,12599,True,70,179,-14848,6.34553,14.873809,1.008464,22.276114,-0.453125,-0.077807343,12599,True,70,,-14848,0.0,0.0,0.449226,0.359195
2182,baseline_overlay_pass->release->rtl_overlay_pass,6.201344,14.561432,2.850234,23.661991,-0.453125,-0.085497937,12610,True,70,179,-14848,5.722551,14.556895,1.502551,21.833698,-0.453125,-0.085497937,12610,True,70,,-14848,0.0,0.0,0.439517,0.335245
2183,baseline_overlay_pass->release->rtl_overlay_pass,6.091363,14.42473,2.877834,23.439518,-0.453125,-0.088574175,12612,True,70,179,-14848,6.294699,14.365573,0.887432,21.597854,-0.453125,-0.088574175,12612,True,70,,-14848,0.0,0.0,0.380145,0.332255
2184,baseline_overlay_pass->release->rtl_overlay_pass,6.092753,15.035449,2.861104,24.036197,-0.4296875,-0.07996092,12485,True,73,179,-14080,5.66781,15.818713,0.894232,22.429526,-0.4296875,-0.07996092,12485,True,73,,-14080,0.0,0.0,0.388565,0.330684
2185,baseline_overlay_pass->release->rtl_overlay_pass,6.132543,14.270798,3.269819,23.721813,-0.4296875,-0.083546868,12529,True,73,179,-14080,5.64713,14.494904,2.13506,22.327175,-0.4296875,-0.083546868,12529,True,73,,-14080,0.0,0.0,1.600422,0.335585
2186,baseline_overlay_pass->release->rtl_overlay_pass,6.127033,14.464791,2.903684,23.542529,-0.4296875,-0.084981247,12466,True,73,179,-14080,5.655829,15.724871,0.896283,22.322175,-0.4296875,-0.084981247,12466,True,73,,-14080,0.0,0.0,0.390555,0.330074
2187,baseline_overlay_pass->release->rtl_overlay_pass,5.826509,14.673753,2.880654,23.431848,-0.3828125,-0.065867499,12298,True,79,179,-12544,5.625759,14.389503,0.894083,20.954265,-0.3828125,-0.065867499,12298,True,79,,-12544,0.0,0.0,0.379956,0.336625
2188,baseline_overlay_pass->release->rtl_overlay_pass,5.806189,14.781286,2.840073,23.476428,-0.3828125,-0.0722845,12271,True,79,179,-12544,6.099586,14.376383,0.904313,21.423692,-0.3828125,-0.0722845,12271,True,79,,-12544,0.0,0.0,0.398936,0.330915
2189,baseline_overlay_pass->release->rtl_overlay_pass,5.774258,15.047049,2.875553,23.748892,-0.3828125,-0.0748513,12242,True,79,179,-12544,8.137765,16.677445,1.334269,26.23581,-0.3828125,-0.0748513,12242,True,79,,-12544,0.0,0.0,0.71214,0.365145
2190,baseline_overlay_pass->release->rtl_overlay_pass,5.631436,14.869667,2.840133,23.391077,-0.359375,-0.06603427,12231,True,82,179,-11776,9.91236,16.002606,1.151746,27.118772,-0.359375,-0.06603427,12231,True,82,,-11776,0.0,0.0,0.563518,0.356685
2191,baseline_overlay_pass->release->rtl_overlay_pass,5.616756,15.286184,2.845143,23.792103,-0.359375,-0.069538708,12313,True,82,179,-11776,6.060805,16.221668,0.959854,23.289098,-0.359375,-0.069538708,12313,True,82,,-11776,0.0,0.0,0.440597,0.333715
2192,baseline_overlay_pass->release->rtl_overlay_pass,5.634616,15.050769,2.862603,23.59491,-0.359375,-0.070940483,12284,True,82,179,-11776,6.076615,15.014221,0.829752,21.967789,-0.359375,-0.070940483,12284,True,82,,-11776,0.0,0.0,0.334084,0.329204
2193,baseline_overlay_pass->release->rtl_overlay_pass,5.776359,14.933708,2.919794,23.678521,-0.3203125,-0.055094943,12242,True,87,179,-10496,6.368849,19.655416,1.500431,27.579158,-0.3203125,-0.055094943,12242,True,87,,-10496,0.0,0.0,0.883352,0.343435
2194,baseline_overlay_pass->release->rtl_overlay_pass,5.600495,15.06315,2.890494,23.5999,-0.3203125,-0.060475477,12257,True,87,179,-10496,5.895063,16.453612,1.36741,23.773525,-0.3203125,-0.060475477,12257,True,87,,-10496,0.0,0.0,0.72766,0.363735
2195,baseline_overlay_pass->release->rtl_overlay_pass,5.606545,15.09754,2.873574,23.62411,-0.3203125,-0.062627691,12303,True,87,179,-10496,6.228928,18.005014,1.139856,25.428468,-0.3203125,-0.062627691,12303,True,87,,-10496,0.0,0.0,0.541548,0.361565
2196,baseline_overlay_pass->release->rtl_overlay_pass,5.615315,14.924747,2.881684,23.470057,-0.28125,-0.047082326,11845,True,92,179,-9216,5.910853,16.157507,0.988744,23.100545,-0.28125,-0.047082326,11845,True,92,,-9216,0.0,0.0,0.449917,0.351514
2197,baseline_overlay_pass->release->rtl_overlay_pass,5.622006,14.656574,2.876984,23.201014,-0.28125,-0.052582931,11866,True,92,179,-9216,5.909404,17.571707,0.991754,24.517126,-0.28125,-0.052582931,11866,True,92,,-9216,0.0,0.0,0.443346,0.353295
2198,baseline_overlay_pass->release->rtl_overlay_pass,5.621566,14.780385,2.911375,23.363247,-0.28125,-0.054783172,11850,True,92,179,-9216,5.881973,15.819363,0.999064,22.748821,-0.28125,-0.054783172,11850,True,92,,-9216,0.0,0.0,0.449156,0.356395
2199,baseline_overlay_pass->release->rtl_overlay_pass,5.812759,14.772625,2.897404,23.530049,-0.265625,-0.049100769,12073,True,94,179,-8704,6.319889,17.103991,1.012294,24.483685,-0.265625,-0.049100769,12073,True,94,,-8704,0.0,0.0,0.434266,0.378405
2200,baseline_overlay_pass->release->rtl_overlay_pass,5.593905,14.726414,2.883974,23.250414,-0.265625,-0.051515308,12096,True,94,179,-8704,5.872802,17.257823,1.007654,24.17933,-0.265625,-0.051515308,12096,True,94,,-8704,0.0,0.0,0.427496,0.376145
2201,baseline_overlay_pass->release->rtl_overlay_pass,5.632626,14.835997,2.919154,23.435468,-0.265625,-0.052481123,12090,True,94,179,-8704,5.842282,17.73766,1.016195,24.642617,-0.265625,-0.052481123,12090,True,94,,-8704,0.0,0.0,0.451146,0.364275
2202,baseline_overlay_pass->release->rtl_overlay_pass,5.615016,14.698084,2.857284,23.217234,-0.1875,-0.020054949,11620,True,104,179,-6144,5.842432,16.98653,1.375979,24.257662,-0.1875,-0.020054949,11620,True,104,,-6144,0.0,0.0,0.746361,0.388716
2203,baseline_overlay_pass->release->rtl_overlay_pass,5.697457,15.119871,2.970936,23.837604,-0.1875,-0.03052198,11619,True,104,179,-6144,5.912133,15.667871,1.051945,22.68524,-0.1875,-0.03052198,11619,True,104,,-6144,0.0,0.0,0.485787,0.351905
2204,baseline_overlay_pass->release->rtl_overlay_pass,5.670236,16.024994,2.907055,24.653616,-0.1875,-0.034708792,11617,True,104,179,-6144,5.924103,15.722572,0.998074,22.698439,-0.1875,-0.034708792,11617,True,104,,-6144,0.0,0.0,0.451257,0.349775
2205,baseline_overlay_pass->release->rtl_overlay_pass,5.739137,14.542741,3.088987,23.426707,-0.1640625,-0.026539767,11408,True,107,179,-5376,6.272988,17.603658,1.028194,24.954261,-0.1640625,-0.026539767,11408,True,107,,-5376,0.0,0.0,0.459537,0.374426
2206,baseline_overlay_pass->release->rtl_overlay_pass,5.617926,14.659364,3.194109,23.520229,-0.1640625,-0.030303407,11423,True,107,179,-5376,6.000314,15.64868,1.056025,22.75843,-0.1640625,-0.030303407,11423,True,107,,-5376,0.0,0.0,0.479456,0.381896
2207,baseline_overlay_pass->release->rtl_overlay_pass,5.607926,14.324689,3.229509,23.218494,-0.1640625,-0.031808863,11434,True,107,179,-5376,6.072916,15.886344,1.071315,23.083296,-0.1640625,-0.031808863,11434,True,107,,-5376,0.0,0.0,0.484486,0.380646
2208,baseline_overlay_pass->release->rtl_overlay_pass,5.635916,14.374139,2.979155,23.040961,-0.140625,-0.022567295,11680,True,110,179,-4608,6.39985,15.504179,1.000644,22.955683,-0.140625,-0.022567295,11680,True,110,,-4608,0.0,0.0,0.452077,0.350105
2209,baseline_overlay_pass->release->rtl_overlay_pass,5.616006,14.343289,2.870574,22.880749,-0.140625,-0.025901918,11665,True,110,179,-4608,6.152727,15.419198,0.981924,22.604279,-0.140625,-0.025901918,11665,True,110,,-4608,0.0,0.0,0.435996,0.355745
2210,baseline_overlay_pass->release->rtl_overlay_pass,5.602215,14.357939,2.919874,22.93192,-0.140625,-0.027235767,11698,True,110,179,-4608,6.225598,14.746648,0.907533,21.926149,-0.140625,-0.027235767,11698,True,110,,-4608,0.0,0.0,0.396136,0.334055
2211,baseline_overlay_pass->release->rtl_overlay_pass,5.631796,14.348319,2.886574,22.915429,-0.125,-0.021206807,11842,True,112,179,-4096,5.850873,18.503981,2.799579,27.206573,-0.125,-0.021206807,11842,True,112,,-4096,0.0,0.0,0.402366,2.215762
2212,baseline_overlay_pass->release->rtl_overlay_pass,5.661916,14.42947,2.927364,23.065751,-0.125,-0.023482723,11847,True,112,179,-4096,5.866003,15.405067,0.868963,22.193183,-0.125,-0.023482723,11847,True,112,,-4096,0.0,0.0,0.367926,0.327585
2213,baseline_overlay_pass->release->rtl_overlay_pass,5.617345,14.334298,2.931225,22.927389,-0.125,-0.024393089,11855,True,112,179,-4096,5.617189,14.90816,0.856092,21.427292,-0.125,-0.024393089,11855,True,112,,-4096,0.0,0.0,0.357645,0.331195
2214,baseline_overlay_pass->release->rtl_overlay_pass,5.825489,14.338319,3.092257,23.301245,-0.1171875,-0.021475986,11923,True,113,179,-3840,5.773291,14.89846,0.858222,21.576614,-0.1171875,-0.021475986,11923,True,113,,-3840,0.0,0.0,0.355715,0.334645
2215,baseline_overlay_pass->release->rtl_overlay_pass,5.797138,14.345469,2.912724,23.103572,-0.1171875,-0.022652894,11930,True,113,179,-3840,5.594078,14.600035,0.996894,21.23969,-0.1171875,-0.022652894,11930,True,113,,-3840,0.0,0.0,0.438836,0.365085
2216,baseline_overlay_pass->release->rtl_overlay_pass,5.91732,14.39847,2.952015,23.317395,-0.1171875,-0.023123658,11926,True,113,179,-3840,5.593019,14.517235,0.874372,21.031636,-0.1171875,-0.023123658,11926,True,113,,-3840,0.0,0.0,0.369025,0.331394
2217,baseline_overlay_pass->release->rtl_overlay_pass,5.891389,14.405039,2.893284,23.238565,-0.109375,-0.020030713,11859,True,114,179,-3584,10.594959,15.277425,0.977074,26.897989,-0.109375,-0.020030713,11859,True,114,,-3584,0.0,0.0,0.437136,0.344335
2218,baseline_overlay_pass->release->rtl_overlay_pass,5.835159,14.537662,2.860794,23.282365,-0.109375,-0.021137285,11851,True,114,179,-3584,6.269578,14.94068,0.993184,22.270364,-0.109375,-0.021137285,11851,True,114,,-3584,0.0,0.0,0.449956,0.347515
2219,baseline_overlay_pass->release->rtl_overlay_pass,5.878369,14.561683,2.850633,23.338746,-0.109375,-0.021579914,11865,True,114,179,-3584,5.65388,14.528805,1.147636,21.377001,-0.109375,-0.021579914,11865,True,114,,-3584,0.0,0.0,0.634609,0.331425
2220,baseline_overlay_pass->release->rtl_overlay_pass,5.735067,14.773966,2.859253,23.420508,-0.09375,-0.015194466,11820,True,116,179,-3072,5.576339,14.356542,0.886643,20.865224,-0.09375,-0.015194466,11820,True,116,,-3072,0.0,0.0,0.373696,0.337625
2221,baseline_overlay_pass->release->rtl_overlay_pass,5.659007,14.800746,2.862733,23.371977,-0.09375,-0.017327786,11823,True,116,179,-3072,5.67994,14.934821,0.902082,21.559364,-0.09375,-0.017327786,11823,True,116,,-3072,0.0,0.0,0.397676,0.328975
2222,baseline_overlay_pass->release->rtl_overlay_pass,5.572805,15.214872,2.874794,23.709532,-0.09375,-0.018181115,11844,True,116,179,-3072,5.803782,14.278331,0.891692,21.017186,-0.09375,-0.018181115,11844,True,116,,-3072,0.0,0.0,0.377665,0.337074
2223,baseline_overlay_pass->release->rtl_overlay_pass,5.627936,14.945528,2.857164,23.476228,-0.0625,-0.005397446,11951,True,120,179,-2048,5.791942,14.831019,0.904323,21.574364,-0.0625,-0.005397446,11951,True,120,,-2048,0.0,0.0,0.359715,0.332654
2224,baseline_overlay_pass->release->rtl_overlay_pass,5.619705,14.740324,2.895145,23.301895,-0.0625,-0.009658978,11942,True,120,179,-2048,5.570669,15.291235,0.842082,21.749816,-0.0625,-0.009658978,11942,True,120,,-2048,0.0,0.0,0.345405,0.332174
2225,baseline_overlay_pass->release->rtl_overlay_pass,5.784258,14.689754,2.888044,23.409727,-0.0625,-0.011363591,11950,True,120,179,-2048,5.607329,14.681247,0.857032,21.190898,-0.0625,-0.011363591,11950,True,120,,-2048,0.0,0.0,0.350395,0.337594
2226,baseline_overlay_pass->release->rtl_overlay_pass,5.588035,14.755374,2.856553,23.248374,-0.0546875,-0.008764187,11916,True,121,179,-1792,6.036365,14.692087,0.864773,21.639765,-0.0546875,-0.008764187,11916,True,121,,-1792,0.0,0.0,0.354275,0.338695
2227,baseline_overlay_pass->release->rtl_overlay_pass,5.727738,14.691944,2.887574,23.353646,-0.0546875,-0.010068175,11939,True,121,179,-1792,5.67779,14.467414,1.43898,21.633244,-0.0546875,-0.010068175,11939,True,121,,-1792,0.0,0.0,0.576748,0.65299
2228,baseline_overlay_pass->release->rtl_overlay_pass,6.053042,14.785636,2.951925,23.840843,-0.0546875,-0.01058977,11948,True,121,179,-1792,5.583719,14.373692,0.886403,20.892934,-0.0546875,-0.01058977,11948,True,121,,-1792,0.0,0.0,0.376285,0.335845
2229,baseline_overlay_pass->release->rtl_overlay_pass,5.651016,14.522842,3.163828,23.391246,-0.0234375,0.002326592,11820,True,125,179,-768,5.67144,14.790938,0.883453,21.392611,-0.0234375,0.002326592,11820,True,125,,-768,0.0,0.0,0.376295,0.330195
2230,baseline_overlay_pass->release->rtl_overlay_pass,5.651746,14.456131,3.166108,23.327795,-0.0234375,-0.001881863,11819,True,125,179,-768,5.572279,14.415673,0.886733,20.918555,-0.0234375,-0.001881863,11819,True,125,,-768,0.0,0.0,0.374316,0.335755
2231,baseline_overlay_pass->release->rtl_overlay_pass,5.609156,14.358989,2.951215,22.9708,-0.015625,0.006278505,11826,True,126,179,-512,5.760241,14.326591,0.888232,21.019106,-0.015625,0.006278505,11826,True,126,,-512,0.0,0.0,0.379735,0.334664
2232,baseline_overlay_pass->release->rtl_overlay_pass,5.612496,14.45295,2.877334,22.991231,0.0,0.002511402,11913,True,128,179,0,5.863133,14.504294,0.890553,21.30473,0.0,0.002511402,11913,True,128,,0,0.0,0.0,0.380386,0.337165
2233,baseline_overlay_pass->release->rtl_overlay_pass,5.628156,14.39114,2.838133,22.903479,0.0,0.001004561,11902,True,128,179,0,5.64757,15.044722,0.826182,21.562804,0.0,0.001004561,11902,True,128,,0,0.0,0.0,0.333195,0.327385
2234,baseline_overlay_pass->release->rtl_overlay_pass,5.560525,14.467351,2.854093,22.926809,0.0,0.000401824,11901,True,128,179,0,6.115806,14.854349,0.865782,21.882338,0.0,0.000401824,11901,True,128,,0,0.0,0.0,0.361555,0.336344
2235,baseline_overlay_pass->release->rtl_overlay_pass,5.634666,14.374159,2.837923,22.893118,0.015625,0.00016073,11920,True,130,179,512,5.574239,14.710747,1.063125,21.393951,0.015625,0.00016073,11920,True,130,,512,0.0,0.0,0.351935,0.544798
2236,baseline_overlay_pass->release->rtl_overlay_pass,5.723827,14.411079,2.823093,23.003001,0.015625,6.4292e-05,11923,True,130,179,512,5.65688,14.546415,1.010634,21.262929,0.015625,6.4292e-05,11923,True,130,,512,0.0,0.0,0.476807,0.336074
2237,baseline_overlay_pass->release->rtl_overlay_pass,5.851599,14.369499,2.839953,23.110122,0.015625,2.5717e-05,11929,True,130,179,512,5.652789,14.469654,0.893373,21.061606,0.015625,2.5717e-05,11929,True,130,,512,0.0,0.0,0.390185,0.329014
2238,baseline_overlay_pass->release->rtl_overlay_pass,5.965991,14.389079,2.866824,23.268945,0.046875,0.019697787,11938,True,134,179,1536,5.68241,14.310432,0.892253,20.932275,0.046875,0.019697787,11938,True,134,,1536,0.0,0.0,0.382796,0.335325
2239,baseline_overlay_pass->release->rtl_overlay_pass,5.721957,14.804896,2.838763,23.414967,0.046875,0.013504115,11937,True,134,179,1536,5.69481,14.558965,0.882142,21.179188,0.046875,0.013504115,11937,True,134,,1536,0.0,0.0,0.371525,0.336894
2240,baseline_overlay_pass->release->rtl_overlay_pass,5.661456,15.004688,2.818233,23.535158,0.046875,0.011026646,11938,True,134,179,1536,5.947273,14.430443,0.888722,21.31081,0.046875,0.011026646,11938,True,134,,1536,0.0,0.0,0.384696,0.331225
2241,baseline_overlay_pass->release->rtl_overlay_pass,5.684367,15.08981,2.795613,23.61773,0.0625,0.016598158,11924,True,136,179,2048,5.71087,15.119022,0.823901,21.699815,0.0625,0.016598158,11924,True,136,,2048,0.0,0.0,0.333414,0.328994
2242,baseline_overlay_pass->release->rtl_overlay_pass,5.742238,15.046729,2.814562,23.648731,0.0625,0.014139263,11913,True,136,179,2048,5.781601,15.023201,0.851852,21.702825,0.0625,0.014139263,11913,True,136,,2048,0.0,0.0,0.352215,0.334165
2243,baseline_overlay_pass->release->rtl_overlay_pass,5.606915,14.802676,2.787933,23.243694,0.0625,0.013155705,11898,True,136,179,2048,5.889022,14.805798,0.853742,21.593634,0.0625,0.013155705,11898,True,136,,2048,0.0,0.0,0.358135,0.329135
2244,baseline_overlay_pass->release->rtl_overlay_pass,5.576295,14.785726,2.817383,23.224664,0.078125,0.019324782,11952,True,138,179,2560,5.66052,14.714357,0.944714,21.366141,0.078125,0.019324782,11952,True,138,,2560,0.0,0.0,0.405035,0.361615
2245,baseline_overlay_pass->release->rtl_overlay_pass,5.655006,14.784426,2.848083,23.334235,0.078125,0.017104913,11960,True,138,179,2560,5.621859,14.631466,1.057145,21.359241,0.078125,0.017104913,11960,True,138,,2560,0.0,0.0,0.466607,0.342585
2246,baseline_overlay_pass->release->rtl_overlay_pass,5.621965,14.753345,2.864453,23.289345,0.078125,0.016216965,11951,True,138,179,2560,5.64273,14.300341,0.895213,20.887244,0.078125,0.016216965,11951,True,138,,2560,0.0,0.0,0.380665,0.338375
2247,baseline_overlay_pass->release->rtl_overlay_pass,5.605255,14.823845,3.104827,23.585499,0.125,0.035549286,11966,True,144,179,4096,5.930053,14.594565,0.874493,21.444892,0.125,0.035549286,11966,True,144,,4096,0.0,0.0,0.369806,0.333695
2248,baseline_overlay_pass->release->rtl_overlay_pass,5.567885,14.758904,3.193268,23.57154,0.125,0.029219714,11964,True,144,179,4096,5.744651,14.412793,0.893773,21.094857,0.125,0.029219714,11964,True,144,,4096,0.0,0.0,0.385765,0.337485
2249,baseline_overlay_pass->release->rtl_overlay_pass,5.627036,14.588913,3.177358,23.446027,0.125,0.026687886,11954,True,144,179,4096,5.868262,14.416122,0.910992,21.239729,0.125,0.026687886,11954,True,144,,4096,0.0,0.0,0.403575,0.333785
2250,baseline_overlay_pass->release->rtl_overlay_pass,5.601785,14.580742,3.172258,23.406267,0.15625,0.038800154,11754,True,148,179,5120,5.776962,15.309515,0.820571,21.959859,0.15625,0.038800154,11754,True,148,,5120,0.0,0.0,0.333814,0.323404
2251,baseline_overlay_pass->release->rtl_overlay_pass,5.659196,14.40132,2.902174,23.01467,0.15625,0.034270062,11726,True,148,179,5120,5.65338,14.893919,1.066285,21.659515,0.15625,0.034270062,11726,True,148,,5120,0.0,0.0,0.357205,0.537428
2252,baseline_overlay_pass->release->rtl_overlay_pass,5.648526,14.37686,2.896284,22.97117,0.15625,0.032458025,11705,True,148,179,5120,5.624859,14.865429,0.855242,21.390761,0.15625,0.032458025,11705,True,148,,5120,0.0,0.0,0.353925,0.331044
2253,baseline_overlay_pass->release->rtl_overlay_pass,5.579575,14.43497,2.851064,22.912859,0.140625,0.02517071,11815,True,146,179,4608,5.673029,14.95784,0.998744,21.677926,0.140625,0.02517071,11815,True,146,,4608,0.0,0.0,0.469806,0.341125
2254,baseline_overlay_pass->release->rtl_overlay_pass,5.573525,14.4459,2.846114,22.910549,0.140625,0.026943284,11806,True,146,179,4608,5.610869,14.705737,0.881343,21.246049,0.140625,0.026943284,11806,True,146,,4608,0.0,0.0,0.370876,0.337125
2255,baseline_overlay_pass->release->rtl_overlay_pass,5.674956,14.573432,2.844453,23.139552,0.140625,0.027652314,11819,True,146,179,4608,5.65364,14.401573,0.918273,21.022266,0.140625,0.027652314,11819,True,146,,4608,0.0,0.0,0.373245,0.339455
2256,baseline_overlay_pass->release->rtl_overlay_pass,5.752918,14.376919,2.836393,23.01318,0.140625,0.027935925,11917,True,146,179,4608,5.618759,14.481534,0.902763,21.048216,0.140625,0.027935925,11917,True,146,,4608,0.0,0.0,0.393366,0.336095
2257,baseline_overlay_pass->release->rtl_overlay_pass,5.857579,14.659183,2.886474,23.452097,0.1328125,0.02476812,11912,True,145,179,4352,5.795682,14.304631,0.886152,21.032216,0.1328125,0.02476812,11912,True,145,,4352,0.0,0.0,0.379125,0.332504
2258,baseline_overlay_pass->release->rtl_overlay_pass,5.764538,14.866327,2.811273,23.494708,0.1328125,0.025844748,11900,True,145,179,4352,6.303279,14.524404,0.870143,21.742686,0.1328125,0.025844748,11900,True,145,,4352,0.0,0.0,0.370745,0.328675
2259,baseline_overlay_pass->release->rtl_overlay_pass,5.666076,14.853826,2.852003,23.426426,0.1171875,0.019712899,11880,True,143,179,3840,5.67504,14.980121,0.983314,21.685375,0.1171875,0.019712899,11880,True,143,,3840,0.0,0.0,0.340545,0.477907
2260,baseline_overlay_pass->release->rtl_overlay_pass,5.688557,15.228792,2.834513,23.802222,0.1171875,0.02194766,11876,True,143,179,3840,5.617829,14.820358,0.855412,21.34014,0.1171875,0.02194766,11876,True,143,,3840,0.0,0.0,0.354565,0.334445
2261,baseline_overlay_pass->release->rtl_overlay_pass,5.668866,14.997608,2.890994,23.60471,0.1171875,0.022841564,11872,True,143,179,3840,5.600779,14.958221,0.863932,21.467792,0.1171875,0.022841564,11872,True,143,,3840,0.0,0.0,0.358505,0.338144
2262,baseline_overlay_pass->release->rtl_overlay_pass,5.606575,14.857077,2.851203,23.361555,0.0859375,0.010074126,11875,True,139,179,2816,5.598709,14.547315,0.985554,21.181008,0.0859375,0.010074126,11875,True,139,,2816,0.0,0.0,0.444057,0.339885
2263,baseline_overlay_pass->release->rtl_overlay_pass,5.577435,14.789916,2.879504,23.294355,0.0859375,0.01434215,11892,True,139,179,2816,5.66081,14.347682,0.878083,20.931945,0.0859375,0.01434215,11892,True,139,,2816,0.0,0.0,0.369076,0.337185
2264,baseline_overlay_pass->release->rtl_overlay_pass,5.662346,14.749654,2.897354,23.358076,0.0859375,0.01604936,11869,True,139,179,2816,5.625219,14.429023,0.958283,21.056216,0.0859375,0.01604936,11869,True,139,,2816,0.0,0.0,0.456386,0.329835
2265,baseline_overlay_pass->release->rtl_overlay_pass,5.648176,15.367544,2.865664,23.928074,0.0625,0.006888494,11893,True,136,179,2048,5.64342,14.377902,0.891603,20.957395,0.0625,0.006888494,11893,True,136,,2048,0.0,0.0,0.381015,0.337215
2266,baseline_overlay_pass->release->rtl_overlay_pass,5.807439,14.813535,2.895194,23.564369,0.0625,0.010255398,11899,True,136,179,2048,6.121187,14.451813,0.908383,21.527323,0.0625,0.010255398,11899,True,136,,2048,0.0,0.0,0.403376,0.332654
2267,baseline_overlay_pass->release->rtl_overlay_pass,5.619176,14.910207,2.895064,23.471607,0.0625,0.011602159,11906,True,136,179,2048,5.68355,14.823999,0.855482,21.411441,0.0625,0.011602159,11906,True,136,,2048,0.0,0.0,0.355105,0.332914
2268,baseline_overlay_pass->release->rtl_overlay_pass,5.608075,14.599812,3.012346,23.272724,0.0546875,0.008859614,11971,True,135,179,1792,5.726441,15.039941,0.839491,21.651654,0.0546875,0.008859614,11971,True,135,,1792,0.0,0.0,0.344215,0.330085
2269,baseline_overlay_pass->release->rtl_overlay_pass,5.707077,16.303519,2.845503,24.904589,0.046875,0.006825095,11882,True,134,179,1536,5.613299,14.644706,0.853152,21.156868,0.046875,0.006825095,11882,True,134,,1536,0.0,0.0,0.353315,0.331735
2270,baseline_overlay_pass->release->rtl_overlay_pass,5.678197,17.628628,2.927715,26.28199,0.046875,0.008355038,11955,True,134,179,1536,5.67111,14.647336,0.930613,21.295649,0.046875,0.008355038,11955,True,134,,1536,0.0,0.0,0.419976,0.336804
2271,baseline_overlay_pass->release->rtl_overlay_pass,5.726727,15.812,2.926664,24.516553,0.0234375,-0.000876735,12040,True,131,179,768,5.606009,14.582745,1.005954,21.242139,0.0234375,-0.000876735,12040,True,131,,768,0.0,0.0,0.438366,0.366285
2272,baseline_overlay_pass->release->rtl_overlay_pass,5.647816,14.747674,3.004805,23.449257,0.0234375,0.002461806,12036,True,131,179,768,5.655639,14.484854,0.890663,21.079946,0.0234375,0.002461806,12036,True,131,,768,0.0,0.0,0.383435,0.334064
2273,baseline_overlay_pass->release->rtl_overlay_pass,5.597595,14.50781,4.438017,24.600864,0.0234375,0.003797222,12043,True,131,179,768,5.558608,14.358382,0.879482,20.843133,0.0234375,0.003797222,12043,True,131,,768,0.0,0.0,0.371195,0.333824
2274,baseline_overlay_pass->release->rtl_overlay_pass,5.672966,14.643613,3.080886,23.450597,0.015625,-0.005512361,12062,True,130,179,512,5.70131,14.812198,0.888843,21.447562,0.015625,-0.005512361,12062,True,130,,512,0.0,0.0,0.381396,0.333145
2275,baseline_overlay_pass->release->rtl_overlay_pass,5.661937,14.730134,3.094387,23.537699,0.015625,-0.002204944,12062,True,130,179,512,5.869302,14.408172,0.879112,21.201868,0.015625,-0.002204944,12062,True,130,,512,0.0,0.0,0.371425,0.335945
2276,baseline_overlay_pass->release->rtl_overlay_pass,5.658006,14.414699,3.192618,23.319595,0.015625,-0.000881978,12062,True,130,179,512,5.650679,14.92551,0.835501,21.462011,0.015625,-0.000881978,12062,True,130,,512,0.0,0.0,0.340215,0.328635
2277,baseline_overlay_pass->release->rtl_overlay_pass,5.604676,15.462395,2.964485,24.084057,0.0,-0.000352791,12126,True,128,179,0,5.66727,15.008451,0.845432,21.566613,0.0,-0.000352791,12126,True,128,,0,0.0,0.0,0.351345,0.327374
2278,baseline_overlay_pass->release->rtl_overlay_pass,5.667106,16.337359,2.890844,24.94516,0.0,-0.000141116,12113,True,128,179,0,5.595579,14.732158,0.866352,21.238419,0.0,-0.000141116,12113,True,128,,0,0.0,0.0,0.360315,0.338355
2279,baseline_overlay_pass->release->rtl_overlay_pass,5.620655,14.680273,2.999245,23.352175,0.0,-5.6447e-05,12128,True,128,179,0,5.902143,14.752088,0.877322,21.577633,0.0,-5.6447e-05,12128,True,128,,0,0.0,0.0,0.368545,0.338995
2280,baseline_overlay_pass->release->rtl_overlay_pass,5.781678,14.546042,3.066567,23.445857,-0.0234375,-0.009866329,12188,True,125,179,-768,5.674489,15.018531,0.985964,21.728895,-0.0234375,-0.009866329,12188,True,125,,-768,0.0,0.0,0.441217,0.351485
2281,baseline_overlay_pass->release->rtl_overlay_pass,5.632185,14.44874,3.233249,23.367925,-0.0234375,-0.006759031,12184,True,125,179,-768,5.65407,14.477434,0.884613,21.063287,-0.0234375,-0.006759031,12184,True,125,,-768,0.0,0.0,0.371645,0.334705
2282,baseline_overlay_pass->release->rtl_overlay_pass,5.628236,14.572702,3.086977,23.341295,-0.0234375,-0.005516113,12183,True,125,179,-768,5.800732,14.706047,0.873953,21.424332,-0.0234375,-0.005516113,12183,True,125,,-768,0.0,0.0,0.368986,0.331475
2283,baseline_overlay_pass->release->rtl_overlay_pass,5.571855,14.373499,3.114247,23.110062,-0.0390625,-0.011581445,12182,True,123,179,-1280,5.784091,14.311011,0.881573,21.022776,-0.0390625,-0.011581445,12182,True,123,,-1280,0.0,0.0,0.372926,0.333455
2284,baseline_overlay_pass->release->rtl_overlay_pass,5.639196,14.480181,3.099257,23.269524,-0.0390625,-0.009320078,12174,True,123,179,-1280,5.839452,14.464824,0.886402,21.236438,-0.0390625,-0.009320078,12174,True,123,,-1280,0.0,0.0,0.372355,0.339325
2285,baseline_overlay_pass->release->rtl_overlay_pass,5.642606,14.390579,2.835114,22.918469,-0.0390625,-0.008415531,12188,True,123,179,-1280,5.656889,15.257185,0.856082,21.814277,-0.0390625,-0.008415531,12188,True,123,,-1280,0.0,0.0,0.363925,0.326214
2286,baseline_overlay_pass->release->rtl_overlay_pass,5.582965,14.43937,2.958535,23.03072,-0.0703125,-0.021178712,12229,True,119,179,-2304,5.617349,14.788258,0.849422,21.29919,-0.0703125,-0.021178712,12229,True,119,,-2304,0.0,0.0,0.356755,0.329175
2287,baseline_overlay_pass->release->rtl_overlay_pass,5.572504,14.520281,2.883904,23.02658,-0.0703125,-0.016908985,12229,True,119,179,-2304,5.930603,14.713907,0.855512,21.545313,-0.0703125,-0.016908985,12229,True,119,,-2304,0.0,0.0,0.354245,0.335205
2288,baseline_overlay_pass->release->rtl_overlay_pass,5.557815,14.43518,2.829333,22.867898,-0.0703125,-0.015201094,12230,True,119,179,-2304,5.596549,14.709887,0.995584,21.34888,-0.0703125,-0.015201094,12230,True,119,,-2304,0.0,0.0,0.450446,0.345635
2289,baseline_overlay_pass->release->rtl_overlay_pass,5.772318,14.389269,2.818063,23.0299,-0.09375,-0.024361688,12193,True,116,179,-3072,5.72532,14.402182,0.895343,21.070516,-0.09375,-0.024361688,12193,True,116,,-3072,0.0,0.0,0.381045,0.337105
2290,baseline_overlay_pass->release->rtl_overlay_pass,5.685606,14.45013,2.876904,23.057991,-0.09375,-0.020994675,12198,True,116,179,-3072,5.925493,14.396002,0.892023,21.260539,-0.09375,-0.020994675,12198,True,116,,-3072,0.0,0.0,0.377496,0.338915
2291,baseline_overlay_pass->release->rtl_overlay_pass,5.789988,14.301617,2.879273,23.01792,-0.09375,-0.01964787,12202,True,116,179,-3072,5.536618,14.494874,0.887723,20.963695,-0.09375,-0.01964787,12202,True,116,,-3072,0.0,0.0,0.378116,0.334695
2292,baseline_overlay_pass->release->rtl_overlay_pass,5.792678,14.397179,2.869544,23.108002,-0.1328125,-0.035515398,11943,True,111,179,-4352,5.73542,14.450953,0.881512,21.111226,-0.1328125,-0.035515398,11943,True,111,,-4352,0.0,0.0,0.375425,0.331744
2293,baseline_overlay_pass->release->rtl_overlay_pass,5.811999,14.884786,2.885104,23.629189,-0.1328125,-0.030143659,11914,True,111,179,-4352,5.785902,14.680176,0.897693,21.412021,-0.1328125,-0.030143659,11914,True,111,,-4352,0.0,0.0,0.388615,0.332544
2294,baseline_overlay_pass->release->rtl_overlay_pass,5.809658,14.646383,2.833453,23.338155,-0.1328125,-0.027994964,11930,True,111,179,-4352,5.654069,15.053481,0.832162,21.586313,-0.1328125,-0.027994964,11930,True,111,,-4352,0.0,0.0,0.337244,0.327464
2295,baseline_overlay_pass->release->rtl_overlay_pass,5.718727,14.926668,2.802192,23.495767,-0.1484375,-0.033697985,11846,True,109,179,-4864,5.603739,14.9552,0.863362,21.507742,-0.1484375,-0.033697985,11846,True,109,,-4864,0.0,0.0,0.355795,0.339254
2296,baseline_overlay_pass->release->rtl_overlay_pass,5.603376,15.003218,2.798503,23.448597,-0.1484375,-0.031291694,11848,True,109,179,-4864,5.7379,14.833559,0.839552,21.456792,-0.1484375,-0.031291694,11848,True,109,,-4864,0.0,0.0,0.346485,0.328764
2297,baseline_overlay_pass->release->rtl_overlay_pass,5.684337,15.030319,2.816713,23.578669,-0.1484375,-0.030329178,11840,True,109,179,-4864,5.645299,14.632406,0.979464,21.304479,-0.1484375,-0.030329178,11840,True,109,,-4864,0.0,0.0,0.430746,0.353635
2298,baseline_overlay_pass->release->rtl_overlay_pass,5.604476,15.576267,2.833933,24.062906,-0.171875,-0.039787921,11914,True,106,179,-5632,6.071236,14.402202,0.913283,21.435241,-0.171875,-0.039787921,11914,True,106,,-5632,0.0,0.0,0.404455,0.333375
2299,baseline_overlay_pass->release->rtl_overlay_pass,5.648986,15.063119,2.870623,23.629169,-0.171875,-0.036540168,11901,True,106,179,-5632,5.621699,14.404033,0.886002,20.960354,-0.171875,-0.036540168,11901,True,106,,-5632,0.0,0.0,0.376815,0.336035
2300,baseline_overlay_pass->release->rtl_overlay_pass,5.633726,15.221472,2.903784,23.807612,-0.171875,-0.035241067,11908,True,106,179,-5632,5.664759,14.405343,0.889133,21.002415,-0.171875,-0.035241067,11908,True,106,,-5632,0.0,0.0,0.373926,0.340275
2301,baseline_overlay_pass->release->rtl_overlay_pass,5.797418,14.721714,3.016066,23.583838,-0.2109375,-0.051127677,12055,True,101,179,-6912,5.770081,14.428063,0.896303,21.141787,-0.2109375,-0.051127677,12055,True,101,,-6912,0.0,0.0,0.383315,0.334365
2302,baseline_overlay_pass->release->rtl_overlay_pass,5.632026,14.844386,2.888724,23.412956,-0.2109375,-0.045763571,12045,True,101,179,-6912,5.802012,14.801098,0.856262,21.510592,-0.2109375,-0.045763571,12045,True,101,,-6912,0.0,0.0,0.351615,0.333785
2303,baseline_overlay_pass->release->rtl_overlay_pass,5.731977,14.637852,2.923524,23.342715,-0.2109375,-0.043617928,12053,True,101,179,-6912,5.601959,14.95889,0.830052,21.436491,-0.2109375,-0.043617928,12053,True,101,,-6912,0.0,0.0,0.336805,0.329404
2304,baseline_overlay_pass->release->rtl_overlay_pass,5.600415,14.675253,2.921314,23.245274,-0.234375,-0.052603421,12167,True,98,179,-7680,5.718541,14.866209,0.864922,21.494932,-0.234375,-0.052603421,12167,True,98,,-7680,0.0,0.0,0.359245,0.334044
2305,baseline_overlay_pass->release->rtl_overlay_pass,5.683096,14.772015,3.044747,23.548809,-0.234375,-0.049166369,12167,True,98,179,-7680,5.620859,14.795418,0.855332,21.31745,-0.234375,-0.049166369,12167,True,98,,-7680,0.0,0.0,0.355315,0.334055
2306,baseline_overlay_pass->release->rtl_overlay_pass,5.591385,14.539421,3.202028,23.384656,-0.234375,-0.047791547,12164,True,98,179,-7680,6.068236,14.576295,0.984874,21.682355,-0.234375,-0.047791547,12164,True,98,,-7680,0.0,0.0,0.453647,0.334845
2307,baseline_overlay_pass->release->rtl_overlay_pass,5.685857,14.339508,3.153228,23.230363,-0.2578125,-0.057085369,12132,True,95,179,-8448,5.644299,14.415663,0.881553,20.990395,-0.2578125,-0.057085369,12132,True,95,,-8448,0.0,0.0,0.370836,0.336325
2308,baseline_overlay_pass->release->rtl_overlay_pass,5.698067,14.337588,3.318381,23.407736,-0.2578125,-0.053771648,12126,True,95,179,-8448,5.64264,14.389502,0.885723,20.965975,-0.2578125,-0.053771648,12126,True,95,,-8448,0.0,0.0,0.376316,0.336475
2309,baseline_overlay_pass->release->rtl_overlay_pass,5.650096,14.357308,2.960146,23.021031,-0.2578125,-0.052446159,12129,True,95,179,-8448,5.623299,14.460514,0.885632,21.012385,-0.2578125,-0.052446159,12129,True,95,,-8448,0.0,0.0,0.379425,0.331365
2310,baseline_overlay_pass->release->rtl_overlay_pass,5.672556,14.386618,2.854943,22.962889,-0.2734375,-0.058478464,12184,True,93,179,-8960,5.751371,14.355372,0.897163,21.050176,-0.2734375,-0.058478464,12184,True,93,,-8960,0.0,0.0,0.380845,0.338495
2311,baseline_overlay_pass->release->rtl_overlay_pass,5.717287,14.338478,2.901704,23.00542,-0.2734375,-0.056203885,12192,True,93,179,-8960,6.059396,14.92911,0.862212,21.898638,-0.2734375,-0.056203885,12192,True,93,,-8960,0.0,0.0,0.356975,0.330294
2312,baseline_overlay_pass->release->rtl_overlay_pass,5.558814,14.572461,2.839613,23.01862,-0.2734375,-0.055294054,12185,True,93,179,-8960,5.621379,15.022552,0.847842,21.537063,-0.2734375,-0.055294054,12185,True,93,,-8960,0.0,0.0,0.352585,0.326905
2313,baseline_overlay_pass->release->rtl_overlay_pass,5.634815,14.373148,2.864104,22.919958,-0.296875,-0.064773872,12156,True,90,179,-9728,5.769071,14.734367,0.854042,21.4055,-0.296875,-0.064773872,12156,True,90,,-9728,0.0,0.0,0.362126,0.324585
2314,baseline_overlay_pass->release->rtl_overlay_pass,5.753237,14.439399,2.886913,23.124612,-0.296875,-0.061534549,12160,True,90,179,-9728,5.626499,15.178663,0.862572,21.712695,-0.296875,-0.061534549,12160,True,90,,-9728,0.0,0.0,0.355585,0.341365
2315,baseline_overlay_pass->release->rtl_overlay_pass,5.691926,14.381368,2.881223,23.00119,-0.296875,-0.060238819,12158,True,90,179,-9728,5.617499,14.492223,0.985383,21.142317,-0.296875,-0.060238819,12158,True,90,,-9728,0.0,0.0,0.436246,0.344215
2316,baseline_overlay_pass->release->rtl_overlay_pass,5.837869,14.310077,2.881884,23.078291,-0.3984375,-0.102376778,11961,True,77,179,-13056,5.599748,14.374882,0.883062,20.904673,-0.3984375,-0.102376778,11961,True,77,,-13056,0.0,0.0,0.365255,0.341115
2317,baseline_overlay_pass->release->rtl_overlay_pass,5.90762,14.332778,2.865713,23.152352,-0.3984375,-0.088763211,11987,True,77,179,-13056,5.632369,14.464933,0.917803,21.058446,-0.3984375,-0.088763211,11987,True,77,,-13056,0.0,0.0,0.385986,0.330634
2318,baseline_overlay_pass->release->rtl_overlay_pass,5.790068,14.319848,2.888174,23.0465,-0.3984375,-0.083317784,11969,True,77,179,-13056,5.658399,14.643485,0.881572,21.225238,-0.3984375,-0.083317784,11969,True,77,,-13056,0.0,0.0,0.369555,0.337404
2319,baseline_overlay_pass->release->rtl_overlay_pass,5.761917,14.51748,2.865823,23.193032,-0.4375,-0.097545864,12129,True,72,179,-14336,6.160697,14.321921,0.893822,21.422061,-0.4375,-0.097545864,12129,True,72,,-14336,0.0,0.0,0.382335,0.335194
2320,baseline_overlay_pass->release->rtl_overlay_pass,5.985741,14.915987,2.868204,23.823562,-0.4375,-0.091518346,12123,True,72,179,-14336,5.772491,14.975101,0.872262,21.670434,-0.4375,-0.091518346,12123,True,72,,-14336,0.0,0.0,0.367985,0.330394
2321,baseline_overlay_pass->release->rtl_overlay_pass,5.709656,15.285592,2.843733,23.886643,-0.4375,-0.089107338,12122,True,72,179,-14336,5.64544,15.168083,0.881373,21.740426,-0.4375,-0.089107338,12122,True,72,,-14336,0.0,0.0,0.385885,0.327515
2322,baseline_overlay_pass->release->rtl_overlay_pass,5.647056,15.468585,2.816533,23.978134,-0.484375,-0.107830435,12041,True,66,179,-15872,5.803862,15.025631,0.853862,21.729145,-0.484375,-0.107830435,12041,True,66,,-15872,0.0,0.0,0.354705,0.334194
2323,baseline_overlay_pass->release->rtl_overlay_pass,5.638706,14.943367,2.878234,23.507297,-0.484375,-0.101257174,12005,True,66,179,-15872,5.615179,14.736187,0.872782,21.311319,-0.484375,-0.101257174,12005,True,66,,-15872,0.0,0.0,0.372816,0.328345
2324,baseline_overlay_pass->release->rtl_overlay_pass,5.701667,15.12721,2.822423,23.69837,-0.4921875,-0.10190912,12068,True,65,179,-16128,5.600599,14.514264,0.980494,21.145077,-0.4921875,-0.10190912,12068,True,65,,-16128,0.0,0.0,0.429646,0.359265
2325,baseline_overlay_pass->release->rtl_overlay_pass,5.621815,14.851245,2.856673,23.378055,-0.5234375,-0.112951148,12037,True,61,179,-17152,5.6999,14.405852,0.911612,21.066555,-0.5234375,-0.112951148,12037,True,61,,-17152,0.0,0.0,0.409026,0.326425
2326,baseline_overlay_pass->release->rtl_overlay_pass,5.611025,14.708893,2.837793,23.205933,-0.5234375,-0.107992959,12035,True,61,179,-17152,5.595928,14.433132,0.881522,20.954164,-0.5234375,-0.107992959,12035,True,61,,-17152,0.0,0.0,0.369565,0.335205
2327,baseline_overlay_pass->release->rtl_overlay_pass,5.594695,14.974848,2.894394,23.511127,-0.5234375,-0.106009684,12076,True,61,179,-17152,6.182706,14.428982,0.888073,21.544973,-0.5234375,-0.106009684,12076,True,61,,-17152,0.0,0.0,0.379405,0.335495
2328,baseline_overlay_pass->release->rtl_overlay_pass,5.587435,14.684283,2.904314,23.224203,-0.53125,-0.108497623,12073,True,60,179,-17408,5.843182,14.668596,0.893913,21.450902,-0.53125,-0.108497623,12073,True,60,,-17408,0.0,0.0,0.385096,0.333335
2329,baseline_overlay_pass->release->rtl_overlay_pass,5.600025,14.733614,2.946255,23.328234,-0.53125,-0.107149049,12073,True,60,179,-17408,5.658379,15.280684,0.876223,21.861357,-0.53125,-0.107149049,12073,True,60,,-17408,0.0,0.0,0.341484,0.369165
2330,baseline_overlay_pass->release->rtl_overlay_pass,5.562365,14.666913,3.127438,23.407506,-0.53125,-0.10660962,12083,True,60,179,-17408,5.739951,15.155143,0.860122,21.799296,-0.53125,-0.10660962,12083,True,60,,-17408,0.0,0.0,0.359225,0.331584
2331,baseline_overlay_pass->release->rtl_overlay_pass,5.597596,14.650082,3.213569,23.512568,-0.5703125,-0.122800098,11792,True,55,179,-18688,5.670769,14.755347,0.899363,21.37101,-0.5703125,-0.122800098,11792,True,55,,-18688,0.0,0.0,0.355445,0.332215
2332,baseline_overlay_pass->release->rtl_overlay_pass,5.587445,14.354078,3.402391,23.396375,-0.5703125,-0.117557539,11781,True,55,179,-18688,5.589859,14.713107,0.955953,21.307069,-0.5703125,-0.117557539,11781,True,55,,-18688,0.0,0.0,0.413506,0.357965
2333,baseline_overlay_pass->release->rtl_overlay_pass,5.604125,14.501531,3.30488,23.462626,-0.5703125,-0.115460516,11790,True,55,179,-18688,5.611869,14.621405,0.984564,21.265028,-0.5703125,-0.115460516,11790,True,55,,-18688,0.0,0.0,0.449346,0.339324
2334,baseline_overlay_pass->release->rtl_overlay_pass,5.617385,14.49751,3.196129,23.369055,-0.59375,-0.124465456,11705,True,52,179,-19456,5.633629,14.726067,0.975554,21.379881,-0.59375,-0.124465456,11705,True,52,,-19456,0.0,0.0,0.432716,0.337265
2335,baseline_overlay_pass->release->rtl_overlay_pass,5.593955,14.307727,2.969535,22.923399,-0.59375,-0.121036183,11708,True,52,179,-19456,5.630629,14.354662,0.888572,20.921014,-0.59375,-0.121036183,11708,True,52,,-19456,0.0,0.0,0.375545,0.336825
2336,baseline_overlay_pass->release->rtl_overlay_pass,5.636246,14.349359,2.883924,22.918979,-0.59375,-0.119664473,11694,True,52,179,-19456,5.613098,14.566594,0.912672,21.138766,-0.59375,-0.119664473,11694,True,52,,-19456,0.0,0.0,0.404375,0.333365
2337,baseline_overlay_pass->release->rtl_overlay_pass,5.655356,14.541691,2.889094,23.133602,-0.59375,-0.119115789,11726,True,52,179,-19456,5.64818,14.339551,0.881022,20.912814,-0.59375,-0.119115789,11726,True,52,,-19456,0.0,0.0,0.376535,0.327674
2338,baseline_overlay_pass->release->rtl_overlay_pass,5.635816,14.331808,2.895234,22.908918,-0.59375,-0.118896316,11724,True,52,179,-19456,5.789852,14.433013,0.912293,21.178148,-0.59375,-0.118896316,11724,True,52,,-19456,0.0,0.0,0.373345,0.331355
2339,baseline_overlay_pass->release->rtl_overlay_pass,5.671276,14.432549,2.911894,23.061881,-0.59375,-0.118808526,11712,True,52,179,-19456,6.006264,14.549225,0.900102,21.502762,-0.59375,-0.118808526,11712,True,52,,-19456,0.0,0.0,0.384265,0.339245
2340,baseline_overlay_pass->release->rtl_overlay_pass,5.816419,14.411239,2.878264,23.152342,-0.6015625,-0.122054661,11828,True,51,179,-19712,5.605539,15.236534,0.848052,21.734745,-0.6015625,-0.122054661,11828,True,51,,-19712,0.0,0.0,0.359735,0.324334
2341,baseline_overlay_pass->release->rtl_overlay_pass,5.805528,14.808595,2.854993,23.514348,-0.6015625,-0.121009364,11816,True,51,179,-19712,5.619729,15.048742,0.859532,21.574303,-0.6015625,-0.121009364,11816,True,51,,-19712,0.0,0.0,0.357425,0.335604
2342,baseline_overlay_pass->release->rtl_overlay_pass,5.800128,14.49269,2.875423,23.218222,-0.6015625,-0.120591246,11831,True,51,179,-19712,5.67871,14.766237,0.943953,21.435151,-0.6015625,-0.120591246,11831,True,51,,-19712,0.0,0.0,0.449816,0.325504
2343,baseline_overlay_pass->release->rtl_overlay_pass,5.8985,14.771785,2.946015,23.66455,-0.6015625,-0.120423998,11811,True,51,179,-19712,5.653089,14.606085,0.987914,21.299879,-0.6015625,-0.120423998,11811,True,51,,-19712,0.0,0.0,0.441246,0.343025
2344,baseline_overlay_pass->release->rtl_overlay_pass,5.628285,14.961747,2.831763,23.471106,-0.6015625,-0.120357099,11812,True,51,179,-19712,5.66706,14.476433,0.898903,21.090716,-0.6015625,-0.120357099,11812,True,51,,-19712,0.0,0.0,0.388815,0.335174
2345,baseline_overlay_pass->release->rtl_overlay_pass,5.613696,14.910626,2.843743,23.413866,-0.6015625,-0.12033034,11808,True,51,179,-19712,5.579918,14.575765,0.887783,21.091266,-0.6015625,-0.12033034,11808,True,51,,-19712,0.0,0.0,0.379976,0.333905
2346,baseline_overlay_pass->release->rtl_overlay_pass,5.608965,15.189121,2.865383,23.710341,-0.6015625,-0.120319636,11869,True,51,179,-19712,5.766291,14.393163,0.895092,21.098676,-0.6015625,-0.120319636,11869,True,51,,-19712,0.0,0.0,0.385815,0.333975
2347,baseline_overlay_pass->release->rtl_overlay_pass,5.696806,14.732063,2.886574,23.362644,-0.6015625,-0.120315354,11872,True,51,179,-19712,6.099985,14.312621,1.074615,21.529822,-0.6015625,-0.120315354,11872,True,51,,-19712,0.0,0.0,0.543378,0.336735
2348,baseline_overlay_pass->release->rtl_overlay_pass,5.991861,14.729034,2.884914,23.654129,-0.6015625,-0.120313642,11862,True,51,179,-19712,5.821512,15.126522,0.827262,21.821286,-0.6015625,-0.120313642,11862,True,51,,-19712,0.0,0.0,0.334664,0.326524
2349,baseline_overlay_pass->release->rtl_overlay_pass,5.620145,14.835435,3.087907,23.590948,-0.609375,-0.123594207,11857,True,50,179,-19968,5.793262,15.191673,0.845742,21.880357,-0.609375,-0.123594207,11857,True,50,,-19968,0.0,0.0,0.351064,0.327895
2350,baseline_overlay_pass->release->rtl_overlay_pass,5.601685,14.644463,2.904284,23.196582,-0.609375,-0.122562683,11858,True,50,179,-19968,5.588089,14.95255,0.854152,21.438851,-0.609375,-0.122562683,11858,True,50,,-19968,0.0,0.0,0.350655,0.335315
2351,baseline_overlay_pass->release->rtl_overlay_pass,5.599855,14.830975,2.871163,23.348244,-0.609375,-0.122150073,11854,True,50,179,-19968,5.639319,14.993111,0.926583,21.604783,-0.609375,-0.122150073,11854,True,50,,-19968,0.0,0.0,0.395806,0.348385
2352,baseline_overlay_pass->release->rtl_overlay_pass,5.597265,14.775874,2.892434,23.309184,-0.609375,-0.121985029,11855,True,50,179,-19968,5.666299,14.839379,1.042755,21.601784,-0.609375,-0.121985029,11855,True,50,,-19968,0.0,0.0,0.521198,0.334025
2353,baseline_overlay_pass->release->rtl_overlay_pass,5.634476,14.804035,2.890384,23.374235,-0.609375,-0.121919012,11853,True,50,179,-19968,5.619679,14.478113,0.886013,21.033265,-0.609375,-0.121919012,11853,True,50,,-19968,0.0,0.0,0.379475,0.332695
2354,baseline_overlay_pass->release->rtl_overlay_pass,5.598185,14.734103,2.888653,23.268594,-0.609375,-0.121892605,11860,True,50,179,-19968,5.598398,14.362651,0.884802,20.890243,-0.609375,-0.121892605,11860,True,50,,-19968,0.0,0.0,0.372625,0.339985
2355,baseline_overlay_pass->release->rtl_overlay_pass,5.663596,14.874176,2.878964,23.464346,-0.609375,-0.121882042,11724,True,50,179,-19968,5.798401,14.477363,0.910462,21.234318,-0.609375,-0.121882042,11724,True,50,,-19968,0.0,0.0,0.399685,0.332055
2356,baseline_overlay_pass->release->rtl_overlay_pass,5.639446,14.767995,2.837363,23.293574,-0.609375,-0.121877817,11728,True,50,179,-19968,6.062145,14.532234,0.870742,21.511522,-0.609375,-0.121877817,11728,True,50,,-19968,0.0,0.0,0.364605,0.334745
2357,baseline_overlay_pass->release->rtl_overlay_pass,5.569245,14.850266,2.831593,23.299754,-0.609375,-0.121876127,11721,True,50,179,-19968,5.662899,15.194514,0.830151,21.731894,-0.609375,-0.121876127,11721,True,50,,-19968,0.0,0.0,0.339345,0.328075
2358,baseline_overlay_pass->release->rtl_overlay_pass,5.615445,14.832046,2.842383,23.339324,-0.609375,-0.121875451,11776,True,50,179,-19968,5.67009,14.734517,0.854342,21.303449,-0.609375,-0.121875451,11776,True,50,,-19968,0.0,0.0,0.364116,0.322095
2359,baseline_overlay_pass->release->rtl_overlay_pass,5.610925,14.851886,2.928364,23.439535,-0.609375,-0.12187518,11774,True,50,179,-19968,5.731571,14.737757,0.874452,21.38663,-0.609375,-0.12187518,11774,True,50,,-19968,0.0,0.0,0.358325,0.346435
2360,baseline_overlay_pass->release->rtl_overlay_pass,5.611805,14.891926,3.077707,23.629569,-0.609375,-0.121875072,11775,True,50,179,-19968,5.644949,14.692946,0.997644,21.38221,-0.609375,-0.121875072,11775,True,50,,-19968,0.0,0.0,0.461356,0.345305
2361,baseline_overlay_pass->release->rtl_overlay_pass,5.743957,14.631152,3.048946,23.476987,-0.609375,-0.121875029,11707,True,50,179,-19968,5.72487,14.385672,0.900772,21.061025,-0.609375,-0.121875029,11707,True,50,,-19968,0.0,0.0,0.373505,0.334255
2362,baseline_overlay_pass->release->rtl_overlay_pass,5.602255,14.840785,3.011445,23.505117,-0.609375,-0.121875012,11721,True,50,179,-19968,5.569238,14.630736,0.898393,21.145457,-0.609375,-0.121875012,11721,True,50,,-19968,0.0,0.0,0.384976,0.336095
2363,baseline_overlay_pass->release->rtl_overlay_pass,5.641115,14.670343,3.114107,23.476186,-0.609375,-0.121875005,11726,True,50,179,-19968,5.69283,14.403122,0.898322,21.039606,-0.609375,-0.121875005,11726,True,50,,-19968,0.0,0.0,0.387405,0.333785
2364,baseline_overlay_pass->release->rtl_overlay_pass,5.594425,14.675293,3.213389,23.536227,-0.609375,-0.121875002,11752,True,50,179,-19968,6.030694,14.413502,0.880233,21.37017,-0.609375,-0.121875002,11752,True,50,,-19968,0.0,0.0,0.373446,0.333435
2365,baseline_overlay_pass->release->rtl_overlay_pass,5.652066,14.46842,3.371581,23.541897,-0.609375,-0.121875001,11759,True,50,179,-19968,6.109086,15.023191,0.884192,22.06259,-0.609375,-0.121875001,11759,True,50,,-19968,0.0,0.0,0.383705,0.328464
2366,baseline_overlay_pass->release->rtl_overlay_pass,5.645816,14.410149,3.32525,23.436056,-0.609375,-0.121875,11753,True,50,179,-19968,5.71672,15.233634,0.835362,21.829816,-0.609375,-0.121875,11753,True,50,,-19968,0.0,0.0,0.341544,0.331134
2367,baseline_overlay_pass->release->rtl_overlay_pass,5.697097,14.311608,2.871743,22.930128,-0.609375,-0.121875,11711,True,50,179,-19968,5.642049,14.748297,0.851722,21.286329,-0.609375,-0.121875,11711,True,50,,-19968,0.0,0.0,0.354935,0.330525
2368,baseline_overlay_pass->release->rtl_overlay_pass,5.699997,14.378668,2.887593,23.016639,-0.609375,-0.121875,11702,True,50,179,-19968,5.613049,14.784878,0.870952,21.313119,-0.609375,-0.121875,11702,True,50,,-19968,0.0,0.0,0.360225,0.341544
2369,baseline_overlay_pass->release->rtl_overlay_pass,5.570224,14.401818,2.889133,22.906818,-0.609375,-0.121875,11707,True,50,179,-19968,5.623619,14.524504,0.969884,21.169347,-0.609375,-0.121875,11707,True,50,,-19968,0.0,0.0,0.428076,0.352575
2370,baseline_overlay_pass->release->rtl_overlay_pass,5.612396,14.337868,2.910474,22.907848,-0.6171875,-0.12515625,11647,True,49,179,-20224,5.607609,14.364862,0.886382,20.905133,-0.6171875,-0.12515625,11647,True,49,,-20224,0.0,0.0,0.376175,0.333575
2371,baseline_overlay_pass->release->rtl_overlay_pass,5.623375,14.46126,2.882524,23.04841,-0.6171875,-0.124125,11651,True,49,179,-20224,5.564538,14.473163,0.894602,20.977604,-0.6171875,-0.124125,11651,True,49,,-20224,0.0,0.0,0.384845,0.333895
2372,baseline_overlay_pass->release->rtl_overlay_pass,5.533594,14.444709,2.832633,22.857057,-0.6171875,-0.1237125,11649,True,49,179,-20224,5.69258,14.428742,0.884903,21.050576,-0.6171875,-0.1237125,11649,True,49,,-20224,0.0,0.0,0.376176,0.329965
2373,baseline_overlay_pass->release->rtl_overlay_pass,5.857489,14.389659,2.822453,23.117121,-0.6171875,-0.1235475,11482,True,49,179,-20224,6.136076,14.604615,0.891062,21.677924,-0.6171875,-0.1235475,11482,True,49,,-20224,0.0,0.0,0.382115,0.334054
2374,baseline_overlay_pass->release->rtl_overlay_pass,5.837459,14.675763,2.811563,23.374535,-0.6171875,-0.1234815,11483,True,49,179,-20224,5.646299,15.332745,0.820521,21.843256,-0.6171875,-0.1234815,11483,True,49,,-20224,0.0,0.0,0.331934,0.326744
2375,baseline_overlay_pass->release->rtl_overlay_pass,5.815398,15.024728,2.854553,23.749091,-0.6171875,-0.1234551,11487,True,49,179,-20224,5.619559,15.466387,0.855202,21.986648,-0.6171875,-0.1234551,11487,True,49,,-20224,0.0,0.0,0.350405,0.337434
2376,baseline_overlay_pass->release->rtl_overlay_pass,8.006752,14.4911,2.818533,25.361455,-0.6171875,-0.12344454,11441,True,49,179,-20224,5.609919,14.96429,0.856272,21.476282,-0.6171875,-0.12344454,11441,True,49,,-20224,0.0,0.0,0.358285,0.330685
2377,baseline_overlay_pass->release->rtl_overlay_pass,5.850989,14.361928,2.881033,23.138101,-0.6171875,-0.123440316,11462,True,49,179,-20224,5.582758,14.707566,0.879143,21.215968,-0.6171875,-0.123440316,11462,True,49,,-20224,0.0,0.0,0.364776,0.342765
2378,baseline_overlay_pass->release->rtl_overlay_pass,5.811638,14.49031,2.867524,23.217452,-0.6171875,-0.123438626,11442,True,49,179,-20224,5.714581,14.499123,1.148846,21.412451,-0.6171875,-0.123438626,11442,True,49,,-20224,0.0,0.0,0.615208,0.336075
2379,baseline_overlay_pass->release->rtl_overlay_pass,5.864919,14.604702,2.891084,23.408945,-0.6171875,-0.123437951,11524,True,49,179,-20224,5.72514,14.443602,0.890042,21.108226,-0.6171875,-0.123437951,11524,True,49,,-20224,0.0,0.0,0.377795,0.337694
2380,baseline_overlay_pass->release->rtl_overlay_pass,7.356322,14.550351,2.816343,24.772706,-0.6171875,-0.12343768,11473,True,49,179,-20224,5.69873,14.453973,0.914743,21.111536,-0.6171875,-0.12343768,11473,True,49,,-20224,0.0,0.0,0.404376,0.332565
2381,baseline_overlay_pass->release->rtl_overlay_pass,6.099973,15.040178,2.869614,24.057915,-0.6171875,-0.123437572,11479,True,49,179,-20224,5.624919,14.583924,0.890252,21.141456,-0.6171875,-0.123437572,11479,True,49,,-20224,0.0,0.0,0.378805,0.336784
2382,baseline_overlay_pass->release->rtl_overlay_pass,6.067072,14.890126,2.828252,23.833112,-0.625,-0.126718779,11530,True,48,179,-20480,6.060115,14.402882,0.912933,21.420921,-0.625,-0.126718779,11530,True,48,,-20480,0.0,0.0,0.404976,0.332215
2383,baseline_overlay_pass->release->rtl_overlay_pass,6.136853,14.453379,2.970536,23.604769,-0.625,-0.125687512,11529,True,48,179,-20480,5.892913,14.92297,0.832602,21.696195,-0.625,-0.125687512,11529,True,48,,-20480,0.0,0.0,0.340105,0.327535
2384,baseline_overlay_pass->release->rtl_overlay_pass,5.982611,14.953797,2.875354,23.861622,-0.625,-0.125275005,11531,True,48,179,-20480,5.66142,15.177623,0.853692,21.740855,-0.625,-0.125275005,11531,True,48,,-20480,0.0,0.0,0.358765,0.329305
2385,baseline_overlay_pass->release->rtl_overlay_pass,5.784037,14.986497,2.855514,23.677609,-0.625,-0.125110002,11529,True,48,179,-20480,5.64499,14.735007,0.857852,21.282609,-0.625,-0.125110002,11529,True,48,,-20480,0.0,0.0,0.353465,0.335185
2386,baseline_overlay_pass->release->rtl_overlay_pass,5.683126,14.856145,2.814683,23.401605,-0.625,-0.125044001,11532,True,48,179,-20480,5.680789,14.791817,0.965604,21.486122,-0.625,-0.125044001,11532,True,48,,-20480,0.0,0.0,0.440077,0.342155
2387,baseline_overlay_pass->release->rtl_overlay_pass,5.678246,14.948477,2.882364,23.557198,-0.625,-0.1250176,11536,True,48,179,-20480,5.569608,14.600775,1.103905,21.323219,-0.625,-0.1250176,11536,True,48,,-20480,0.0,0.0,0.546118,0.359545
2388,baseline_overlay_pass->release->rtl_overlay_pass,5.603115,15.652937,3.171108,24.475842,-0.625,-0.12500704,11601,True,48,179,-20480,5.67869,14.376182,0.889033,20.989945,-0.625,-0.12500704,11601,True,48,,-20480,0.0,0.0,0.376296,0.337995
2389,baseline_overlay_pass->release->rtl_overlay_pass,5.640175,16.450269,2.816173,24.950678,-0.625,-0.125002816,11610,True,48,179,-20480,5.554338,16.636473,0.998924,23.235085,-0.625,-0.125002816,11610,True,48,,-20480,0.0,0.0,0.417115,0.333695
2390,baseline_overlay_pass->release->rtl_overlay_pass,5.765747,14.888136,2.844193,23.545727,-0.625,-0.125001126,11613,True,48,179,-20480,5.795701,14.842398,0.911603,21.593582,-0.625,-0.125001126,11613,True,48,,-20480,0.0,0.0,0.387995,0.342344
2391,baseline_overlay_pass->release->rtl_overlay_pass,5.621855,15.091279,2.855103,23.615588,-0.6328125,-0.128281701,11546,True,47,179,-20736,6.44749,15.090201,0.871222,22.457125,-0.6328125,-0.128281701,11546,True,47,,-20736,0.0,0.0,0.363005,0.334585
2392,baseline_overlay_pass->release->rtl_overlay_pass,5.700746,14.882076,2.831493,23.461966,-0.6328125,-0.12725018,11538,True,47,179,-20736,5.902023,14.864959,0.856512,21.674364,-0.6328125,-0.12725018,11538,True,47,,-20736,0.0,0.0,0.353025,0.333034
2393,baseline_overlay_pass->release->rtl_overlay_pass,5.702526,14.677123,2.883154,23.309893,-0.6328125,-0.126837572,11539,True,47,179,-20736,5.557538,15.282004,0.852512,21.736154,-0.6328125,-0.126837572,11539,True,47,,-20736,0.0,0.0,0.347674,0.338425
2394,baseline_overlay_pass->release->rtl_overlay_pass,5.721167,14.810165,2.870674,23.449256,-0.6328125,-0.126672529,11605,True,47,179,-20736,5.66473,14.786567,0.880112,21.37597,-0.6328125,-0.126672529,11605,True,47,,-20736,0.0,0.0,0.359915,0.350515
2395,baseline_overlay_pass->release->rtl_overlay_pass,5.773108,14.725584,2.865633,23.412005,-0.6328125,-0.126606512,11601,True,47,179,-20736,5.596898,14.9777,0.856992,21.477381,-0.6328125,-0.126606512,11601,True,47,,-20736,0.0,0.0,0.354755,0.335365
2396,baseline_overlay_pass->release->rtl_overlay_pass,5.660426,15.297972,2.905204,23.912293,-0.6328125,-0.126580105,11604,True,47,179,-20736,5.65653,14.575264,2.220722,22.504816,-0.6328125,-0.126580105,11604,True,47,,-20736,0.0,0.0,0.466046,0.341645
2397,baseline_overlay_pass->release->rtl_overlay_pass,5.724327,15.790269,2.841053,24.40335,-0.6328125,-0.126569542,11628,True,47,179,-20736,5.902952,14.697816,0.896402,21.544593,-0.6328125,-0.126569542,11628,True,47,,-20736,0.0,0.0,0.384795,0.337675
2398,baseline_overlay_pass->release->rtl_overlay_pass,5.649005,15.975652,2.888564,24.560982,-0.6328125,-0.126565317,11622,True,47,179,-20736,5.919683,14.423163,0.920393,21.310269,-0.6328125,-0.126565317,11622,True,47,,-20736,0.0,0.0,0.375175,0.340605
2399,baseline_overlay_pass->release->rtl_overlay_pass,5.634795,16.300217,2.886894,24.868447,-0.6328125,-0.126563627,11624,True,47,179,-20736,5.665339,14.660585,0.867782,21.238548,-0.6328125,-0.126563627,11624,True,47,,-20736,0.0,0.0,0.361395,0.333495
2400,baseline_overlay_pass->release->rtl_overlay_pass,5.621955,15.380114,3.021366,24.074475,-0.625,-0.123281701,11647,True,48,179,-20480,6.037634,14.743637,0.981154,21.812036,-0.625,-0.123281701,11647,True,48,,-20480,0.0,0.0,0.475197,0.329285
2401,baseline_overlay_pass->release->rtl_overlay_pass,5.628096,14.933097,3.013046,23.625109,-0.625,-0.12431268,11654,True,48,179,-20480,6.034704,14.639115,0.882382,21.600593,-0.625,-0.12431268,11654,True,48,,-20480,0.0,0.0,0.373935,0.335875
2402,baseline_overlay_pass->release->rtl_overlay_pass,5.599395,14.436979,3.169668,23.258523,-0.625,-0.124725072,11654,True,48,179,-20480,5.66117,15.028181,0.827362,21.560583,-0.625,-0.124725072,11654,True,48,,-20480,0.0,0.0,0.337725,0.325675
2403,baseline_overlay_pass->release->rtl_overlay_pass,5.644516,14.50509,3.244709,23.447676,-0.625,-0.124890029,11666,True,48,179,-20480,5.569558,14.866379,0.851862,21.331419,-0.625,-0.124890029,11666,True,48,,-20480,0.0,0.0,0.353055,0.331154
2404,baseline_overlay_pass->release->rtl_overlay_pass,5.624826,14.377388,2.833313,22.886148,-0.625,-0.124956012,11670,True,48,179,-20480,5.68817,14.815798,0.866953,21.415471,-0.625,-0.124956012,11670,True,48,,-20480,0.0,0.0,0.363265,0.328955
2405,baseline_overlay_pass->release->rtl_overlay_pass,5.621256,14.316437,2.844303,22.827587,-0.625,-0.124982405,11681,True,48,179,-20480,5.629549,14.690346,0.964764,21.333749,-0.625,-0.124982405,11681,True,48,,-20480,0.0,0.0,0.413115,0.362845
2406,baseline_overlay_pass->release->rtl_overlay_pass,5.640936,14.51297,2.831203,23.03211,-0.625,-0.124992962,11622,True,48,179,-20480,5.592348,14.745887,0.902513,21.287419,-0.625,-0.124992962,11622,True,48,,-20480,0.0,0.0,0.382716,0.331495
2407,baseline_overlay_pass->release->rtl_overlay_pass,5.562975,14.378528,2.833003,22.818736,-0.625,-0.124997185,11632,True,48,179,-20480,5.631789,14.389941,0.891412,20.959474,-0.625,-0.124997185,11632,True,48,,-20480,0.0,0.0,0.378825,0.339024
2408,baseline_overlay_pass->release->rtl_overlay_pass,5.735267,14.414849,2.850903,23.050779,-0.625,-0.124998874,11625,True,48,179,-20480,5.583508,14.857929,0.898932,21.382089,-0.625,-0.124998874,11625,True,48,,-20480,0.0,0.0,0.394166,0.330785
2409,baseline_overlay_pass->release->rtl_overlay_pass,5.839139,14.51563,2.828383,23.231112,-0.625,-0.12499955,11652,True,48,179,-20480,5.782941,14.341691,0.892573,21.063085,-0.625,-0.12499955,11652,True,48,,-20480,0.0,0.0,0.380735,0.338285
2410,baseline_overlay_pass->release->rtl_overlay_pass,5.966621,14.399958,2.836233,23.249013,-0.625,-0.12499982,11646,True,48,179,-20480,5.808412,14.702836,0.866812,21.424301,-0.625,-0.12499982,11646,True,48,,-20480,0.0,0.0,0.358685,0.333295
2411,baseline_overlay_pass->release->rtl_overlay_pass,5.805668,14.801975,2.794123,23.486846,-0.625,-0.124999928,11653,True,48,179,-20480,5.622579,15.092392,0.835322,21.595253,-0.625,-0.124999928,11653,True,48,,-20480,0.0,0.0,0.338335,0.331334
2412,baseline_overlay_pass->release->rtl_overlay_pass,5.685226,14.991827,2.780822,23.511627,-0.625,-0.124999971,11655,True,48,179,-20480,5.671319,15.00732,0.868032,21.593932,-0.625,-0.124999971,11655,True,48,,-20480,0.0,0.0,0.367525,0.330495
2413,baseline_overlay_pass->release->rtl_overlay_pass,5.627355,15.314252,2.819353,23.807601,-0.625,-0.124999988,11654,True,48,179,-20480,5.883913,14.809428,0.853082,21.591653,-0.625,-0.124999988,11654,True,48,,-20480,0.0,0.0,0.354695,0.329244
2414,baseline_overlay_pass->release->rtl_overlay_pass,5.598225,15.857811,2.864013,24.363109,-0.625,-0.124999995,11654,True,48,179,-20480,5.622989,15.106562,0.864732,21.640183,-0.625,-0.124999995,11654,True,48,,-20480,0.0,0.0,0.355185,0.338294
2415,baseline_overlay_pass->release->rtl_overlay_pass,6.010441,15.033998,2.855073,23.952483,-0.625,-0.124999998,11696,True,48,179,-20480,5.598559,14.683086,1.041565,21.37428,-0.625,-0.124999998,11696,True,48,,-20480,0.0,0.0,0.506977,0.335255
2416,baseline_overlay_pass->release->rtl_overlay_pass,5.872829,15.034858,2.860053,23.929553,-0.625,-0.124999999,11692,True,48,179,-20480,5.609709,14.396002,0.888053,20.942064,-0.625,-0.124999999,11692,True,48,,-20480,0.0,0.0,0.374196,0.338305
2417,baseline_overlay_pass->release->rtl_overlay_pass,5.706816,15.292112,2.851063,23.899592,-0.625,-0.125,11687,True,48,179,-20480,5.630879,14.463083,0.891213,21.034885,-0.625,-0.125,11687,True,48,,-20480,0.0,0.0,0.378395,0.338975
2418,baseline_overlay_pass->release->rtl_overlay_pass,5.691206,14.944666,2.853404,23.534647,-0.625,-0.125,11678,True,48,179,-20480,5.635489,14.497554,0.881372,21.062035,-0.625,-0.125,11678,True,48,,-20480,0.0,0.0,0.372935,0.333134
2419,baseline_overlay_pass->release->rtl_overlay_pass,5.740877,14.932476,2.871543,23.590677,-0.625,-0.125,11675,True,48,179,-20480,5.65968,14.483903,0.882193,21.068376,-0.625,-0.125,11675,True,48,,-20480,0.0,0.0,0.374516,0.333545
2420,baseline_overlay_pass->release->rtl_overlay_pass,5.599485,14.766263,2.873213,23.284783,-0.625,-0.125,11679,True,48,179,-20480,6.991628,14.344101,0.909053,22.290703,-0.625,-0.125,11679,True,48,,-20480,0.0,0.0,0.399336,0.333184
2421,baseline_overlay_pass->release->rtl_overlay_pass,5.661595,14.703113,2.877303,23.289923,-0.6328125,-0.12828125,11650,True,47,179,-20736,5.846762,14.442222,0.892543,21.228308,-0.6328125,-0.12828125,11650,True,47,,-20736,0.0,0.0,0.379255,0.335455
2422,baseline_overlay_pass->release->rtl_overlay_pass,5.646256,14.964037,2.898804,23.557637,-0.6328125,-0.12725,11639,True,47,179,-20736,6.035735,14.657435,0.893212,21.631143,-0.6328125,-0.12725,11639,True,47,,-20736,0.0,0.0,0.378595,0.338074
2423,baseline_overlay_pass->release->rtl_overlay_pass,5.675526,14.636962,2.908364,23.268043,-0.6328125,-0.1268375,11645,True,47,179,-20736,5.885193,14.570224,0.893402,21.39645,-0.6328125,-0.1268375,11645,True,47,,-20736,0.0,0.0,0.379435,0.336994
2424,baseline_overlay_pass->release->rtl_overlay_pass,5.642816,14.820605,2.932544,23.444095,-0.6328125,-0.1266725,11641,True,47,179,-20736,5.68151,15.309815,0.829211,21.867437,-0.6328125,-0.1266725,11641,True,47,,-20736,0.0,0.0,0.337525,0.326745
2425,baseline_overlay_pass->release->rtl_overlay_pass,5.624455,15.691068,2.959275,24.361159,-0.6328125,-0.1266065,11642,True,47,179,-20736,5.71215,15.111301,0.851162,21.719085,-0.6328125,-0.1266065,11642,True,47,,-20736,0.0,0.0,0.349985,0.333345
2426,baseline_overlay_pass->release->rtl_overlay_pass,5.725117,14.834575,4.904904,25.516347,-0.640625,-0.12986135,11643,True,46,179,-20992,5.652309,14.735137,0.852622,21.283528,-0.640625,-0.12986135,11643,True,46,,-20992,0.0,0.0,0.352225,0.329844
2427,baseline_overlay_pass->release->rtl_overlay_pass,5.610355,14.576081,3.074447,23.314273,-0.640625,-0.12881954,11540,True,46,179,-20992,5.661969,14.870038,0.873002,21.449611,-0.640625,-0.12881954,11540,True,46,,-20992,0.0,0.0,0.360415,0.341375
2428,baseline_overlay_pass->release->rtl_overlay_pass,5.639186,14.775224,3.090097,23.555517,-0.640625,-0.128402816,11526,True,46,179,-20992,5.6671,15.623899,0.916943,22.253902,-0.640625,-0.128402816,11526,True,46,,-20992,0.0,0.0,0.401466,0.335464
2429,baseline_overlay_pass->release->rtl_overlay_pass,5.574074,14.485519,3.160308,23.273272,-0.640625,-0.128236126,11525,True,46,179,-20992,5.659349,14.398912,1.122906,21.229627,-0.640625,-0.128236126,11525,True,46,,-20992,0.0,0.0,0.382815,0.472227
2430,baseline_overlay_pass->release->rtl_overlay_pass,5.631006,14.394348,3.009916,23.08835,-0.6328125,-0.124888201,11407,True,47,179,-20736,5.576258,14.379962,0.885802,20.889062,-0.6328125,-0.124888201,11407,True,47,,-20736,0.0,0.0,0.373545,0.338265
2431,baseline_overlay_pass->release->rtl_overlay_pass,5.608375,14.394158,3.117387,23.173161,-0.6328125,-0.12589278,11427,True,47,179,-20736,5.631839,14.435432,0.896883,21.008085,-0.6328125,-0.12589278,11427,True,47,,-20736,0.0,0.0,0.386296,0.332905
2432,baseline_overlay_pass->release->rtl_overlay_pass,5.612725,14.361908,2.955785,22.982629,-0.6328125,-0.126294612,11431,True,47,179,-20736,5.611009,14.476343,0.889342,21.018634,-0.6328125,-0.126294612,11431,True,47,,-20736,0.0,0.0,0.381485,0.334765
2433,baseline_overlay_pass->release->rtl_overlay_pass,5.631306,14.372538,2.903014,22.951178,-0.6328125,-0.126455345,11426,True,47,179,-20736,5.69491,14.507693,0.889172,21.134916,-0.6328125,-0.126455345,11426,True,47,,-20736,0.0,0.0,0.378025,0.336634
2434,baseline_overlay_pass->release->rtl_overlay_pass,5.585504,14.398739,2.899214,22.932608,-0.6328125,-0.126519638,11447,True,47,179,-20736,5.793021,14.416322,0.896312,21.149836,-0.6328125,-0.126519638,11447,True,47,,-20736,0.0,0.0,0.385955,0.335215
2435,baseline_overlay_pass->release->rtl_overlay_pass,5.656685,14.356227,2.882773,22.940047,-0.6328125,-0.126545355,11417,True,47,179,-20736,5.971754,14.341121,0.893883,21.252738,-0.6328125,-0.126545355,11417,True,47,,-20736,0.0,0.0,0.375515,0.338955
2436,baseline_overlay_pass->release->rtl_overlay_pass,5.584565,14.398109,2.840013,22.870327,-0.625,-0.123274392,11468,True,48,179,-20480,5.807091,14.602115,0.888313,21.342599,-0.625,-0.123274392,11468,True,48,,-20480,0.0,0.0,0.376316,0.336705
2437,baseline_overlay_pass->release->rtl_overlay_pass,5.562955,14.458779,2.897474,22.966118,-0.625,-0.124309757,11460,True,48,179,-20480,5.867002,14.614405,0.893013,21.42093,-0.625,-0.124309757,11460,True,48,,-20480,0.0,0.0,0.382705,0.334664
2438,baseline_overlay_pass->release->rtl_overlay_pass,5.654926,14.357177,2.828292,22.886206,-0.625,-0.124723903,11472,True,48,179,-20480,5.70923,14.897858,0.854412,21.507222,-0.625,-0.124723903,11472,True,48,,-20480,0.0,0.0,0.353105,0.328275
2439,baseline_overlay_pass->release->rtl_overlay_pass,5.94519,14.392978,2.831833,23.217771,-0.625,-0.124889561,11643,True,48,179,-20480,5.659169,15.078672,0.829302,21.614473,-0.625,-0.124889561,11643,True,48,,-20480,0.0,0.0,0.336245,0.327965
2440,baseline_overlay_pass->release->rtl_overlay_pass,6.123323,14.349297,2.889514,23.409544,-0.625,-0.124955824,11655,True,48,179,-20480,5.655389,15.224483,0.858432,21.785176,-0.625,-0.124955824,11655,True,48,,-20480,0.0,0.0,0.352765,0.335705
2441,baseline_overlay_pass->release->rtl_overlay_pass,6.077062,14.658622,2.894464,23.677499,-0.625,-0.12498233,11644,True,48,179,-20480,5.744211,14.731887,0.854432,21.37591,-0.625,-0.12498233,11644,True,48,,-20480,0.0,0.0,0.356955,0.330325
2442,baseline_overlay_pass->release->rtl_overlay_pass,5.993071,14.779204,2.847343,23.670559,-0.625,-0.124992932,11636,True,48,179,-20480,5.71025,14.795797,0.895173,21.44721,-0.625,-0.124992932,11636,True,48,,-20480,0.0,0.0,0.377535,0.345005
2443,baseline_overlay_pass->release->rtl_overlay_pass,5.805158,15.468985,2.829953,24.155026,-0.625,-0.124997173,11636,True,48,179,-20480,5.598809,15.037261,1.013124,21.698654,-0.625,-0.124997173,11636,True,48,,-20480,0.0,0.0,0.463426,0.342975
2444,baseline_overlay_pass->release->rtl_overlay_pass,5.672346,15.239621,2.823553,23.78266,-0.625,-0.124998869,11641,True,48,179,-20480,5.625099,14.559904,0.991644,21.226707,-0.625,-0.124998869,11641,True,48,,-20480,0.0,0.0,0.375006,0.434726
2445,baseline_overlay_pass->release->rtl_overlay_pass,5.691416,15.383823,2.784142,23.907223,-0.6328125,-0.128280798,11654,True,47,179,-20736,5.68441,14.448212,0.923263,21.141086,-0.6328125,-0.128280798,11654,True,47,,-20736,0.0,0.0,0.378166,0.363135
2446,baseline_overlay_pass->release->rtl_overlay_pass,5.625015,15.570416,2.980716,24.223627,-0.6328125,-0.127249819,11655,True,47,179,-20736,5.593849,14.372441,1.133466,21.147426,-0.6328125,-0.127249819,11655,True,47,,-20736,0.0,0.0,0.377865,0.579269
2447,baseline_overlay_pass->release->rtl_overlay_pass,5.613135,14.992147,2.890213,23.543067,-0.6328125,-0.126837428,11653,True,47,179,-20736,5.609149,14.352331,0.877563,20.887603,-0.6328125,-0.126837428,11653,True,47,,-20736,0.0,0.0,0.367915,0.336905
2448,baseline_overlay_pass->release->rtl_overlay_pass,5.620405,14.698843,2.876834,23.244472,-0.6328125,-0.126672471,11655,True,47,179,-20736,5.579778,14.510104,0.871732,21.005714,-0.6328125,-0.126672471,11655,True,47,,-20736,0.0,0.0,0.368535,0.330124
2449,baseline_overlay_pass->release->rtl_overlay_pass,5.601615,14.894206,2.872954,23.416855,-0.6328125,-0.126606488,11665,True,47,179,-20736,7.729998,14.413791,0.913113,23.103934,-0.6328125,-0.126606488,11665,True,47,,-20736,0.0,0.0,0.403706,0.332855
2450,baseline_overlay_pass->release->rtl_overlay_pass,5.607745,14.680112,2.836723,23.171681,-0.6328125,-0.126580095,11673,True,47,179,-20736,7.493725,14.369901,0.878993,22.78809,-0.6328125,-0.126580095,11673,True,47,,-20736,0.0,0.0,0.374285,0.332025
2451,baseline_overlay_pass->release->rtl_overlay_pass,5.694196,14.702383,2.905174,23.349943,-0.625,-0.123288288,11748,True,48,179,-20480,6.006624,14.334671,0.893913,21.280898,-0.625,-0.123288288,11748,True,48,,-20480,0.0,0.0,0.381685,0.334405
2452,baseline_overlay_pass->release->rtl_overlay_pass,5.631805,14.916026,2.842603,23.436525,-0.625,-0.124315315,11750,True,48,179,-20480,5.935303,14.393932,0.882942,21.257007,-0.625,-0.124315315,11750,True,48,,-20480,0.0,0.0,0.369045,0.338175
2453,baseline_overlay_pass->release->rtl_overlay_pass,5.611345,14.836295,2.910714,23.408064,-0.625,-0.124726126,11744,True,48,179,-20480,5.899863,14.933419,0.853872,21.734585,-0.625,-0.124726126,11744,True,48,,-20480,0.0,0.0,0.353005,0.331355
2454,baseline_overlay_pass->release->rtl_overlay_pass,5.597094,14.661442,3.088117,23.399554,-0.625,-0.12489045,11726,True,48,179,-20480,6.016384,14.880609,0.865652,21.812315,-0.625,-0.12489045,11726,True,48,,-20480,0.0,0.0,0.359645,0.332694
2455,baseline_overlay_pass->release->rtl_overlay_pass,5.593385,14.594741,3.30489,23.552896,-0.625,-0.12495618,11723,True,48,179,-20480,7.613727,14.795827,0.879722,23.336647,-0.625,-0.12495618,11723,True,48,,-20480,0.0,0.0,0.372415,0.331995
2456,baseline_overlay_pass->release->rtl_overlay_pass,5.638456,14.421018,3.96211,24.076855,-0.625,-0.124982472,11723,True,48,179,-20480,5.70676,15.288144,0.830892,21.878666,-0.625,-0.124982472,11723,True,48,,-20480,0.0,0.0,0.338635,0.324925
2457,baseline_overlay_pass->release->rtl_overlay_pass,5.631706,14.5452,3.155857,23.387844,-0.625,-0.124992989,11714,True,48,179,-20480,5.892182,14.984789,0.832761,21.757514,-0.625,-0.124992989,11714,True,48,,-20480,0.0,0.0,0.340245,0.327275
2458,baseline_overlay_pass->release->rtl_overlay_pass,5.645206,14.52281,3.26131,23.485666,-0.6328125,-0.128278446,11711,True,47,179,-20736,5.697,15.370565,0.854602,21.967007,-0.6328125,-0.128278446,11711,True,47,,-20736,0.0,0.0,0.360725,0.325645
2459,baseline_overlay_pass->release->rtl_overlay_pass,5.636056,14.378848,3.048996,23.11494,-0.625,-0.123967628,11716,True,48,179,-20480,5.662629,14.811417,0.870312,21.389719,-0.625,-0.123967628,11716,True,48,,-20480,0.0,0.0,0.359635,0.342435
2460,baseline_overlay_pass->release->rtl_overlay_pass,5.620335,14.57597,3.159728,23.416125,-0.625,-0.124587051,11789,True,48,179,-20480,5.583038,14.871598,0.853051,21.353959,-0.625,-0.124587051,11789,True,48,,-20480,0.0,0.0,0.352155,0.335335
2461,baseline_overlay_pass->release->rtl_overlay_pass,5.681616,14.287146,3.815558,23.834891,-0.625,-0.124834821,11784,True,48,179,-20480,5.628208,14.952249,0.863302,21.489371,-0.625,-0.124834821,11784,True,48,,-20480,0.0,0.0,0.361905,0.333514
2462,baseline_overlay_pass->release->rtl_overlay_pass,5.609495,14.53044,3.24093,23.433665,-0.625,-0.124933928,11788,True,48,179,-20480,5.626388,14.722516,0.947853,21.341929,-0.625,-0.124933928,11788,True,48,,-20480,0.0,0.0,0.409796,0.346784
2463,baseline_overlay_pass->release->rtl_overlay_pass,5.608525,14.388088,3.155917,23.202392,-0.625,-0.124973571,11798,True,48,179,-20480,5.656909,14.615054,2.549336,22.86931,-0.625,-0.124973571,11798,True,48,,-20480,0.0,0.0,0.466436,1.888886
2464,baseline_overlay_pass->release->rtl_overlay_pass,5.595695,14.56915,3.361311,23.580788,-0.625,-0.124989429,11789,True,48,179,-20480,5.591149,14.414102,0.892022,20.942903,-0.625,-0.124989429,11789,True,48,,-20480,0.0,0.0,0.382755,0.333405
2465,baseline_overlay_pass->release->rtl_overlay_pass,5.764617,14.731823,3.376331,23.927352,-0.625,-0.124995771,11790,True,48,179,-20480,5.68191,14.397252,0.887122,21.014465,-0.625,-0.124995771,11790,True,48,,-20480,0.0,0.0,0.375895,0.335305
2466,baseline_overlay_pass->release->rtl_overlay_pass,5.576325,14.378268,2.954805,22.962278,-0.625,-0.124998309,11922,True,48,179,-20480,5.672869,14.502143,0.894962,21.113115,-0.625,-0.124998309,11922,True,48,,-20480,0.0,0.0,0.386755,0.330365
2467,baseline_overlay_pass->release->rtl_overlay_pass,5.535743,14.336657,2.845313,22.764315,-0.625,-0.124999323,11925,True,48,179,-20480,5.758771,14.459173,0.893332,21.155796,-0.625,-0.124999323,11925,True,48,,-20480,0.0,0.0,0.379845,0.338775
2468,baseline_overlay_pass->release->rtl_overlay_pass,6.186174,14.359918,2.881883,23.474106,-0.625,-0.124999729,11928,True,48,179,-20480,6.116686,14.431862,0.907253,21.498751,-0.625,-0.124999729,11928,True,48,,-20480,0.0,0.0,0.402596,0.328085
2469,baseline_overlay_pass->release->rtl_overlay_pass,5.573964,14.409149,2.842353,22.872266,-0.625,-0.124999892,11957,True,48,179,-20480,5.641359,15.052991,0.831071,21.570762,-0.625,-0.124999892,11957,True,48,,-20480,0.0,0.0,0.334755,0.331885
2470,baseline_overlay_pass->release->rtl_overlay_pass,5.563435,14.426628,2.816083,22.851606,-0.625,-0.124999957,11962,True,48,179,-20480,5.640229,14.99301,0.854042,21.532171,-0.625,-0.124999957,11962,True,48,,-20480,0.0,0.0,0.354025,0.331024
2471,baseline_overlay_pass->release->rtl_overlay_pass,5.603375,14.374818,2.849193,22.874126,-0.625,-0.124999983,11957,True,48,179,-20480,5.722121,15.103091,0.856182,21.726404,-0.625,-0.124999983,11957,True,48,,-20480,0.0,0.0,0.354925,0.334345
2472,baseline_overlay_pass->release->rtl_overlay_pass,5.607795,14.398408,2.902554,22.956637,-0.6171875,-0.121718743,12059,True,49,179,-20224,5.651219,14.645855,1.025824,21.372069,-0.6171875,-0.121718743,12059,True,49,,-20224,0.0,0.0,0.436596,0.391245
2473,baseline_overlay_pass->release->rtl_overlay_pass,5.590475,14.386738,2.848263,22.870556,-0.6171875,-0.122749997,12073,True,49,179,-20224,5.617879,14.359561,0.881802,20.907942,-0.6171875,-0.122749997,12073,True,49,,-20224,0.0,0.0,0.371385,0.335905
2474,baseline_overlay_pass->release->rtl_overlay_pass,5.675626,14.326457,2.864163,22.912917,-0.6171875,-0.123162499,12070,True,49,179,-20224,5.648279,14.900558,0.905803,21.499541,-0.6171875,-0.123162499,12070,True,49,,-20224,0.0,0.0,0.374925,0.329644
2475,baseline_overlay_pass->release->rtl_overlay_pass,5.802598,14.427469,2.874223,23.152791,-0.625,-0.12660875,11954,True,48,179,-20480,5.623899,14.378511,0.884032,20.929483,-0.625,-0.12660875,11954,True,48,,-20480,0.0,0.0,0.365785,0.342474
2476,baseline_overlay_pass->release->rtl_overlay_pass,5.838939,14.429598,2.919004,23.236432,-0.625,-0.1256435,11970,True,48,179,-20480,5.832112,14.391712,0.920053,21.189707,-0.625,-0.1256435,11970,True,48,,-20480,0.0,0.0,0.383355,0.361205
2477,baseline_overlay_pass->release->rtl_overlay_pass,6.091152,14.273476,3.021896,23.432755,-0.625,-0.1252574,11973,True,48,179,-20480,5.68385,15.0169,0.882602,21.633843,-0.625,-0.1252574,11973,True,48,,-20480,0.0,0.0,0.375095,0.333424
2478,baseline_overlay_pass->release->rtl_overlay_pass,6.019781,14.371218,2.877214,23.313583,-0.625,-0.12510296,11848,True,48,179,-20480,5.678219,15.176502,0.882423,21.782675,-0.625,-0.12510296,11848,True,48,,-20480,0.0,0.0,0.350005,0.364585
2479,baseline_overlay_pass->release->rtl_overlay_pass,6.018631,14.791914,2.994146,23.852071,-0.625,-0.125041184,11843,True,48,179,-20480,5.994504,14.657125,0.854142,21.550161,-0.625,-0.125041184,11843,True,48,,-20480,0.0,0.0,0.354325,0.335785
2480,baseline_overlay_pass->release->rtl_overlay_pass,5.847899,14.787214,2.847293,23.530286,-0.625,-0.125016474,11843,True,48,179,-20480,5.636949,14.816278,1.195927,21.695784,-0.625,-0.125016474,11843,True,48,,-20480,0.0,0.0,0.371505,0.331335
2481,baseline_overlay_pass->release->rtl_overlay_pass,5.790818,14.896225,2.843993,23.583317,-0.625,-0.125006589,11961,True,48,179,-20480,5.643959,14.694346,0.991464,21.377929,-0.625,-0.125006589,11961,True,48,,-20480,0.0,0.0,0.428246,0.360465
2482,baseline_overlay_pass->release->rtl_overlay_pass,5.734047,14.820515,2.878124,23.485696,-0.625,-0.125002636,11947,True,48,179,-20480,5.601428,14.854978,0.900282,21.404169,-0.625,-0.125002636,11947,True,48,,-20480,0.0,0.0,0.392315,0.334945
2483,baseline_overlay_pass->release->rtl_overlay_pass,5.617825,15.340993,2.840193,23.845741,-0.625,-0.125001054,11955,True,48,179,-20480,5.580298,14.361181,0.885223,20.871812,-0.625,-0.125001054,11955,True,48,,-20480,0.0,0.0,0.371166,0.340735
2484,baseline_overlay_pass->release->rtl_overlay_pass,5.636656,15.23731,2.843863,23.76642,-0.625,-0.125000422,12017,True,48,179,-20480,5.792051,14.376031,0.922083,21.133286,-0.625,-0.125000422,12017,True,48,,-20480,0.0,0.0,0.374415,0.336365
2485,baseline_overlay_pass->release->rtl_overlay_pass,5.587714,15.026547,2.852403,23.513706,-0.625,-0.125000169,12012,True,48,179,-20480,5.793151,14.469673,0.895772,21.203036,-0.625,-0.125000169,12012,True,48,,-20480,0.0,0.0,0.384545,0.335135
2486,baseline_overlay_pass->release->rtl_overlay_pass,5.716936,15.173839,2.820223,23.759119,-0.625,-0.125000067,12014,True,48,179,-20480,5.754051,14.780577,0.863092,21.44642,-0.625,-0.125000067,12014,True,48,,-20480,0.0,0.0,0.353525,0.338284
2487,baseline_overlay_pass->release->rtl_overlay_pass,5.653866,15.167739,2.872673,23.741269,-0.6171875,-0.121718777,12328,True,49,179,-20224,5.897023,14.97679,0.841712,21.759935,-0.6171875,-0.121718777,12328,True,49,,-20224,0.0,0.0,0.349755,0.327265
2488,baseline_overlay_pass->release->rtl_overlay_pass,5.606835,14.742863,2.818303,23.215611,-0.6171875,-0.122750011,12320,True,49,179,-20224,5.629809,14.854048,0.904262,21.43375,-0.6171875,-0.122750011,12320,True,49,,-20224,0.0,0.0,0.359235,0.334385
2489,baseline_overlay_pass->release->rtl_overlay_pass,5.613365,14.645492,2.917084,23.221751,-0.6171875,-0.123162504,12318,True,49,179,-20224,5.615409,14.939159,0.875532,21.47478,-0.6171875,-0.123162504,12318,True,49,,-20224,0.0,0.0,0.364975,0.338834
2490,baseline_overlay_pass->release->rtl_overlay_pass,5.680706,14.628692,2.866553,23.223541,-0.6171875,-0.123327502,12334,True,49,179,-20224,5.758601,14.920039,1.029314,21.758384,-0.6171875,-0.123327502,12334,True,49,,-20224,0.0,0.0,0.482477,0.344504
2491,baseline_overlay_pass->release->rtl_overlay_pass,5.604595,14.869045,2.899134,23.421114,-0.6171875,-0.123393501,12338,True,49,179,-20224,5.71585,14.371461,0.890292,21.026824,-0.6171875,-0.123393501,12338,True,49,,-20224,0.0,0.0,0.375475,0.336395
2492,baseline_overlay_pass->release->rtl_overlay_pass,5.725376,14.901675,2.842893,23.518405,-0.6171875,-0.1234199,12333,True,49,179,-20224,5.68185,14.385741,0.903953,21.011884,-0.6171875,-0.1234199,12333,True,49,,-20224,0.0,0.0,0.367305,0.331494
2493,baseline_overlay_pass->release->rtl_overlay_pass,5.683586,14.746744,2.902344,23.384664,-0.6171875,-0.12343046,12555,True,49,179,-20224,5.70816,14.861938,0.900373,21.515841,-0.6171875,-0.12343046,12555,True,49,,-20224,0.0,0.0,0.385705,0.336764
2494,baseline_overlay_pass->release->rtl_overlay_pass,5.611295,14.687173,3.101837,23.456355,-0.6171875,-0.123434684,12551,True,49,179,-20224,5.824291,14.359051,0.892502,21.120525,-0.6171875,-0.123434684,12551,True,49,,-20224,0.0,0.0,0.372835,0.342244
2495,baseline_overlay_pass->release->rtl_overlay_pass,5.656736,14.408928,3.471883,23.589977,-0.6171875,-0.123436374,12549,True,49,179,-20224,5.73804,14.973919,0.849362,21.609712,-0.6171875,-0.123436374,12549,True,49,,-20224,0.0,0.0,0.349015,0.331154
2496,baseline_overlay_pass->release->rtl_overlay_pass,5.589355,14.363387,3.133687,23.14156,-0.6328125,-0.129999549,12694,True,47,179,-20736,5.668829,14.985089,0.873843,21.572152,-0.6328125,-0.129999549,12694,True,47,,-20736,0.0,0.0,0.379705,0.324955
2497,baseline_overlay_pass->release->rtl_overlay_pass,5.716226,14.357028,3.105347,23.230852,-0.6328125,-0.12793732,12708,True,47,179,-20736,5.618068,14.721456,0.857532,21.242297,-0.6328125,-0.12793732,12708,True,47,,-20736,0.0,0.0,0.356805,0.332765
2498,baseline_overlay_pass->release->rtl_overlay_pass,5.606055,14.318706,2.981785,22.957908,-0.6328125,-0.127112428,12703,True,47,179,-20736,6.094676,14.838228,0.895652,21.874426,-0.6328125,-0.127112428,12703,True,47,,-20736,0.0,0.0,0.359495,0.327135
2499,baseline_overlay_pass->release->rtl_overlay_pass,5.691576,14.434509,2.869583,23.042398,-0.6328125,-0.126782471,12694,True,47,179,-20736,5.601418,14.572094,1.444811,21.668534,-0.6328125,-0.126782471,12694,True,47,,-20736,0.0,0.0,0.611899,0.618039
2500,baseline_overlay_pass->release->rtl_overlay_pass,5.623935,14.284646,2.896064,22.854606,-0.6328125,-0.126650488,12685,True,47,179,-20736,5.634779,14.437222,0.922243,21.043175,-0.6328125,-0.126650488,12685,True,47,,-20736,0.0,0.0,0.369475,0.334435
2501,baseline_overlay_pass->release->rtl_overlay_pass,5.623645,14.350197,2.907234,22.928997,-0.6328125,-0.126597695,12682,True,47,179,-20736,5.575688,14.815978,0.887362,21.323748,-0.6328125,-0.126597695,12682,True,47,,-20736,0.0,0.0,0.375255,0.334045
2502,baseline_overlay_pass->release->rtl_overlay_pass,5.681006,14.352837,2.866193,22.945187,-0.6328125,-0.126576578,12691,True,47,179,-20736,5.781371,14.385492,0.914423,21.124116,-0.6328125,-0.126576578,12691,True,47,,-20736,0.0,0.0,0.377125,0.335715
2503,baseline_overlay_pass->release->rtl_overlay_pass,5.674376,14.351317,2.915434,22.989817,-0.6328125,-0.126568131,12692,True,47,179,-20736,5.792361,14.474982,0.889663,21.201317,-0.6328125,-0.126568131,12692,True,47,,-20736,0.0,0.0,0.379756,0.336455
2504,baseline_overlay_pass->release->rtl_overlay_pass,5.747147,14.265566,2.908064,22.966827,-0.6328125,-0.126564753,12687,True,47,179,-20736,5.6792,15.135942,0.835031,21.699004,-0.6328125,-0.126564753,12687,True,47,,-20736,0.0,0.0,0.342215,0.326895
2505,baseline_overlay_pass->release->rtl_overlay_pass,5.839408,14.329436,2.957914,23.17206,-0.6328125,-0.126563401,12703,True,47,179,-20736,5.637179,15.417815,0.862263,21.962318,-0.6328125,-0.126563401,12703,True,47,,-20736,0.0,0.0,0.352905,0.342615
2506,baseline_overlay_pass->release->rtl_overlay_pass,5.739187,14.793594,2.891244,23.474725,-0.6328125,-0.12656286,12706,True,47,179,-20736,5.989854,14.858028,0.851392,21.746444,-0.6328125,-0.12656286,12706,True,47,,-20736,0.0,0.0,0.355635,0.326025
2507,baseline_overlay_pass->release->rtl_overlay_pass,5.662436,15.072718,2.882624,23.667158,-0.6328125,-0.126562644,12704,True,47,179,-20736,5.606028,16.358669,0.891163,22.89993,-0.6328125,-0.126562644,12704,True,47,,-20736,0.0,0.0,0.348914,0.375035
2508,baseline_overlay_pass->release->rtl_overlay_pass,5.623215,14.911476,2.866053,23.448144,-0.640625,-0.129843808,12767,True,46,179,-20992,5.622989,14.777647,0.974654,21.42318,-0.640625,-0.129843808,12767,True,46,,-20992,0.0,0.0,0.425006,0.354105
2509,baseline_overlay_pass->release->rtl_overlay_pass,5.598654,15.070588,2.872883,23.589496,-0.640625,-0.128812523,12768,True,46,179,-20992,5.629979,14.498423,0.976374,21.156766,-0.640625,-0.128812523,12768,True,46,,-20992,0.0,0.0,0.447696,0.340755
2510,baseline_overlay_pass->release->rtl_overlay_pass,5.633005,15.070468,2.954705,23.707529,-0.640625,-0.128400009,12765,True,46,179,-20992,5.611519,14.475722,0.891642,21.025984,-0.640625,-0.128400009,12765,True,46,,-20992,0.0,0.0,0.376995,0.337554
2511,baseline_overlay_pass->release->rtl_overlay_pass,5.706216,14.632161,2.892863,23.280062,-0.640625,-0.128235004,12771,True,46,179,-20992,5.630598,14.450412,0.910263,21.039904,-0.640625,-0.128235004,12771,True,46,,-20992,0.0,0.0,0.402166,0.331855
2512,baseline_overlay_pass->release->rtl_overlay_pass,5.653265,14.959787,2.879963,23.540136,-0.640625,-0.128169001,12769,True,46,179,-20992,5.539488,14.453152,0.888463,20.928383,-0.640625,-0.128169001,12769,True,46,,-20992,0.0,0.0,0.377616,0.336705
2513,baseline_overlay_pass->release->rtl_overlay_pass,5.655796,14.861765,2.947425,23.513836,-0.640625,-0.128142601,12774,True,46,179,-20992,5.72962,14.603705,0.891962,21.271637,-0.640625,-0.128142601,12774,True,46,,-20992,0.0,0.0,0.389115,0.330825
2514,baseline_overlay_pass->release->rtl_overlay_pass,5.725256,14.58372,3.011856,23.374733,-0.640625,-0.12813204,12784,True,46,179,-20992,5.68164,14.385091,0.882223,20.991794,-0.640625,-0.12813204,12784,True,46,,-20992,0.0,0.0,0.371595,0.336195
2515,baseline_overlay_pass->release->rtl_overlay_pass,5.685686,14.491749,3.193398,23.427394,-0.640625,-0.128127816,12784,True,46,179,-20992,6.144066,14.382291,0.888342,21.46183,-0.640625,-0.128127816,12784,True,46,,-20992,0.0,0.0,0.380255,0.332444
2516,baseline_overlay_pass->release->rtl_overlay_pass,5.685546,14.338357,3.354701,23.433274,-0.640625,-0.128126126,12774,True,46,179,-20992,6.863966,14.425872,0.883542,22.218441,-0.640625,-0.128126126,12774,True,46,,-20992,0.0,0.0,0.372675,0.336114
2517,baseline_overlay_pass->release->rtl_overlay_pass,5.678476,14.304846,2.940764,22.975117,-0.640625,-0.128125451,12792,True,46,179,-20992,5.68952,15.163232,0.847512,21.746725,-0.640625,-0.128125451,12792,True,46,,-20992,0.0,0.0,0.336345,0.324765
2518,baseline_overlay_pass->release->rtl_overlay_pass,5.638035,14.442789,2.967645,23.097929,-0.640625,-0.12812518,12790,True,46,179,-20992,5.657569,14.854537,0.858202,21.41606,-0.640625,-0.12812518,12790,True,46,,-20992,0.0,0.0,0.362065,0.330365
2519,baseline_overlay_pass->release->rtl_overlay_pass,5.638925,14.303916,2.934984,22.924286,-0.640625,-0.128125072,12793,True,46,179,-20992,5.77427,14.753686,0.875502,21.447599,-0.640625,-0.128125072,12793,True,46,,-20992,0.0,0.0,0.353195,0.325485
2520,baseline_overlay_pass->release->rtl_overlay_pass,5.590585,14.306797,2.874533,22.820425,-0.640625,-0.128125029,12738,True,46,179,-20992,5.601338,14.912689,0.913173,21.47195,-0.640625,-0.128125029,12738,True,46,,-20992,0.0,0.0,0.386655,0.349335
2521,baseline_overlay_pass->release->rtl_overlay_pass,5.657286,14.385258,2.894284,22.982118,-0.640625,-0.128125012,12734,True,46,179,-20992,5.617449,14.762626,0.984614,21.411749,-0.640625,-0.128125012,12734,True,46,,-20992,0.0,0.0,0.438006,0.352384
2522,baseline_overlay_pass->release->rtl_overlay_pass,5.704486,14.351837,2.917435,23.021818,-0.640625,-0.128125005,12736,True,46,179,-20992,5.643159,14.464172,0.878292,21.032404,-0.640625,-0.128125005,12736,True,46,,-20992,0.0,0.0,0.377065,0.326885
2523,baseline_overlay_pass->release->rtl_overlay_pass,5.786257,14.362387,2.896744,23.091469,-0.640625,-0.128125002,12763,True,46,179,-20992,6.113606,14.3493,0.887442,21.399159,-0.640625,-0.128125002,12763,True,46,,-20992,0.0,0.0,0.375325,0.337394
2524,baseline_overlay_pass->release->rtl_overlay_pass,5.860889,14.54785,2.904644,23.358363,-0.640625,-0.128125001,12766,True,46,179,-20992,5.614849,14.657715,0.898633,21.215897,-0.640625,-0.128125001,12766,True,46,,-20992,0.0,0.0,0.381176,0.338305
2525,baseline_overlay_pass->release->rtl_overlay_pass,5.796557,14.705082,2.882814,23.434404,-0.640625,-0.128125,12767,True,46,179,-20992,6.036595,14.34171,0.886142,21.310428,-0.640625,-0.128125,12767,True,46,,-20992,0.0,0.0,0.376465,0.334044
2526,baseline_overlay_pass->release->rtl_overlay_pass,5.705937,14.998837,2.851193,23.603857,-0.640625,-0.128125,12770,True,46,179,-20992,6.124466,15.00115,0.878912,22.053058,-0.640625,-0.128125,12770,True,46,,-20992,0.0,0.0,0.365485,0.337775
2527,baseline_overlay_pass->release->rtl_overlay_pass,5.631326,14.922455,2.857453,23.457715,-0.640625,-0.128125,12773,True,46,179,-20992,5.896842,15.219333,0.828252,21.993137,-0.640625,-0.128125,12773,True,46,,-20992,0.0,0.0,0.336395,0.326914
2528,baseline_overlay_pass->release->rtl_overlay_pass,5.608905,14.982626,2.866953,23.506055,-0.640625,-0.128125,12771,True,46,179,-20992,5.76099,15.263853,0.866562,21.937726,-0.640625,-0.128125,12771,True,46,,-20992,0.0,0.0,0.354735,0.343575
2529,baseline_overlay_pass->release->rtl_overlay_pass,5.645445,14.965966,2.882724,23.543806,-0.640625,-0.128125,12767,True,46,179,-20992,5.67839,14.765217,0.879072,21.369739,-0.640625,-0.128125,12767,True,46,,-20992,0.0,0.0,0.383175,0.328854
2530,baseline_overlay_pass->release->rtl_overlay_pass,5.616065,14.712432,2.877693,23.251671,-0.640625,-0.128125,12768,True,46,179,-20992,5.73677,14.856538,0.927463,21.565391,-0.640625,-0.128125,12768,True,46,,-20992,0.0,0.0,0.389456,0.357315
2531,baseline_overlay_pass->release->rtl_overlay_pass,5.641126,14.802064,4.791832,25.285032,-0.640625,-0.128125,12769,True,46,179,-20992,5.627869,14.403212,1.601452,21.685623,-0.640625,-0.128125,12769,True,46,,-20992,0.0,0.0,1.064935,0.334865
2532,baseline_overlay_pass->release->rtl_overlay_pass,5.659315,14.754162,2.818522,23.279011,-0.6484375,-0.13140625,12706,True,45,179,-21248,5.623349,14.960229,0.992724,21.625003,-0.6484375,-0.13140625,12706,True,45,,-21248,0.0,0.0,0.453276,0.340155
2533,baseline_overlay_pass->release->rtl_overlay_pass,5.705586,14.794913,2.826603,23.373713,-0.6484375,-0.130375,12705,True,45,179,-21248,5.622178,16.545811,0.982884,23.200024,-0.6484375,-0.130375,12705,True,45,,-21248,0.0,0.0,0.446676,0.342895
2534,baseline_overlay_pass->release->rtl_overlay_pass,5.614495,14.703912,2.895674,23.262582,-0.6484375,-0.1299625,12699,True,45,179,-21248,5.601989,14.399041,0.877973,20.926883,-0.6484375,-0.1299625,12699,True,45,,-21248,0.0,0.0,0.378085,0.327555
2535,baseline_overlay_pass->release->rtl_overlay_pass,5.687546,14.814434,3.023266,23.574336,-0.6484375,-0.1297975,12601,True,45,179,-21248,5.630178,14.473312,0.896582,21.086955,-0.6484375,-0.1297975,12601,True,45,,-21248,0.0,0.0,0.388245,0.333084
2536,baseline_overlay_pass->release->rtl_overlay_pass,5.653785,14.624031,3.075587,23.405874,-0.6484375,-0.1297315,12601,True,45,179,-21248,5.640568,14.388041,0.891843,20.968314,-0.6484375,-0.1297315,12601,True,45,,-21248,0.0,0.0,0.375065,0.339575
2537,baseline_overlay_pass->release->rtl_overlay_pass,5.611264,14.483728,3.082086,23.230311,-0.6484375,-0.1297051,12594,True,45,179,-21248,5.545258,14.346651,0.885772,20.822461,-0.6484375,-0.1297051,12594,True,45,,-21248,0.0,0.0,0.375245,0.335344
2538,baseline_overlay_pass->release->rtl_overlay_pass,5.715666,14.362787,3.020995,23.15012,-0.6484375,-0.12969454,12598,True,45,179,-21248,5.689059,14.727176,0.899212,21.361658,-0.6484375,-0.12969454,12598,True,45,,-21248,0.0,0.0,0.389065,0.332355
2539,baseline_overlay_pass->release->rtl_overlay_pass,5.596515,14.438788,2.826633,22.910006,-0.6484375,-0.129690316,12597,True,45,179,-21248,5.70027,14.364241,0.914853,21.023724,-0.6484375,-0.129690316,12597,True,45,,-21248,0.0,0.0,0.399536,0.334405
2540,baseline_overlay_pass->release->rtl_overlay_pass,5.581254,14.54971,2.852483,23.032198,-0.6484375,-0.129688626,12593,True,45,179,-21248,5.72416,14.35313,0.891993,21.013464,-0.6484375,-0.129688626,12593,True,45,,-21248,0.0,0.0,0.376705,0.339975
2541,baseline_overlay_pass->release->rtl_overlay_pass,5.602054,14.50925,2.833373,22.991738,-0.6484375,-0.129687951,12601,True,45,179,-21248,5.781301,14.399611,0.882633,21.107375,-0.6484375,-0.129687951,12601,True,45,,-21248,0.0,0.0,0.379785,0.329845
2542,baseline_overlay_pass->release->rtl_overlay_pass,5.559644,14.420318,2.824612,22.850505,-0.6484375,-0.12968768,12597,True,45,179,-21248,6.719694,14.33987,0.889612,21.995647,-0.6484375,-0.12968768,12597,True,45,,-21248,0.0,0.0,0.383165,0.335995
2543,baseline_overlay_pass->release->rtl_overlay_pass,5.642195,14.436929,2.841213,22.965337,-0.6484375,-0.129687572,12600,True,45,179,-21248,6.101416,14.679915,0.881243,21.708344,-0.6484375,-0.129687572,12600,True,45,,-21248,0.0,0.0,0.372516,0.332225
2544,baseline_overlay_pass->release->rtl_overlay_pass,5.753547,14.387037,2.903854,23.093019,-0.640625,-0.126406279,12703,True,46,179,-20992,6.268638,14.925029,0.864192,22.106199,-0.640625,-0.126406279,12703,True,46,,-20992,0.0,0.0,0.356935,0.334394
2545,baseline_overlay_pass->release->rtl_overlay_pass,5.789737,14.385178,2.826503,23.045398,-0.640625,-0.127437512,12703,True,46,179,-20992,5.616878,15.829992,0.853162,22.346512,-0.640625,-0.127437512,12703,True,46,,-20992,0.0,0.0,0.359015,0.323574
2546,baseline_overlay_pass->release->rtl_overlay_pass,5.865968,14.424898,2.876793,23.215651,-0.640625,-0.127850005,12714,True,46,179,-20992,6.314238,16.381459,0.826521,23.566409,-0.640625,-0.127850005,12714,True,46,,-20992,0.0,0.0,0.336005,0.326825
2547,baseline_overlay_pass->release->rtl_overlay_pass,5.807478,14.665392,2.849143,23.369413,-0.640625,-0.128015002,12770,True,46,179,-20992,5.676969,15.401056,0.892622,22.015597,-0.640625,-0.128015002,12770,True,46,,-20992,0.0,0.0,0.357015,0.331164
2548,baseline_overlay_pass->release->rtl_overlay_pass,5.701906,15.021757,2.802622,23.576656,-0.640625,-0.128081001,12765,True,46,179,-20992,5.607748,14.686655,0.854622,21.193076,-0.640625,-0.128081001,12765,True,46,,-20992,0.0,0.0,0.353675,0.332654
2549,baseline_overlay_pass->release->rtl_overlay_pass,5.650155,14.991547,2.822093,23.509945,-0.640625,-0.1281074,12766,True,46,179,-20992,5.630428,14.743496,0.944253,21.363699,-0.640625,-0.1281074,12766,True,46,,-20992,0.0,0.0,0.432366,0.338684
2550,baseline_overlay_pass->release->rtl_overlay_pass,5.681576,15.081428,2.800393,23.609257,-0.640625,-0.12811796,12875,True,46,179,-20992,5.631508,14.997749,1.005564,21.680664,-0.640625,-0.12811796,12875,True,46,,-20992,0.0,0.0,0.455176,0.341525
2551,baseline_overlay_pass->release->rtl_overlay_pass,5.635385,17.122959,2.888154,25.693498,-0.640625,-0.128122184,12873,True,46,179,-20992,5.631149,14.434682,2.001848,22.117639,-0.640625,-0.128122184,12873,True,46,,-20992,0.0,0.0,0.383576,0.335775
2552,baseline_overlay_pass->release->rtl_overlay_pass,5.605295,16.432068,2.815743,24.901856,-0.640625,-0.128123874,12869,True,46,179,-20992,5.676289,14.399311,0.882312,21.004983,-0.640625,-0.128123874,12869,True,46,,-20992,0.0,0.0,0.373565,0.333424
2553,baseline_overlay_pass->release->rtl_overlay_pass,5.718706,15.20998,2.916814,23.893031,-0.640625,-0.128124549,12912,True,46,179,-20992,5.651759,14.462292,0.896233,21.059135,-0.640625,-0.128124549,12912,True,46,,-20992,0.0,0.0,0.384356,0.334765
2554,baseline_overlay_pass->release->rtl_overlay_pass,5.633765,15.612335,2.853933,24.149895,-0.640625,-0.12812482,12918,True,46,179,-20992,5.585998,14.458611,0.882112,20.971143,-0.640625,-0.12812482,12918,True,46,,-20992,0.0,0.0,0.373415,0.333514
2555,baseline_overlay_pass->release->rtl_overlay_pass,5.819268,15.313871,2.829263,24.008613,-0.640625,-0.128124928,12908,True,46,179,-20992,5.823941,14.30663,0.889923,21.066794,-0.640625,-0.128124928,12908,True,46,,-20992,0.0,0.0,0.376565,0.338175
2556,baseline_overlay_pass->release->rtl_overlay_pass,5.594824,14.764603,2.845923,23.254142,-0.625,-0.121562471,13139,True,48,179,-20480,7.84936,14.479822,0.897093,23.270785,-0.625,-0.121562471,13139,True,48,,-20480,0.0,0.0,0.386536,0.334745
2557,baseline_overlay_pass->release->rtl_overlay_pass,5.604314,14.750953,2.816962,23.22119,-0.625,-0.123624988,13141,True,48,179,-20480,6.211956,15.05912,0.853542,22.169209,-0.625,-0.123624988,13141,True,48,,-20480,0.0,0.0,0.350285,0.331644
2558,baseline_overlay_pass->release->rtl_overlay_pass,5.646985,14.749303,2.866564,23.310453,-0.625,-0.124449995,13141,True,48,179,-20480,5.641119,15.561928,0.847142,22.096619,-0.625,-0.124449995,13141,True,48,,-20480,0.0,0.0,0.349775,0.328935
2559,baseline_overlay_pass->release->rtl_overlay_pass,5.621915,15.441784,2.882694,23.992673,-0.6171875,-0.121498748,13174,True,49,179,-20224,5.68283,14.746646,0.859072,21.334738,-0.6171875,-0.121498748,13174,True,49,,-20224,0.0,0.0,0.360855,0.330945
2560,baseline_overlay_pass->release->rtl_overlay_pass,5.638295,14.705442,2.890324,23.280782,-0.6171875,-0.122661999,13148,True,49,179,-20224,5.626919,15.02694,0.869202,21.568091,-0.6171875,-0.122661999,13148,True,49,,-20224,0.0,0.0,0.356915,0.340814
2561,baseline_overlay_pass->release->rtl_overlay_pass,5.675975,14.639131,2.920234,23.282701,-0.6171875,-0.1231273,13150,True,49,179,-20224,5.77254,14.947678,1.019994,21.791234,-0.6171875,-0.1231273,13150,True,49,,-20224,0.0,0.0,0.483807,0.344505
2562,baseline_overlay_pass->release->rtl_overlay_pass,5.615255,14.698992,2.887684,23.248981,-0.59375,-0.11346967,13106,True,52,179,-19456,5.581478,14.601314,0.896693,21.125015,-0.59375,-0.11346967,13106,True,52,,-19456,0.0,0.0,0.388386,0.331805
2563,baseline_overlay_pass->release->rtl_overlay_pass,5.621525,15.28791,2.917594,23.875611,-0.59375,-0.116637868,13114,True,52,179,-19456,5.7373,14.550363,0.913533,21.248357,-0.59375,-0.116637868,13114,True,52,,-19456,0.0,0.0,0.405946,0.332775
2564,baseline_overlay_pass->release->rtl_overlay_pass,5.636735,14.958506,2.963055,23.608686,-0.59375,-0.117905147,13113,True,52,179,-19456,5.600239,14.615884,0.898103,21.158406,-0.59375,-0.117905147,13113,True,52,,-19456,0.0,0.0,0.383596,0.335035
2565,baseline_overlay_pass->release->rtl_overlay_pass,5.743717,16.142244,2.906234,24.841265,-0.59375,-0.118412059,13120,True,52,179,-19456,5.774801,14.627474,0.878053,21.327268,-0.59375,-0.118412059,13120,True,52,,-19456,0.0,0.0,0.371045,0.331875
2566,baseline_overlay_pass->release->rtl_overlay_pass,5.650426,15.532564,2.967524,24.200316,-0.59375,-0.118614824,13132,True,52,179,-19456,6.639722,14.501302,0.876493,22.061529,-0.59375,-0.118614824,13132,True,52,,-19456,0.0,0.0,0.374276,0.327855
2567,baseline_overlay_pass->release->rtl_overlay_pass,5.716986,16.351807,2.922844,25.040848,-0.59375,-0.118695929,13144,True,52,179,-19456,7.517945,14.805857,0.855852,23.227284,-0.59375,-0.118695929,13144,True,52,,-19456,0.0,0.0,0.352125,0.331664
2568,baseline_overlay_pass->release->rtl_overlay_pass,5.688686,14.805514,4.793772,25.342992,-0.578125,-0.112165872,13095,True,54,179,-18944,6.395529,14.36713,0.881112,21.688263,-0.578125,-0.112165872,13095,True,54,,-18944,0.0,0.0,0.374675,0.334515
2569,baseline_overlay_pass->release->rtl_overlay_pass,5.650756,14.623021,3.187598,23.512485,-0.578125,-0.114241349,13090,True,54,179,-18944,5.898343,14.731686,0.871252,21.547841,-0.578125,-0.114241349,13090,True,54,,-18944,0.0,0.0,0.363405,0.332355
2570,baseline_overlay_pass->release->rtl_overlay_pass,5.673936,14.401677,3.168907,23.301202,-0.578125,-0.115071539,13094,True,54,179,-18944,6.724384,14.917018,0.880753,22.573345,-0.578125,-0.115071539,13094,True,54,,-18944,0.0,0.0,0.380795,0.329275
2571,baseline_overlay_pass->release->rtl_overlay_pass,5.678856,14.360827,3.018166,23.109959,-0.5625,-0.108841116,13063,True,56,179,-18432,5.605759,16.919026,0.877232,23.444958,-0.5625,-0.108841116,13063,True,56,,-18432,0.0,0.0,0.381915,0.326595
2572,baseline_overlay_pass->release->rtl_overlay_pass,5.711496,14.409268,2.997625,23.16947,-0.5625,-0.111036446,13064,True,56,179,-18432,5.590538,15.410406,0.862572,21.908976,-0.5625,-0.111036446,13064,True,56,,-18432,0.0,0.0,0.357065,0.335285
2573,baseline_overlay_pass->release->rtl_overlay_pass,5.618244,14.359196,2.894783,22.922096,-0.5625,-0.111914579,13065,True,56,179,-18432,5.691989,14.820527,0.855641,21.41263,-0.5625,-0.111914579,13065,True,56,,-18432,0.0,0.0,0.354365,0.332315
2574,baseline_overlay_pass->release->rtl_overlay_pass,5.780357,14.437708,2.875703,23.140179,-0.5390625,-0.102422081,13049,True,59,179,-17664,5.653149,14.696746,0.860772,21.257497,-0.5390625,-0.102422081,13049,True,59,,-17664,0.0,0.0,0.360325,0.332154
2575,baseline_overlay_pass->release->rtl_overlay_pass,5.753857,14.437188,2.904064,23.143329,-0.5390625,-0.105656333,13060,True,59,179,-17664,5.646498,14.899168,0.868742,21.45887,-0.5390625,-0.105656333,13060,True,59,,-17664,0.0,0.0,0.365745,0.332604
2576,baseline_overlay_pass->release->rtl_overlay_pass,5.844948,14.399797,2.919014,23.21053,-0.5390625,-0.106950033,13052,True,59,179,-17664,5.598648,15.0655,0.994784,21.709263,-0.5390625,-0.106950033,13052,True,59,,-17664,0.0,0.0,0.455887,0.340544
2577,baseline_overlay_pass->release->rtl_overlay_pass,5.820738,14.664741,2.897043,23.433383,-0.53125,-0.104186263,13050,True,60,179,-17408,5.602288,14.32512,1.843155,21.818454,-0.53125,-0.104186263,13050,True,60,,-17408,0.0,0.0,1.300918,0.336184
2578,baseline_overlay_pass->release->rtl_overlay_pass,5.655885,14.897515,2.864634,23.468044,-0.53125,-0.105424505,13047,True,60,179,-17408,5.630679,14.456732,0.879822,21.014663,-0.53125,-0.105424505,13047,True,60,,-17408,0.0,0.0,0.373535,0.333124
2579,baseline_overlay_pass->release->rtl_overlay_pass,5.633885,15.060498,2.867073,23.607626,-0.53125,-0.105919802,13054,True,60,179,-17408,5.933793,14.683436,0.897902,21.560701,-0.53125,-0.105919802,13054,True,60,,-17408,0.0,0.0,0.389265,0.331555
2580,baseline_overlay_pass->release->rtl_overlay_pass,5.602204,15.005907,2.861873,23.515595,-0.5234375,-0.102836671,13039,True,61,179,-17152,5.735861,14.35081,0.882133,21.010314,-0.5234375,-0.102836671,13039,True,61,,-17152,0.0,0.0,0.372135,0.334005
2581,baseline_overlay_pass->release->rtl_overlay_pass,5.585674,14.678811,2.864433,23.17594,-0.5234375,-0.103947168,13047,True,61,179,-17152,5.866382,14.511703,0.871353,21.318678,-0.5234375,-0.103947168,13047,True,61,,-17152,0.0,0.0,0.365585,0.332165
2582,baseline_overlay_pass->release->rtl_overlay_pass,5.595445,14.699992,2.891774,23.234481,-0.5234375,-0.104391367,13055,True,61,179,-17152,5.612778,15.231363,0.844782,21.735323,-0.5234375,-0.104391367,13055,True,61,,-17152,0.0,0.0,0.347334,0.325984
2583,baseline_overlay_pass->release->rtl_overlay_pass,5.621685,14.810733,2.901153,23.380502,-0.5,-0.094725297,12907,True,64,179,-16384,5.70523,14.999409,0.889202,21.640902,-0.5,-0.094725297,12907,True,64,,-16384,0.0,0.0,0.389555,0.331344
2584,baseline_overlay_pass->release->rtl_overlay_pass,5.898339,14.806513,2.812923,23.564226,-0.5,-0.097890119,12900,True,64,179,-16384,5.601678,14.754166,0.858302,21.260017,-0.5,-0.097890119,12900,True,64,,-16384,0.0,0.0,0.357245,0.333095
2585,baseline_overlay_pass->release->rtl_overlay_pass,5.651445,14.736113,2.899154,23.336563,-0.5,-0.099156048,12905,True,64,179,-16384,5.635509,14.892148,0.935333,21.507861,-0.5,-0.099156048,12905,True,64,,-16384,0.0,0.0,0.419765,0.334635
2586,baseline_overlay_pass->release->rtl_overlay_pass,5.637225,15.24468,2.859233,23.789739,-0.4921875,-0.096381169,12858,True,65,179,-16128,5.67007,14.660644,0.996664,21.375069,-0.4921875,-0.096381169,12858,True,65,,-16128,0.0,0.0,0.464436,0.335575
2587,baseline_overlay_pass->release->rtl_overlay_pass,5.688186,14.968726,2.899184,23.602857,-0.4921875,-0.097614968,12851,True,65,179,-16128,5.630528,14.908968,0.900023,21.48703,-0.4921875,-0.097614968,12851,True,65,,-16128,0.0,0.0,0.396406,0.329455
2588,baseline_overlay_pass->release->rtl_overlay_pass,5.637005,14.759893,2.869133,23.314712,-0.4921875,-0.098108487,12846,True,65,179,-16128,5.655609,14.32058,0.880142,20.922502,-0.4921875,-0.098108487,12846,True,65,,-16128,0.0,0.0,0.367995,0.337285
2589,baseline_overlay_pass->release->rtl_overlay_pass,5.657685,14.675332,2.909454,23.290811,-0.4609375,-0.085180895,12773,True,69,179,-15104,5.66396,14.390311,0.885352,20.983643,-0.4609375,-0.085180895,12773,True,69,,-15104,0.0,0.0,0.374725,0.334604
2590,baseline_overlay_pass->release->rtl_overlay_pass,5.671805,15.010366,2.842462,23.571506,-0.4609375,-0.089384858,12787,True,69,179,-15104,5.784401,14.35806,0.893612,21.080794,-0.4609375,-0.089384858,12787,True,69,,-15104,0.0,0.0,0.381645,0.337834
2591,baseline_overlay_pass->release->rtl_overlay_pass,5.605885,14.657081,2.998455,23.314642,-0.4609375,-0.091066443,12778,True,69,179,-15104,5.936893,14.808667,0.851902,21.646752,-0.4609375,-0.091066443,12778,True,69,,-15104,0.0,0.0,0.348555,0.331354
2592,baseline_overlay_pass->release->rtl_overlay_pass,5.584505,14.657561,3.174178,23.468204,-0.4453125,-0.085176577,12726,True,71,179,-14592,5.72161,15.299343,0.862412,21.928186,-0.4453125,-0.085176577,12726,True,71,,-14592,0.0,0.0,0.339395,0.357185
2593,baseline_overlay_pass->release->rtl_overlay_pass,5.614905,14.55257,3.30408,23.523355,-0.4453125,-0.087508131,12727,True,71,179,-14592,5.712499,15.184652,0.863022,21.802984,-0.4453125,-0.087508131,12727,True,71,,-14592,0.0,0.0,0.361985,0.333385
2594,baseline_overlay_pass->release->rtl_overlay_pass,5.602315,14.418818,3.32165,23.399633,-0.4453125,-0.088440752,12726,True,71,179,-14592,5.646248,14.772686,0.902973,21.365789,-0.4453125,-0.088440752,12726,True,71,,-14592,0.0,0.0,0.353105,0.382865
2595,baseline_overlay_pass->release->rtl_overlay_pass,5.683995,14.324676,3.023966,23.083538,-0.4140625,-0.075688801,12643,True,75,179,-13568,5.70826,14.767606,1.005414,21.531301,-0.4140625,-0.075688801,12643,True,75,,-13568,0.0,0.0,0.447996,0.352375
2596,baseline_overlay_pass->release->rtl_overlay_pass,5.612324,14.406487,2.863513,22.928585,-0.4140625,-0.07996302,12677,True,75,179,-13568,5.66972,14.399171,0.890963,21.005974,-0.4140625,-0.07996302,12677,True,75,,-13568,0.0,0.0,0.380196,0.335795
2597,baseline_overlay_pass->release->rtl_overlay_pass,5.578494,14.384797,2.913533,22.925176,-0.4140625,-0.081672708,12672,True,75,179,-13568,5.586258,14.419332,0.882962,20.932812,-0.4140625,-0.081672708,12672,True,75,,-13568,0.0,0.0,0.381505,0.327904
2598,baseline_overlay_pass->release->rtl_overlay_pass,5.631555,14.407948,2.877363,22.968356,-0.2734375,-0.023294083,12397,True,93,179,-8960,5.75,14.477822,0.882432,21.154665,-0.2734375,-0.023294083,12397,True,93,,-8960,0.0,0.0,0.379455,0.331835
2599,baseline_overlay_pass->release->rtl_overlay_pass,5.574364,14.482328,2.921654,23.025218,-0.2734375,-0.042130133,12396,True,93,179,-8960,5.872912,14.379711,0.877362,21.177676,-0.2734375,-0.042130133,12396,True,93,,-8960,0.0,0.0,0.374406,0.327755
2600,baseline_overlay_pass->release->rtl_overlay_pass,5.749457,14.324346,2.918954,23.038328,-0.2734375,-0.049664553,12401,True,93,179,-8960,6.084625,14.892548,0.895502,21.920816,-0.2734375,-0.049664553,12401,True,93,,-8960,0.0,0.0,0.361785,0.330775
2601,baseline_overlay_pass->release->rtl_overlay_pass,5.819818,14.307856,2.909774,23.083898,-0.2265625,-0.032990821,12268,True,99,179,-7424,5.687369,15.308524,0.839572,21.879975,-0.2265625,-0.032990821,12268,True,99,,-7424,0.0,0.0,0.343655,0.329414
2602,baseline_overlay_pass->release->rtl_overlay_pass,5.98645,14.374447,2.885474,23.294322,-0.2265625,-0.040383829,12284,True,99,179,-7424,5.629419,15.282254,0.855932,21.814055,-0.2265625,-0.040383829,12284,True,99,,-7424,0.0,0.0,0.356475,0.327945
2603,baseline_overlay_pass->release->rtl_overlay_pass,6.322795,14.377887,2.928905,23.676527,-0.2265625,-0.043341031,12279,True,99,179,-7424,5.609929,14.743356,0.851192,21.249397,-0.2265625,-0.043341031,12279,True,99,,-7424,0.0,0.0,0.356545,0.328155
2604,baseline_overlay_pass->release->rtl_overlay_pass,6.165363,14.485689,2.871443,23.570976,-0.15625,-0.014992663,12175,True,108,179,-5120,5.669589,15.305204,0.925503,21.946977,-0.15625,-0.014992663,12175,True,108,,-5120,0.0,0.0,0.395946,0.348585
2605,baseline_overlay_pass->release->rtl_overlay_pass,6.024651,14.758263,2.843223,23.677917,-0.15625,-0.024747065,12168,True,108,179,-5120,5.620378,14.913628,0.976464,21.559961,-0.15625,-0.024747065,12168,True,108,,-5120,0.0,0.0,0.445446,0.339345
2606,baseline_overlay_pass->release->rtl_overlay_pass,5.994301,15.094798,2.834943,23.976012,-0.15625,-0.028648826,12180,True,108,179,-5120,5.606008,14.456712,0.910563,21.021003,-0.15625,-0.028648826,12180,True,108,,-5120,0.0,0.0,0.403935,0.330874
2607,baseline_overlay_pass->release->rtl_overlay_pass,5.808957,15.239669,2.866573,23.961892,-0.1328125,-0.02036578,12106,True,111,179,-4352,5.688479,14.448252,0.901153,21.087164,-0.1328125,-0.02036578,12106,True,111,,-4352,0.0,0.0,0.388065,0.337095
2608,baseline_overlay_pass->release->rtl_overlay_pass,5.721997,15.25995,2.853163,23.882581,-0.1328125,-0.024083812,12100,True,111,179,-4352,5.580638,14.458962,0.880443,20.993693,-0.1328125,-0.024083812,12100,True,111,,-4352,0.0,0.0,0.370616,0.333175
2609,baseline_overlay_pass->release->rtl_overlay_pass,5.638355,15.392682,2.882294,23.959942,-0.1328125,-0.025571025,12118,True,111,179,-4352,5.586328,14.424401,0.892702,20.949222,-0.1328125,-0.025571025,12118,True,111,,-4352,0.0,0.0,0.381265,0.336794
2610,baseline_overlay_pass->release->rtl_overlay_pass,5.719096,14.809734,2.866793,23.444343,0.015625,0.02961534,11863,True,130,179,512,5.68274,14.523213,0.892622,21.142985,0.015625,0.02961534,11863,True,130,,512,0.0,0.0,0.384335,0.333975
2611,baseline_overlay_pass->release->rtl_overlay_pass,5.757337,14.709562,2.908204,23.421073,0.015625,0.011846136,11861,True,130,179,512,5.703649,14.388741,0.873502,21.009893,0.015625,0.011846136,11861,True,130,,512,0.0,0.0,0.367955,0.332675
2612,baseline_overlay_pass->release->rtl_overlay_pass,5.663056,14.663711,2.916154,23.291431,0.015625,0.004738454,11859,True,130,179,512,6.41226,14.282049,0.893262,21.631882,0.015625,0.004738454,11859,True,130,,512,0.0,0.0,0.379955,0.336334
2613,baseline_overlay_pass->release->rtl_overlay_pass,5.721527,14.706702,2.877693,23.353712,0.0859375,0.037989132,11966,True,139,179,2816,7.757499,14.391241,0.895842,23.089642,0.0859375,0.037989132,11966,True,139,,2816,0.0,0.0,0.387695,0.330675
2614,baseline_overlay_pass->release->rtl_overlay_pass,5.719796,15.955181,2.839353,24.5616,0.0859375,0.025508153,11954,True,139,179,2816,7.071828,14.809336,0.885692,22.816679,0.0859375,0.025508153,11954,True,139,,2816,0.0,0.0,0.357345,0.358965
2615,baseline_overlay_pass->release->rtl_overlay_pass,5.666025,15.159439,2.892354,23.767408,0.0859375,0.020515761,11964,True,139,179,2816,5.677659,15.489016,0.824942,22.036378,0.0859375,0.020515761,11964,True,139,,2816,0.0,0.0,0.330654,0.328974
2616,baseline_overlay_pass->release->rtl_overlay_pass,5.640655,14.62531,3.061476,23.380033,0.109375,0.028362554,12079,True,142,179,3584,5.554588,15.503476,0.853602,21.956047,0.109375,0.028362554,12079,True,142,,3584,0.0,0.0,0.355225,0.332315
2617,baseline_overlay_pass->release->rtl_overlay_pass,5.588475,14.57477,3.174678,23.389133,0.109375,0.024470022,12074,True,142,179,3584,5.578958,14.747856,0.852542,21.224596,0.109375,0.024470022,12074,True,142,,3584,0.0,0.0,0.354165,0.333254
2618,baseline_overlay_pass->release->rtl_overlay_pass,5.642265,14.53465,3.146357,23.376172,0.109375,0.022913009,12079,True,142,179,3584,5.638829,14.753776,0.914743,21.353068,0.109375,0.022913009,12079,True,142,,3584,0.0,0.0,0.388956,0.348925
2619,baseline_overlay_pass->release->rtl_overlay_pass,5.647055,14.309716,2.931974,22.939045,0.1171875,0.025571453,12083,True,143,179,3840,5.602198,16.335418,0.994014,22.98083,0.1171875,0.025571453,12083,True,143,,3840,0.0,0.0,0.456287,0.343795
2620,baseline_overlay_pass->release->rtl_overlay_pass,5.593295,14.312436,2.896994,22.853205,0.1171875,0.024291081,12063,True,143,179,3840,5.630248,14.634175,1.819305,22.132788,0.1171875,0.024291081,12063,True,143,,3840,0.0,0.0,0.434746,1.179036
2621,baseline_overlay_pass->release->rtl_overlay_pass,5.644525,14.397757,2.915803,23.004537,0.1171875,0.023778933,12066,True,143,179,3840,5.599118,14.447331,0.874302,20.971763,0.1171875,0.023778933,12066,True,143,,3840,0.0,0.0,0.366406,0.335145
2622,baseline_overlay_pass->release->rtl_overlay_pass,5.611494,14.379917,2.892613,22.930085,0.1328125,0.030136573,11975,True,145,179,4352,5.680339,14.480942,0.886163,21.095725,0.1328125,0.030136573,11975,True,145,,4352,0.0,0.0,0.376896,0.333245
2623,baseline_overlay_pass->release->rtl_overlay_pass,5.775307,14.58842,2.896074,23.307741,0.1328125,0.027992129,11977,True,145,179,4352,5.609308,14.414861,0.885522,20.949362,0.1328125,0.027992129,11977,True,145,,4352,0.0,0.0,0.373875,0.337775
2624,baseline_overlay_pass->release->rtl_overlay_pass,5.874999,14.413987,2.880624,23.22027,0.1328125,0.027134352,11977,True,145,179,4352,5.854622,14.596344,0.884072,21.380208,0.1328125,0.027134352,11977,True,145,,4352,0.0,0.0,0.378375,0.331874
2625,baseline_overlay_pass->release->rtl_overlay_pass,5.821128,14.314636,2.906784,23.090208,0.125,0.023509991,12008,True,144,179,4096,5.881432,14.36023,0.894652,21.182525,0.125,0.023509991,12008,True,144,,4096,0.0,0.0,0.379635,0.338314
2626,baseline_overlay_pass->release->rtl_overlay_pass,5.793567,14.492038,2.868173,23.20006,0.125,0.024403996,11997,True,144,179,4096,6.026134,14.968249,0.836942,21.878685,0.125,0.024403996,11997,True,144,,4096,0.0,0.0,0.345755,0.327304
2627,baseline_overlay_pass->release->rtl_overlay_pass,5.740307,14.712232,2.875014,23.377663,0.125,0.024761599,11993,True,144,179,4096,5.652199,14.970109,0.855922,21.52321,0.125,0.024761599,11993,True,144,,4096,0.0,0.0,0.353595,0.337704
2628,baseline_overlay_pass->release->rtl_overlay_pass,5.677135,15.086507,2.862303,23.677866,0.125,0.024904639,11911,True,144,179,4096,5.671329,14.720885,0.862972,21.300727,0.125,0.024904639,11911,True,144,,4096,0.0,0.0,0.359835,0.332825
2629,baseline_overlay_pass->release->rtl_overlay_pass,5.632835,14.952036,2.853263,23.484054,0.125,0.024961856,11925,True,144,179,4096,5.612229,14.898808,0.898592,21.45591,0.125,0.024961856,11925,True,144,,4096,0.0,0.0,0.379615,0.343685
2630,baseline_overlay_pass->release->rtl_overlay_pass,5.620555,14.921265,2.880913,23.470534,0.125,0.024984742,11914,True,144,179,4096,5.618518,14.772156,1.001294,21.451849,0.125,0.024984742,11914,True,144,,4096,0.0,0.0,0.461417,0.345105
2631,baseline_overlay_pass->release->rtl_overlay_pass,5.624875,14.753343,2.867913,23.294321,0.1171875,0.021712647,11897,True,143,179,3840,5.69885,14.279779,0.874693,20.900722,0.1171875,0.021712647,11897,True,143,,3840,0.0,0.0,0.375265,0.326815
2632,baseline_overlay_pass->release->rtl_overlay_pass,5.616704,14.697061,2.860083,23.220739,0.1171875,0.022747559,11890,True,143,179,3840,5.632109,14.397981,0.917233,20.991553,0.1171875,0.022747559,11890,True,143,,3840,0.0,0.0,0.413496,0.331355
2633,baseline_overlay_pass->release->rtl_overlay_pass,5.607015,15.001256,2.872944,23.528965,0.1171875,0.023161524,11896,True,143,179,3840,5.706989,14.37543,0.885623,21.012993,0.1171875,0.023161524,11896,True,143,,3840,0.0,0.0,0.378735,0.334115
2634,baseline_overlay_pass->release->rtl_overlay_pass,5.654456,14.696251,3.012646,23.412853,0.1015625,0.016764609,11897,True,141,179,3328,6.130725,14.39519,0.887342,21.458479,0.1015625,0.016764609,11897,True,141,,3328,0.0,0.0,0.373905,0.340055
2635,baseline_overlay_pass->release->rtl_overlay_pass,5.678315,14.483349,3.221159,23.442314,0.1015625,0.018893344,11895,True,141,179,3328,5.926533,15.117171,0.849542,21.944636,0.1015625,0.018893344,11895,True,141,,3328,0.0,0.0,0.349425,0.334015
2636,baseline_overlay_pass->release->rtl_overlay_pass,5.630235,14.431918,3.176988,23.292341,0.1015625,0.019744838,11891,True,141,179,3328,5.7013,15.334894,0.841722,21.924466,0.1015625,0.019744838,11891,True,141,,3328,0.0,0.0,0.348455,0.327515
2637,baseline_overlay_pass->release->rtl_overlay_pass,5.703506,14.349566,3.019226,23.125609,0.0859375,0.013522935,11878,True,139,179,2816,5.825821,14.727306,0.849402,21.448509,0.0859375,0.013522935,11878,True,139,,2816,0.0,0.0,0.352045,0.330674
2638,baseline_overlay_pass->release->rtl_overlay_pass,5.605974,14.405558,2.876963,22.937215,0.0859375,0.015721674,11867,True,139,179,2816,5.651639,14.880328,0.931643,21.51212,0.0859375,0.015721674,11867,True,139,,2816,0.0,0.0,0.423126,0.332615
2639,baseline_overlay_pass->release->rtl_overlay_pass,5.594854,14.55081,2.828503,23.022667,0.0859375,0.01660117,11869,True,139,179,2816,5.625829,14.712815,1.042005,21.430769,0.0859375,0.01660117,11869,True,139,,2816,0.0,0.0,0.527578,0.332385
2640,baseline_overlay_pass->release->rtl_overlay_pass,5.609514,14.529389,2.823982,23.008617,0.0703125,0.010390468,11833,True,137,179,2304,5.76027,14.366591,0.904922,21.079434,0.0703125,0.010390468,11833,True,137,,2304,0.0,0.0,0.399845,0.334095
2641,baseline_overlay_pass->release->rtl_overlay_pass,5.644635,14.392877,2.820252,22.902585,0.0703125,0.012593687,11829,True,137,179,2304,5.70421,14.397361,0.879833,21.027284,0.0703125,0.012593687,11829,True,137,,2304,0.0,0.0,0.376216,0.332205
2642,baseline_overlay_pass->release->rtl_overlay_pass,5.777447,14.428908,2.826563,23.081018,0.0703125,0.013474975,11835,True,137,179,2304,5.74641,14.408031,0.901692,21.101654,0.0703125,0.013474975,11835,True,137,,2304,0.0,0.0,0.396415,0.333604
2643,baseline_overlay_pass->release->rtl_overlay_pass,5.856398,14.385427,2.832723,23.122919,0.0625,0.01054624,11764,True,136,179,2048,6.050024,14.649214,0.896712,21.641852,0.0625,0.01054624,11764,True,136,,2048,0.0,0.0,0.386655,0.335295
2644,baseline_overlay_pass->release->rtl_overlay_pass,5.918069,14.507439,2.829883,23.301531,0.0625,0.011718496,11745,True,136,179,2048,5.936693,14.929928,0.832542,21.747984,0.0625,0.011718496,11745,True,136,,2048,0.0,0.0,0.340505,0.327775
2645,baseline_overlay_pass->release->rtl_overlay_pass,5.741586,14.889164,2.828033,23.514994,0.0625,0.012187398,11757,True,136,179,2048,5.589648,15.416995,0.847671,21.898735,0.0625,0.012187398,11757,True,136,,2048,0.0,0.0,0.343405,0.336875
2646,baseline_overlay_pass->release->rtl_overlay_pass,5.583804,15.24534,2.846873,23.726977,0.0546875,0.009093709,11781,True,135,179,1792,5.609368,14.814976,0.860812,21.330947,0.0546875,0.009093709,11781,True,135,,1792,0.0,0.0,0.365045,0.329835
2647,baseline_overlay_pass->release->rtl_overlay_pass,5.581894,15.410382,2.860873,23.89931,0.0546875,0.010199984,11771,True,135,179,1792,5.623759,14.700305,0.853212,21.222376,0.0546875,0.010199984,11771,True,135,,1792,0.0,0.0,0.360235,0.328094
2648,baseline_overlay_pass->release->rtl_overlay_pass,5.577514,15.540904,2.859793,24.024182,0.0546875,0.010642493,11773,True,135,179,1792,5.637939,14.862477,0.858522,21.406309,0.0546875,0.010642493,11773,True,135,,1792,0.0,0.0,0.356815,0.334755
2649,baseline_overlay_pass->release->rtl_overlay_pass,5.713746,15.164269,2.878433,23.804648,0.046875,0.007538247,11812,True,134,179,1536,5.598638,14.738716,0.848952,21.232676,0.046875,0.007538247,11812,True,134,,1536,0.0,0.0,0.353355,0.328875
2650,baseline_overlay_pass->release->rtl_overlay_pass,5.586214,15.107268,2.922714,23.665486,0.046875,0.008640299,11799,True,134,179,1536,5.719579,14.646764,1.028954,21.445838,0.046875,0.008640299,11799,True,134,,1536,0.0,0.0,0.430716,0.411156
2651,baseline_overlay_pass->release->rtl_overlay_pass,5.625975,14.786863,2.878254,23.340112,0.046875,0.00908112,11792,True,134,179,1536,5.912933,14.412181,1.43439,21.809294,0.046875,0.00908112,11792,True,134,,1536,0.0,0.0,0.374876,0.876362
2652,baseline_overlay_pass->release->rtl_overlay_pass,5.688055,14.723442,2.869703,23.330581,0.015625,-0.010430052,11852,True,130,179,512,5.704749,14.474742,0.894853,21.125665,0.015625,-0.010430052,11852,True,130,,512,0.0,0.0,0.384325,0.334435
2653,baseline_overlay_pass->release->rtl_overlay_pass,5.643435,15.014446,2.832653,23.539845,0.015625,-0.004172021,11838,True,130,179,512,5.651019,14.484471,0.918242,21.098514,0.015625,-0.004172021,11838,True,130,,512,0.0,0.0,0.379545,0.362955
2654,baseline_overlay_pass->release->rtl_overlay_pass,5.614465,14.869354,2.874663,23.408492,0.015625,-0.001668808,11852,True,130,179,512,5.698919,14.395951,0.893503,21.033703,0.015625,-0.001668808,11852,True,130,,512,0.0,0.0,0.385866,0.335645
2655,baseline_overlay_pass->release->rtl_overlay_pass,5.586344,15.636295,3.043505,24.315937,-0.09375,-0.040042523,11925,True,116,179,-3072,6.242817,14.829667,0.842372,21.957646,-0.09375,-0.040042523,11925,True,116,,-3072,0.0,0.0,0.346405,0.328684
2656,baseline_overlay_pass->release->rtl_overlay_pass,5.572874,14.568869,3.296029,23.489473,-0.09375,-0.027267009,11935,True,116,179,-3072,5.607408,15.04235,0.849102,21.54384,-0.09375,-0.027267009,11935,True,116,,-3072,0.0,0.0,0.335505,0.331584
2657,baseline_overlay_pass->release->rtl_overlay_pass,5.620065,14.58279,3.238529,23.492744,-0.09375,-0.022156804,11936,True,116,179,-3072,5.590407,14.880847,0.857002,21.373928,-0.09375,-0.022156804,11936,True,116,,-3072,0.0,0.0,0.349975,0.336175
2658,baseline_overlay_pass->release->rtl_overlay_pass,5.617385,14.345266,2.960414,22.973776,-0.09375,-0.020112721,11847,True,116,179,-3072,5.715269,14.721976,0.851902,21.334338,-0.09375,-0.020112721,11847,True,116,,-3072,0.0,0.0,0.354455,0.332175
2659,baseline_overlay_pass->release->rtl_overlay_pass,5.589924,14.466398,2.833413,22.938775,-0.09375,-0.019295089,11849,True,116,179,-3072,5.616709,14.518472,0.994554,21.178795,-0.09375,-0.019295089,11849,True,116,,-3072,0.0,0.0,0.460976,0.340914
2660,baseline_overlay_pass->release->rtl_overlay_pass,5.563454,14.63068,2.926514,23.165869,-0.09375,-0.018968035,11848,True,116,179,-3072,5.645068,14.38704,0.893063,20.972942,-0.09375,-0.018968035,11848,True,116,,-3072,0.0,0.0,0.381676,0.335945
2661,baseline_overlay_pass->release->rtl_overlay_pass,5.611494,14.423647,2.834283,22.919355,-0.0859375,-0.015555964,11824,True,117,179,-2816,5.70923,14.421691,0.908243,21.084994,-0.0859375,-0.015555964,11824,True,117,,-2816,0.0,0.0,0.403906,0.333134
2662,baseline_overlay_pass->release->rtl_overlay_pass,5.579154,14.401537,2.818983,22.846964,-0.0859375,-0.016534886,11810,True,117,179,-2816,5.655489,14.449591,0.887153,21.036834,-0.0859375,-0.016534886,11810,True,117,,-2816,0.0,0.0,0.378316,0.334705
2663,baseline_overlay_pass->release->rtl_overlay_pass,5.623934,14.447667,2.814622,22.929005,-0.0859375,-0.016926454,11821,True,117,179,-2816,5.861642,14.440771,0.892322,21.242556,-0.0859375,-0.016926454,11821,True,117,,-2816,0.0,0.0,0.379755,0.336594
2664,baseline_overlay_pass->release->rtl_overlay_pass,5.697015,14.429457,2.828413,23.001026,-0.0859375,-0.017083082,11793,True,117,179,-2816,5.78498,15.07344,0.845172,21.751983,-0.0859375,-0.017083082,11793,True,117,,-2816,0.0,0.0,0.352915,0.323484
2665,baseline_overlay_pass->release->rtl_overlay_pass,5.742877,14.370656,2.826642,22.983136,-0.0859375,-0.017145733,11799,True,117,179,-2816,5.7264,15.123881,0.833662,21.728393,-0.0859375,-0.017145733,11799,True,117,,-2816,0.0,0.0,0.339365,0.332235
2666,baseline_overlay_pass->release->rtl_overlay_pass,5.836408,14.656951,2.818512,23.358251,-0.0859375,-0.017170793,11788,True,117,179,-2816,5.591727,14.708575,0.853632,21.199596,-0.0859375,-0.017170793,11788,True,117,,-2816,0.0,0.0,0.358665,0.325374
2667,baseline_overlay_pass->release->rtl_overlay_pass,5.823998,14.57628,2.829213,23.277741,-0.078125,-0.013899567,11800,True,118,179,-2560,5.616248,14.896738,0.871562,21.429179,-0.078125,-0.013899567,11800,True,118,,-2560,0.0,0.0,0.355685,0.344355
2668,baseline_overlay_pass->release->rtl_overlay_pass,5.687785,15.086167,2.870613,23.699537,-0.078125,-0.014934827,11799,True,118,179,-2560,5.783221,14.540173,0.985454,21.357858,-0.078125,-0.014934827,11799,True,118,,-2560,0.0,0.0,0.432676,0.351385
2669,baseline_overlay_pass->release->rtl_overlay_pass,5.626275,15.369612,2.839013,23.88241,-0.078125,-0.015348931,11799,True,118,179,-2560,5.586908,14.527112,0.910062,21.072693,-0.078125,-0.015348931,11799,True,118,,-2560,0.0,0.0,0.397905,0.337254
2670,baseline_overlay_pass->release->rtl_overlay_pass,5.630125,14.960296,2.893903,23.532274,-0.0703125,-0.012233322,11807,True,119,179,-2304,5.629199,14.366731,0.891702,20.981762,-0.0703125,-0.012233322,11807,True,119,,-2304,0.0,0.0,0.378545,0.337155
2671,baseline_overlay_pass->release->rtl_overlay_pass,5.656135,15.034117,2.877143,23.613975,-0.0703125,-0.013330829,11811,True,119,179,-2304,5.790071,14.36342,0.942513,21.138284,-0.0703125,-0.013330829,11811,True,119,,-2304,0.0,0.0,0.413856,0.334095
2672,baseline_overlay_pass->release->rtl_overlay_pass,5.657705,14.800613,2.889323,23.395002,-0.0703125,-0.013769832,11807,True,119,179,-2304,5.70169,14.691525,0.864932,21.306447,-0.0703125,-0.013769832,11807,True,119,,-2304,0.0,0.0,0.359425,0.333464
2673,baseline_overlay_pass->release->rtl_overlay_pass,5.656855,14.636621,2.909254,23.25278,-0.0625,-0.010664183,11818,True,120,179,-2048,5.766731,14.913198,0.854402,21.579041,-0.0625,-0.010664183,11818,True,120,,-2048,0.0,0.0,0.332715,0.326814
2674,baseline_overlay_pass->release->rtl_overlay_pass,5.643485,14.802433,2.875003,23.369841,-0.0703125,-0.015046923,11817,True,119,179,-2304,5.629848,14.787146,0.863162,21.322598,-0.0703125,-0.015046923,11817,True,119,,-2304,0.0,0.0,0.361405,0.336915
2675,baseline_overlay_pass->release->rtl_overlay_pass,5.630975,15.992631,2.882344,24.55103,-0.0703125,-0.014456269,11815,True,119,179,-2304,5.72929,14.694775,0.896703,21.366688,-0.0703125,-0.014456269,11815,True,119,,-2304,0.0,0.0,0.371946,0.352085
2676,baseline_overlay_pass->release->rtl_overlay_pass,5.609334,14.626641,3.181038,23.467953,-0.0625,-0.010938758,11712,True,120,179,-2048,5.626758,14.839377,0.962884,21.47555,-0.0625,-0.010938758,11712,True,120,,-2048,0.0,0.0,0.424846,0.351765
2677,baseline_overlay_pass->release->rtl_overlay_pass,5.654086,14.439907,3.200968,23.345582,-0.0625,-0.011875503,11705,True,120,179,-2048,5.599378,15.06783,1.018154,21.733543,-0.0625,-0.011875503,11705,True,120,,-2048,0.0,0.0,0.465066,0.346305
2678,baseline_overlay_pass->release->rtl_overlay_pass,5.662596,14.352646,2.890544,22.961526,-0.0625,-0.012250201,11707,True,120,179,-2048,5.877002,14.439701,0.908122,21.271506,-0.0625,-0.012250201,11707,True,120,,-2048,0.0,0.0,0.399955,0.332134
2679,baseline_overlay_pass->release->rtl_overlay_pass,5.686676,14.315146,2.896294,22.949876,-0.0546875,-0.00911883,11769,True,121,179,-1792,5.668539,14.576543,0.891472,21.183675,-0.0546875,-0.00911883,11769,True,121,,-1792,0.0,0.0,0.386155,0.333284
2680,baseline_overlay_pass->release->rtl_overlay_pass,5.611365,14.286725,2.893094,22.840444,-0.0546875,-0.010210032,11751,True,121,179,-1792,5.566668,14.586464,0.879202,21.075094,-0.0546875,-0.010210032,11751,True,121,,-1792,0.0,0.0,0.368415,0.331964
2681,baseline_overlay_pass->release->rtl_overlay_pass,5.624775,14.325606,2.877134,22.873005,-0.0546875,-0.010646513,11774,True,121,179,-1792,6.314738,14.485202,0.891652,21.739793,-0.0546875,-0.010646513,11774,True,121,,-1792,0.0,0.0,0.382205,0.331614
2682,baseline_overlay_pass->release->rtl_overlay_pass,5.711726,14.512679,2.911644,23.185809,-0.046875,-0.007539855,11616,True,122,179,-1536,5.976423,14.718045,0.871592,21.612191,-0.046875,-0.007539855,11616,True,122,,-1536,0.0,0.0,0.362945,0.334335
2683,baseline_overlay_pass->release->rtl_overlay_pass,5.805707,14.352987,2.881753,23.087287,-0.046875,-0.008640942,11611,True,122,179,-1536,5.752421,15.255962,0.930542,21.984497,-0.046875,-0.008640942,11611,True,122,,-1536,0.0,0.0,0.446006,0.321925
2684,baseline_overlay_pass->release->rtl_overlay_pass,5.873958,14.506439,2.910584,23.339802,-0.046875,-0.009081377,11622,True,122,179,-1536,5.627019,15.431315,0.859292,21.961786,-0.046875,-0.009081377,11622,True,122,,-1536,0.0,0.0,0.355735,0.335354
2685,baseline_overlay_pass->release->rtl_overlay_pass,5.751217,14.780232,2.893373,23.479903,-0.03125,-0.002695051,11652,True,124,179,-1024,5.654659,14.770666,0.847492,21.320027,-0.03125,-0.002695051,11652,True,124,,-1024,0.0,0.0,0.351135,0.330445
2686,baseline_overlay_pass->release->rtl_overlay_pass,5.618364,15.077056,2.830752,23.574864,-0.03125,-0.00482802,11642,True,124,179,-1024,5.663739,14.748095,0.885792,21.342647,-0.03125,-0.00482802,11642,True,124,,-1024,0.0,0.0,0.365965,0.351825
2687,baseline_overlay_pass->release->rtl_overlay_pass,5.624314,15.054947,2.831153,23.557635,-0.03125,-0.005681208,11639,True,124,179,-1024,5.617838,14.898868,1.011794,21.57817,-0.03125,-0.005681208,11639,True,124,,-1024,0.0,0.0,0.454057,0.361925
2688,baseline_overlay_pass->release->rtl_overlay_pass,5.655995,15.032256,2.863333,23.598285,-0.0234375,-0.002741233,11587,True,125,179,-768,5.80532,14.36639,0.907983,21.126935,-0.0234375,-0.002741233,11587,True,125,,-768,0.0,0.0,0.377585,0.335525
2689,baseline_overlay_pass->release->rtl_overlay_pass,5.604574,14.958535,2.859553,23.470113,-0.0234375,-0.003908993,11585,True,125,179,-768,6.008154,14.619753,0.885032,21.55717,-0.0234375,-0.003908993,11585,True,125,,-768,0.0,0.0,0.378195,0.336784
2690,baseline_overlay_pass->release->rtl_overlay_pass,5.649375,14.744402,2.874354,23.316231,-0.0234375,-0.004376097,11592,True,125,179,-768,5.73497,14.634254,0.920842,21.335687,-0.0234375,-0.004376097,11592,True,125,,-768,0.0,0.0,0.414615,0.330655
2691,baseline_overlay_pass->release->rtl_overlay_pass,5.653425,15.379362,2.978525,24.060002,-0.0078125,0.005280811,11587,True,127,179,-256,6.023384,14.578973,0.881053,21.52902,-0.0078125,0.005280811,11587,True,127,,-256,0.0,0.0,0.373905,0.333415
2692,baseline_overlay_pass->release->rtl_overlay_pass,5.640785,15.29049,2.846313,23.824638,-0.0078125,0.002112324,11625,True,127,179,-256,6.089464,15.242722,0.861662,22.2402,-0.0078125,0.002112324,11625,True,127,,-256,0.0,0.0,0.356505,0.333834
2693,baseline_overlay_pass->release->rtl_overlay_pass,5.645325,15.233109,2.810653,23.735517,-0.0078125,0.00084493,11626,True,127,179,-256,6.020223,14.822796,0.838492,21.731943,-0.0078125,0.00084493,11626,True,127,,-256,0.0,0.0,0.342304,0.328594
2694,baseline_overlay_pass->release->rtl_overlay_pass,5.601675,15.680926,2.862403,24.190694,0.0,0.000337972,11668,True,128,179,0,5.687349,15.521887,0.842901,22.097728,0.0,0.000337972,11668,True,128,,0,0.0,0.0,0.346395,0.332515
2695,baseline_overlay_pass->release->rtl_overlay_pass,5.651945,15.762067,2.834993,24.295715,0.0,0.000135189,11679,True,128,179,0,5.76203,15.08751,0.853421,21.747322,0.0,0.000135189,11679,True,128,,0,0.0,0.0,0.356415,0.329685
2696,baseline_overlay_pass->release->rtl_overlay_pass,5.604084,15.29044,2.865143,23.807558,0.0,5.4076e-05,11674,True,128,179,0,5.73411,14.741635,0.897183,21.419368,0.0,5.4076e-05,11674,True,128,,0,0.0,0.0,0.383745,0.343175
2697,baseline_overlay_pass->release->rtl_overlay_pass,5.651895,15.435972,2.854943,24.032612,0.015625,2.163e-05,11647,True,130,179,512,5.649899,14.817617,0.972813,21.488459,0.015625,2.163e-05,11647,True,130,,512,0.0,0.0,0.426486,0.350995
2698,baseline_overlay_pass->release->rtl_overlay_pass,5.732566,15.23842,2.866093,23.885109,0.015625,8.652e-06,11593,True,130,179,512,5.662199,14.466461,0.891892,21.067213,0.015625,8.652e-06,11593,True,130,,512,0.0,0.0,0.383655,0.335924
2699,baseline_overlay_pass->release->rtl_overlay_pass,5.633365,15.363721,2.877573,23.92304,0.015625,3.461e-06,11599,True,130,179,512,5.587697,14.648974,0.883322,21.212805,0.015625,3.461e-06,11599,True,130,,512,0.0,0.0,0.374375,0.334404
2700,baseline_overlay_pass->release->rtl_overlay_pass,5.686696,14.967565,2.903673,23.606025,0.0234375,0.009845134,11656,True,131,179,768,6.108095,14.36954,0.888492,21.411668,0.0234375,0.009845134,11656,True,131,,768,0.0,0.0,0.378975,0.336435
2701,baseline_overlay_pass->release->rtl_overlay_pass,5.621175,15.540524,2.832413,24.066792,0.0234375,0.006750554,11635,True,131,179,768,5.909782,14.662304,0.901062,21.51821,0.0234375,0.006750554,11635,True,131,,768,0.0,0.0,0.385805,0.339834
2702,baseline_overlay_pass->release->rtl_overlay_pass,5.612434,15.184178,2.815833,23.663156,0.0234375,0.005512721,11643,True,131,179,768,6.082374,14.789256,0.953323,21.873884,0.0234375,0.005512721,11643,True,131,,768,0.0,0.0,0.359115,0.328904
2703,baseline_overlay_pass->release->rtl_overlay_pass,5.665736,14.777642,2.888374,23.378462,0.03125,0.008298839,11664,True,132,179,1024,5.639699,15.650958,0.831022,22.167299,0.03125,0.008298839,11664,True,132,,1024,0.0,0.0,0.335994,0.331544
2704,baseline_overlay_pass->release->rtl_overlay_pass,5.721277,14.813583,2.879693,23.460933,0.03125,0.007069535,11664,True,132,179,1024,5.671679,15.181061,0.853632,21.751953,0.03125,0.007069535,11664,True,132,,1024,0.0,0.0,0.360885,0.326605
2705,baseline_overlay_pass->release->rtl_overlay_pass,5.614334,14.807222,2.938044,23.408582,0.03125,0.006577814,11673,True,132,179,1024,5.661308,14.824976,0.850562,21.381647,0.03125,0.006577814,11673,True,132,,1024,0.0,0.0,0.351764,0.333115
2706,baseline_overlay_pass->release->rtl_overlay_pass,5.630735,15.2716,2.947264,23.897739,0.0546875,0.016224876,11527,True,135,179,1792,5.633019,14.777826,0.870252,21.328357,0.0546875,0.016224876,11527,True,135,,1792,0.0,0.0,0.362335,0.337374
2707,baseline_overlay_pass->release->rtl_overlay_pass,5.756367,15.26374,2.899034,23.967651,0.0546875,0.01305245,11488,True,135,179,1792,5.635899,14.609274,1.005284,21.298877,0.0546875,0.01305245,11488,True,135,,1792,0.0,0.0,0.448706,0.357025
2708,baseline_overlay_pass->release->rtl_overlay_pass,5.706326,14.764562,2.987765,23.507774,0.0546875,0.01178348,11488,True,135,179,1792,5.710179,14.331309,0.886993,20.977092,0.0546875,0.01178348,11488,True,135,,1792,0.0,0.0,0.376276,0.336985
2709,baseline_overlay_pass->release->rtl_overlay_pass,5.650155,15.29573,2.897533,23.893459,0.0625,0.014557142,11657,True,136,179,2048,5.696719,14.464721,0.911643,21.121884,0.0625,0.014557142,11657,True,136,,2048,0.0,0.0,0.380336,0.330974
2710,baseline_overlay_pass->release->rtl_overlay_pass,5.618915,14.784532,2.963134,23.415532,0.0625,0.013322857,11641,True,136,179,2048,5.589578,14.36121,0.879473,20.873201,0.0625,0.013322857,11641,True,136,,2048,0.0,0.0,0.368076,0.340135
2711,baseline_overlay_pass->release->rtl_overlay_pass,5.636505,14.895544,3.095787,23.680536,0.0625,0.012829143,11641,True,136,179,2048,5.80073,14.40007,0.881492,21.127934,0.0625,0.012829143,11641,True,136,,2048,0.0,0.0,0.373915,0.336225
2712,baseline_overlay_pass->release->rtl_overlay_pass,5.630365,14.845944,2.969895,23.494954,0.078125,0.019194157,11755,True,138,179,2560,5.76893,14.575153,0.874312,21.264077,0.078125,0.019194157,11755,True,138,,2560,0.0,0.0,0.368796,0.334045
2713,baseline_overlay_pass->release->rtl_overlay_pass,5.581814,14.772223,2.993375,23.396212,0.078125,0.017052663,11764,True,138,179,2560,5.622968,15.03087,0.826531,21.523079,0.078125,0.017052663,11764,True,138,,2560,0.0,0.0,0.336785,0.327925
2714,baseline_overlay_pass->release->rtl_overlay_pass,5.568774,14.786133,3.126167,23.531604,0.078125,0.016196065,11752,True,138,179,2560,5.669679,14.896897,0.862162,21.475869,0.078125,0.016196065,11752,True,138,,2560,0.0,0.0,0.361645,0.335935
2715,baseline_overlay_pass->release->rtl_overlay_pass,5.637155,14.483187,3.172277,23.347151,0.078125,0.015853426,11736,True,138,179,2560,5.635428,14.748236,0.924753,21.354577,0.078125,0.015853426,11736,True,138,,2560,0.0,0.0,0.396966,0.351025
2716,baseline_overlay_pass->release->rtl_overlay_pass,5.618914,14.392216,3.228569,23.29696,0.078125,0.01571637,11761,True,138,179,2560,5.71914,14.627654,0.985694,21.382568,0.078125,0.01571637,11761,True,138,,2560,0.0,0.0,0.448126,0.340825
2717,baseline_overlay_pass->release->rtl_overlay_pass,5.696086,14.445017,3.158938,23.352631,0.078125,0.015661548,11730,True,138,179,2560,5.602778,14.738025,0.900033,21.288676,0.078125,0.015661548,11730,True,138,,2560,0.0,0.0,0.391256,0.333335
2718,baseline_overlay_pass->release->rtl_overlay_pass,5.641365,14.555419,2.970835,23.219039,0.0859375,0.018920869,11826,True,139,179,2816,5.73133,14.398711,0.897482,21.073293,0.0859375,0.018920869,11826,True,139,,2816,0.0,0.0,0.388585,0.335925
2719,baseline_overlay_pass->release->rtl_overlay_pass,5.595834,14.314085,2.900044,22.860824,0.0859375,0.017880848,11823,True,139,179,2816,5.79975,14.621833,0.887223,21.358947,0.0859375,0.017880848,11823,True,139,,2816,0.0,0.0,0.371655,0.334615
2720,baseline_overlay_pass->release->rtl_overlay_pass,5.585034,14.456107,2.982034,23.074476,0.0859375,0.017464839,11810,True,139,179,2816,5.858911,14.707454,0.868352,21.481929,0.0859375,0.017464839,11810,True,139,,2816,0.0,0.0,0.362525,0.332285
2721,baseline_overlay_pass->release->rtl_overlay_pass,5.603645,14.434897,2.882463,22.967626,0.0703125,0.010735936,11673,True,137,179,2304,5.624178,15.547277,0.862802,22.081547,0.0703125,0.010735936,11673,True,137,,2304,0.0,0.0,0.359765,0.333765
2722,baseline_overlay_pass->release->rtl_overlay_pass,5.628144,14.538069,2.881664,23.095828,0.0703125,0.012731874,11676,True,137,179,2304,5.666099,14.864397,0.855362,21.431038,0.0703125,0.012731874,11676,True,137,,2304,0.0,0.0,0.358155,0.326654
2723,baseline_overlay_pass->release->rtl_overlay_pass,5.742326,14.499678,2.895013,23.186958,0.0703125,0.01353025,11684,True,137,179,2304,5.624648,14.750395,0.860622,21.281916,0.0703125,0.01353025,11684,True,137,,2304,0.0,0.0,0.357235,0.334004
2724,baseline_overlay_pass->release->rtl_overlay_pass,5.786077,14.347566,2.890503,23.071876,0.0390625,0.0007246,11886,True,133,179,1280,5.688349,14.664464,1.016204,21.416758,0.0390625,0.0007246,11886,True,133,,1280,0.0,0.0,0.436256,0.353375
2725,baseline_overlay_pass->release->rtl_overlay_pass,5.750587,14.482138,2.871823,23.152308,0.0390625,0.00497734,11868,True,133,179,1280,5.597758,14.475942,0.900263,21.022183,0.0390625,0.00497734,11868,True,133,,1280,0.0,0.0,0.390946,0.337335
2726,baseline_overlay_pass->release->rtl_overlay_pass,5.661965,14.799202,2.873463,23.386902,0.0390625,0.006678436,11867,True,133,179,1280,5.610958,14.35927,0.882502,20.897521,0.0390625,0.006678436,11867,True,133,,1280,0.0,0.0,0.375285,0.335544
2727,baseline_overlay_pass->release->rtl_overlay_pass,5.609544,15.089577,2.844363,23.590324,-0.0078125,-0.009047376,11923,True,127,179,-256,5.72821,14.448391,0.901133,21.120644,-0.0078125,-0.009047376,11923,True,127,,-256,0.0,0.0,0.392666,0.333355
2728,baseline_overlay_pass->release->rtl_overlay_pass,5.583174,14.976685,2.861053,23.467023,-0.0078125,-0.00361895,11911,True,127,179,-256,5.779541,14.409931,0.879172,21.114064,-0.0078125,-0.00361895,11911,True,127,,-256,0.0,0.0,0.373265,0.333134
2729,baseline_overlay_pass->release->rtl_overlay_pass,5.578384,14.790372,2.858113,23.273629,-0.0078125,-0.00144758,11915,True,127,179,-256,5.708529,14.995178,0.853162,21.604981,-0.0078125,-0.00144758,11915,True,127,,-256,0.0,0.0,0.353525,0.330075
2730,baseline_overlay_pass->release->rtl_overlay_pass,5.667176,14.743842,2.980265,23.439483,-0.03125,-0.013704032,11842,True,124,179,-1024,5.602198,15.002649,0.844972,21.493769,-0.03125,-0.013704032,11842,True,124,,-1024,0.0,0.0,0.350715,0.326875
2731,baseline_overlay_pass->release->rtl_overlay_pass,5.618934,14.61251,2.897724,23.176219,-0.0234375,-0.005950363,11692,True,125,179,-768,5.809201,14.873267,0.872133,21.599321,-0.0234375,-0.005950363,11692,True,125,,-768,0.0,0.0,0.356615,0.345425
2732,baseline_overlay_pass->release->rtl_overlay_pass,5.618455,14.701011,2.898644,23.26417,-0.03125,-0.008473895,11717,True,124,179,-1024,5.688539,14.690044,0.916702,21.343258,-0.03125,-0.008473895,11717,True,124,,-1024,0.0,0.0,0.403005,0.333885
2733,baseline_overlay_pass->release->rtl_overlay_pass,5.658646,14.797382,2.964864,23.472523,-0.0546875,-0.016983308,11789,True,121,179,-1792,5.662769,14.501222,0.964564,21.176735,-0.0546875,-0.016983308,11789,True,121,,-1792,0.0,0.0,0.428256,0.342535
2734,baseline_overlay_pass->release->rtl_overlay_pass,5.666745,14.816183,2.883374,23.415762,-0.0546875,-0.013355823,11785,True,121,179,-1792,5.645808,14.486871,0.881793,21.062063,-0.0546875,-0.013355823,11785,True,121,,-1792,0.0,0.0,0.368165,0.338675
2735,baseline_overlay_pass->release->rtl_overlay_pass,5.581044,14.527038,3.021226,23.182669,-0.0546875,-0.011904829,11660,True,121,179,-1792,5.583548,14.40784,0.885792,20.921921,-0.0546875,-0.011904829,11660,True,121,,-1792,0.0,0.0,0.375015,0.336315
2736,baseline_overlay_pass->release->rtl_overlay_pass,5.651575,14.476228,3.253899,23.434842,-0.0859375,-0.024449432,11922,True,117,179,-2816,5.866142,14.332479,0.888532,21.133774,-0.0859375,-0.024449432,11922,True,117,,-2816,0.0,0.0,0.377595,0.336164
2737,baseline_overlay_pass->release->rtl_overlay_pass,5.629985,14.459058,3.142267,23.28438,-0.0859375,-0.020092273,11930,True,117,179,-2816,5.69481,14.947108,0.842502,21.53328,-0.0859375,-0.020092273,11930,True,117,,-2816,0.0,0.0,0.345515,0.327674
2738,baseline_overlay_pass->release->rtl_overlay_pass,5.632144,14.453207,3.128387,23.266549,-0.0859375,-0.018349409,11925,True,117,179,-2816,5.644719,15.206782,0.854872,21.751873,-0.0859375,-0.018349409,11925,True,117,,-2816,0.0,0.0,0.354715,0.332994
2739,baseline_overlay_pass->release->rtl_overlay_pass,5.656005,14.364866,3.002625,23.075417,-0.3515625,-0.129214764,11683,True,83,179,-11520,5.626858,14.746326,0.844362,21.262916,-0.3515625,-0.129214764,11683,True,83,,-11520,0.0,0.0,0.350725,0.325495
2740,baseline_overlay_pass->release->rtl_overlay_pass,5.625725,14.491458,2.884524,23.051277,-0.3515625,-0.093873405,11694,True,83,179,-11520,5.73516,14.709355,0.904463,21.396028,-0.3515625,-0.093873405,11694,True,83,,-11520,0.0,0.0,0.361925,0.341085
2741,baseline_overlay_pass->release->rtl_overlay_pass,5.622074,14.331745,2.895644,22.895284,-0.3515625,-0.079736862,11681,True,83,179,-11520,5.620248,14.744065,0.980893,21.391937,-0.3515625,-0.079736862,11681,True,83,,-11520,0.0,0.0,0.427216,0.360446
2742,baseline_overlay_pass->release->rtl_overlay_pass,5.713316,14.474278,2.898404,23.135078,-0.3984375,-0.093769745,11749,True,77,179,-13056,5.75531,14.38345,0.884422,21.070293,-0.3984375,-0.093769745,11749,True,77,,-13056,0.0,0.0,0.371655,0.336825
2743,baseline_overlay_pass->release->rtl_overlay_pass,5.622405,14.442757,2.812593,22.925035,-0.3984375,-0.085320398,11767,True,77,179,-13056,5.595698,14.514622,0.874372,21.028822,-0.3984375,-0.085320398,11767,True,77,,-13056,0.0,0.0,0.367765,0.333964
2744,baseline_overlay_pass->release->rtl_overlay_pass,5.681276,14.408657,2.828023,22.964076,-0.3984375,-0.081940659,11760,True,77,179,-13056,5.637708,14.42096,0.884902,20.987622,-0.3984375,-0.081940659,11760,True,77,,-13056,0.0,0.0,0.373115,0.337445
2745,baseline_overlay_pass->release->rtl_overlay_pass,5.751656,14.416277,2.859873,23.075097,-0.4765625,-0.113401264,11795,True,67,179,-15616,5.871182,14.427521,0.891763,21.236946,-0.4765625,-0.113401264,11795,True,67,,-15616,0.0,0.0,0.379735,0.333575
2746,baseline_overlay_pass->release->rtl_overlay_pass,5.764107,14.383166,2.834413,23.026806,-0.4765625,-0.102548005,11797,True,67,179,-15616,5.695349,14.923578,0.842182,21.5079,-0.4765625,-0.102548005,11797,True,67,,-15616,0.0,0.0,0.346635,0.328445
2747,baseline_overlay_pass->release->rtl_overlay_pass,5.758776,14.68018,2.835062,23.362311,-0.4765625,-0.098206702,11793,True,67,179,-15616,5.617129,14.738015,0.849202,21.249436,-0.4765625,-0.098206702,11793,True,67,,-15616,0.0,0.0,0.348405,0.327164
2748,baseline_overlay_pass->release->rtl_overlay_pass,5.657405,14.857223,2.827473,23.392522,-0.53125,-0.119438931,11675,True,60,179,-17408,5.664329,15.009749,0.860232,21.57892,-0.53125,-0.119438931,11675,True,60,,-17408,0.0,0.0,0.357365,0.337865
2749,baseline_overlay_pass->release->rtl_overlay_pass,5.671615,15.153627,2.849073,23.723596,-0.53125,-0.111525572,11671,True,60,179,-17408,5.649979,14.656994,0.972754,21.328387,-0.53125,-0.111525572,11671,True,60,,-17408,0.0,0.0,0.436876,0.345695
2750,baseline_overlay_pass->release->rtl_overlay_pass,5.795037,14.969025,2.862873,23.674566,-0.53125,-0.108360229,11677,True,60,179,-17408,5.611578,14.438811,0.901633,21.000902,-0.53125,-0.108360229,11677,True,60,,-17408,0.0,0.0,0.385666,0.332155
2751,baseline_overlay_pass->release->rtl_overlay_pass,5.626244,14.950075,2.883974,23.509473,-0.6015625,-0.136625342,11427,True,51,179,-19712,5.695579,14.614653,0.865152,21.223465,-0.6015625,-0.136625342,11427,True,51,,-19712,0.0,0.0,0.363175,0.330135
2752,baseline_overlay_pass->release->rtl_overlay_pass,5.607274,14.973815,2.897853,23.525713,-0.6015625,-0.126837637,11428,True,51,179,-19712,5.594198,14.415461,0.886442,20.941472,-0.6015625,-0.126837637,11428,True,51,,-19712,0.0,0.0,0.379516,0.333215
2753,baseline_overlay_pass->release->rtl_overlay_pass,5.636715,14.749392,2.902563,23.33517,-0.6015625,-0.122922555,11433,True,51,179,-19712,5.76461,14.425391,0.893282,21.129073,-0.6015625,-0.122922555,11433,True,51,,-19712,0.0,0.0,0.381735,0.336425
2754,baseline_overlay_pass->release->rtl_overlay_pass,5.628715,14.615179,2.884703,23.174938,-0.75,-0.183700272,9369,True,32,179,-24576,5.724039,15.015578,0.892042,21.675851,-0.75,-0.183700272,9369,True,32,,-24576,0.0,0.0,0.369455,0.332635
2755,baseline_overlay_pass->release->rtl_overlay_pass,5.632635,14.711421,2.874804,23.26689,-0.75,-0.163480109,9369,True,32,179,-24576,5.631768,15.10806,0.845712,21.629751,-0.75,-0.163480109,9369,True,32,,-24576,0.0,0.0,0.347844,0.331444
2756,baseline_overlay_pass->release->rtl_overlay_pass,5.651655,14.60285,2.950154,23.254109,-0.75,-0.155392043,9369,True,32,179,-24576,5.685839,14.788906,0.887302,21.408247,-0.75,-0.155392043,9369,True,32,,-24576,0.0,0.0,0.355345,0.367835
2757,baseline_overlay_pass->release->rtl_overlay_pass,5.692845,15.95331,2.933834,24.63002,-0.7578125,-0.155438067,9238,True,31,179,-24832,5.635368,15.128711,0.865962,21.676482,-0.7578125,-0.155438067,9238,True,31,,-24832,0.0,0.0,0.359855,0.338335
2758,baseline_overlay_pass->release->rtl_overlay_pass,5.608074,14.542168,3.231329,23.434502,-0.7578125,-0.153112727,9238,True,31,179,-24832,5.649018,14.592242,1.091005,21.381387,-0.7578125,-0.153112727,9238,True,31,,-24832,0.0,0.0,0.472746,0.426486
2759,baseline_overlay_pass->release->rtl_overlay_pass,5.674725,14.507678,3.207358,23.444022,-0.7578125,-0.152182591,9234,True,31,179,-24832,5.579918,14.490812,0.892672,21.011493,-0.7578125,-0.152182591,9234,True,31,,-24832,0.0,0.0,0.381686,0.337485
2760,baseline_overlay_pass->release->rtl_overlay_pass,5.685985,14.996925,3.258389,23.9937,-0.7734375,-0.158373036,9033,True,29,179,-25344,5.74266,14.34707,0.914823,21.054453,-0.7734375,-0.158373036,9033,True,29,,-25344,0.0,0.0,0.380335,0.336855
2761,baseline_overlay_pass->release->rtl_overlay_pass,5.654775,14.66095,3.191288,23.558613,-0.7734375,-0.156161715,9031,True,29,179,-25344,5.661229,14.564933,0.891562,21.161004,-0.7734375,-0.156161715,9031,True,29,,-25344,0.0,0.0,0.380275,0.334164
2762,baseline_overlay_pass->release->rtl_overlay_pass,5.704916,14.543238,3.075676,23.377211,-0.7734375,-0.155277186,9033,True,29,179,-25344,5.960773,14.34668,0.893602,21.245675,-0.7734375,-0.155277186,9033,True,29,,-25344,0.0,0.0,0.385475,0.334014
2763,baseline_overlay_pass->release->rtl_overlay_pass,5.696086,14.761222,2.913304,23.418652,-0.8125,-0.171329624,8153,True,24,179,-26624,5.73193,15.06737,0.853512,21.701952,-0.8125,-0.171329624,8153,True,24,,-26624,0.0,0.0,0.354715,0.328434
2764,baseline_overlay_pass->release->rtl_overlay_pass,5.660695,14.683691,3.058656,23.452722,-0.8125,-0.16603185,8151,True,24,179,-26624,5.648738,15.257852,0.849262,21.800283,-0.8125,-0.16603185,8151,True,24,,-26624,0.0,0.0,0.344135,0.336605
2765,baseline_overlay_pass->release->rtl_overlay_pass,5.685105,14.816772,3.201438,23.757087,-0.8125,-0.16391274,8153,True,24,179,-26624,5.598428,14.770626,0.851892,21.269056,-0.8125,-0.16391274,8153,True,24,,-26624,0.0,0.0,0.355475,0.329595
2766,baseline_overlay_pass->release->rtl_overlay_pass,5.592024,14.683261,3.041466,23.366671,-0.8046875,-0.159783846,8192,True,25,179,-26368,5.78041,14.767685,0.878163,21.472379,-0.8046875,-0.159783846,8192,True,25,,-26368,0.0,0.0,0.360305,0.349625
2767,baseline_overlay_pass->release->rtl_overlay_pass,5.634014,14.59535,3.178598,23.459793,-0.8046875,-0.160476038,8193,True,25,179,-26368,5.600578,14.628284,0.975924,21.251916,-0.8046875,-0.160476038,8193,True,25,,-26368,0.0,0.0,0.420716,0.363025
2768,baseline_overlay_pass->release->rtl_overlay_pass,5.647665,14.818683,3.114327,23.632865,-0.8046875,-0.160752915,8190,True,25,179,-26368,5.629419,14.4238,0.888742,20.991732,-0.8046875,-0.160752915,8190,True,25,,-26368,0.0,0.0,0.372685,0.342294
2769,baseline_overlay_pass->release->rtl_overlay_pass,5.609704,14.668031,3.184988,23.514663,-0.7890625,-0.154301166,8667,True,27,179,-25856,5.68417,14.41432,0.891143,21.035913,-0.7890625,-0.154301166,8667,True,27,,-25856,0.0,0.0,0.379665,0.338435
2770,baseline_overlay_pass->release->rtl_overlay_pass,5.703926,14.440237,3.321299,23.517144,-0.7890625,-0.156407966,8663,True,27,179,-25856,5.645718,14.42183,0.900783,21.012182,-0.7890625,-0.156407966,8663,True,27,,-25856,0.0,0.0,0.388445,0.335455
2771,baseline_overlay_pass->release->rtl_overlay_pass,5.708806,14.268795,3.225128,23.253839,-0.7890625,-0.157250687,8661,True,27,179,-25856,5.859782,14.345719,0.916933,21.166784,-0.7890625,-0.157250687,8661,True,27,,-25856,0.0,0.0,0.407075,0.333034
2772,baseline_overlay_pass->release->rtl_overlay_pass,5.654995,14.289195,3.090636,23.085406,-0.78125,-0.154306525,8713,True,28,179,-25600,5.602868,15.038819,0.822671,21.509969,-0.78125,-0.154306525,8713,True,28,,-25600,0.0,0.0,0.331535,0.328525
2773,baseline_overlay_pass->release->rtl_overlay_pass,5.661085,14.461117,2.880643,23.052956,-0.78125,-0.15547261,8717,True,28,179,-25600,5.689079,14.812556,0.888323,21.435208,-0.78125,-0.15547261,8717,True,28,,-25600,0.0,0.0,0.359395,0.361935
2774,baseline_overlay_pass->release->rtl_overlay_pass,5.629044,14.367825,3.056965,23.100517,-0.78125,-0.155939044,8713,True,28,179,-25600,5.640398,14.845126,0.863252,21.393767,-0.78125,-0.155939044,8713,True,28,,-25600,0.0,0.0,0.358065,0.337214
2775,baseline_overlay_pass->release->rtl_overlay_pass,5.609784,14.308605,2.899534,22.867903,-0.7734375,-0.152844368,8877,True,29,179,-25344,5.653139,14.592033,1.028274,21.320766,-0.7734375,-0.152844368,8877,True,29,,-25344,0.0,0.0,0.497737,0.333105
2776,baseline_overlay_pass->release->rtl_overlay_pass,5.601124,14.350045,2.874773,22.871813,-0.7734375,-0.153950247,8881,True,29,179,-25344,5.681769,14.606493,0.884042,21.219995,-0.7734375,-0.153950247,8881,True,29,,-25344,0.0,0.0,0.369455,0.342205
2777,baseline_overlay_pass->release->rtl_overlay_pass,5.558674,14.304245,2.884433,22.794162,-0.7734375,-0.154392599,8880,True,29,179,-25344,5.645488,14.314629,0.883882,20.8904,-0.7734375,-0.154392599,8880,True,29,,-25344,0.0,0.0,0.375385,0.334964
2778,baseline_overlay_pass->release->rtl_overlay_pass,7.473102,14.376735,2.861963,24.759942,-0.765625,-0.15128829,9004,True,30,179,-25088,5.71198,14.563223,0.892342,21.210915,-0.765625,-0.15128829,9004,True,30,,-25088,0.0,0.0,0.383725,0.330984
2779,baseline_overlay_pass->release->rtl_overlay_pass,5.722746,14.348106,2.888913,23.004405,-0.765625,-0.152390316,9003,True,30,179,-25088,5.75184,14.462612,0.887642,21.146864,-0.765625,-0.152390316,9003,True,30,,-25088,0.0,0.0,0.380375,0.335354
2780,baseline_overlay_pass->release->rtl_overlay_pass,6.540238,14.339316,2.882563,23.809887,-0.765625,-0.152831126,8995,True,30,179,-25088,5.734709,14.826526,0.837362,21.445818,-0.765625,-0.152831126,8995,True,30,,-25088,0.0,0.0,0.342935,0.327214
2781,baseline_overlay_pass->release->rtl_overlay_pass,6.118222,14.262594,3.001835,23.429522,-0.734375,-0.139882451,9652,True,34,179,-24064,5.662619,15.225722,0.863982,21.796823,-0.734375,-0.139882451,9652,True,34,,-24064,0.0,0.0,0.361295,0.332454
2782,baseline_overlay_pass->release->rtl_overlay_pass,6.01238,14.341955,2.852592,23.254359,-0.734375,-0.14407798,9645,True,34,179,-24064,5.657778,14.733774,0.851792,21.288975,-0.734375,-0.14407798,9645,True,34,,-24064,0.0,0.0,0.357745,0.326265
2783,baseline_overlay_pass->release->rtl_overlay_pass,6.108262,14.523168,2.840063,23.519373,-0.734375,-0.145756192,9642,True,34,179,-24064,5.670199,14.707524,0.961404,21.387248,-0.734375,-0.145756192,9642,True,34,,-24064,0.0,0.0,0.421226,0.350235
2784,baseline_overlay_pass->release->rtl_overlay_pass,6.00274,14.629929,2.914923,23.597754,-0.71875,-0.139864977,9892,True,36,179,-23552,5.73799,14.38537,0.884643,21.057313,-0.71875,-0.139864977,9892,True,36,,-23552,0.0,0.0,0.375105,0.335645
2785,baseline_overlay_pass->release->rtl_overlay_pass,5.97834,14.865704,2.857073,23.753667,-0.71875,-0.142195991,9893,True,36,179,-23552,5.589637,14.644233,0.889523,21.171524,-0.71875,-0.142195991,9893,True,36,,-23552,0.0,0.0,0.371746,0.341035
2786,baseline_overlay_pass->release->rtl_overlay_pass,5.618185,16.607059,2.851352,25.128537,-0.71875,-0.143128396,9892,True,36,179,-23552,5.644778,14.36342,0.896612,20.948692,-0.71875,-0.143128396,9892,True,36,,-23552,0.0,0.0,0.387876,0.334385
2787,baseline_overlay_pass->release->rtl_overlay_pass,5.638184,15.809478,2.867373,24.366426,-0.703125,-0.136938859,10451,True,38,179,-23040,5.73936,14.39001,0.892773,21.067143,-0.703125,-0.136938859,10451,True,38,,-23040,0.0,0.0,0.380915,0.335815
2788,baseline_overlay_pass->release->rtl_overlay_pass,6.695801,14.876143,2.842073,24.463407,-0.6953125,-0.135869293,10448,True,39,179,-22784,5.76854,15.320403,0.826271,21.957836,-0.6953125,-0.135869293,10448,True,39,,-22784,0.0,0.0,0.338005,0.325235
2789,baseline_overlay_pass->release->rtl_overlay_pass,6.01224,14.836333,2.817803,23.716426,-0.703125,-0.141066467,10447,True,38,179,-23040,5.660548,15.062299,0.835592,21.60292,-0.703125,-0.141066467,10447,True,38,,-23040,0.0,0.0,0.348495,0.324234
2790,baseline_overlay_pass->release->rtl_overlay_pass,5.810457,14.594739,2.920514,23.376021,-0.6875,-0.134239087,10680,True,40,179,-22528,5.798361,14.741825,0.852452,21.438468,-0.6875,-0.134239087,10680,True,40,,-22528,0.0,0.0,0.353235,0.329534
2791,baseline_overlay_pass->release->rtl_overlay_pass,5.674605,15.014805,2.868203,23.646274,-0.6875,-0.136195635,10682,True,40,179,-22528,5.659779,15.069619,0.875983,21.650821,-0.6875,-0.136195635,10682,True,40,,-22528,0.0,0.0,0.364695,0.340355
2792,baseline_overlay_pass->release->rtl_overlay_pass,5.675956,14.927334,2.829933,23.486793,-0.6875,-0.136978254,10681,True,40,179,-22528,5.640718,14.44756,0.937473,21.078023,-0.6875,-0.136978254,10681,True,40,,-22528,0.0,0.0,0.408946,0.343625
2793,baseline_overlay_pass->release->rtl_overlay_pass,5.671286,14.898843,2.951914,23.570214,-0.6640625,-0.127447552,11147,True,43,179,-21760,5.70242,14.488701,0.884803,21.125794,-0.6640625,-0.127447552,11147,True,43,,-21760,0.0,0.0,0.374355,0.334305
2794,baseline_overlay_pass->release->rtl_overlay_pass,5.595494,15.191168,2.847203,23.683506,-0.6640625,-0.130666521,11146,True,43,179,-21760,5.629428,14.463151,0.897083,21.033582,-0.6640625,-0.130666521,11146,True,43,,-21760,0.0,0.0,0.386716,0.337555
2795,baseline_overlay_pass->release->rtl_overlay_pass,5.676565,14.726981,2.832782,23.282669,-0.6640625,-0.131954108,11142,True,43,179,-21760,5.716099,14.346639,0.909043,21.012952,-0.6640625,-0.131954108,11142,True,43,,-21760,0.0,0.0,0.402086,0.332964
2796,baseline_overlay_pass->release->rtl_overlay_pass,5.762957,14.629379,2.861593,23.30086,-0.6328125,-0.119344143,11765,True,47,179,-20736,5.847771,14.356539,0.885113,21.135364,-0.6328125,-0.119344143,11765,True,47,,-20736,0.0,0.0,0.375585,0.334755
2797,baseline_overlay_pass->release->rtl_overlay_pass,5.675265,14.929584,2.876694,23.528753,-0.6328125,-0.123675157,11768,True,47,179,-20736,5.71348,15.063459,0.854041,21.675422,-0.6328125,-0.123675157,11768,True,47,,-20736,0.0,0.0,0.364185,0.324695
2798,baseline_overlay_pass->release->rtl_overlay_pass,5.636305,14.67754,2.948584,23.30898,-0.6328125,-0.125407563,11767,True,47,179,-20736,5.637938,15.394774,0.863672,21.943005,-0.6328125,-0.125407563,11767,True,47,,-20736,0.0,0.0,0.351535,0.343305
2799,baseline_overlay_pass->release->rtl_overlay_pass,5.607234,14.814382,2.870773,23.33915,-0.6015625,-0.112975525,12370,True,51,179,-19712,5.666969,14.713355,0.944133,21.370417,-0.6015625,-0.112975525,12370,True,51,,-19712,0.0,0.0,0.451646,0.324914
2800,baseline_overlay_pass->release->rtl_overlay_pass,5.614074,14.746162,2.909984,23.31832,-0.6015625,-0.11737771,12379,True,51,179,-19712,5.674599,14.680914,0.905312,21.306746,-0.6015625,-0.11737771,12379,True,51,,-19712,0.0,0.0,0.387805,0.342554
2801,baseline_overlay_pass->release->rtl_overlay_pass,5.591904,14.684911,3.056846,23.383691,-0.6015625,-0.119138584,12363,True,51,179,-19712,5.673739,14.775646,0.997144,21.497179,-0.6015625,-0.119138584,12363,True,51,,-19712,0.0,0.0,0.442796,0.359955
2802,baseline_overlay_pass->release->rtl_overlay_pass,5.609775,15.504252,2.839292,24.00014,-0.6015625,-0.119842934,12510,True,51,179,-19712,5.629638,14.339089,0.894903,20.913031,-0.6015625,-0.119842934,12510,True,51,,-19712,0.0,0.0,0.384846,0.335395
2803,baseline_overlay_pass->release->rtl_overlay_pass,5.656665,14.911864,3.199158,23.815987,-0.6015625,-0.120124673,12511,True,51,179,-19712,5.713959,14.364069,0.910353,21.032102,-0.6015625,-0.120124673,12511,True,51,,-19712,0.0,0.0,0.401725,0.334414
2804,baseline_overlay_pass->release->rtl_overlay_pass,5.619574,14.760032,2.874653,23.300439,-0.6015625,-0.120237369,12507,True,51,179,-19712,5.836802,14.609883,0.897293,21.386848,-0.6015625,-0.120237369,12507,True,51,,-19712,0.0,0.0,0.377335,0.343305
2805,baseline_overlay_pass->release->rtl_overlay_pass,5.687866,14.64562,2.948014,23.33065,-0.6015625,-0.120282448,12681,True,51,179,-19712,6.101645,14.35997,0.885582,21.393747,-0.6015625,-0.120282448,12681,True,51,,-19712,0.0,0.0,0.378405,0.332535
2806,baseline_overlay_pass->release->rtl_overlay_pass,5.660055,14.868593,2.845242,23.421151,-0.6015625,-0.120300479,12671,True,51,179,-19712,6.046144,14.920738,0.861692,21.879664,-0.6015625,-0.120300479,12671,True,51,,-19712,0.0,0.0,0.357545,0.332214
2807,baseline_overlay_pass->release->rtl_overlay_pass,5.579723,14.640779,3.010095,23.284089,-0.6015625,-0.120307692,12684,True,51,179,-19712,5.630968,15.918442,0.838611,22.432451,-0.6015625,-0.120307692,12684,True,51,,-19712,0.0,0.0,0.342815,0.331885
2808,baseline_overlay_pass->release->rtl_overlay_pass,5.677875,14.692331,3.201208,23.623294,-0.59375,-0.117029327,12748,True,52,179,-19456,5.703679,14.888817,0.859262,21.496518,-0.59375,-0.117029327,12748,True,52,,-19456,0.0,0.0,0.358085,0.333384
2809,baseline_overlay_pass->release->rtl_overlay_pass,5.586504,14.432647,3.592724,23.663465,-0.59375,-0.118061731,12737,True,52,179,-19456,5.640599,14.748595,0.856702,21.291256,-0.59375,-0.118061731,12737,True,52,,-19456,0.0,0.0,0.358835,0.332764
2810,baseline_overlay_pass->release->rtl_overlay_pass,5.603434,14.364326,3.308,23.32885,-0.59375,-0.118474692,12744,True,52,179,-19456,5.614998,14.603013,0.990614,21.261815,-0.59375,-0.118474692,12744,True,52,,-19456,0.0,0.0,0.458576,0.336744
2811,baseline_overlay_pass->release->rtl_overlay_pass,5.667485,14.266374,3.052275,23.037375,-0.609375,-0.125202377,12854,True,50,179,-19968,5.602688,14.330769,0.887552,20.86722,-0.609375,-0.125202377,12854,True,50,,-19968,0.0,0.0,0.373695,0.339615
2812,baseline_overlay_pass->release->rtl_overlay_pass,5.587244,14.856823,2.849123,23.33566,-0.609375,-0.123205951,12860,True,50,179,-19968,6.030044,14.39678,0.884473,21.354537,-0.609375,-0.123205951,12860,True,50,,-19968,0.0,0.0,0.372346,0.338315
2813,baseline_overlay_pass->release->rtl_overlay_pass,5.601394,14.338305,2.887974,22.872663,-0.6015625,-0.11912613,12855,True,51,179,-19712,5.675699,14.592913,0.891553,21.204895,-0.6015625,-0.11912613,12855,True,51,,-19712,0.0,0.0,0.379885,0.336325
2814,baseline_overlay_pass->release->rtl_overlay_pass,5.612324,14.320784,2.906814,22.885673,-0.6171875,-0.126400452,13034,True,49,179,-20224,5.815621,14.472281,0.881662,21.215524,-0.6171875,-0.126400452,13034,True,49,,-20224,0.0,0.0,0.371405,0.333475
2815,baseline_overlay_pass->release->rtl_overlay_pass,5.605604,14.875863,2.821923,23.34995,-0.6171875,-0.124622681,13045,True,49,179,-20224,6.51551,14.841396,0.869752,22.27486,-0.6171875,-0.124622681,13045,True,49,,-20224,0.0,0.0,0.361625,0.336185
2816,baseline_overlay_pass->release->rtl_overlay_pass,5.647635,14.434987,3.258839,23.390481,-0.6171875,-0.123911572,13037,True,49,179,-20224,5.728129,15.410454,0.821151,22.053656,-0.6171875,-0.123911572,13037,True,49,,-20224,0.0,0.0,0.328764,0.329354
2817,baseline_overlay_pass->release->rtl_overlay_pass,5.677865,14.452366,2.829182,23.005995,-0.6328125,-0.130189629,13004,True,47,179,-20736,5.653078,15.345493,0.848792,21.892114,-0.6328125,-0.130189629,13004,True,47,,-20736,0.0,0.0,0.352845,0.327655
2818,baseline_overlay_pass->release->rtl_overlay_pass,5.604405,14.422156,2.872263,22.945084,-0.6328125,-0.128013352,12996,True,47,179,-20736,5.646068,15.052699,0.869482,21.61365,-0.6328125,-0.128013352,12996,True,47,,-20736,0.0,0.0,0.361635,0.338924
2819,baseline_overlay_pass->release->rtl_overlay_pass,5.582794,14.379165,2.895303,22.903513,-0.6328125,-0.127142841,12996,True,47,179,-20736,5.78932,14.690174,0.973153,21.497898,-0.6328125,-0.127142841,12996,True,47,,-20736,0.0,0.0,0.443646,0.343904
2820,baseline_overlay_pass->release->rtl_overlay_pass,5.699576,14.310715,2.956344,23.014405,-0.6328125,-0.126794636,13029,True,47,179,-20736,5.642518,14.581243,1.033234,21.306455,-0.6328125,-0.126794636,13029,True,47,,-20736,0.0,0.0,0.508517,0.332864
2821,baseline_overlay_pass->release->rtl_overlay_pass,5.833478,14.383246,2.891123,23.154408,-0.6328125,-0.126655355,13025,True,47,179,-20736,5.645389,14.537272,0.907583,21.135744,-0.6328125,-0.126655355,13025,True,47,,-20736,0.0,0.0,0.401286,0.332635
2822,baseline_overlay_pass->release->rtl_overlay_pass,5.915659,14.350285,2.880983,23.194078,-0.6328125,-0.126599642,13027,True,47,179,-20736,5.613088,14.38453,0.882122,20.92496,-0.6328125,-0.126599642,13027,True,47,,-20736,0.0,0.0,0.374395,0.335294
2823,baseline_overlay_pass->release->rtl_overlay_pass,6.499528,14.338465,2.850883,23.734386,-0.6328125,-0.126577357,12764,True,47,179,-20736,6.192816,14.376149,0.906922,21.522619,-0.6328125,-0.126577357,12764,True,47,,-20736,0.0,0.0,0.400405,0.331844
2824,baseline_overlay_pass->release->rtl_overlay_pass,6.062911,14.432837,2.908094,23.450042,-0.6328125,-0.126568443,12759,True,47,179,-20736,6.015394,14.509312,1.127736,21.696642,-0.6328125,-0.126568443,12759,True,47,,-20736,0.0,0.0,0.386005,0.565638
2825,baseline_overlay_pass->release->rtl_overlay_pass,6.129182,14.556528,2.851132,23.583264,-0.6328125,-0.126564877,12788,True,47,179,-20736,5.998964,15.035549,0.841071,21.922455,-0.6328125,-0.126564877,12788,True,47,,-20736,0.0,0.0,0.346915,0.326415
2826,baseline_overlay_pass->release->rtl_overlay_pass,5.829667,14.325815,2.876013,23.078276,-0.6328125,-0.126563451,12802,True,47,179,-20736,5.641328,15.980602,0.907653,22.575763,-0.6328125,-0.126563451,12802,True,47,,-20736,0.0,0.0,0.416535,0.324564
2827,baseline_overlay_pass->release->rtl_overlay_pass,6.02779,14.551149,2.863523,23.489632,-0.6328125,-0.12656288,12801,True,47,179,-20736,5.647949,15.187211,0.849822,21.730852,-0.6328125,-0.12656288,12801,True,47,,-20736,0.0,0.0,0.355235,0.329394
2828,baseline_overlay_pass->release->rtl_overlay_pass,5.97495,15.028305,2.869513,23.920019,-0.6328125,-0.126562652,12802,True,47,179,-20736,5.699789,14.835286,0.867372,21.447387,-0.6328125,-0.126562652,12802,True,47,,-20736,0.0,0.0,0.362545,0.333585
2829,baseline_overlay_pass->release->rtl_overlay_pass,5.650505,14.999485,2.820292,23.525083,-0.625,-0.123281311,12807,True,48,179,-20480,5.662518,14.650174,0.954853,21.316816,-0.625,-0.123281311,12807,True,48,,-20480,0.0,0.0,0.423366,0.347585
2830,baseline_overlay_pass->release->rtl_overlay_pass,5.659184,15.089956,2.833973,23.633685,-0.625,-0.124312524,12807,True,48,179,-20480,5.77443,14.628153,0.964253,21.419077,-0.625,-0.124312524,12807,True,48,,-20480,0.0,0.0,0.437506,0.333484
2831,baseline_overlay_pass->release->rtl_overlay_pass,5.586434,14.950424,2.828552,23.414881,-0.625,-0.12472501,12804,True,48,179,-20480,5.989583,14.40514,0.904402,21.346046,-0.625,-0.12472501,12804,True,48,,-20480,0.0,0.0,0.399035,0.330114
2832,baseline_overlay_pass->release->rtl_overlay_pass,5.627835,14.724901,2.871173,23.269289,-0.59375,-0.111765004,12800,True,52,179,-19456,5.593058,14.474731,0.892572,21.009041,-0.59375,-0.111765004,12800,True,52,,-19456,0.0,0.0,0.385336,0.330615
2833,baseline_overlay_pass->release->rtl_overlay_pass,5.565164,14.68443,2.888743,23.184588,-0.59375,-0.115956002,12794,True,52,179,-19456,5.76767,14.376259,0.920263,21.107273,-0.59375,-0.115956002,12794,True,52,,-19456,0.0,0.0,0.413625,0.332864
2834,baseline_overlay_pass->release->rtl_overlay_pass,5.627154,14.770811,2.883014,23.32822,-0.59375,-0.117632401,12800,True,52,179,-19456,6.51985,14.312669,0.882753,21.763322,-0.59375,-0.117632401,12800,True,52,,-19456,0.0,0.0,0.369915,0.336645
2835,baseline_overlay_pass->release->rtl_overlay_pass,5.710676,14.982144,3.167537,23.908958,-0.5859375,-0.11502171,12841,True,53,179,-19200,6.087764,14.922557,0.893772,21.949804,-0.5859375,-0.11502171,12841,True,53,,-19200,0.0,0.0,0.386935,0.332475
2836,baseline_overlay_pass->release->rtl_overlay_pass,5.640934,15.122687,2.883343,23.691965,-0.5859375,-0.116321184,12840,True,53,179,-19200,5.654629,15.288702,0.855912,21.842973,-0.5859375,-0.116321184,12840,True,53,,-19200,0.0,0.0,0.334384,0.327555
2837,baseline_overlay_pass->release->rtl_overlay_pass,5.685305,14.609739,2.875353,23.217827,-0.5859375,-0.116840974,12830,True,53,179,-19200,5.77314,15.693068,0.853352,22.36464,-0.5859375,-0.116840974,12830,True,53,,-19200,0.0,0.0,0.350915,0.337305
2838,baseline_overlay_pass->release->rtl_overlay_pass,5.579624,15.173857,2.866423,23.663204,-0.5390625,-0.097361389,12742,True,59,179,-17664,5.672388,14.739914,1.208037,21.667651,-0.5390625,-0.097361389,12742,True,59,,-17664,0.0,0.0,0.480616,0.554667
2839,baseline_overlay_pass->release->rtl_overlay_pass,5.604544,14.979054,2.890343,23.520662,-0.5390625,-0.103632056,12745,True,59,179,-17664,5.625888,14.698634,0.858122,21.225785,-0.5390625,-0.103632056,12745,True,59,,-17664,0.0,0.0,0.354565,0.333975
2840,baseline_overlay_pass->release->rtl_overlay_pass,5.652285,14.587429,3.191128,23.481362,-0.53125,-0.102859072,12720,True,60,179,-17408,5.722259,15.162491,0.988544,21.923155,-0.53125,-0.102859072,12720,True,60,,-17408,0.0,0.0,0.433536,0.355405
2841,baseline_overlay_pass->release->rtl_overlay_pass,5.697185,14.710881,3.087816,23.548643,-0.515625,-0.098331129,12594,True,62,179,-16896,5.644798,14.46068,0.889352,21.043042,-0.515625,-0.098331129,12594,True,62,,-16896,0.0,0.0,0.379545,0.332104
2842,baseline_overlay_pass->release->rtl_overlay_pass,5.642065,15.935729,3.363341,24.994025,-0.515625,-0.101207452,12593,True,62,179,-16896,5.581827,14.577242,0.881713,21.088933,-0.515625,-0.101207452,12593,True,62,,-16896,0.0,0.0,0.373446,0.335705
2843,baseline_overlay_pass->release->rtl_overlay_pass,7.165657,16.215533,3.120156,26.568238,-0.515625,-0.102357981,12601,True,62,179,-16896,5.580117,14.42705,0.894322,20.944771,-0.515625,-0.102357981,12601,True,62,,-16896,0.0,0.0,0.385516,0.333625
2844,baseline_overlay_pass->release->rtl_overlay_pass,6.045341,16.053181,3.258479,25.417081,-0.5,-0.096255692,12533,True,64,179,-16384,5.73203,14.41461,0.883153,21.073613,-0.5,-0.096255692,12533,True,64,,-16384,0.0,0.0,0.375335,0.333675
2845,baseline_overlay_pass->release->rtl_overlay_pass,6.035911,17.949909,3.33577,27.382691,-0.5,-0.098502277,12536,True,64,179,-16384,6.406169,14.432461,0.970753,21.856263,-0.5,-0.098502277,12536,True,64,,-16384,0.0,0.0,0.376225,0.332525
2846,baseline_overlay_pass->release->rtl_overlay_pass,8.089671,14.944574,2.880114,25.965499,-0.5,-0.099400911,12528,True,64,179,-16384,5.629268,15.519716,0.838412,22.030676,-0.5,-0.099400911,12528,True,64,,-16384,0.0,0.0,0.339985,0.330295
2847,baseline_overlay_pass->release->rtl_overlay_pass,6.529258,14.396776,2.889713,23.860527,-0.46875,-0.086635364,12394,True,68,179,-15360,5.617398,14.830826,0.860842,21.353446,-0.46875,-0.086635364,12394,True,68,,-15360,0.0,0.0,0.352384,0.340315
2848,baseline_overlay_pass->release->rtl_overlay_pass,6.503407,14.619119,2.864242,24.033031,-0.46875,-0.090904146,12398,True,68,179,-15360,5.610297,15.259471,0.851981,21.765832,-0.46875,-0.090904146,12398,True,68,,-15360,0.0,0.0,0.353355,0.331935
2849,baseline_overlay_pass->release->rtl_overlay_pass,6.957194,14.676,2.816602,24.522498,-0.46875,-0.092611658,12400,True,68,179,-15360,5.599768,14.537152,0.990784,21.177254,-0.46875,-0.092611658,12400,True,68,,-15360,0.0,0.0,0.439806,0.351025
2850,baseline_overlay_pass->release->rtl_overlay_pass,5.797737,14.855422,2.803622,23.509332,-0.453125,-0.086732163,12307,True,70,179,-14848,5.587517,14.669384,1.164246,21.471728,-0.453125,-0.086732163,12307,True,70,,-14848,0.0,0.0,0.600329,0.362655
2851,baseline_overlay_pass->release->rtl_overlay_pass,5.679175,15.125607,2.774941,23.630484,-0.453125,-0.089067865,12296,True,70,179,-14848,5.7598,14.468611,0.894543,21.171964,-0.453125,-0.089067865,12296,True,70,,-14848,0.0,0.0,0.386206,0.331165
2852,baseline_overlay_pass->release->rtl_overlay_pass,5.598034,14.991604,2.839603,23.477542,-0.453125,-0.090002146,12306,True,70,179,-14848,5.584528,14.547622,0.874392,21.049002,-0.453125,-0.090002146,12306,True,70,,-14848,0.0,0.0,0.369385,0.331754
2853,baseline_overlay_pass->release->rtl_overlay_pass,5.613294,15.040465,2.799712,23.501792,-0.4140625,-0.073969608,12200,True,75,179,-13568,5.832651,14.316329,0.881022,21.075213,-0.4140625,-0.073969608,12200,True,75,,-13568,0.0,0.0,0.372736,0.335945
2854,baseline_overlay_pass->release->rtl_overlay_pass,5.579314,14.952964,2.811132,23.392281,-0.4140625,-0.079275343,12196,True,75,179,-13568,5.871012,14.860396,0.868382,21.6454,-0.4140625,-0.079275343,12196,True,75,,-13568,0.0,0.0,0.363135,0.331095
2855,baseline_overlay_pass->release->rtl_overlay_pass,5.636184,14.794972,2.871293,23.350569,-0.4140625,-0.081397637,12203,True,75,179,-13568,5.647289,14.988318,0.829432,21.537469,-0.4140625,-0.081397637,12203,True,75,,-13568,0.0,0.0,0.336005,0.329875
2856,baseline_overlay_pass->release->rtl_overlay_pass,5.727196,17.230048,2.837733,25.846217,-0.390625,-0.072402805,12094,True,78,179,-12800,5.76586,15.231671,0.843132,21.886654,-0.390625,-0.072402805,12094,True,78,,-12800,0.0,0.0,0.348745,0.330345
2857,baseline_overlay_pass->release->rtl_overlay_pass,5.898758,14.884743,2.820942,23.652314,-0.390625,-0.075836122,12090,True,78,179,-12800,5.654849,14.738035,0.870522,21.308756,-0.390625,-0.075836122,12090,True,78,,-12800,0.0,0.0,0.361925,0.338125
2858,baseline_overlay_pass->release->rtl_overlay_pass,5.691385,14.923554,2.992905,23.660194,-0.390625,-0.077209449,12088,True,78,179,-12800,5.586657,15.088509,0.924003,21.64611,-0.390625,-0.077209449,12088,True,78,,-12800,0.0,0.0,0.394906,0.347575
2859,baseline_overlay_pass->release->rtl_overlay_pass,5.579513,14.513698,3.031146,23.177867,-0.34375,-0.05807128,11968,True,84,179,-11264,5.692739,14.825846,0.973364,21.542419,-0.34375,-0.05807128,11968,True,84,,-11264,0.0,0.0,0.426896,0.333025
2860,baseline_overlay_pass->release->rtl_overlay_pass,5.621315,14.468777,3.189228,23.32946,-0.34375,-0.064478512,11966,True,84,179,-11264,5.605877,14.388869,0.885793,20.927501,-0.34375,-0.064478512,11966,True,84,,-11264,0.0,0.0,0.373195,0.336335
2861,baseline_overlay_pass->release->rtl_overlay_pass,5.681605,14.837522,3.260409,23.833747,-0.34375,-0.067041405,11962,True,84,179,-11264,5.605938,14.320399,0.892302,20.862639,-0.34375,-0.067041405,11962,True,84,,-11264,0.0,0.0,0.377065,0.338375
2862,baseline_overlay_pass->release->rtl_overlay_pass,5.658325,14.328735,3.008855,23.047055,-0.3203125,-0.058222812,11945,True,87,179,-10496,5.733859,14.484761,0.895942,21.161113,-0.3203125,-0.058222812,11945,True,87,,-10496,0.0,0.0,0.388715,0.330304
2863,baseline_overlay_pass->release->rtl_overlay_pass,5.595444,14.432556,2.875993,22.954724,-0.3203125,-0.061726625,11946,True,87,179,-10496,5.77225,14.631793,0.875382,21.328376,-0.3203125,-0.061726625,11946,True,87,,-10496,0.0,0.0,0.365656,0.335975
2864,baseline_overlay_pass->release->rtl_overlay_pass,5.632394,14.453136,2.833543,22.967654,-0.3203125,-0.06312815,11949,True,87,179,-10496,6.053484,14.960968,0.830932,21.890844,-0.3203125,-0.06312815,11949,True,87,,-10496,0.0,0.0,0.336475,0.329575
2865,baseline_overlay_pass->release->rtl_overlay_pass,5.677825,14.358235,2.827183,22.910883,-0.3046875,-0.05712626,11932,True,89,179,-9984,6.174856,15.362823,1.147835,22.728726,-0.3046875,-0.05712626,11932,True,89,,-9984,0.0,0.0,0.640269,0.327465
2866,baseline_overlay_pass->release->rtl_overlay_pass,5.757156,14.421446,2.842953,23.066506,-0.3046875,-0.059413004,11942,True,89,179,-9984,5.580338,14.678724,0.853862,21.157284,-0.3046875,-0.059413004,11942,True,89,,-9984,0.0,0.0,0.353095,0.333195
2867,baseline_overlay_pass->release->rtl_overlay_pass,5.710486,14.395326,2.858423,23.011595,-0.3046875,-0.060327702,11959,True,89,179,-9984,5.641549,15.327832,0.868762,21.882964,-0.3046875,-0.060327702,11959,True,89,,-9984,0.0,0.0,0.364205,0.331495
2868,baseline_overlay_pass->release->rtl_overlay_pass,5.782776,14.464546,2.859783,23.155766,-0.2421875,-0.034443581,11724,True,97,179,-7936,5.635518,14.45232,0.938653,21.077983,-0.2421875,-0.034443581,11724,True,97,,-7936,0.0,0.0,0.410085,0.339925
2869,baseline_overlay_pass->release->rtl_overlay_pass,5.794326,14.430936,2.816502,23.088666,-0.2421875,-0.042839932,11743,True,97,179,-7936,5.600168,14.466301,0.910903,21.024542,-0.2421875,-0.042839932,11743,True,97,,-7936,0.0,0.0,0.400046,0.333445
2870,baseline_overlay_pass->release->rtl_overlay_pass,5.904008,14.532097,2.823833,23.309299,-0.2421875,-0.046198473,11736,True,97,179,-7936,5.606078,14.39179,0.893693,20.937331,-0.2421875,-0.046198473,11736,True,97,,-7936,0.0,0.0,0.383836,0.334055
2871,baseline_overlay_pass->release->rtl_overlay_pass,5.667255,14.852823,2.801832,23.37412,-0.2265625,-0.040979389,11648,True,99,179,-7424,5.76588,14.289668,0.887453,20.984471,-0.2265625,-0.040979389,11648,True,99,,-7424,0.0,0.0,0.377505,0.331565
2872,baseline_overlay_pass->release->rtl_overlay_pass,5.692896,15.010435,2.783551,23.533583,-0.2265625,-0.043579256,11673,True,99,179,-7424,6.268037,14.3931,0.883812,21.589699,-0.2265625,-0.043579256,11673,True,99,,-7424,0.0,0.0,0.372395,0.335625
2873,baseline_overlay_pass->release->rtl_overlay_pass,5.599994,15.057055,2.828782,23.531122,-0.2265625,-0.044619202,11676,True,99,179,-7424,5.954213,15.270292,0.847872,22.119697,-0.2265625,-0.044619202,11676,True,99,,-7424,0.0,0.0,0.349735,0.329584
2874,baseline_overlay_pass->release->rtl_overlay_pass,5.594933,14.954194,2.874703,23.469911,-0.1796875,-0.025347681,11570,True,105,179,-5888,5.597468,14.978958,0.865062,21.488578,-0.1796875,-0.025347681,11570,True,105,,-5888,0.0,0.0,0.356875,0.338144
2875,baseline_overlay_pass->release->rtl_overlay_pass,5.715986,15.237888,2.885693,23.887017,-0.1796875,-0.031701572,11579,True,105,179,-5888,5.685118,15.13992,0.874412,21.744352,-0.1796875,-0.031701572,11579,True,105,,-5888,0.0,0.0,0.351525,0.328784
2876,baseline_overlay_pass->release->rtl_overlay_pass,5.579883,14.895343,2.903933,23.42664,-0.1796875,-0.034243129,11593,True,105,179,-5888,5.521817,14.730814,0.923953,21.224544,-0.1796875,-0.034243129,11593,True,105,,-5888,0.0,0.0,0.391155,0.352585
2877,baseline_overlay_pass->release->rtl_overlay_pass,5.721726,14.6588,2.889103,23.315659,-0.1484375,-0.022134752,11441,True,109,179,-4864,5.649928,14.333738,0.992283,21.024811,-0.1484375,-0.022134752,11441,True,109,,-4864,0.0,0.0,0.433586,0.353714
2878,baseline_overlay_pass->release->rtl_overlay_pass,5.619094,14.70216,2.864143,23.233567,-0.1484375,-0.026666401,11476,True,109,179,-4864,5.601407,14.474251,0.893872,21.018191,-0.1484375,-0.026666401,11476,True,109,,-4864,0.0,0.0,0.384515,0.333334
2879,baseline_overlay_pass->release->rtl_overlay_pass,5.731646,14.783811,2.965384,23.529462,-0.1484375,-0.02847906,11481,True,109,179,-4864,5.667058,14.368719,0.895013,20.974131,-0.1484375,-0.02847906,11481,True,109,,-4864,0.0,0.0,0.380316,0.335985
2880,baseline_overlay_pass->release->rtl_overlay_pass,5.654624,15.182737,3.168568,24.054,-0.1015625,-0.009516624,11343,True,115,179,-3328,6.163986,14.351229,0.885733,21.446378,-0.1015625,-0.009516624,11343,True,115,,-3328,0.0,0.0,0.375676,0.335455
2881,baseline_overlay_pass->release->rtl_overlay_pass,5.629604,14.69466,3.032966,23.40731,-0.1015625,-0.01599415,11334,True,115,179,-3328,5.855101,15.001268,0.882692,21.784822,-0.1015625,-0.01599415,11334,True,115,,-3328,0.0,0.0,0.372165,0.334225
2882,baseline_overlay_pass->release->rtl_overlay_pass,5.657945,14.764111,3.051175,23.522862,-0.1015625,-0.01858516,11328,True,115,179,-3328,5.629308,15.16402,0.822342,21.659511,-0.1015625,-0.01858516,11328,True,115,,-3328,0.0,0.0,0.328735,0.326995
2883,baseline_overlay_pass->release->rtl_overlay_pass,5.665445,14.498537,3.178888,23.39613,-0.0625,-0.003215314,11407,True,120,179,-2048,5.665979,15.283242,0.851272,21.845603,-0.0625,-0.003215314,11407,True,120,,-2048,0.0,0.0,0.352165,0.332774
2884,baseline_overlay_pass->release->rtl_overlay_pass,5.606274,14.330285,2.975835,22.963484,-0.0625,-0.008786126,11424,True,120,179,-2048,5.602958,14.792705,0.857861,21.299425,-0.0625,-0.008786126,11424,True,120,,-2048,0.0,0.0,0.355745,0.334315
2885,baseline_overlay_pass->release->rtl_overlay_pass,5.576854,14.581878,3.090207,23.300369,-0.0625,-0.01101445,11393,True,120,179,-2048,5.599798,14.795595,0.961424,21.403037,-0.0625,-0.01101445,11393,True,120,,-2048,0.0,0.0,0.421296,0.355295
2886,baseline_overlay_pass->release->rtl_overlay_pass,5.569674,14.305354,5.395611,25.324419,0.1015625,0.05700047,11573,True,141,179,3328,5.646538,16.446298,1.014984,23.158301,0.1015625,0.05700047,11573,True,141,,3328,0.0,0.0,0.482017,0.337484
2887,baseline_overlay_pass->release->rtl_overlay_pass,5.571293,14.385075,5.391891,25.40027,0.1015625,0.034987688,11572,True,141,179,3328,5.594158,14.606833,0.891972,21.141803,0.1015625,0.034987688,11572,True,141,,3328,0.0,0.0,0.374335,0.343845
2888,baseline_overlay_pass->release->rtl_overlay_pass,5.656515,15.824527,3.219148,24.76157,0.1015625,0.026182575,11569,True,141,179,3328,5.563287,14.542912,0.878162,21.033301,0.1015625,0.026182575,11569,True,141,,3328,0.0,0.0,0.372865,0.333714
2889,baseline_overlay_pass->release->rtl_overlay_pass,5.597194,14.759611,3.126787,23.538322,0.109375,0.02594178,11457,True,142,179,3584,5.653538,14.525732,0.900862,21.129313,0.109375,0.02594178,11457,True,142,,3584,0.0,0.0,0.392696,0.331395
2890,baseline_overlay_pass->release->rtl_overlay_pass,5.597644,14.774111,3.212888,23.639864,0.1171875,0.026782962,11461,True,143,179,3840,5.640318,14.40695,0.882342,20.975281,0.1171875,0.026782962,11461,True,143,,3840,0.0,0.0,0.375216,0.335075
2891,baseline_overlay_pass->release->rtl_overlay_pass,5.595764,14.329325,3.270889,23.248768,0.1171875,0.024775685,11472,True,143,179,3840,6.139285,14.3955,0.878882,21.459197,0.1171875,0.024775685,11472,True,143,,3840,0.0,0.0,0.375676,0.332685
2892,baseline_overlay_pass->release->rtl_overlay_pass,5.735866,14.382075,2.983314,23.155086,0.09375,0.014129024,11251,True,140,179,3072,5.964503,14.870307,0.870022,21.753412,0.09375,0.014129024,11251,True,140,,3072,0.0,0.0,0.366305,0.332045
2893,baseline_overlay_pass->release->rtl_overlay_pass,5.614664,14.379445,2.905114,22.946614,0.09375,0.01690161,11255,True,140,179,3072,5.588827,15.600127,0.881642,22.114407,0.09375,0.01690161,11255,True,140,,3072,0.0,0.0,0.356835,0.333445
2894,baseline_overlay_pass->release->rtl_overlay_pass,5.618114,14.338915,2.889083,22.894272,0.09375,0.018010644,11251,True,140,179,3072,5.613357,14.971757,0.854992,21.485488,0.09375,0.018010644,11251,True,140,,3072,0.0,0.0,0.360495,0.328315
2895,baseline_overlay_pass->release->rtl_overlay_pass,5.618744,14.385486,2.876253,22.928023,0.015625,-0.020920742,11136,True,130,179,512,5.623558,14.757284,0.868272,21.293425,0.015625,-0.020920742,11136,True,130,,512,0.0,0.0,0.361695,0.339535
2896,baseline_overlay_pass->release->rtl_overlay_pass,5.587193,14.337664,2.878093,22.850182,0.015625,-0.008368297,11131,True,130,179,512,5.70828,14.783465,0.996104,21.536079,0.015625,-0.008368297,11131,True,130,,512,0.0,0.0,0.457176,0.340615
2897,baseline_overlay_pass->release->rtl_overlay_pass,5.824088,14.323914,2.896493,23.092886,0.015625,-0.003347319,11124,True,130,179,512,5.588307,14.403419,0.890563,20.93132,0.015625,-0.003347319,11124,True,130,,512,0.0,0.0,0.383065,0.334395
2898,baseline_overlay_pass->release->rtl_overlay_pass,5.581813,14.472477,2.820532,22.922133,-0.0078125,-0.001338928,11222,True,127,179,-256,5.685759,14.478131,0.914193,21.126263,-0.0078125,-0.001338928,11222,True,127,,-256,0.0,0.0,0.402766,0.334625
2899,baseline_overlay_pass->release->rtl_overlay_pass,5.646394,14.370475,2.883443,22.944523,-0.0078125,-0.000535571,11219,True,127,179,-256,5.672958,14.332948,0.882932,20.93292,-0.0078125,-0.000535571,11219,True,127,,-256,0.0,0.0,0.375265,0.335685
2900,baseline_overlay_pass->release->rtl_overlay_pass,5.682675,14.529567,2.810822,23.071745,-0.0078125,-0.000214228,11221,True,127,179,-256,6.171936,14.44075,0.935273,21.593479,-0.0078125,-0.000214228,11221,True,127,,-256,0.0,0.0,0.376965,0.339045
2901,baseline_overlay_pass->release->rtl_overlay_pass,5.816537,14.451946,2.862593,23.178117,-0.0390625,-0.016491941,11245,True,123,179,-1280,6.033554,15.026298,0.860632,21.965065,-0.0390625,-0.016491941,11245,True,123,,-1280,0.0,0.0,0.355895,0.331905
2902,baseline_overlay_pass->release->rtl_overlay_pass,5.743435,14.431706,2.826672,23.048464,-0.0390625,-0.011284277,11236,True,123,179,-1280,5.656458,15.366763,0.844761,21.915543,-0.0390625,-0.011284277,11236,True,123,,-1280,0.0,0.0,0.350555,0.326755
2903,baseline_overlay_pass->release->rtl_overlay_pass,5.789557,14.516637,2.815042,23.166777,-0.0390625,-0.009201211,11234,True,123,179,-1280,5.603658,14.875857,0.856022,21.380177,-0.0390625,-0.009201211,11234,True,123,,-1280,0.0,0.0,0.356805,0.332005
2904,baseline_overlay_pass->release->rtl_overlay_pass,6.049291,14.369985,2.819102,23.287328,-0.1328125,-0.047742984,11230,True,111,179,-4352,5.70576,14.770555,0.979833,21.503428,-0.1328125,-0.047742984,11230,True,111,,-4352,0.0,0.0,0.449466,0.343125
2905,baseline_overlay_pass->release->rtl_overlay_pass,6.079001,14.428806,2.884584,23.441641,-0.1328125,-0.035034694,11227,True,111,179,-4352,5.643918,14.517651,1.085525,21.295996,-0.1328125,-0.035034694,11227,True,111,,-4352,0.0,0.0,0.389625,0.361005
2906,baseline_overlay_pass->release->rtl_overlay_pass,7.823127,14.374715,2.826652,25.070065,-0.1328125,-0.029951377,11224,True,111,179,-4352,5.71185,14.381989,0.884622,21.027252,-0.1328125,-0.029951377,11224,True,111,,-4352,0.0,0.0,0.378695,0.334085
2907,baseline_overlay_pass->release->rtl_overlay_pass,7.167737,14.353494,2.879403,24.445896,-0.2109375,-0.060730551,11271,True,101,179,-6912,5.653878,14.387489,0.887023,20.974981,-0.2109375,-0.060730551,11271,True,101,,-6912,0.0,0.0,0.374895,0.333425
2908,baseline_overlay_pass->release->rtl_overlay_pass,6.131982,14.840612,2.879883,23.899087,-0.21875,-0.05288597,11283,True,100,179,-7168,5.80729,14.342108,0.897042,21.088232,-0.21875,-0.05288597,11283,True,100,,-7168,0.0,0.0,0.390345,0.333124
2909,baseline_overlay_pass->release->rtl_overlay_pass,6.098071,14.556598,2.865533,23.569832,-0.2109375,-0.044123138,11272,True,101,179,-6912,6.024634,14.729544,0.871592,21.674581,-0.2109375,-0.044123138,11272,True,101,,-6912,0.0,0.0,0.368215,0.331675
2910,baseline_overlay_pass->release->rtl_overlay_pass,5.885258,14.303484,2.924193,23.159516,-0.2890625,-0.075774255,11344,True,91,179,-9472,5.655768,15.290152,0.844042,21.834722,-0.2890625,-0.075774255,11344,True,91,,-9472,0.0,0.0,0.336104,0.341504
2911,baseline_overlay_pass->release->rtl_overlay_pass,6.161472,14.440916,2.875233,23.524132,-0.2890625,-0.064997202,11369,True,91,179,-9472,5.616548,14.879827,0.865772,21.407007,-0.2890625,-0.064997202,11369,True,91,,-9472,0.0,0.0,0.360465,0.333855
2912,baseline_overlay_pass->release->rtl_overlay_pass,6.188673,14.70856,2.915424,23.860897,-0.2890625,-0.060686381,11370,True,91,179,-9472,5.606567,14.756184,0.874222,21.281845,-0.2890625,-0.060686381,11370,True,91,,-9472,0.0,0.0,0.362575,0.342045
2913,baseline_overlay_pass->release->rtl_overlay_pass,6.236093,14.830192,2.799472,23.912848,-0.3359375,-0.078649552,11193,True,85,179,-11008,5.651788,14.898027,1.007964,21.63314,-0.3359375,-0.078649552,11193,True,85,,-11008,0.0,0.0,0.457906,0.339065
2914,baseline_overlay_pass->release->rtl_overlay_pass,6.057581,14.779631,2.858142,23.742955,-0.328125,-0.068491071,11206,True,86,179,-10752,5.653299,14.40898,0.886622,20.996401,-0.328125,-0.068491071,11206,True,86,,-10752,0.0,0.0,0.375025,0.336804
2915,baseline_overlay_pass->release->rtl_overlay_pass,6.061491,14.947354,2.838403,23.899908,-0.3359375,-0.070052678,11195,True,85,179,-11008,5.630558,14.395509,0.906492,20.97731,-0.3359375,-0.070052678,11195,True,85,,-11008,0.0,0.0,0.400365,0.335105
2916,baseline_overlay_pass->release->rtl_overlay_pass,6.03127,14.936473,2.798512,23.817536,-0.3828125,-0.088021071,11598,True,79,179,-12544,5.709339,14.415239,0.900602,21.068762,-0.3828125,-0.088021071,11598,True,79,,-12544,0.0,0.0,0.380805,0.341124
2917,baseline_overlay_pass->release->rtl_overlay_pass,5.846677,15.193197,2.773192,23.860417,-0.3828125,-0.081145929,11587,True,79,179,-12544,6.128655,14.39317,0.906313,21.474148,-0.3828125,-0.081145929,11587,True,79,,-12544,0.0,0.0,0.399326,0.329045
2918,baseline_overlay_pass->release->rtl_overlay_pass,6.211733,14.988864,2.851763,24.104,-0.3828125,-0.078395871,11595,True,79,179,-12544,6.076015,15.092809,0.863012,22.076726,-0.3828125,-0.078395871,11595,True,79,,-12544,0.0,0.0,0.358025,0.331354
2919,baseline_overlay_pass->release->rtl_overlay_pass,5.659305,15.283269,2.815082,23.804906,-0.40625,-0.087139599,11792,True,76,179,-13312,5.672739,15.341462,0.831571,21.889693,-0.40625,-0.087139599,11792,True,76,,-13312,0.0,0.0,0.340845,0.325514
2920,baseline_overlay_pass->release->rtl_overlay_pass,5.687465,15.393551,2.809072,23.936518,-0.40625,-0.083605839,11793,True,76,179,-13312,5.572967,14.789725,0.859222,21.267065,-0.40625,-0.083605839,11793,True,76,,-13312,0.0,0.0,0.359565,0.332885
2921,baseline_overlay_pass->release->rtl_overlay_pass,5.677075,15.38179,2.944814,24.05158,-0.40625,-0.082192336,11783,True,76,179,-13312,5.703479,14.953007,0.880872,21.583329,-0.40625,-0.082192336,11783,True,76,,-13312,0.0,0.0,0.379286,0.331395
2922,baseline_overlay_pass->release->rtl_overlay_pass,5.588873,16.324094,2.808082,24.76925,-0.4375,-0.094751934,11869,True,72,179,-14336,5.716519,14.681054,0.983794,21.431597,-0.4375,-0.094751934,11869,True,72,,-14336,0.0,0.0,0.436806,0.342675
2923,baseline_overlay_pass->release->rtl_overlay_pass,5.603664,14.996265,2.826222,23.474901,-0.4375,-0.090400774,11870,True,72,179,-14336,5.671049,14.397209,0.916822,21.033971,-0.4375,-0.090400774,11870,True,72,,-14336,0.0,0.0,0.382695,0.330635
2924,baseline_overlay_pass->release->rtl_overlay_pass,5.775227,15.347829,2.862812,24.03049,-0.4375,-0.088660309,11878,True,72,179,-14336,5.621928,14.4262,0.900232,20.99255,-0.4375,-0.088660309,11878,True,72,,-14336,0.0,0.0,0.383905,0.337205
2925,baseline_overlay_pass->release->rtl_overlay_pass,5.669425,14.954824,2.821822,24.07653,-0.5,-0.114214124,12137,True,64,179,-16384,5.681798,14.401789,0.886893,21.014491,-0.5,-0.114214124,12137,True,64,,-16384,0.0,0.0,0.374436,0.337185
2926,baseline_overlay_pass->release->rtl_overlay_pass,5.594674,15.488142,2.798302,23.929708,-0.5,-0.10568565,12135,True,64,179,-16384,5.691469,14.565722,0.874742,21.177663,-0.5,-0.10568565,12135,True,64,,-16384,0.0,0.0,0.368525,0.331914
2927,baseline_overlay_pass->release->rtl_overlay_pass,5.624564,15.122436,2.806542,23.601053,-0.5,-0.10227426,12139,True,64,179,-16384,5.710199,14.555102,0.880232,21.188444,-0.5,-0.10227426,12139,True,64,,-16384,0.0,0.0,0.369785,0.337314
2928,baseline_overlay_pass->release->rtl_overlay_pass,5.569914,16.782191,2.915153,25.316389,-0.5390625,-0.117315954,12153,True,59,179,-17664,5.678189,14.980888,0.846402,21.548859,-0.5390625,-0.117315954,12153,True,59,,-17664,0.0,0.0,0.356435,0.325034
2929,baseline_overlay_pass->release->rtl_overlay_pass,5.909039,15.391,2.907564,24.258413,-0.5390625,-0.111613882,12158,True,59,179,-17664,5.633358,14.779965,0.852322,21.310395,-0.5390625,-0.111613882,12158,True,59,,-17664,0.0,0.0,0.352635,0.332795
2930,baseline_overlay_pass->release->rtl_overlay_pass,5.642374,15.333559,3.152057,24.179131,-0.5390625,-0.109333053,12156,True,59,179,-17664,5.661279,14.768165,0.858432,21.333536,-0.5390625,-0.109333053,12156,True,59,,-17664,0.0,0.0,0.353165,0.339655
2931,baseline_overlay_pass->release->rtl_overlay_pass,5.630274,16.754831,2.797092,25.228847,-0.5546875,-0.114983221,12097,True,57,179,-18176,5.632559,14.711974,0.949343,21.339286,-0.5546875,-0.114983221,12097,True,57,,-18176,0.0,0.0,0.401746,0.355185
2932,baseline_overlay_pass->release->rtl_overlay_pass,5.542083,15.3615,2.873273,23.823666,-0.5546875,-0.112555788,12097,True,57,179,-18176,5.687319,14.4428,0.897733,21.127023,-0.5546875,-0.112555788,12097,True,57,,-18176,0.0,0.0,0.389266,0.333405
2933,baseline_overlay_pass->release->rtl_overlay_pass,5.596484,14.987104,2.884944,23.515572,-0.5546875,-0.111584815,12101,True,57,179,-18176,5.599327,14.401679,0.908383,20.95511,-0.5546875,-0.111584815,12101,True,57,,-18176,0.0,0.0,0.396836,0.335494
2934,baseline_overlay_pass->release->rtl_overlay_pass,5.664344,14.76142,2.866943,23.339369,-0.59375,-0.127602676,11916,True,52,179,-19456,5.690299,14.556861,0.893222,21.182523,-0.59375,-0.127602676,11916,True,52,,-19456,0.0,0.0,0.383165,0.334684
2935,baseline_overlay_pass->release->rtl_overlay_pass,5.616404,14.68224,2.953084,23.298388,-0.59375,-0.12229107,11917,True,52,179,-19456,5.79014,14.387249,0.894423,21.115183,-0.59375,-0.12229107,11917,True,52,,-19456,0.0,0.0,0.388606,0.330695
2936,baseline_overlay_pass->release->rtl_overlay_pass,5.627394,15.039805,2.912753,23.626963,-0.59375,-0.120166428,11920,True,52,179,-19456,5.614858,14.977187,0.822531,21.462017,-0.59375,-0.120166428,11920,True,52,,-19456,0.0,0.0,0.328384,0.331124
2937,baseline_overlay_pass->release->rtl_overlay_pass,5.673155,15.289869,2.956334,23.969058,-0.671875,-0.152129071,11370,True,42,179,-22016,5.716539,15.313442,0.890402,21.966394,-0.671875,-0.152129071,11370,True,42,,-22016,0.0,0.0,0.353885,0.365675
2938,baseline_overlay_pass->release->rtl_overlay_pass,5.616774,14.641349,3.188878,23.497251,-0.671875,-0.141476629,11380,True,42,179,-22016,5.589108,14.724174,0.853032,21.209894,-0.671875,-0.141476629,11380,True,42,,-22016,0.0,0.0,0.356255,0.329245
2939,baseline_overlay_pass->release->rtl_overlay_pass,5.630844,14.909713,3.130167,23.723904,-0.671875,-0.137215651,11372,True,42,179,-22016,5.854081,14.789975,0.897743,21.592309,-0.671875,-0.137215651,11372,True,42,,-22016,0.0,0.0,0.380846,0.345585
2940,baseline_overlay_pass->release->rtl_overlay_pass,6.0192,14.585918,3.032916,23.688774,-0.671875,-0.135511261,11373,True,42,179,-22016,5.617118,14.623232,1.010284,21.302235,-0.671875,-0.135511261,11373,True,42,,-22016,0.0,0.0,0.466546,0.346975
2941,baseline_overlay_pass->release->rtl_overlay_pass,5.634564,14.630928,3.222279,23.542142,-0.671875,-0.134829504,11368,True,42,179,-22016,5.709989,14.46699,0.885942,21.111262,-0.671875,-0.134829504,11368,True,42,,-22016,0.0,0.0,0.378805,0.333974
2942,baseline_overlay_pass->release->rtl_overlay_pass,5.620384,14.446346,3.191598,23.312938,-0.671875,-0.134556802,11371,True,42,179,-22016,5.642638,14.440851,0.900772,21.028571,-0.671875,-0.134556802,11371,True,42,,-22016,0.0,0.0,0.395935,0.331765
2943,baseline_overlay_pass->release->rtl_overlay_pass,5.655565,14.357185,3.028675,23.092625,-0.671875,-0.134447721,11361,True,42,179,-22016,5.928413,14.329068,0.882932,21.184554,-0.671875,-0.134447721,11361,True,42,,-22016,0.0,0.0,0.375235,0.334695
2944,baseline_overlay_pass->release->rtl_overlay_pass,5.581693,14.430795,2.897193,22.961343,-0.671875,-0.134404088,11362,True,42,179,-22016,5.861621,14.740104,0.867122,21.515798,-0.671875,-0.134404088,11362,True,42,,-22016,0.0,0.0,0.359885,0.335414
2945,baseline_overlay_pass->release->rtl_overlay_pass,5.627394,14.358375,2.876373,22.911922,-0.671875,-0.134386635,11365,True,42,179,-22016,5.593648,15.029958,0.838151,21.506518,-0.671875,-0.134386635,11365,True,42,,-22016,0.0,0.0,0.344064,0.330504
2946,baseline_overlay_pass->release->rtl_overlay_pass,5.569714,14.487866,2.826902,22.930243,-0.671875,-0.134379654,11362,True,42,179,-22016,5.694928,14.847765,0.850681,21.439987,-0.671875,-0.134379654,11362,True,42,,-22016,0.0,0.0,0.352255,0.330295
2947,baseline_overlay_pass->release->rtl_overlay_pass,5.548143,14.419985,2.829103,22.844672,-0.671875,-0.134376862,11359,True,42,179,-22016,5.651919,14.918486,0.876592,21.491938,-0.671875,-0.134376862,11359,True,42,,-22016,0.0,0.0,0.367535,0.336625
2948,baseline_overlay_pass->release->rtl_overlay_pass,5.692686,14.411505,2.851973,23.001734,-0.671875,-0.134375745,11360,True,42,179,-22016,5.624208,14.525811,1.039874,21.238054,-0.671875,-0.134375745,11360,True,42,,-22016,0.0,0.0,0.450326,0.341024
