[2026-04-30 10:15:46,774] [INFO] DPU overlay 로드: /home/xilinx/jupyter_notebooks/pynq-dpu/autonomous_driving_baseline/configs/dpu/dpu.bit
[2026-04-30 10:15:51,927] [INFO] DPU overlay 로드 완료
[2026-04-30 10:15:51,929] [INFO] 카메라 open
[2026-04-30 10:15:52,723] [INFO] xmodel load / runner create
[2026-04-30 10:15:53,471] [INFO] DPU input shape: (1, 256, 256, 3)
[2026-04-30 10:15:53,473] [INFO] DPU output shape: (1, 256, 256, 1)
[2026-04-30 10:15:53,474] [INFO] DPU warmup: 2회
[2026-04-30 10:15:53,509] [INFO] actuator mode: dry_run
[2026-04-30 10:15:53,511] [INFO] main loop 시작: max_frames=200, target_fps=10.0
[2026-04-30 10:15:53,967] [INFO] system start: rss=233.2MB | mem_avail=759.3MB | swap_free=511.7MB | load=0.71 0.97 0.60 | temp=hwmon0_temp1_input=52.0C, hwmon1_temp1_input=51.0C, hwmon2_temp1_input=48.9C, hwmon2_temp2_input=50.1C, pl_temp=50.3C, ps_temp=49.5C, remote_temp=48.9C
[2026-04-30 10:15:53,968] [DEBUG] [DBG][0] 루프 시작
[2026-04-30 10:15:53,969] [DEBUG] [DBG][0] 1/6 capture 시작
[2026-04-30 10:15:54,274] [DEBUG] [DBG][0] 1/6 capture 완료 (304.6ms)
[2026-04-30 10:15:54,275] [DEBUG] [DBG][0] 2/6 preprocess 시작
[2026-04-30 10:15:54,296] [DEBUG] [DBG][0] 2/6 preprocess 완료 (20.6ms)
[2026-04-30 10:15:54,297] [DEBUG] [DBG][0] 3/6 DPU inference 시작
[2026-04-30 10:15:54,315] [DEBUG] [DBG][0] 3/6 DPU inference 완료 (17.2ms)
[2026-04-30 10:15:54,316] [DEBUG] [DBG][0] 4/6 postprocess 시작
[2026-04-30 10:15:54,325] [DEBUG] [DBG][0] 4/6 postprocess 완료 (8.9ms)
[2026-04-30 10:15:54,326] [DEBUG] [DBG][0] 5/6 control 시작
[2026-04-30 10:15:54,327] [DEBUG] [DBG][0] 5/6 control 완료 (0.7ms)
[2026-04-30 10:15:54,328] [DEBUG] [DBG][0] 6/6 actuator 시작
[2026-04-30 10:15:54,328] [DEBUG] [DBG][0] 6/6 actuator 완료 (0.8ms)
[2026-04-30 10:15:54,330] [INFO] [0000] cap=304.6ms | pre=20.6ms | inf=17.2ms | post=8.9ms | ctrl=0.7ms | act=0.8ms | total=360.7ms | valid=True | invalid=0 | pixels=3370 | err=-0.697 | steer=-0.279 | speed=0.180 | cur=-0.279 | adc=None
[2026-04-30 10:15:54,763] [INFO] [0000] system: rss=234.0MB | mem_avail=751.7MB | swap_free=511.7MB | load=0.71 0.97 0.60 | temp=hwmon0_temp1_input=52.0C, hwmon1_temp1_input=52.0C, hwmon2_temp1_input=50.2C, hwmon2_temp2_input=51.0C, pl_temp=50.6C, ps_temp=49.0C, remote_temp=50.0C
[2026-04-30 10:15:54,765] [DEBUG] [DBG][1] 루프 시작
[2026-04-30 10:15:54,765] [DEBUG] [DBG][1] 1/6 capture 시작
[2026-04-30 10:15:54,769] [DEBUG] [DBG][1] 1/6 capture 완료 (3.7ms)
[2026-04-30 10:15:54,770] [DEBUG] [DBG][1] 2/6 preprocess 시작
[2026-04-30 10:15:54,783] [DEBUG] [DBG][1] 2/6 preprocess 완료 (12.8ms)
[2026-04-30 10:15:54,785] [DEBUG] [DBG][1] 3/6 DPU inference 시작
[2026-04-30 10:15:54,801] [DEBUG] [DBG][1] 3/6 DPU inference 완료 (16.6ms)
[2026-04-30 10:15:54,803] [DEBUG] [DBG][1] 4/6 postprocess 시작
[2026-04-30 10:15:54,810] [DEBUG] [DBG][1] 4/6 postprocess 완료 (7.7ms)
[2026-04-30 10:15:54,812] [DEBUG] [DBG][1] 5/6 control 시작
[2026-04-30 10:15:54,813] [DEBUG] [DBG][1] 5/6 control 완료 (1.2ms)
[2026-04-30 10:15:54,813] [DEBUG] [DBG][1] 6/6 actuator 시작
[2026-04-30 10:15:54,814] [DEBUG] [DBG][1] 6/6 actuator 완료 (0.5ms)
[2026-04-30 10:15:54,865] [DEBUG] [DBG][2] 루프 시작
[2026-04-30 10:15:54,866] [DEBUG] [DBG][2] 1/6 capture 시작
[2026-04-30 10:15:54,870] [DEBUG] [DBG][2] 1/6 capture 완료 (3.5ms)
[2026-04-30 10:15:54,871] [DEBUG] [DBG][2] 2/6 preprocess 시작
[2026-04-30 10:15:54,884] [DEBUG] [DBG][2] 2/6 preprocess 완료 (12.5ms)
[2026-04-30 10:15:54,885] [DEBUG] [DBG][2] 3/6 DPU inference 시작
[2026-04-30 10:15:54,904] [DEBUG] [DBG][2] 3/6 DPU inference 완료 (18.7ms)
[2026-04-30 10:15:54,905] [DEBUG] [DBG][2] 4/6 postprocess 시작
[2026-04-30 10:15:54,921] [DEBUG] [DBG][2] 4/6 postprocess 완료 (15.3ms)
[2026-04-30 10:15:54,922] [DEBUG] [DBG][2] 5/6 control 시작
[2026-04-30 10:15:54,923] [DEBUG] [DBG][2] 5/6 control 완료 (0.7ms)
[2026-04-30 10:15:54,923] [DEBUG] [DBG][2] 6/6 actuator 시작
[2026-04-30 10:15:54,924] [DEBUG] [DBG][2] 6/6 actuator 완료 (0.5ms)
[2026-04-30 10:15:54,965] [DEBUG] [DBG][3] 루프 시작
[2026-04-30 10:15:54,966] [DEBUG] [DBG][3] 1/6 capture 시작
[2026-04-30 10:15:54,969] [DEBUG] [DBG][3] 1/6 capture 완료 (3.1ms)
[2026-04-30 10:15:54,971] [DEBUG] [DBG][3] 2/6 preprocess 시작
[2026-04-30 10:15:54,984] [DEBUG] [DBG][3] 2/6 preprocess 완료 (13.0ms)
[2026-04-30 10:15:54,985] [DEBUG] [DBG][3] 3/6 DPU inference 시작
[2026-04-30 10:15:55,005] [DEBUG] [DBG][3] 3/6 DPU inference 완료 (19.4ms)
[2026-04-30 10:15:55,006] [DEBUG] [DBG][3] 4/6 postprocess 시작
[2026-04-30 10:15:55,026] [DEBUG] [DBG][3] 4/6 postprocess 완료 (20.7ms)
[2026-04-30 10:15:55,028] [DEBUG] [DBG][3] 5/6 control 시작
[2026-04-30 10:15:55,030] [DEBUG] [DBG][3] 5/6 control 완료 (1.4ms)
[2026-04-30 10:15:55,031] [DEBUG] [DBG][3] 6/6 actuator 시작
[2026-04-30 10:15:55,033] [DEBUG] [DBG][3] 6/6 actuator 완료 (1.4ms)
[2026-04-30 10:15:55,065] [DEBUG] [DBG][4] 루프 시작
[2026-04-30 10:15:55,067] [DEBUG] [DBG][4] 1/6 capture 시작
[2026-04-30 10:15:55,071] [DEBUG] [DBG][4] 1/6 capture 완료 (4.2ms)
[2026-04-30 10:15:55,072] [DEBUG] [DBG][4] 2/6 preprocess 시작
[2026-04-30 10:15:55,086] [DEBUG] [DBG][4] 2/6 preprocess 완료 (13.5ms)
[2026-04-30 10:15:55,087] [DEBUG] [DBG][4] 3/6 DPU inference 시작
[2026-04-30 10:15:55,105] [DEBUG] [DBG][4] 3/6 DPU inference 완료 (17.9ms)
[2026-04-30 10:15:55,106] [DEBUG] [DBG][4] 4/6 postprocess 시작
[2026-04-30 10:15:55,117] [DEBUG] [DBG][4] 4/6 postprocess 완료 (11.2ms)
[2026-04-30 10:15:55,119] [DEBUG] [DBG][4] 5/6 control 시작
[2026-04-30 10:15:55,119] [DEBUG] [DBG][4] 5/6 control 완료 (0.6ms)
[2026-04-30 10:15:55,119] [DEBUG] [DBG][4] 6/6 actuator 시작
[2026-04-30 10:15:55,120] [DEBUG] [DBG][4] 6/6 actuator 완료 (0.4ms)
[2026-04-30 10:15:55,165] [DEBUG] [DBG][5] 루프 시작
[2026-04-30 10:15:55,166] [DEBUG] [DBG][5] 1/6 capture 시작
[2026-04-30 10:15:55,170] [DEBUG] [DBG][5] 1/6 capture 완료 (3.6ms)
[2026-04-30 10:15:55,171] [DEBUG] [DBG][5] 2/6 preprocess 시작
[2026-04-30 10:15:55,184] [DEBUG] [DBG][5] 2/6 preprocess 완료 (12.9ms)
[2026-04-30 10:15:55,185] [DEBUG] [DBG][5] 3/6 DPU inference 시작
[2026-04-30 10:15:55,206] [DEBUG] [DBG][5] 3/6 DPU inference 완료 (20.2ms)
[2026-04-30 10:15:55,208] [DEBUG] [DBG][5] 4/6 postprocess 시작
[2026-04-30 10:15:55,221] [DEBUG] [DBG][5] 4/6 postprocess 완료 (13.3ms)
[2026-04-30 10:15:55,222] [DEBUG] [DBG][5] 5/6 control 시작
[2026-04-30 10:15:55,223] [DEBUG] [DBG][5] 5/6 control 완료 (0.6ms)
[2026-04-30 10:15:55,223] [DEBUG] [DBG][5] 6/6 actuator 시작
[2026-04-30 10:15:55,224] [DEBUG] [DBG][5] 6/6 actuator 완료 (0.5ms)
[2026-04-30 10:15:55,266] [DEBUG] [DBG][6] 루프 시작
[2026-04-30 10:15:55,267] [DEBUG] [DBG][6] 1/6 capture 시작
[2026-04-30 10:15:55,270] [DEBUG] [DBG][6] 1/6 capture 완료 (3.1ms)
[2026-04-30 10:15:55,271] [DEBUG] [DBG][6] 2/6 preprocess 시작
[2026-04-30 10:15:55,285] [DEBUG] [DBG][6] 2/6 preprocess 완료 (13.2ms)
[2026-04-30 10:15:55,286] [DEBUG] [DBG][6] 3/6 DPU inference 시작
[2026-04-30 10:15:55,304] [DEBUG] [DBG][6] 3/6 DPU inference 완료 (17.6ms)
[2026-04-30 10:15:55,305] [DEBUG] [DBG][6] 4/6 postprocess 시작
[2026-04-30 10:15:55,318] [DEBUG] [DBG][6] 4/6 postprocess 완료 (12.7ms)
[2026-04-30 10:15:55,319] [DEBUG] [DBG][6] 5/6 control 시작
[2026-04-30 10:15:55,320] [DEBUG] [DBG][6] 5/6 control 완료 (0.6ms)
[2026-04-30 10:15:55,320] [DEBUG] [DBG][6] 6/6 actuator 시작
[2026-04-30 10:15:55,321] [DEBUG] [DBG][6] 6/6 actuator 완료 (0.4ms)
[2026-04-30 10:15:55,366] [DEBUG] [DBG][7] 루프 시작
[2026-04-30 10:15:55,367] [DEBUG] [DBG][7] 1/6 capture 시작
[2026-04-30 10:15:55,371] [DEBUG] [DBG][7] 1/6 capture 완료 (3.4ms)
[2026-04-30 10:15:55,371] [DEBUG] [DBG][7] 2/6 preprocess 시작
[2026-04-30 10:15:55,384] [DEBUG] [DBG][7] 2/6 preprocess 완료 (12.6ms)
[2026-04-30 10:15:55,386] [DEBUG] [DBG][7] 3/6 DPU inference 시작
[2026-04-30 10:15:55,404] [DEBUG] [DBG][7] 3/6 DPU inference 완료 (17.9ms)
[2026-04-30 10:15:55,405] [DEBUG] [DBG][7] 4/6 postprocess 시작
[2026-04-30 10:15:55,414] [DEBUG] [DBG][7] 4/6 postprocess 완료 (9.1ms)
[2026-04-30 10:15:55,415] [DEBUG] [DBG][7] 5/6 control 시작
[2026-04-30 10:15:55,416] [DEBUG] [DBG][7] 5/6 control 완료 (0.6ms)
[2026-04-30 10:15:55,416] [DEBUG] [DBG][7] 6/6 actuator 시작
[2026-04-30 10:15:55,416] [DEBUG] [DBG][7] 6/6 actuator 완료 (0.4ms)
[2026-04-30 10:15:55,466] [DEBUG] [DBG][8] 루프 시작
[2026-04-30 10:15:55,467] [DEBUG] [DBG][8] 1/6 capture 시작
[2026-04-30 10:15:55,471] [DEBUG] [DBG][8] 1/6 capture 완료 (4.3ms)
[2026-04-30 10:15:55,473] [DEBUG] [DBG][8] 2/6 preprocess 시작
[2026-04-30 10:15:55,487] [DEBUG] [DBG][8] 2/6 preprocess 완료 (14.6ms)
[2026-04-30 10:15:55,488] [DEBUG] [DBG][8] 3/6 DPU inference 시작
[2026-04-30 10:15:55,509] [DEBUG] [DBG][8] 3/6 DPU inference 완료 (20.6ms)
[2026-04-30 10:15:55,510] [DEBUG] [DBG][8] 4/6 postprocess 시작
[2026-04-30 10:15:55,518] [DEBUG] [DBG][8] 4/6 postprocess 완료 (8.2ms)
[2026-04-30 10:15:55,519] [DEBUG] [DBG][8] 5/6 control 시작
[2026-04-30 10:15:55,520] [DEBUG] [DBG][8] 5/6 control 완료 (0.6ms)
[2026-04-30 10:15:55,520] [DEBUG] [DBG][8] 6/6 actuator 시작
[2026-04-30 10:15:55,521] [DEBUG] [DBG][8] 6/6 actuator 완료 (0.4ms)
[2026-04-30 10:15:55,566] [DEBUG] [DBG][9] 루프 시작
[2026-04-30 10:15:55,567] [DEBUG] [DBG][9] 1/6 capture 시작
[2026-04-30 10:15:55,570] [DEBUG] [DBG][9] 1/6 capture 완료 (3.0ms)
[2026-04-30 10:15:55,571] [DEBUG] [DBG][9] 2/6 preprocess 시작
[2026-04-30 10:15:55,585] [DEBUG] [DBG][9] 2/6 preprocess 완료 (13.4ms)
[2026-04-30 10:15:55,586] [DEBUG] [DBG][9] 3/6 DPU inference 시작
[2026-04-30 10:15:55,603] [DEBUG] [DBG][9] 3/6 DPU inference 완료 (16.7ms)
[2026-04-30 10:15:55,603] [DEBUG] [DBG][9] 4/6 postprocess 시작
[2026-04-30 10:15:55,614] [DEBUG] [DBG][9] 4/6 postprocess 완료 (10.2ms)
[2026-04-30 10:15:55,615] [DEBUG] [DBG][9] 5/6 control 시작
[2026-04-30 10:15:55,615] [DEBUG] [DBG][9] 5/6 control 완료 (0.5ms)
[2026-04-30 10:15:55,615] [DEBUG] [DBG][9] 6/6 actuator 시작
[2026-04-30 10:15:55,616] [DEBUG] [DBG][9] 6/6 actuator 완료 (0.4ms)
[2026-04-30 10:15:55,666] [DEBUG] [DBG][10] 루프 시작
[2026-04-30 10:15:55,667] [DEBUG] [DBG][10] 1/6 capture 시작
[2026-04-30 10:15:55,671] [DEBUG] [DBG][10] 1/6 capture 완료 (3.1ms)
[2026-04-30 10:15:55,672] [DEBUG] [DBG][10] 2/6 preprocess 시작
[2026-04-30 10:15:55,686] [DEBUG] [DBG][10] 2/6 preprocess 완료 (14.3ms)
[2026-04-30 10:15:55,687] [DEBUG] [DBG][10] 3/6 DPU inference 시작
[2026-04-30 10:15:55,705] [DEBUG] [DBG][10] 3/6 DPU inference 완료 (18.2ms)
[2026-04-30 10:15:55,706] [DEBUG] [DBG][10] 4/6 postprocess 시작
[2026-04-30 10:15:55,717] [DEBUG] [DBG][10] 4/6 postprocess 완료 (10.4ms)
[2026-04-30 10:15:55,718] [DEBUG] [DBG][10] 5/6 control 시작
[2026-04-30 10:15:55,718] [DEBUG] [DBG][10] 5/6 control 완료 (0.5ms)
[2026-04-30 10:15:55,718] [DEBUG] [DBG][10] 6/6 actuator 시작
[2026-04-30 10:15:55,719] [DEBUG] [DBG][10] 6/6 actuator 완료 (0.4ms)
[2026-04-30 10:15:55,719] [INFO] [0010] cap=3.1ms | pre=14.3ms | inf=18.2ms | post=10.4ms | ctrl=0.5ms | act=0.3ms | total=53.2ms | valid=True | invalid=0 | pixels=39408 | err=-0.359 | steer=-0.144 | speed=0.214 | cur=-0.144 | adc=None
[2026-04-30 10:15:56,174] [INFO] [0010] system: rss=234.0MB | mem_avail=749.9MB | swap_free=511.7MB | load=0.71 0.97 0.60 | temp=hwmon0_temp1_input=52.0C, hwmon1_temp1_input=52.0C, hwmon2_temp1_input=49.2C, hwmon2_temp2_input=48.8C, pl_temp=50.7C, ps_temp=50.4C, remote_temp=49.4C
[2026-04-30 10:15:56,175] [DEBUG] [DBG][11] 루프 시작
[2026-04-30 10:15:56,175] [DEBUG] [DBG][11] 1/6 capture 시작
[2026-04-30 10:15:56,185] [DEBUG] [DBG][11] 1/6 capture 완료 (9.5ms)
[2026-04-30 10:15:56,186] [DEBUG] [DBG][11] 2/6 preprocess 시작
[2026-04-30 10:15:56,200] [DEBUG] [DBG][11] 2/6 preprocess 완료 (13.9ms)
[2026-04-30 10:15:56,201] [DEBUG] [DBG][11] 3/6 DPU inference 시작
[2026-04-30 10:15:56,220] [DEBUG] [DBG][11] 3/6 DPU inference 완료 (18.4ms)
[2026-04-30 10:15:56,221] [DEBUG] [DBG][11] 4/6 postprocess 시작
[2026-04-30 10:15:56,230] [DEBUG] [DBG][11] 4/6 postprocess 완료 (8.9ms)
[2026-04-30 10:15:56,230] [DEBUG] [DBG][11] 5/6 control 시작
[2026-04-30 10:15:56,231] [DEBUG] [DBG][11] 5/6 control 완료 (0.5ms)
[2026-04-30 10:15:56,231] [DEBUG] [DBG][11] 6/6 actuator 시작
[2026-04-30 10:15:56,233] [DEBUG] [DBG][11] 6/6 actuator 완료 (1.5ms)
[2026-04-30 10:15:56,275] [DEBUG] [DBG][12] 루프 시작
[2026-04-30 10:15:56,276] [DEBUG] [DBG][12] 1/6 capture 시작
[2026-04-30 10:15:56,280] [DEBUG] [DBG][12] 1/6 capture 완료 (4.2ms)
[2026-04-30 10:15:56,281] [DEBUG] [DBG][12] 2/6 preprocess 시작
[2026-04-30 10:15:56,297] [DEBUG] [DBG][12] 2/6 preprocess 완료 (15.7ms)
[2026-04-30 10:15:56,298] [DEBUG] [DBG][12] 3/6 DPU inference 시작
[2026-04-30 10:15:56,315] [DEBUG] [DBG][12] 3/6 DPU inference 완료 (16.9ms)
[2026-04-30 10:15:56,316] [DEBUG] [DBG][12] 4/6 postprocess 시작
[2026-04-30 10:15:56,327] [DEBUG] [DBG][12] 4/6 postprocess 완료 (10.3ms)
[2026-04-30 10:15:56,327] [DEBUG] [DBG][12] 5/6 control 시작
[2026-04-30 10:15:56,328] [DEBUG] [DBG][12] 5/6 control 완료 (0.5ms)
[2026-04-30 10:15:56,328] [DEBUG] [DBG][12] 6/6 actuator 시작
[2026-04-30 10:15:56,329] [DEBUG] [DBG][12] 6/6 actuator 완료 (0.4ms)
[2026-04-30 10:15:56,375] [DEBUG] [DBG][13] 루프 시작
[2026-04-30 10:15:56,376] [DEBUG] [DBG][13] 1/6 capture 시작
[2026-04-30 10:15:56,380] [DEBUG] [DBG][13] 1/6 capture 완료 (3.5ms)
[2026-04-30 10:15:56,381] [DEBUG] [DBG][13] 2/6 preprocess 시작
[2026-04-30 10:15:56,398] [DEBUG] [DBG][13] 2/6 preprocess 완료 (16.1ms)
[2026-04-30 10:15:56,399] [DEBUG] [DBG][13] 3/6 DPU inference 시작
[2026-04-30 10:15:56,418] [DEBUG] [DBG][13] 3/6 DPU inference 완료 (18.8ms)
[2026-04-30 10:15:56,419] [DEBUG] [DBG][13] 4/6 postprocess 시작
[2026-04-30 10:15:56,430] [DEBUG] [DBG][13] 4/6 postprocess 완료 (10.4ms)
[2026-04-30 10:15:56,431] [DEBUG] [DBG][13] 5/6 control 시작
[2026-04-30 10:15:56,432] [DEBUG] [DBG][13] 5/6 control 완료 (1.1ms)
[2026-04-30 10:15:56,433] [DEBUG] [DBG][13] 6/6 actuator 시작
[2026-04-30 10:15:56,434] [DEBUG] [DBG][13] 6/6 actuator 완료 (0.6ms)
[2026-04-30 10:15:56,476] [DEBUG] [DBG][14] 루프 시작
[2026-04-30 10:15:56,477] [DEBUG] [DBG][14] 1/6 capture 시작
[2026-04-30 10:15:56,481] [DEBUG] [DBG][14] 1/6 capture 완료 (4.1ms)
[2026-04-30 10:15:56,483] [DEBUG] [DBG][14] 2/6 preprocess 시작
[2026-04-30 10:15:56,497] [DEBUG] [DBG][14] 2/6 preprocess 완료 (13.7ms)
[2026-04-30 10:15:56,498] [DEBUG] [DBG][14] 3/6 DPU inference 시작
[2026-04-30 10:15:56,515] [DEBUG] [DBG][14] 3/6 DPU inference 완료 (16.7ms)
[2026-04-30 10:15:56,516] [DEBUG] [DBG][14] 4/6 postprocess 시작
[2026-04-30 10:15:56,525] [DEBUG] [DBG][14] 4/6 postprocess 완료 (8.2ms)
[2026-04-30 10:15:56,526] [DEBUG] [DBG][14] 5/6 control 시작
[2026-04-30 10:15:56,527] [DEBUG] [DBG][14] 5/6 control 완료 (0.7ms)
[2026-04-30 10:15:56,527] [DEBUG] [DBG][14] 6/6 actuator 시작
[2026-04-30 10:15:56,528] [DEBUG] [DBG][14] 6/6 actuator 완료 (0.6ms)
[2026-04-30 10:15:56,576] [DEBUG] [DBG][15] 루프 시작
[2026-04-30 10:15:56,577] [DEBUG] [DBG][15] 1/6 capture 시작
[2026-04-30 10:15:56,582] [DEBUG] [DBG][15] 1/6 capture 완료 (4.0ms)
[2026-04-30 10:15:56,583] [DEBUG] [DBG][15] 2/6 preprocess 시작
[2026-04-30 10:15:56,598] [DEBUG] [DBG][15] 2/6 preprocess 완료 (15.0ms)
[2026-04-30 10:15:56,599] [DEBUG] [DBG][15] 3/6 DPU inference 시작
[2026-04-30 10:15:56,621] [DEBUG] [DBG][15] 3/6 DPU inference 완료 (20.4ms)
[2026-04-30 10:15:56,622] [DEBUG] [DBG][15] 4/6 postprocess 시작
[2026-04-30 10:15:56,631] [DEBUG] [DBG][15] 4/6 postprocess 완료 (9.6ms)
[2026-04-30 10:15:56,633] [DEBUG] [DBG][15] 5/6 control 시작
[2026-04-30 10:15:56,634] [DEBUG] [DBG][15] 5/6 control 완료 (0.8ms)
[2026-04-30 10:15:56,634] [DEBUG] [DBG][15] 6/6 actuator 시작
[2026-04-30 10:15:56,635] [DEBUG] [DBG][15] 6/6 actuator 완료 (0.6ms)
[2026-04-30 10:15:56,676] [DEBUG] [DBG][16] 루프 시작
[2026-04-30 10:15:56,677] [DEBUG] [DBG][16] 1/6 capture 시작
[2026-04-30 10:15:56,690] [DEBUG] [DBG][16] 1/6 capture 완료 (12.2ms)
[2026-04-30 10:15:56,691] [DEBUG] [DBG][16] 2/6 preprocess 시작
[2026-04-30 10:15:56,711] [DEBUG] [DBG][16] 2/6 preprocess 완료 (19.9ms)
[2026-04-30 10:15:56,713] [DEBUG] [DBG][16] 3/6 DPU inference 시작
[2026-04-30 10:15:56,734] [DEBUG] [DBG][16] 3/6 DPU inference 완료 (20.1ms)
[2026-04-30 10:15:56,735] [DEBUG] [DBG][16] 4/6 postprocess 시작
[2026-04-30 10:15:56,746] [DEBUG] [DBG][16] 4/6 postprocess 완료 (10.4ms)
[2026-04-30 10:15:56,748] [DEBUG] [DBG][16] 5/6 control 시작
[2026-04-30 10:15:56,750] [DEBUG] [DBG][16] 5/6 control 완료 (1.3ms)
[2026-04-30 10:15:56,751] [DEBUG] [DBG][16] 6/6 actuator 시작
[2026-04-30 10:15:56,752] [DEBUG] [DBG][16] 6/6 actuator 완료 (0.8ms)
[2026-04-30 10:15:56,776] [DEBUG] [DBG][17] 루프 시작
[2026-04-30 10:15:56,778] [DEBUG] [DBG][17] 1/6 capture 시작
[2026-04-30 10:15:56,783] [DEBUG] [DBG][17] 1/6 capture 완료 (5.2ms)
[2026-04-30 10:15:56,785] [DEBUG] [DBG][17] 2/6 preprocess 시작
[2026-04-30 10:15:56,800] [DEBUG] [DBG][17] 2/6 preprocess 완료 (15.4ms)
[2026-04-30 10:15:56,802] [DEBUG] [DBG][17] 3/6 DPU inference 시작
[2026-04-30 10:15:56,822] [DEBUG] [DBG][17] 3/6 DPU inference 완료 (20.5ms)
[2026-04-30 10:15:56,824] [DEBUG] [DBG][17] 4/6 postprocess 시작
[2026-04-30 10:15:56,838] [DEBUG] [DBG][17] 4/6 postprocess 완료 (13.5ms)
[2026-04-30 10:15:56,839] [DEBUG] [DBG][17] 5/6 control 시작
[2026-04-30 10:15:56,840] [DEBUG] [DBG][17] 5/6 control 완료 (0.9ms)
[2026-04-30 10:15:56,841] [DEBUG] [DBG][17] 6/6 actuator 시작
[2026-04-30 10:15:56,842] [DEBUG] [DBG][17] 6/6 actuator 완료 (0.9ms)
[2026-04-30 10:15:56,876] [DEBUG] [DBG][18] 루프 시작
[2026-04-30 10:15:56,877] [DEBUG] [DBG][18] 1/6 capture 시작
[2026-04-30 10:15:56,881] [DEBUG] [DBG][18] 1/6 capture 완료 (3.1ms)
[2026-04-30 10:15:56,882] [DEBUG] [DBG][18] 2/6 preprocess 시작
[2026-04-30 10:15:56,896] [DEBUG] [DBG][18] 2/6 preprocess 완료 (13.9ms)
[2026-04-30 10:15:56,897] [DEBUG] [DBG][18] 3/6 DPU inference 시작
[2026-04-30 10:15:56,914] [DEBUG] [DBG][18] 3/6 DPU inference 완료 (16.5ms)
[2026-04-30 10:15:56,915] [DEBUG] [DBG][18] 4/6 postprocess 시작
[2026-04-30 10:15:56,926] [DEBUG] [DBG][18] 4/6 postprocess 완료 (11.4ms)
[2026-04-30 10:15:56,927] [DEBUG] [DBG][18] 5/6 control 시작
[2026-04-30 10:15:56,928] [DEBUG] [DBG][18] 5/6 control 완료 (0.6ms)
[2026-04-30 10:15:56,928] [DEBUG] [DBG][18] 6/6 actuator 시작
[2026-04-30 10:15:56,929] [DEBUG] [DBG][18] 6/6 actuator 완료 (0.6ms)
[2026-04-30 10:15:56,976] [DEBUG] [DBG][19] 루프 시작
[2026-04-30 10:15:56,978] [DEBUG] [DBG][19] 1/6 capture 시작
[2026-04-30 10:15:56,982] [DEBUG] [DBG][19] 1/6 capture 완료 (4.5ms)
[2026-04-30 10:15:56,983] [DEBUG] [DBG][19] 2/6 preprocess 시작
[2026-04-30 10:15:56,997] [DEBUG] [DBG][19] 2/6 preprocess 완료 (13.8ms)
[2026-04-30 10:15:56,998] [DEBUG] [DBG][19] 3/6 DPU inference 시작
[2026-04-30 10:15:57,016] [DEBUG] [DBG][19] 3/6 DPU inference 완료 (17.6ms)
[2026-04-30 10:15:57,017] [DEBUG] [DBG][19] 4/6 postprocess 시작
[2026-04-30 10:15:57,033] [DEBUG] [DBG][19] 4/6 postprocess 완료 (15.8ms)
[2026-04-30 10:15:57,034] [DEBUG] [DBG][19] 5/6 control 시작
[2026-04-30 10:15:57,035] [DEBUG] [DBG][19] 5/6 control 완료 (0.5ms)
[2026-04-30 10:15:57,035] [DEBUG] [DBG][19] 6/6 actuator 시작
[2026-04-30 10:15:57,035] [DEBUG] [DBG][19] 6/6 actuator 완료 (0.4ms)
[2026-04-30 10:15:57,076] [DEBUG] [DBG][20] 루프 시작
[2026-04-30 10:15:57,077] [DEBUG] [DBG][20] 1/6 capture 시작
[2026-04-30 10:15:57,082] [DEBUG] [DBG][20] 1/6 capture 완료 (4.1ms)
[2026-04-30 10:15:57,083] [DEBUG] [DBG][20] 2/6 preprocess 시작
[2026-04-30 10:15:57,096] [DEBUG] [DBG][20] 2/6 preprocess 완료 (13.3ms)
[2026-04-30 10:15:57,097] [DEBUG] [DBG][20] 3/6 DPU inference 시작
[2026-04-30 10:15:57,114] [DEBUG] [DBG][20] 3/6 DPU inference 완료 (16.4ms)
[2026-04-30 10:15:57,115] [DEBUG] [DBG][20] 4/6 postprocess 시작
[2026-04-30 10:15:57,129] [DEBUG] [DBG][20] 4/6 postprocess 완료 (13.9ms)
[2026-04-30 10:15:57,130] [DEBUG] [DBG][20] 5/6 control 시작
[2026-04-30 10:15:57,131] [DEBUG] [DBG][20] 5/6 control 완료 (0.6ms)
[2026-04-30 10:15:57,131] [DEBUG] [DBG][20] 6/6 actuator 시작
[2026-04-30 10:15:57,132] [DEBUG] [DBG][20] 6/6 actuator 완료 (0.7ms)
[2026-04-30 10:15:57,133] [INFO] [0020] cap=4.1ms | pre=13.3ms | inf=16.4ms | post=13.9ms | ctrl=0.6ms | act=0.7ms | total=56.2ms | valid=True | invalid=0 | pixels=37526 | err=-0.338 | steer=-0.135 | speed=0.216 | cur=-0.135 | adc=None
[2026-04-30 10:15:57,570] [INFO] [0020] system: rss=234.0MB | mem_avail=749.7MB | swap_free=511.7MB | load=0.74 0.97 0.60 | temp=hwmon0_temp1_input=52.0C, hwmon1_temp1_input=52.0C, hwmon2_temp1_input=49.4C, hwmon2_temp2_input=50.8C, pl_temp=50.2C, ps_temp=49.7C, remote_temp=50.5C
[2026-04-30 10:15:57,571] [DEBUG] [DBG][21] 루프 시작
[2026-04-30 10:15:57,571] [DEBUG] [DBG][21] 1/6 capture 시작
[2026-04-30 10:15:57,589] [DEBUG] [DBG][21] 1/6 capture 완료 (17.8ms)
[2026-04-30 10:15:57,590] [DEBUG] [DBG][21] 2/6 preprocess 시작
[2026-04-30 10:15:57,606] [DEBUG] [DBG][21] 2/6 preprocess 완료 (15.1ms)
[2026-04-30 10:15:57,607] [DEBUG] [DBG][21] 3/6 DPU inference 시작
[2026-04-30 10:15:57,625] [DEBUG] [DBG][21] 3/6 DPU inference 완료 (17.9ms)
[2026-04-30 10:15:57,626] [DEBUG] [DBG][21] 4/6 postprocess 시작
[2026-04-30 10:15:57,635] [DEBUG] [DBG][21] 4/6 postprocess 완료 (8.7ms)
[2026-04-30 10:15:57,637] [DEBUG] [DBG][21] 5/6 control 시작
[2026-04-30 10:15:57,637] [DEBUG] [DBG][21] 5/6 control 완료 (0.7ms)
[2026-04-30 10:15:57,638] [DEBUG] [DBG][21] 6/6 actuator 시작
[2026-04-30 10:15:57,638] [DEBUG] [DBG][21] 6/6 actuator 완료 (0.6ms)
[2026-04-30 10:15:57,671] [DEBUG] [DBG][22] 루프 시작
[2026-04-30 10:15:57,672] [DEBUG] [DBG][22] 1/6 capture 시작
[2026-04-30 10:15:57,676] [DEBUG] [DBG][22] 1/6 capture 완료 (3.1ms)
[2026-04-30 10:15:57,677] [DEBUG] [DBG][22] 2/6 preprocess 시작
[2026-04-30 10:15:57,691] [DEBUG] [DBG][22] 2/6 preprocess 완료 (13.8ms)
[2026-04-30 10:15:57,693] [DEBUG] [DBG][22] 3/6 DPU inference 시작
[2026-04-30 10:15:57,710] [DEBUG] [DBG][22] 3/6 DPU inference 완료 (16.9ms)
[2026-04-30 10:15:57,711] [DEBUG] [DBG][22] 4/6 postprocess 시작
[2026-04-30 10:15:57,721] [DEBUG] [DBG][22] 4/6 postprocess 완료 (10.6ms)
[2026-04-30 10:15:57,723] [DEBUG] [DBG][22] 5/6 control 시작
[2026-04-30 10:15:57,723] [DEBUG] [DBG][22] 5/6 control 완료 (0.7ms)
[2026-04-30 10:15:57,724] [DEBUG] [DBG][22] 6/6 actuator 시작
[2026-04-30 10:15:57,724] [DEBUG] [DBG][22] 6/6 actuator 완료 (0.5ms)
[2026-04-30 10:15:57,771] [DEBUG] [DBG][23] 루프 시작
[2026-04-30 10:15:57,773] [DEBUG] [DBG][23] 1/6 capture 시작
[2026-04-30 10:15:57,776] [DEBUG] [DBG][23] 1/6 capture 완료 (3.3ms)
[2026-04-30 10:15:57,777] [DEBUG] [DBG][23] 2/6 preprocess 시작
[2026-04-30 10:15:57,792] [DEBUG] [DBG][23] 2/6 preprocess 완료 (14.3ms)
[2026-04-30 10:15:57,794] [DEBUG] [DBG][23] 3/6 DPU inference 시작
[2026-04-30 10:15:57,812] [DEBUG] [DBG][23] 3/6 DPU inference 완료 (18.0ms)
[2026-04-30 10:15:57,813] [DEBUG] [DBG][23] 4/6 postprocess 시작
[2026-04-30 10:15:57,824] [DEBUG] [DBG][23] 4/6 postprocess 완료 (10.4ms)
[2026-04-30 10:15:57,825] [DEBUG] [DBG][23] 5/6 control 시작
[2026-04-30 10:15:57,825] [DEBUG] [DBG][23] 5/6 control 완료 (0.6ms)
[2026-04-30 10:15:57,826] [DEBUG] [DBG][23] 6/6 actuator 시작
[2026-04-30 10:15:57,827] [DEBUG] [DBG][23] 6/6 actuator 완료 (0.7ms)
[2026-04-30 10:15:57,871] [DEBUG] [DBG][24] 루프 시작
[2026-04-30 10:15:57,873] [DEBUG] [DBG][24] 1/6 capture 시작
[2026-04-30 10:15:57,876] [DEBUG] [DBG][24] 1/6 capture 완료 (3.4ms)
[2026-04-30 10:15:57,877] [DEBUG] [DBG][24] 2/6 preprocess 시작
[2026-04-30 10:15:57,891] [DEBUG] [DBG][24] 2/6 preprocess 완료 (13.5ms)
[2026-04-30 10:15:57,893] [DEBUG] [DBG][24] 3/6 DPU inference 시작
[2026-04-30 10:15:57,914] [DEBUG] [DBG][24] 3/6 DPU inference 완료 (20.7ms)
[2026-04-30 10:15:57,915] [DEBUG] [DBG][24] 4/6 postprocess 시작
[2026-04-30 10:15:57,929] [DEBUG] [DBG][24] 4/6 postprocess 완료 (14.2ms)
[2026-04-30 10:15:57,930] [DEBUG] [DBG][24] 5/6 control 시작
[2026-04-30 10:15:57,932] [DEBUG] [DBG][24] 5/6 control 완료 (1.1ms)
[2026-04-30 10:15:57,933] [DEBUG] [DBG][24] 6/6 actuator 시작
[2026-04-30 10:15:57,934] [DEBUG] [DBG][24] 6/6 actuator 완료 (0.8ms)
[2026-04-30 10:15:57,971] [DEBUG] [DBG][25] 루프 시작
[2026-04-30 10:15:57,973] [DEBUG] [DBG][25] 1/6 capture 시작
[2026-04-30 10:15:57,976] [DEBUG] [DBG][25] 1/6 capture 완료 (3.3ms)
[2026-04-30 10:15:57,978] [DEBUG] [DBG][25] 2/6 preprocess 시작
[2026-04-30 10:15:57,992] [DEBUG] [DBG][25] 2/6 preprocess 완료 (14.6ms)
[2026-04-30 10:15:57,994] [DEBUG] [DBG][25] 3/6 DPU inference 시작
[2026-04-30 10:15:58,013] [DEBUG] [DBG][25] 3/6 DPU inference 완료 (19.2ms)
[2026-04-30 10:15:58,014] [DEBUG] [DBG][25] 4/6 postprocess 시작
[2026-04-30 10:15:58,027] [DEBUG] [DBG][25] 4/6 postprocess 완료 (12.6ms)
[2026-04-30 10:15:58,029] [DEBUG] [DBG][25] 5/6 control 시작
[2026-04-30 10:15:58,031] [DEBUG] [DBG][25] 5/6 control 완료 (1.6ms)
[2026-04-30 10:15:58,033] [DEBUG] [DBG][25] 6/6 actuator 시작
[2026-04-30 10:15:58,035] [DEBUG] [DBG][25] 6/6 actuator 완료 (1.8ms)
[2026-04-30 10:15:58,072] [DEBUG] [DBG][26] 루프 시작
[2026-04-30 10:15:58,073] [DEBUG] [DBG][26] 1/6 capture 시작
[2026-04-30 10:15:58,077] [DEBUG] [DBG][26] 1/6 capture 완료 (4.3ms)
[2026-04-30 10:15:58,078] [DEBUG] [DBG][26] 2/6 preprocess 시작
[2026-04-30 10:15:58,092] [DEBUG] [DBG][26] 2/6 preprocess 완료 (14.0ms)
[2026-04-30 10:15:58,094] [DEBUG] [DBG][26] 3/6 DPU inference 시작
[2026-04-30 10:15:58,113] [DEBUG] [DBG][26] 3/6 DPU inference 완료 (19.1ms)
[2026-04-30 10:15:58,114] [DEBUG] [DBG][26] 4/6 postprocess 시작
[2026-04-30 10:15:58,127] [DEBUG] [DBG][26] 4/6 postprocess 완료 (12.4ms)
[2026-04-30 10:15:58,128] [DEBUG] [DBG][26] 5/6 control 시작
[2026-04-30 10:15:58,129] [DEBUG] [DBG][26] 5/6 control 완료 (0.7ms)
[2026-04-30 10:15:58,129] [DEBUG] [DBG][26] 6/6 actuator 시작
[2026-04-30 10:15:58,130] [DEBUG] [DBG][26] 6/6 actuator 완료 (0.5ms)
[2026-04-30 10:15:58,172] [DEBUG] [DBG][27] 루프 시작
[2026-04-30 10:15:58,173] [DEBUG] [DBG][27] 1/6 capture 시작
[2026-04-30 10:15:58,177] [DEBUG] [DBG][27] 1/6 capture 완료 (3.5ms)
[2026-04-30 10:15:58,178] [DEBUG] [DBG][27] 2/6 preprocess 시작
[2026-04-30 10:15:58,192] [DEBUG] [DBG][27] 2/6 preprocess 완료 (13.4ms)
[2026-04-30 10:15:58,193] [DEBUG] [DBG][27] 3/6 DPU inference 시작
[2026-04-30 10:15:58,211] [DEBUG] [DBG][27] 3/6 DPU inference 완료 (17.5ms)
[2026-04-30 10:15:58,212] [DEBUG] [DBG][27] 4/6 postprocess 시작
[2026-04-30 10:15:58,223] [DEBUG] [DBG][27] 4/6 postprocess 완료 (11.1ms)
[2026-04-30 10:15:58,224] [DEBUG] [DBG][27] 5/6 control 시작
[2026-04-30 10:15:58,225] [DEBUG] [DBG][27] 5/6 control 완료 (0.7ms)
[2026-04-30 10:15:58,225] [DEBUG] [DBG][27] 6/6 actuator 시작
[2026-04-30 10:15:58,226] [DEBUG] [DBG][27] 6/6 actuator 완료 (0.5ms)
[2026-04-30 10:15:58,272] [DEBUG] [DBG][28] 루프 시작
[2026-04-30 10:15:58,273] [DEBUG] [DBG][28] 1/6 capture 시작
[2026-04-30 10:15:58,281] [DEBUG] [DBG][28] 1/6 capture 완료 (7.9ms)
[2026-04-30 10:15:58,283] [DEBUG] [DBG][28] 2/6 preprocess 시작
[2026-04-30 10:15:58,296] [DEBUG] [DBG][28] 2/6 preprocess 완료 (13.4ms)
[2026-04-30 10:15:58,297] [DEBUG] [DBG][28] 3/6 DPU inference 시작
[2026-04-30 10:15:58,314] [DEBUG] [DBG][28] 3/6 DPU inference 완료 (16.6ms)
[2026-04-30 10:15:58,315] [DEBUG] [DBG][28] 4/6 postprocess 시작
[2026-04-30 10:15:58,328] [DEBUG] [DBG][28] 4/6 postprocess 완료 (12.9ms)
[2026-04-30 10:15:58,329] [DEBUG] [DBG][28] 5/6 control 시작
[2026-04-30 10:15:58,330] [DEBUG] [DBG][28] 5/6 control 완료 (0.4ms)
[2026-04-30 10:15:58,330] [DEBUG] [DBG][28] 6/6 actuator 시작
[2026-04-30 10:15:58,330] [DEBUG] [DBG][28] 6/6 actuator 완료 (0.3ms)
[2026-04-30 10:15:58,372] [DEBUG] [DBG][29] 루프 시작
[2026-04-30 10:15:58,373] [DEBUG] [DBG][29] 1/6 capture 시작
[2026-04-30 10:15:58,376] [DEBUG] [DBG][29] 1/6 capture 완료 (3.1ms)
[2026-04-30 10:15:58,377] [DEBUG] [DBG][29] 2/6 preprocess 시작
[2026-04-30 10:15:58,391] [DEBUG] [DBG][29] 2/6 preprocess 완료 (13.3ms)
[2026-04-30 10:15:58,392] [DEBUG] [DBG][29] 3/6 DPU inference 시작
[2026-04-30 10:15:58,412] [DEBUG] [DBG][29] 3/6 DPU inference 완료 (20.0ms)
[2026-04-30 10:15:58,413] [DEBUG] [DBG][29] 4/6 postprocess 시작
[2026-04-30 10:15:58,422] [DEBUG] [DBG][29] 4/6 postprocess 완료 (8.8ms)
[2026-04-30 10:15:58,423] [DEBUG] [DBG][29] 5/6 control 시작
[2026-04-30 10:15:58,423] [DEBUG] [DBG][29] 5/6 control 완료 (0.5ms)
[2026-04-30 10:15:58,423] [DEBUG] [DBG][29] 6/6 actuator 시작
[2026-04-30 10:15:58,424] [DEBUG] [DBG][29] 6/6 actuator 완료 (0.4ms)
[2026-04-30 10:15:58,472] [DEBUG] [DBG][30] 루프 시작
[2026-04-30 10:15:58,473] [DEBUG] [DBG][30] 1/6 capture 시작
[2026-04-30 10:15:58,478] [DEBUG] [DBG][30] 1/6 capture 완료 (4.7ms)
[2026-04-30 10:15:58,479] [DEBUG] [DBG][30] 2/6 preprocess 시작
[2026-04-30 10:15:58,493] [DEBUG] [DBG][30] 2/6 preprocess 완료 (14.3ms)
[2026-04-30 10:15:58,494] [DEBUG] [DBG][30] 3/6 DPU inference 시작
[2026-04-30 10:15:58,513] [DEBUG] [DBG][30] 3/6 DPU inference 완료 (18.9ms)
[2026-04-30 10:15:58,515] [DEBUG] [DBG][30] 4/6 postprocess 시작
[2026-04-30 10:15:58,527] [DEBUG] [DBG][30] 4/6 postprocess 완료 (11.7ms)
[2026-04-30 10:15:58,527] [DEBUG] [DBG][30] 5/6 control 시작
[2026-04-30 10:15:58,528] [DEBUG] [DBG][30] 5/6 control 완료 (0.6ms)
[2026-04-30 10:15:58,528] [DEBUG] [DBG][30] 6/6 actuator 시작
[2026-04-30 10:15:58,529] [DEBUG] [DBG][30] 6/6 actuator 완료 (0.7ms)
[2026-04-30 10:15:58,530] [INFO] [0030] cap=4.7ms | pre=14.3ms | inf=18.9ms | post=11.7ms | ctrl=0.6ms | act=0.7ms | total=57.4ms | valid=True | invalid=0 | pixels=37858 | err=-0.350 | steer=-0.140 | speed=0.215 | cur=-0.140 | adc=None
[2026-04-30 10:15:58,970] [INFO] [0030] system: rss=234.0MB | mem_avail=748.2MB | swap_free=511.7MB | load=0.74 0.97 0.60 | temp=hwmon0_temp1_input=52.0C, hwmon1_temp1_input=52.0C, hwmon2_temp1_input=50.2C, hwmon2_temp2_input=51.5C, pl_temp=50.4C, ps_temp=50.1C, remote_temp=49.4C
[2026-04-30 10:15:58,971] [DEBUG] [DBG][31] 루프 시작
[2026-04-30 10:15:58,972] [DEBUG] [DBG][31] 1/6 capture 시작
[2026-04-30 10:15:58,985] [DEBUG] [DBG][31] 1/6 capture 완료 (12.9ms)
[2026-04-30 10:15:58,986] [DEBUG] [DBG][31] 2/6 preprocess 시작
[2026-04-30 10:15:59,001] [DEBUG] [DBG][31] 2/6 preprocess 완료 (14.3ms)
[2026-04-30 10:15:59,002] [DEBUG] [DBG][31] 3/6 DPU inference 시작
[2026-04-30 10:15:59,020] [DEBUG] [DBG][31] 3/6 DPU inference 완료 (17.8ms)
[2026-04-30 10:15:59,021] [DEBUG] [DBG][31] 4/6 postprocess 시작
[2026-04-30 10:15:59,034] [DEBUG] [DBG][31] 4/6 postprocess 완료 (13.0ms)
[2026-04-30 10:15:59,035] [DEBUG] [DBG][31] 5/6 control 시작
[2026-04-30 10:15:59,036] [DEBUG] [DBG][31] 5/6 control 완료 (0.5ms)
[2026-04-30 10:15:59,036] [DEBUG] [DBG][31] 6/6 actuator 시작
[2026-04-30 10:15:59,037] [DEBUG] [DBG][31] 6/6 actuator 완료 (0.3ms)
[2026-04-30 10:15:59,072] [DEBUG] [DBG][32] 루프 시작
[2026-04-30 10:15:59,076] [DEBUG] [DBG][32] 1/6 capture 시작
[2026-04-30 10:15:59,082] [DEBUG] [DBG][32] 1/6 capture 완료 (6.5ms)
[2026-04-30 10:15:59,084] [DEBUG] [DBG][32] 2/6 preprocess 시작
[2026-04-30 10:15:59,102] [DEBUG] [DBG][32] 2/6 preprocess 완료 (18.2ms)
[2026-04-30 10:15:59,103] [DEBUG] [DBG][32] 3/6 DPU inference 시작
[2026-04-30 10:15:59,123] [DEBUG] [DBG][32] 3/6 DPU inference 완료 (19.0ms)
[2026-04-30 10:15:59,124] [DEBUG] [DBG][32] 4/6 postprocess 시작
[2026-04-30 10:15:59,135] [DEBUG] [DBG][32] 4/6 postprocess 완료 (10.8ms)
[2026-04-30 10:15:59,136] [DEBUG] [DBG][32] 5/6 control 시작
[2026-04-30 10:15:59,137] [DEBUG] [DBG][32] 5/6 control 완료 (0.7ms)
[2026-04-30 10:15:59,137] [DEBUG] [DBG][32] 6/6 actuator 시작
[2026-04-30 10:15:59,138] [DEBUG] [DBG][32] 6/6 actuator 완료 (0.5ms)
[2026-04-30 10:15:59,172] [DEBUG] [DBG][33] 루프 시작
[2026-04-30 10:15:59,173] [DEBUG] [DBG][33] 1/6 capture 시작
[2026-04-30 10:15:59,184] [DEBUG] [DBG][33] 1/6 capture 완료 (10.6ms)
[2026-04-30 10:15:59,186] [DEBUG] [DBG][33] 2/6 preprocess 시작
[2026-04-30 10:15:59,201] [DEBUG] [DBG][33] 2/6 preprocess 완료 (15.4ms)
[2026-04-30 10:15:59,202] [DEBUG] [DBG][33] 3/6 DPU inference 시작
[2026-04-30 10:15:59,220] [DEBUG] [DBG][33] 3/6 DPU inference 완료 (17.2ms)
[2026-04-30 10:15:59,221] [DEBUG] [DBG][33] 4/6 postprocess 시작
[2026-04-30 10:15:59,229] [DEBUG] [DBG][33] 4/6 postprocess 완료 (7.9ms)
[2026-04-30 10:15:59,231] [DEBUG] [DBG][33] 5/6 control 시작
[2026-04-30 10:15:59,232] [DEBUG] [DBG][33] 5/6 control 완료 (1.4ms)
[2026-04-30 10:15:59,232] [DEBUG] [DBG][33] 6/6 actuator 시작
[2026-04-30 10:15:59,233] [DEBUG] [DBG][33] 6/6 actuator 완료 (0.7ms)
[2026-04-30 10:15:59,272] [DEBUG] [DBG][34] 루프 시작
[2026-04-30 10:15:59,274] [DEBUG] [DBG][34] 1/6 capture 시작
[2026-04-30 10:15:59,277] [DEBUG] [DBG][34] 1/6 capture 완료 (3.6ms)
[2026-04-30 10:15:59,279] [DEBUG] [DBG][34] 2/6 preprocess 시작
[2026-04-30 10:15:59,293] [DEBUG] [DBG][34] 2/6 preprocess 완료 (13.7ms)
[2026-04-30 10:15:59,294] [DEBUG] [DBG][34] 3/6 DPU inference 시작
[2026-04-30 10:15:59,314] [DEBUG] [DBG][34] 3/6 DPU inference 완료 (20.0ms)
[2026-04-30 10:15:59,315] [DEBUG] [DBG][34] 4/6 postprocess 시작
[2026-04-30 10:15:59,326] [DEBUG] [DBG][34] 4/6 postprocess 완료 (10.3ms)
[2026-04-30 10:15:59,327] [DEBUG] [DBG][34] 5/6 control 시작
[2026-04-30 10:15:59,328] [DEBUG] [DBG][34] 5/6 control 완료 (0.9ms)
[2026-04-30 10:15:59,328] [DEBUG] [DBG][34] 6/6 actuator 시작
[2026-04-30 10:15:59,329] [DEBUG] [DBG][34] 6/6 actuator 완료 (0.6ms)
[2026-04-30 10:15:59,372] [DEBUG] [DBG][35] 루프 시작
[2026-04-30 10:15:59,373] [DEBUG] [DBG][35] 1/6 capture 시작
[2026-04-30 10:15:59,378] [DEBUG] [DBG][35] 1/6 capture 완료 (4.4ms)
[2026-04-30 10:15:59,379] [DEBUG] [DBG][35] 2/6 preprocess 시작
[2026-04-30 10:15:59,394] [DEBUG] [DBG][35] 2/6 preprocess 완료 (14.6ms)
[2026-04-30 10:15:59,396] [DEBUG] [DBG][35] 3/6 DPU inference 시작
[2026-04-30 10:15:59,413] [DEBUG] [DBG][35] 3/6 DPU inference 완료 (17.0ms)
[2026-04-30 10:15:59,414] [DEBUG] [DBG][35] 4/6 postprocess 시작
[2026-04-30 10:15:59,422] [DEBUG] [DBG][35] 4/6 postprocess 완료 (8.0ms)
[2026-04-30 10:15:59,423] [DEBUG] [DBG][35] 5/6 control 시작
[2026-04-30 10:15:59,424] [DEBUG] [DBG][35] 5/6 control 완료 (0.6ms)
[2026-04-30 10:15:59,424] [DEBUG] [DBG][35] 6/6 actuator 시작
[2026-04-30 10:15:59,424] [DEBUG] [DBG][35] 6/6 actuator 완료 (0.4ms)
[2026-04-30 10:15:59,472] [DEBUG] [DBG][36] 루프 시작
[2026-04-30 10:15:59,473] [DEBUG] [DBG][36] 1/6 capture 시작
[2026-04-30 10:15:59,477] [DEBUG] [DBG][36] 1/6 capture 완료 (3.4ms)
[2026-04-30 10:15:59,478] [DEBUG] [DBG][36] 2/6 preprocess 시작
[2026-04-30 10:15:59,491] [DEBUG] [DBG][36] 2/6 preprocess 완료 (12.8ms)
[2026-04-30 10:15:59,492] [DEBUG] [DBG][36] 3/6 DPU inference 시작
[2026-04-30 10:15:59,509] [DEBUG] [DBG][36] 3/6 DPU inference 완료 (17.1ms)
[2026-04-30 10:15:59,511] [DEBUG] [DBG][36] 4/6 postprocess 시작
[2026-04-30 10:15:59,521] [DEBUG] [DBG][36] 4/6 postprocess 완료 (10.3ms)
[2026-04-30 10:15:59,522] [DEBUG] [DBG][36] 5/6 control 시작
[2026-04-30 10:15:59,522] [DEBUG] [DBG][36] 5/6 control 완료 (0.4ms)
[2026-04-30 10:15:59,523] [DEBUG] [DBG][36] 6/6 actuator 시작
[2026-04-30 10:15:59,523] [DEBUG] [DBG][36] 6/6 actuator 완료 (0.3ms)
[2026-04-30 10:15:59,572] [DEBUG] [DBG][37] 루프 시작
[2026-04-30 10:15:59,573] [DEBUG] [DBG][37] 1/6 capture 시작
[2026-04-30 10:15:59,577] [DEBUG] [DBG][37] 1/6 capture 완료 (3.6ms)
[2026-04-30 10:15:59,578] [DEBUG] [DBG][37] 2/6 preprocess 시작
[2026-04-30 10:15:59,591] [DEBUG] [DBG][37] 2/6 preprocess 완료 (12.9ms)
[2026-04-30 10:15:59,592] [DEBUG] [DBG][37] 3/6 DPU inference 시작
[2026-04-30 10:15:59,609] [DEBUG] [DBG][37] 3/6 DPU inference 완료 (16.4ms)
[2026-04-30 10:15:59,610] [DEBUG] [DBG][37] 4/6 postprocess 시작
[2026-04-30 10:15:59,618] [DEBUG] [DBG][37] 4/6 postprocess 완료 (8.0ms)
[2026-04-30 10:15:59,619] [DEBUG] [DBG][37] 5/6 control 시작
[2026-04-30 10:15:59,619] [DEBUG] [DBG][37] 5/6 control 완료 (0.6ms)
[2026-04-30 10:15:59,620] [DEBUG] [DBG][37] 6/6 actuator 시작
[2026-04-30 10:15:59,620] [DEBUG] [DBG][37] 6/6 actuator 완료 (0.4ms)
[2026-04-30 10:15:59,673] [DEBUG] [DBG][38] 루프 시작
[2026-04-30 10:15:59,674] [DEBUG] [DBG][38] 1/6 capture 시작
[2026-04-30 10:15:59,677] [DEBUG] [DBG][38] 1/6 capture 완료 (3.6ms)
[2026-04-30 10:15:59,678] [DEBUG] [DBG][38] 2/6 preprocess 시작
[2026-04-30 10:15:59,693] [DEBUG] [DBG][38] 2/6 preprocess 완료 (14.1ms)
[2026-04-30 10:15:59,694] [DEBUG] [DBG][38] 3/6 DPU inference 시작
[2026-04-30 10:15:59,711] [DEBUG] [DBG][38] 3/6 DPU inference 완료 (17.6ms)
[2026-04-30 10:15:59,712] [DEBUG] [DBG][38] 4/6 postprocess 시작
[2026-04-30 10:15:59,720] [DEBUG] [DBG][38] 4/6 postprocess 완료 (7.9ms)
[2026-04-30 10:15:59,721] [DEBUG] [DBG][38] 5/6 control 시작
[2026-04-30 10:15:59,722] [DEBUG] [DBG][38] 5/6 control 완료 (0.7ms)
[2026-04-30 10:15:59,722] [DEBUG] [DBG][38] 6/6 actuator 시작
[2026-04-30 10:15:59,723] [DEBUG] [DBG][38] 6/6 actuator 완료 (0.4ms)
[2026-04-30 10:15:59,773] [DEBUG] [DBG][39] 루프 시작
[2026-04-30 10:15:59,774] [DEBUG] [DBG][39] 1/6 capture 시작
[2026-04-30 10:15:59,777] [DEBUG] [DBG][39] 1/6 capture 완료 (3.3ms)
[2026-04-30 10:15:59,778] [DEBUG] [DBG][39] 2/6 preprocess 시작
[2026-04-30 10:15:59,791] [DEBUG] [DBG][39] 2/6 preprocess 완료 (12.4ms)
[2026-04-30 10:15:59,792] [DEBUG] [DBG][39] 3/6 DPU inference 시작
[2026-04-30 10:15:59,808] [DEBUG] [DBG][39] 3/6 DPU inference 완료 (16.7ms)
[2026-04-30 10:15:59,809] [DEBUG] [DBG][39] 4/6 postprocess 시작
[2026-04-30 10:15:59,818] [DEBUG] [DBG][39] 4/6 postprocess 완료 (9.0ms)
[2026-04-30 10:15:59,820] [DEBUG] [DBG][39] 5/6 control 시작
[2026-04-30 10:15:59,820] [DEBUG] [DBG][39] 5/6 control 완료 (0.6ms)
[2026-04-30 10:15:59,821] [DEBUG] [DBG][39] 6/6 actuator 시작
[2026-04-30 10:15:59,821] [DEBUG] [DBG][39] 6/6 actuator 완료 (0.4ms)
[2026-04-30 10:15:59,873] [DEBUG] [DBG][40] 루프 시작
[2026-04-30 10:15:59,874] [DEBUG] [DBG][40] 1/6 capture 시작
[2026-04-30 10:15:59,877] [DEBUG] [DBG][40] 1/6 capture 완료 (3.1ms)
[2026-04-30 10:15:59,878] [DEBUG] [DBG][40] 2/6 preprocess 시작
[2026-04-30 10:15:59,891] [DEBUG] [DBG][40] 2/6 preprocess 완료 (12.7ms)
[2026-04-30 10:15:59,893] [DEBUG] [DBG][40] 3/6 DPU inference 시작
[2026-04-30 10:15:59,913] [DEBUG] [DBG][40] 3/6 DPU inference 완료 (19.7ms)
[2026-04-30 10:15:59,915] [DEBUG] [DBG][40] 4/6 postprocess 시작
[2026-04-30 10:15:59,926] [DEBUG] [DBG][40] 4/6 postprocess 완료 (11.7ms)
[2026-04-30 10:15:59,927] [DEBUG] [DBG][40] 5/6 control 시작
[2026-04-30 10:15:59,928] [DEBUG] [DBG][40] 5/6 control 완료 (0.8ms)
[2026-04-30 10:15:59,928] [DEBUG] [DBG][40] 6/6 actuator 시작
[2026-04-30 10:15:59,929] [DEBUG] [DBG][40] 6/6 actuator 완료 (0.4ms)
[2026-04-30 10:15:59,930] [INFO] [0040] cap=3.1ms | pre=12.7ms | inf=19.7ms | post=11.7ms | ctrl=0.8ms | act=0.4ms | total=56.9ms | valid=True | invalid=0 | pixels=39835 | err=-0.353 | steer=-0.141 | speed=0.215 | cur=-0.141 | adc=None
[2026-04-30 10:16:00,391] [INFO] [0040] system: rss=233.8MB | mem_avail=744.0MB | swap_free=511.7MB | load=0.74 0.97 0.60 | temp=hwmon0_temp1_input=52.0C, hwmon1_temp1_input=52.0C, hwmon2_temp1_input=49.5C, hwmon2_temp2_input=50.2C, pl_temp=50.1C, ps_temp=49.9C, remote_temp=50.2C
[2026-04-30 10:16:00,392] [DEBUG] [DBG][41] 루프 시작
[2026-04-30 10:16:00,393] [DEBUG] [DBG][41] 1/6 capture 시작
[2026-04-30 10:16:00,402] [DEBUG] [DBG][41] 1/6 capture 완료 (9.0ms)
[2026-04-30 10:16:00,403] [DEBUG] [DBG][41] 2/6 preprocess 시작
[2026-04-30 10:16:00,416] [DEBUG] [DBG][41] 2/6 preprocess 완료 (12.6ms)
[2026-04-30 10:16:00,417] [DEBUG] [DBG][41] 3/6 DPU inference 시작
[2026-04-30 10:16:00,436] [DEBUG] [DBG][41] 3/6 DPU inference 완료 (19.5ms)
[2026-04-30 10:16:00,437] [DEBUG] [DBG][41] 4/6 postprocess 시작
[2026-04-30 10:16:00,446] [DEBUG] [DBG][41] 4/6 postprocess 완료 (8.7ms)
[2026-04-30 10:16:00,447] [DEBUG] [DBG][41] 5/6 control 시작
[2026-04-30 10:16:00,447] [DEBUG] [DBG][41] 5/6 control 완료 (0.5ms)
[2026-04-30 10:16:00,448] [DEBUG] [DBG][41] 6/6 actuator 시작
[2026-04-30 10:16:00,448] [DEBUG] [DBG][41] 6/6 actuator 완료 (0.4ms)
[2026-04-30 10:16:00,493] [DEBUG] [DBG][42] 루프 시작
[2026-04-30 10:16:00,493] [DEBUG] [DBG][42] 1/6 capture 시작
[2026-04-30 10:16:00,498] [DEBUG] [DBG][42] 1/6 capture 완료 (4.3ms)
[2026-04-30 10:16:00,499] [DEBUG] [DBG][42] 2/6 preprocess 시작
[2026-04-30 10:16:00,511] [DEBUG] [DBG][42] 2/6 preprocess 완료 (12.4ms)
[2026-04-30 10:16:00,512] [DEBUG] [DBG][42] 3/6 DPU inference 시작
[2026-04-30 10:16:00,529] [DEBUG] [DBG][42] 3/6 DPU inference 완료 (16.8ms)
[2026-04-30 10:16:00,531] [DEBUG] [DBG][42] 4/6 postprocess 시작
[2026-04-30 10:16:00,547] [DEBUG] [DBG][42] 4/6 postprocess 완료 (15.8ms)
[2026-04-30 10:16:00,548] [DEBUG] [DBG][42] 5/6 control 시작
[2026-04-30 10:16:00,548] [DEBUG] [DBG][42] 5/6 control 완료 (0.6ms)
[2026-04-30 10:16:00,549] [DEBUG] [DBG][42] 6/6 actuator 시작
[2026-04-30 10:16:00,549] [DEBUG] [DBG][42] 6/6 actuator 완료 (0.3ms)
[2026-04-30 10:16:00,593] [DEBUG] [DBG][43] 루프 시작
[2026-04-30 10:16:00,594] [DEBUG] [DBG][43] 1/6 capture 시작
[2026-04-30 10:16:00,601] [DEBUG] [DBG][43] 1/6 capture 완료 (6.9ms)
[2026-04-30 10:16:00,602] [DEBUG] [DBG][43] 2/6 preprocess 시작
[2026-04-30 10:16:00,615] [DEBUG] [DBG][43] 2/6 preprocess 완료 (12.8ms)
[2026-04-30 10:16:00,615] [DEBUG] [DBG][43] 3/6 DPU inference 시작
[2026-04-30 10:16:00,633] [DEBUG] [DBG][43] 3/6 DPU inference 완료 (17.1ms)
[2026-04-30 10:16:00,634] [DEBUG] [DBG][43] 4/6 postprocess 시작
[2026-04-30 10:16:00,642] [DEBUG] [DBG][43] 4/6 postprocess 완료 (8.2ms)
[2026-04-30 10:16:00,643] [DEBUG] [DBG][43] 5/6 control 시작
[2026-04-30 10:16:00,644] [DEBUG] [DBG][43] 5/6 control 완료 (0.6ms)
[2026-04-30 10:16:00,644] [DEBUG] [DBG][43] 6/6 actuator 시작
[2026-04-30 10:16:00,645] [DEBUG] [DBG][43] 6/6 actuator 완료 (0.5ms)
[2026-04-30 10:16:00,693] [DEBUG] [DBG][44] 루프 시작
[2026-04-30 10:16:00,694] [DEBUG] [DBG][44] 1/6 capture 시작
[2026-04-30 10:16:00,697] [DEBUG] [DBG][44] 1/6 capture 완료 (3.1ms)
[2026-04-30 10:16:00,698] [DEBUG] [DBG][44] 2/6 preprocess 시작
[2026-04-30 10:16:00,711] [DEBUG] [DBG][44] 2/6 preprocess 완료 (12.7ms)
[2026-04-30 10:16:00,712] [DEBUG] [DBG][44] 3/6 DPU inference 시작
[2026-04-30 10:16:00,728] [DEBUG] [DBG][44] 3/6 DPU inference 완료 (16.5ms)
[2026-04-30 10:16:00,729] [DEBUG] [DBG][44] 4/6 postprocess 시작
[2026-04-30 10:16:00,739] [DEBUG] [DBG][44] 4/6 postprocess 완료 (9.2ms)
[2026-04-30 10:16:00,740] [DEBUG] [DBG][44] 5/6 control 시작
[2026-04-30 10:16:00,740] [DEBUG] [DBG][44] 5/6 control 완료 (0.5ms)
[2026-04-30 10:16:00,740] [DEBUG] [DBG][44] 6/6 actuator 시작
[2026-04-30 10:16:00,741] [DEBUG] [DBG][44] 6/6 actuator 완료 (0.4ms)
[2026-04-30 10:16:00,793] [DEBUG] [DBG][45] 루프 시작
[2026-04-30 10:16:00,794] [DEBUG] [DBG][45] 1/6 capture 시작
[2026-04-30 10:16:00,797] [DEBUG] [DBG][45] 1/6 capture 완료 (3.3ms)
[2026-04-30 10:16:00,798] [DEBUG] [DBG][45] 2/6 preprocess 시작
[2026-04-30 10:16:00,811] [DEBUG] [DBG][45] 2/6 preprocess 완료 (12.9ms)
[2026-04-30 10:16:00,812] [DEBUG] [DBG][45] 3/6 DPU inference 시작
[2026-04-30 10:16:00,833] [DEBUG] [DBG][45] 3/6 DPU inference 완료 (20.5ms)
[2026-04-30 10:16:00,834] [DEBUG] [DBG][45] 4/6 postprocess 시작
[2026-04-30 10:16:00,851] [DEBUG] [DBG][45] 4/6 postprocess 완료 (17.1ms)
[2026-04-30 10:16:00,852] [DEBUG] [DBG][45] 5/6 control 시작
[2026-04-30 10:16:00,853] [DEBUG] [DBG][45] 5/6 control 완료 (1.0ms)
[2026-04-30 10:16:00,853] [DEBUG] [DBG][45] 6/6 actuator 시작
[2026-04-30 10:16:00,854] [DEBUG] [DBG][45] 6/6 actuator 완료 (0.4ms)
[2026-04-30 10:16:00,893] [DEBUG] [DBG][46] 루프 시작
[2026-04-30 10:16:00,894] [DEBUG] [DBG][46] 1/6 capture 시작
[2026-04-30 10:16:00,897] [DEBUG] [DBG][46] 1/6 capture 완료 (3.0ms)
[2026-04-30 10:16:00,898] [DEBUG] [DBG][46] 2/6 preprocess 시작
[2026-04-30 10:16:00,911] [DEBUG] [DBG][46] 2/6 preprocess 완료 (13.0ms)
[2026-04-30 10:16:00,912] [DEBUG] [DBG][46] 3/6 DPU inference 시작
[2026-04-30 10:16:00,929] [DEBUG] [DBG][46] 3/6 DPU inference 완료 (16.5ms)
[2026-04-30 10:16:00,930] [DEBUG] [DBG][46] 4/6 postprocess 시작
[2026-04-30 10:16:00,945] [DEBUG] [DBG][46] 4/6 postprocess 완료 (15.3ms)
[2026-04-30 10:16:00,946] [DEBUG] [DBG][46] 5/6 control 시작
[2026-04-30 10:16:00,947] [DEBUG] [DBG][46] 5/6 control 완료 (0.7ms)
[2026-04-30 10:16:00,947] [DEBUG] [DBG][46] 6/6 actuator 시작
[2026-04-30 10:16:00,948] [DEBUG] [DBG][46] 6/6 actuator 완료 (0.5ms)
[2026-04-30 10:16:00,993] [DEBUG] [DBG][47] 루프 시작
[2026-04-30 10:16:00,994] [DEBUG] [DBG][47] 1/6 capture 시작
[2026-04-30 10:16:00,998] [DEBUG] [DBG][47] 1/6 capture 완료 (3.3ms)
[2026-04-30 10:16:00,998] [DEBUG] [DBG][47] 2/6 preprocess 시작
[2026-04-30 10:16:01,013] [DEBUG] [DBG][47] 2/6 preprocess 완료 (14.4ms)
[2026-04-30 10:16:01,015] [DEBUG] [DBG][47] 3/6 DPU inference 시작
[2026-04-30 10:16:01,031] [DEBUG] [DBG][47] 3/6 DPU inference 완료 (16.2ms)
[2026-04-30 10:16:01,033] [DEBUG] [DBG][47] 4/6 postprocess 시작
[2026-04-30 10:16:01,047] [DEBUG] [DBG][47] 4/6 postprocess 완료 (14.2ms)
[2026-04-30 10:16:01,048] [DEBUG] [DBG][47] 5/6 control 시작
[2026-04-30 10:16:01,048] [DEBUG] [DBG][47] 5/6 control 완료 (0.5ms)
[2026-04-30 10:16:01,049] [DEBUG] [DBG][47] 6/6 actuator 시작
[2026-04-30 10:16:01,049] [DEBUG] [DBG][47] 6/6 actuator 완료 (0.4ms)
[2026-04-30 10:16:01,093] [DEBUG] [DBG][48] 루프 시작
[2026-04-30 10:16:01,094] [DEBUG] [DBG][48] 1/6 capture 시작
[2026-04-30 10:16:01,097] [DEBUG] [DBG][48] 1/6 capture 완료 (3.0ms)
[2026-04-30 10:16:01,098] [DEBUG] [DBG][48] 2/6 preprocess 시작
[2026-04-30 10:16:01,112] [DEBUG] [DBG][48] 2/6 preprocess 완료 (14.0ms)
[2026-04-30 10:16:01,113] [DEBUG] [DBG][48] 3/6 DPU inference 시작
[2026-04-30 10:16:01,131] [DEBUG] [DBG][48] 3/6 DPU inference 완료 (17.8ms)
[2026-04-30 10:16:01,133] [DEBUG] [DBG][48] 4/6 postprocess 시작
[2026-04-30 10:16:01,149] [DEBUG] [DBG][48] 4/6 postprocess 완료 (16.3ms)
[2026-04-30 10:16:01,150] [DEBUG] [DBG][48] 5/6 control 시작
[2026-04-30 10:16:01,151] [DEBUG] [DBG][48] 5/6 control 완료 (0.7ms)
[2026-04-30 10:16:01,152] [DEBUG] [DBG][48] 6/6 actuator 시작
[2026-04-30 10:16:01,152] [DEBUG] [DBG][48] 6/6 actuator 완료 (0.5ms)
[2026-04-30 10:16:01,193] [DEBUG] [DBG][49] 루프 시작
[2026-04-30 10:16:01,195] [DEBUG] [DBG][49] 1/6 capture 시작
[2026-04-30 10:16:01,198] [DEBUG] [DBG][49] 1/6 capture 완료 (3.1ms)
[2026-04-30 10:16:01,199] [DEBUG] [DBG][49] 2/6 preprocess 시작
[2026-04-30 10:16:01,214] [DEBUG] [DBG][49] 2/6 preprocess 완료 (14.9ms)
[2026-04-30 10:16:01,215] [DEBUG] [DBG][49] 3/6 DPU inference 시작
[2026-04-30 10:16:01,235] [DEBUG] [DBG][49] 3/6 DPU inference 완료 (19.8ms)
[2026-04-30 10:16:01,237] [DEBUG] [DBG][49] 4/6 postprocess 시작
[2026-04-30 10:16:01,248] [DEBUG] [DBG][49] 4/6 postprocess 완료 (10.8ms)
[2026-04-30 10:16:01,251] [DEBUG] [DBG][49] 5/6 control 시작
[2026-04-30 10:16:01,252] [DEBUG] [DBG][49] 5/6 control 완료 (1.1ms)
[2026-04-30 10:16:01,252] [DEBUG] [DBG][49] 6/6 actuator 시작
[2026-04-30 10:16:01,253] [DEBUG] [DBG][49] 6/6 actuator 완료 (0.5ms)
[2026-04-30 10:16:01,294] [DEBUG] [DBG][50] 루프 시작
[2026-04-30 10:16:01,295] [DEBUG] [DBG][50] 1/6 capture 시작
[2026-04-30 10:16:01,298] [DEBUG] [DBG][50] 1/6 capture 완료 (3.7ms)
[2026-04-30 10:16:01,299] [DEBUG] [DBG][50] 2/6 preprocess 시작
[2026-04-30 10:16:01,313] [DEBUG] [DBG][50] 2/6 preprocess 완료 (13.9ms)
[2026-04-30 10:16:01,315] [DEBUG] [DBG][50] 3/6 DPU inference 시작
[2026-04-30 10:16:01,331] [DEBUG] [DBG][50] 3/6 DPU inference 완료 (16.7ms)
[2026-04-30 10:16:01,332] [DEBUG] [DBG][50] 4/6 postprocess 시작
[2026-04-30 10:16:01,342] [DEBUG] [DBG][50] 4/6 postprocess 완료 (9.7ms)
[2026-04-30 10:16:01,343] [DEBUG] [DBG][50] 5/6 control 시작
[2026-04-30 10:16:01,344] [DEBUG] [DBG][50] 5/6 control 완료 (0.6ms)
[2026-04-30 10:16:01,344] [DEBUG] [DBG][50] 6/6 actuator 시작
[2026-04-30 10:16:01,345] [DEBUG] [DBG][50] 6/6 actuator 완료 (0.4ms)
[2026-04-30 10:16:01,345] [INFO] [0050] cap=3.7ms | pre=13.9ms | inf=16.7ms | post=9.7ms | ctrl=0.6ms | act=0.4ms | total=51.6ms | valid=True | invalid=0 | pixels=40241 | err=-0.322 | steer=-0.129 | speed=0.218 | cur=-0.129 | adc=None
[2026-04-30 10:16:01,784] [INFO] [0050] system: rss=233.8MB | mem_avail=744.0MB | swap_free=511.7MB | load=0.76 0.97 0.60 | temp=hwmon0_temp1_input=52.0C, hwmon1_temp1_input=52.0C, hwmon2_temp1_input=50.1C, hwmon2_temp2_input=48.9C, pl_temp=50.6C, ps_temp=50.0C, remote_temp=49.8C
[2026-04-30 10:16:01,785] [DEBUG] [DBG][51] 루프 시작
[2026-04-30 10:16:01,785] [DEBUG] [DBG][51] 1/6 capture 시작
[2026-04-30 10:16:01,788] [DEBUG] [DBG][51] 1/6 capture 완료 (2.9ms)
[2026-04-30 10:16:01,789] [DEBUG] [DBG][51] 2/6 preprocess 시작
[2026-04-30 10:16:01,804] [DEBUG] [DBG][51] 2/6 preprocess 완료 (14.2ms)
[2026-04-30 10:16:01,805] [DEBUG] [DBG][51] 3/6 DPU inference 시작
[2026-04-30 10:16:01,825] [DEBUG] [DBG][51] 3/6 DPU inference 완료 (19.9ms)
[2026-04-30 10:16:01,826] [DEBUG] [DBG][51] 4/6 postprocess 시작
[2026-04-30 10:16:01,834] [DEBUG] [DBG][51] 4/6 postprocess 완료 (7.6ms)
[2026-04-30 10:16:01,835] [DEBUG] [DBG][51] 5/6 control 시작
[2026-04-30 10:16:01,836] [DEBUG] [DBG][51] 5/6 control 완료 (1.0ms)
[2026-04-30 10:16:01,836] [DEBUG] [DBG][51] 6/6 actuator 시작
[2026-04-30 10:16:01,837] [DEBUG] [DBG][51] 6/6 actuator 완료 (0.5ms)
[2026-04-30 10:16:01,885] [DEBUG] [DBG][52] 루프 시작
[2026-04-30 10:16:01,886] [DEBUG] [DBG][52] 1/6 capture 시작
[2026-04-30 10:16:01,889] [DEBUG] [DBG][52] 1/6 capture 완료 (3.0ms)
[2026-04-30 10:16:01,890] [DEBUG] [DBG][52] 2/6 preprocess 시작
[2026-04-30 10:16:01,904] [DEBUG] [DBG][52] 2/6 preprocess 완료 (13.1ms)
[2026-04-30 10:16:01,905] [DEBUG] [DBG][52] 3/6 DPU inference 시작
[2026-04-30 10:16:01,924] [DEBUG] [DBG][52] 3/6 DPU inference 완료 (18.9ms)
[2026-04-30 10:16:01,925] [DEBUG] [DBG][52] 4/6 postprocess 시작
[2026-04-30 10:16:01,935] [DEBUG] [DBG][52] 4/6 postprocess 완료 (9.6ms)
[2026-04-30 10:16:01,936] [DEBUG] [DBG][52] 5/6 control 시작
[2026-04-30 10:16:01,937] [DEBUG] [DBG][52] 5/6 control 완료 (0.5ms)
[2026-04-30 10:16:01,937] [DEBUG] [DBG][52] 6/6 actuator 시작
[2026-04-30 10:16:01,937] [DEBUG] [DBG][52] 6/6 actuator 완료 (0.4ms)
[2026-04-30 10:16:01,985] [DEBUG] [DBG][53] 루프 시작
[2026-04-30 10:16:01,986] [DEBUG] [DBG][53] 1/6 capture 시작
[2026-04-30 10:16:01,993] [DEBUG] [DBG][53] 1/6 capture 완료 (6.8ms)
[2026-04-30 10:16:01,994] [DEBUG] [DBG][53] 2/6 preprocess 시작
[2026-04-30 10:16:02,010] [DEBUG] [DBG][53] 2/6 preprocess 완료 (15.2ms)
[2026-04-30 10:16:02,011] [DEBUG] [DBG][53] 3/6 DPU inference 시작
[2026-04-30 10:16:02,028] [DEBUG] [DBG][53] 3/6 DPU inference 완료 (17.5ms)
[2026-04-30 10:16:02,029] [DEBUG] [DBG][53] 4/6 postprocess 시작
[2026-04-30 10:16:02,037] [DEBUG] [DBG][53] 4/6 postprocess 완료 (7.5ms)
[2026-04-30 10:16:02,038] [DEBUG] [DBG][53] 5/6 control 시작
[2026-04-30 10:16:02,039] [DEBUG] [DBG][53] 5/6 control 완료 (0.6ms)
[2026-04-30 10:16:02,039] [DEBUG] [DBG][53] 6/6 actuator 시작
[2026-04-30 10:16:02,040] [DEBUG] [DBG][53] 6/6 actuator 완료 (0.5ms)
[2026-04-30 10:16:02,085] [DEBUG] [DBG][54] 루프 시작
[2026-04-30 10:16:02,086] [DEBUG] [DBG][54] 1/6 capture 시작
[2026-04-30 10:16:02,090] [DEBUG] [DBG][54] 1/6 capture 완료 (3.3ms)
[2026-04-30 10:16:02,091] [DEBUG] [DBG][54] 2/6 preprocess 시작
[2026-04-30 10:16:02,104] [DEBUG] [DBG][54] 2/6 preprocess 완료 (13.5ms)
[2026-04-30 10:16:02,105] [DEBUG] [DBG][54] 3/6 DPU inference 시작
[2026-04-30 10:16:02,125] [DEBUG] [DBG][54] 3/6 DPU inference 완료 (19.1ms)
[2026-04-30 10:16:02,126] [DEBUG] [DBG][54] 4/6 postprocess 시작
[2026-04-30 10:16:02,136] [DEBUG] [DBG][54] 4/6 postprocess 완료 (10.1ms)
[2026-04-30 10:16:02,137] [DEBUG] [DBG][54] 5/6 control 시작
[2026-04-30 10:16:02,137] [DEBUG] [DBG][54] 5/6 control 완료 (0.5ms)
[2026-04-30 10:16:02,138] [DEBUG] [DBG][54] 6/6 actuator 시작
[2026-04-30 10:16:02,138] [DEBUG] [DBG][54] 6/6 actuator 완료 (0.4ms)
[2026-04-30 10:16:02,185] [DEBUG] [DBG][55] 루프 시작
[2026-04-30 10:16:02,186] [DEBUG] [DBG][55] 1/6 capture 시작
[2026-04-30 10:16:02,190] [DEBUG] [DBG][55] 1/6 capture 완료 (3.2ms)
[2026-04-30 10:16:02,191] [DEBUG] [DBG][55] 2/6 preprocess 시작
[2026-04-30 10:16:02,205] [DEBUG] [DBG][55] 2/6 preprocess 완료 (13.3ms)
[2026-04-30 10:16:02,206] [DEBUG] [DBG][55] 3/6 DPU inference 시작
[2026-04-30 10:16:02,223] [DEBUG] [DBG][55] 3/6 DPU inference 완료 (17.4ms)
[2026-04-30 10:16:02,224] [DEBUG] [DBG][55] 4/6 postprocess 시작
[2026-04-30 10:16:02,232] [DEBUG] [DBG][55] 4/6 postprocess 완료 (7.4ms)
[2026-04-30 10:16:02,233] [DEBUG] [DBG][55] 5/6 control 시작
[2026-04-30 10:16:02,234] [DEBUG] [DBG][55] 5/6 control 완료 (0.7ms)
[2026-04-30 10:16:02,235] [DEBUG] [DBG][55] 6/6 actuator 시작
[2026-04-30 10:16:02,236] [DEBUG] [DBG][55] 6/6 actuator 완료 (1.2ms)
[2026-04-30 10:16:02,286] [DEBUG] [DBG][56] 루프 시작
[2026-04-30 10:16:02,287] [DEBUG] [DBG][56] 1/6 capture 시작
[2026-04-30 10:16:02,290] [DEBUG] [DBG][56] 1/6 capture 완료 (3.2ms)
[2026-04-30 10:16:02,291] [DEBUG] [DBG][56] 2/6 preprocess 시작
[2026-04-30 10:16:02,304] [DEBUG] [DBG][56] 2/6 preprocess 완료 (12.5ms)
[2026-04-30 10:16:02,305] [DEBUG] [DBG][56] 3/6 DPU inference 시작
[2026-04-30 10:16:02,324] [DEBUG] [DBG][56] 3/6 DPU inference 완료 (18.7ms)
[2026-04-30 10:16:02,326] [DEBUG] [DBG][56] 4/6 postprocess 시작
[2026-04-30 10:16:02,334] [DEBUG] [DBG][56] 4/6 postprocess 완료 (8.0ms)
[2026-04-30 10:16:02,335] [DEBUG] [DBG][56] 5/6 control 시작
[2026-04-30 10:16:02,335] [DEBUG] [DBG][56] 5/6 control 완료 (0.5ms)
[2026-04-30 10:16:02,336] [DEBUG] [DBG][56] 6/6 actuator 시작
[2026-04-30 10:16:02,336] [DEBUG] [DBG][56] 6/6 actuator 완료 (0.4ms)
[2026-04-30 10:16:02,386] [DEBUG] [DBG][57] 루프 시작
[2026-04-30 10:16:02,387] [DEBUG] [DBG][57] 1/6 capture 시작
[2026-04-30 10:16:02,390] [DEBUG] [DBG][57] 1/6 capture 완료 (3.2ms)
[2026-04-30 10:16:02,391] [DEBUG] [DBG][57] 2/6 preprocess 시작
[2026-04-30 10:16:02,404] [DEBUG] [DBG][57] 2/6 preprocess 완료 (12.9ms)
[2026-04-30 10:16:02,405] [DEBUG] [DBG][57] 3/6 DPU inference 시작
[2026-04-30 10:16:02,422] [DEBUG] [DBG][57] 3/6 DPU inference 완료 (16.7ms)
[2026-04-30 10:16:02,423] [DEBUG] [DBG][57] 4/6 postprocess 시작
[2026-04-30 10:16:02,433] [DEBUG] [DBG][57] 4/6 postprocess 완료 (9.4ms)
[2026-04-30 10:16:02,434] [DEBUG] [DBG][57] 5/6 control 시작
[2026-04-30 10:16:02,434] [DEBUG] [DBG][57] 5/6 control 완료 (0.5ms)
[2026-04-30 10:16:02,434] [DEBUG] [DBG][57] 6/6 actuator 시작
[2026-04-30 10:16:02,435] [DEBUG] [DBG][57] 6/6 actuator 완료 (0.4ms)
[2026-04-30 10:16:02,486] [DEBUG] [DBG][58] 루프 시작
[2026-04-30 10:16:02,487] [DEBUG] [DBG][58] 1/6 capture 시작
[2026-04-30 10:16:02,490] [DEBUG] [DBG][58] 1/6 capture 완료 (3.0ms)
[2026-04-30 10:16:02,492] [DEBUG] [DBG][58] 2/6 preprocess 시작
[2026-04-30 10:16:02,505] [DEBUG] [DBG][58] 2/6 preprocess 완료 (13.2ms)
[2026-04-30 10:16:02,506] [DEBUG] [DBG][58] 3/6 DPU inference 시작
[2026-04-30 10:16:02,524] [DEBUG] [DBG][58] 3/6 DPU inference 완료 (18.0ms)
[2026-04-30 10:16:02,525] [DEBUG] [DBG][58] 4/6 postprocess 시작
[2026-04-30 10:16:02,533] [DEBUG] [DBG][58] 4/6 postprocess 완료 (7.6ms)
[2026-04-30 10:16:02,534] [DEBUG] [DBG][58] 5/6 control 시작
[2026-04-30 10:16:02,535] [DEBUG] [DBG][58] 5/6 control 완료 (0.6ms)
[2026-04-30 10:16:02,535] [DEBUG] [DBG][58] 6/6 actuator 시작
[2026-04-30 10:16:02,536] [DEBUG] [DBG][58] 6/6 actuator 완료 (0.4ms)
[2026-04-30 10:16:02,586] [DEBUG] [DBG][59] 루프 시작
[2026-04-30 10:16:02,587] [DEBUG] [DBG][59] 1/6 capture 시작
[2026-04-30 10:16:02,590] [DEBUG] [DBG][59] 1/6 capture 완료 (3.1ms)
[2026-04-30 10:16:02,591] [DEBUG] [DBG][59] 2/6 preprocess 시작
[2026-04-30 10:16:02,605] [DEBUG] [DBG][59] 2/6 preprocess 완료 (13.9ms)
[2026-04-30 10:16:02,606] [DEBUG] [DBG][59] 3/6 DPU inference 시작
[2026-04-30 10:16:02,623] [DEBUG] [DBG][59] 3/6 DPU inference 완료 (16.8ms)
[2026-04-30 10:16:02,624] [DEBUG] [DBG][59] 4/6 postprocess 시작
[2026-04-30 10:16:02,634] [DEBUG] [DBG][59] 4/6 postprocess 완료 (9.4ms)
[2026-04-30 10:16:02,635] [DEBUG] [DBG][59] 5/6 control 시작
[2026-04-30 10:16:02,636] [DEBUG] [DBG][59] 5/6 control 완료 (0.8ms)
[2026-04-30 10:16:02,636] [DEBUG] [DBG][59] 6/6 actuator 시작
[2026-04-30 10:16:02,637] [DEBUG] [DBG][59] 6/6 actuator 완료 (0.5ms)
[2026-04-30 10:16:02,686] [DEBUG] [DBG][60] 루프 시작
[2026-04-30 10:16:02,687] [DEBUG] [DBG][60] 1/6 capture 시작
[2026-04-30 10:16:02,691] [DEBUG] [DBG][60] 1/6 capture 완료 (3.4ms)
[2026-04-30 10:16:02,692] [DEBUG] [DBG][60] 2/6 preprocess 시작
[2026-04-30 10:16:02,706] [DEBUG] [DBG][60] 2/6 preprocess 완료 (13.3ms)
[2026-04-30 10:16:02,707] [DEBUG] [DBG][60] 3/6 DPU inference 시작
[2026-04-30 10:16:02,723] [DEBUG] [DBG][60] 3/6 DPU inference 완료 (16.4ms)
[2026-04-30 10:16:02,724] [DEBUG] [DBG][60] 4/6 postprocess 시작
[2026-04-30 10:16:02,732] [DEBUG] [DBG][60] 4/6 postprocess 완료 (7.7ms)
[2026-04-30 10:16:02,733] [DEBUG] [DBG][60] 5/6 control 시작
[2026-04-30 10:16:02,734] [DEBUG] [DBG][60] 5/6 control 완료 (0.6ms)
[2026-04-30 10:16:02,734] [DEBUG] [DBG][60] 6/6 actuator 시작
[2026-04-30 10:16:02,735] [DEBUG] [DBG][60] 6/6 actuator 완료 (0.4ms)
[2026-04-30 10:16:02,735] [INFO] [0060] cap=3.4ms | pre=13.3ms | inf=16.4ms | post=7.7ms | ctrl=0.6ms | act=0.4ms | total=49.0ms | valid=True | invalid=0 | pixels=39352 | err=-0.356 | steer=-0.142 | speed=0.214 | cur=-0.142 | adc=None
[2026-04-30 10:16:03,183] [INFO] [0060] system: rss=233.8MB | mem_avail=744.0MB | swap_free=511.7MB | load=0.76 0.97 0.60 | temp=hwmon0_temp1_input=52.0C, hwmon1_temp1_input=52.0C, hwmon2_temp1_input=50.5C, hwmon2_temp2_input=49.1C, pl_temp=50.5C, ps_temp=49.9C, remote_temp=49.7C
[2026-04-30 10:16:03,184] [DEBUG] [DBG][61] 루프 시작
[2026-04-30 10:16:03,185] [DEBUG] [DBG][61] 1/6 capture 시작
[2026-04-30 10:16:03,188] [DEBUG] [DBG][61] 1/6 capture 완료 (2.9ms)
[2026-04-30 10:16:03,189] [DEBUG] [DBG][61] 2/6 preprocess 시작
[2026-04-30 10:16:03,202] [DEBUG] [DBG][61] 2/6 preprocess 완료 (13.5ms)
[2026-04-30 10:16:03,203] [DEBUG] [DBG][61] 3/6 DPU inference 시작
[2026-04-30 10:16:03,220] [DEBUG] [DBG][61] 3/6 DPU inference 완료 (16.7ms)
[2026-04-30 10:16:03,221] [DEBUG] [DBG][61] 4/6 postprocess 시작
[2026-04-30 10:16:03,230] [DEBUG] [DBG][61] 4/6 postprocess 완료 (8.3ms)
[2026-04-30 10:16:03,231] [DEBUG] [DBG][61] 5/6 control 시작
[2026-04-30 10:16:03,232] [DEBUG] [DBG][61] 5/6 control 완료 (1.0ms)
[2026-04-30 10:16:03,233] [DEBUG] [DBG][61] 6/6 actuator 시작
[2026-04-30 10:16:03,233] [DEBUG] [DBG][61] 6/6 actuator 완료 (0.4ms)
[2026-04-30 10:16:03,284] [DEBUG] [DBG][62] 루프 시작
[2026-04-30 10:16:03,285] [DEBUG] [DBG][62] 1/6 capture 시작
[2026-04-30 10:16:03,289] [DEBUG] [DBG][62] 1/6 capture 완료 (3.1ms)
[2026-04-30 10:16:03,290] [DEBUG] [DBG][62] 2/6 preprocess 시작
[2026-04-30 10:16:03,304] [DEBUG] [DBG][62] 2/6 preprocess 완료 (13.9ms)
[2026-04-30 10:16:03,305] [DEBUG] [DBG][62] 3/6 DPU inference 시작
[2026-04-30 10:16:03,321] [DEBUG] [DBG][62] 3/6 DPU inference 완료 (16.3ms)
[2026-04-30 10:16:03,322] [DEBUG] [DBG][62] 4/6 postprocess 시작
[2026-04-30 10:16:03,330] [DEBUG] [DBG][62] 4/6 postprocess 완료 (7.4ms)
[2026-04-30 10:16:03,331] [DEBUG] [DBG][62] 5/6 control 시작
[2026-04-30 10:16:03,332] [DEBUG] [DBG][62] 5/6 control 완료 (0.8ms)
[2026-04-30 10:16:03,333] [DEBUG] [DBG][62] 6/6 actuator 시작
[2026-04-30 10:16:03,334] [DEBUG] [DBG][62] 6/6 actuator 완료 (0.6ms)
[2026-04-30 10:16:03,384] [DEBUG] [DBG][63] 루프 시작
[2026-04-30 10:16:03,386] [DEBUG] [DBG][63] 1/6 capture 시작
[2026-04-30 10:16:03,389] [DEBUG] [DBG][63] 1/6 capture 완료 (3.7ms)
[2026-04-30 10:16:03,391] [DEBUG] [DBG][63] 2/6 preprocess 시작
[2026-04-30 10:16:03,404] [DEBUG] [DBG][63] 2/6 preprocess 완료 (13.4ms)
[2026-04-30 10:16:03,405] [DEBUG] [DBG][63] 3/6 DPU inference 시작
[2026-04-30 10:16:03,425] [DEBUG] [DBG][63] 3/6 DPU inference 완료 (19.8ms)
[2026-04-30 10:16:03,427] [DEBUG] [DBG][63] 4/6 postprocess 시작
[2026-04-30 10:16:03,438] [DEBUG] [DBG][63] 4/6 postprocess 완료 (11.2ms)
[2026-04-30 10:16:03,443] [DEBUG] [DBG][63] 5/6 control 시작
[2026-04-30 10:16:03,443] [DEBUG] [DBG][63] 5/6 control 완료 (0.7ms)
[2026-04-30 10:16:03,444] [DEBUG] [DBG][63] 6/6 actuator 시작
[2026-04-30 10:16:03,444] [DEBUG] [DBG][63] 6/6 actuator 완료 (0.6ms)
[2026-04-30 10:16:03,485] [DEBUG] [DBG][64] 루프 시작
[2026-04-30 10:16:03,486] [DEBUG] [DBG][64] 1/6 capture 시작
[2026-04-30 10:16:03,489] [DEBUG] [DBG][64] 1/6 capture 완료 (3.2ms)
[2026-04-30 10:16:03,490] [DEBUG] [DBG][64] 2/6 preprocess 시작
[2026-04-30 10:16:03,505] [DEBUG] [DBG][64] 2/6 preprocess 완료 (14.6ms)
[2026-04-30 10:16:03,506] [DEBUG] [DBG][64] 3/6 DPU inference 시작
[2026-04-30 10:16:03,523] [DEBUG] [DBG][64] 3/6 DPU inference 완료 (17.1ms)
[2026-04-30 10:16:03,525] [DEBUG] [DBG][64] 4/6 postprocess 시작
[2026-04-30 10:16:03,536] [DEBUG] [DBG][64] 4/6 postprocess 완료 (11.2ms)
[2026-04-30 10:16:03,537] [DEBUG] [DBG][64] 5/6 control 시작
[2026-04-30 10:16:03,537] [DEBUG] [DBG][64] 5/6 control 완료 (0.5ms)
[2026-04-30 10:16:03,538] [DEBUG] [DBG][64] 6/6 actuator 시작
[2026-04-30 10:16:03,538] [DEBUG] [DBG][64] 6/6 actuator 완료 (0.4ms)
[2026-04-30 10:16:03,585] [DEBUG] [DBG][65] 루프 시작
[2026-04-30 10:16:03,586] [DEBUG] [DBG][65] 1/6 capture 시작
[2026-04-30 10:16:03,590] [DEBUG] [DBG][65] 1/6 capture 완료 (3.8ms)
[2026-04-30 10:16:03,591] [DEBUG] [DBG][65] 2/6 preprocess 시작
[2026-04-30 10:16:03,603] [DEBUG] [DBG][65] 2/6 preprocess 완료 (12.7ms)
[2026-04-30 10:16:03,604] [DEBUG] [DBG][65] 3/6 DPU inference 시작
[2026-04-30 10:16:03,625] [DEBUG] [DBG][65] 3/6 DPU inference 완료 (20.4ms)
[2026-04-30 10:16:03,626] [DEBUG] [DBG][65] 4/6 postprocess 시작
[2026-04-30 10:16:03,637] [DEBUG] [DBG][65] 4/6 postprocess 완료 (10.8ms)
[2026-04-30 10:16:03,638] [DEBUG] [DBG][65] 5/6 control 시작
[2026-04-30 10:16:03,638] [DEBUG] [DBG][65] 5/6 control 완료 (0.4ms)
[2026-04-30 10:16:03,638] [DEBUG] [DBG][65] 6/6 actuator 시작
[2026-04-30 10:16:03,639] [DEBUG] [DBG][65] 6/6 actuator 완료 (0.6ms)
[2026-04-30 10:16:03,685] [DEBUG] [DBG][66] 루프 시작
[2026-04-30 10:16:03,686] [DEBUG] [DBG][66] 1/6 capture 시작
[2026-04-30 10:16:03,689] [DEBUG] [DBG][66] 1/6 capture 완료 (3.0ms)
[2026-04-30 10:16:03,690] [DEBUG] [DBG][66] 2/6 preprocess 시작
[2026-04-30 10:16:03,703] [DEBUG] [DBG][66] 2/6 preprocess 완료 (12.7ms)
[2026-04-30 10:16:03,704] [DEBUG] [DBG][66] 3/6 DPU inference 시작
[2026-04-30 10:16:03,720] [DEBUG] [DBG][66] 3/6 DPU inference 완료 (16.3ms)
[2026-04-30 10:16:03,721] [DEBUG] [DBG][66] 4/6 postprocess 시작
[2026-04-30 10:16:03,730] [DEBUG] [DBG][66] 4/6 postprocess 완료 (8.6ms)
[2026-04-30 10:16:03,731] [DEBUG] [DBG][66] 5/6 control 시작
[2026-04-30 10:16:03,731] [DEBUG] [DBG][66] 5/6 control 완료 (0.6ms)
[2026-04-30 10:16:03,732] [DEBUG] [DBG][66] 6/6 actuator 시작
[2026-04-30 10:16:03,732] [DEBUG] [DBG][66] 6/6 actuator 완료 (0.4ms)
[2026-04-30 10:16:03,785] [DEBUG] [DBG][67] 루프 시작
[2026-04-30 10:16:03,786] [DEBUG] [DBG][67] 1/6 capture 시작
[2026-04-30 10:16:03,789] [DEBUG] [DBG][67] 1/6 capture 완료 (3.1ms)
[2026-04-30 10:16:03,790] [DEBUG] [DBG][67] 2/6 preprocess 시작
[2026-04-30 10:16:03,803] [DEBUG] [DBG][67] 2/6 preprocess 완료 (13.0ms)
[2026-04-30 10:16:03,804] [DEBUG] [DBG][67] 3/6 DPU inference 시작
[2026-04-30 10:16:03,820] [DEBUG] [DBG][67] 3/6 DPU inference 완료 (16.1ms)
[2026-04-30 10:16:03,821] [DEBUG] [DBG][67] 4/6 postprocess 시작
[2026-04-30 10:16:03,829] [DEBUG] [DBG][67] 4/6 postprocess 완료 (7.6ms)
[2026-04-30 10:16:03,830] [DEBUG] [DBG][67] 5/6 control 시작
[2026-04-30 10:16:03,830] [DEBUG] [DBG][67] 5/6 control 완료 (0.5ms)
[2026-04-30 10:16:03,831] [DEBUG] [DBG][67] 6/6 actuator 시작
[2026-04-30 10:16:03,831] [DEBUG] [DBG][67] 6/6 actuator 완료 (0.4ms)
[2026-04-30 10:16:03,885] [DEBUG] [DBG][68] 루프 시작
[2026-04-30 10:16:03,886] [DEBUG] [DBG][68] 1/6 capture 시작
[2026-04-30 10:16:03,890] [DEBUG] [DBG][68] 1/6 capture 완료 (3.4ms)
[2026-04-30 10:16:03,890] [DEBUG] [DBG][68] 2/6 preprocess 시작
[2026-04-30 10:16:03,906] [DEBUG] [DBG][68] 2/6 preprocess 완료 (15.1ms)
[2026-04-30 10:16:03,908] [DEBUG] [DBG][68] 3/6 DPU inference 시작
[2026-04-30 10:16:03,935] [DEBUG] [DBG][68] 3/6 DPU inference 완료 (27.4ms)
[2026-04-30 10:16:03,937] [DEBUG] [DBG][68] 4/6 postprocess 시작
[2026-04-30 10:16:03,949] [DEBUG] [DBG][68] 4/6 postprocess 완료 (11.5ms)
[2026-04-30 10:16:03,950] [DEBUG] [DBG][68] 5/6 control 시작
[2026-04-30 10:16:03,950] [DEBUG] [DBG][68] 5/6 control 완료 (0.4ms)
[2026-04-30 10:16:03,950] [DEBUG] [DBG][68] 6/6 actuator 시작
[2026-04-30 10:16:03,951] [DEBUG] [DBG][68] 6/6 actuator 완료 (0.3ms)
[2026-04-30 10:16:03,985] [DEBUG] [DBG][69] 루프 시작
[2026-04-30 10:16:03,986] [DEBUG] [DBG][69] 1/6 capture 시작
[2026-04-30 10:16:03,990] [DEBUG] [DBG][69] 1/6 capture 완료 (3.6ms)
[2026-04-30 10:16:03,991] [DEBUG] [DBG][69] 2/6 preprocess 시작
[2026-04-30 10:16:04,005] [DEBUG] [DBG][69] 2/6 preprocess 완료 (13.3ms)
[2026-04-30 10:16:04,006] [DEBUG] [DBG][69] 3/6 DPU inference 시작
[2026-04-30 10:16:04,027] [DEBUG] [DBG][69] 3/6 DPU inference 완료 (21.1ms)
[2026-04-30 10:16:04,028] [DEBUG] [DBG][69] 4/6 postprocess 시작
[2026-04-30 10:16:04,036] [DEBUG] [DBG][69] 4/6 postprocess 완료 (8.2ms)
[2026-04-30 10:16:04,037] [DEBUG] [DBG][69] 5/6 control 시작
[2026-04-30 10:16:04,038] [DEBUG] [DBG][69] 5/6 control 완료 (0.6ms)
[2026-04-30 10:16:04,038] [DEBUG] [DBG][69] 6/6 actuator 시작
[2026-04-30 10:16:04,038] [DEBUG] [DBG][69] 6/6 actuator 완료 (0.4ms)
[2026-04-30 10:16:04,085] [DEBUG] [DBG][70] 루프 시작
[2026-04-30 10:16:04,087] [DEBUG] [DBG][70] 1/6 capture 시작
[2026-04-30 10:16:04,090] [DEBUG] [DBG][70] 1/6 capture 완료 (3.4ms)
[2026-04-30 10:16:04,091] [DEBUG] [DBG][70] 2/6 preprocess 시작
[2026-04-30 10:16:04,105] [DEBUG] [DBG][70] 2/6 preprocess 완료 (14.0ms)
[2026-04-30 10:16:04,107] [DEBUG] [DBG][70] 3/6 DPU inference 시작
[2026-04-30 10:16:04,126] [DEBUG] [DBG][70] 3/6 DPU inference 완료 (19.5ms)
[2026-04-30 10:16:04,127] [DEBUG] [DBG][70] 4/6 postprocess 시작
[2026-04-30 10:16:04,135] [DEBUG] [DBG][70] 4/6 postprocess 완료 (8.3ms)
[2026-04-30 10:16:04,136] [DEBUG] [DBG][70] 5/6 control 시작
[2026-04-30 10:16:04,137] [DEBUG] [DBG][70] 5/6 control 완료 (0.5ms)
[2026-04-30 10:16:04,137] [DEBUG] [DBG][70] 6/6 actuator 시작
[2026-04-30 10:16:04,138] [DEBUG] [DBG][70] 6/6 actuator 완료 (0.4ms)
[2026-04-30 10:16:04,138] [INFO] [0070] cap=3.4ms | pre=14.0ms | inf=19.5ms | post=8.3ms | ctrl=0.5ms | act=0.4ms | total=52.5ms | valid=True | invalid=0 | pixels=39195 | err=-0.353 | steer=-0.141 | speed=0.215 | cur=-0.141 | adc=None
[2026-04-30 10:16:04,573] [INFO] [0070] system: rss=233.8MB | mem_avail=741.6MB | swap_free=511.7MB | load=0.76 0.97 0.60 | temp=hwmon0_temp1_input=52.0C, hwmon1_temp1_input=52.0C, hwmon2_temp1_input=48.4C, hwmon2_temp2_input=51.4C, pl_temp=50.9C, ps_temp=49.8C, remote_temp=49.1C
[2026-04-30 10:16:04,574] [DEBUG] [DBG][71] 루프 시작
[2026-04-30 10:16:04,574] [DEBUG] [DBG][71] 1/6 capture 시작
[2026-04-30 10:16:04,577] [DEBUG] [DBG][71] 1/6 capture 완료 (2.9ms)
[2026-04-30 10:16:04,578] [DEBUG] [DBG][71] 2/6 preprocess 시작
[2026-04-30 10:16:04,592] [DEBUG] [DBG][71] 2/6 preprocess 완료 (13.2ms)
[2026-04-30 10:16:04,593] [DEBUG] [DBG][71] 3/6 DPU inference 시작
[2026-04-30 10:16:04,613] [DEBUG] [DBG][71] 3/6 DPU inference 완료 (20.1ms)
[2026-04-30 10:16:04,614] [DEBUG] [DBG][71] 4/6 postprocess 시작
[2026-04-30 10:16:04,621] [DEBUG] [DBG][71] 4/6 postprocess 완료 (7.5ms)
[2026-04-30 10:16:04,622] [DEBUG] [DBG][71] 5/6 control 시작
[2026-04-30 10:16:04,623] [DEBUG] [DBG][71] 5/6 control 완료 (0.5ms)
[2026-04-30 10:16:04,623] [DEBUG] [DBG][71] 6/6 actuator 시작
[2026-04-30 10:16:04,624] [DEBUG] [DBG][71] 6/6 actuator 완료 (0.5ms)
[2026-04-30 10:16:04,674] [DEBUG] [DBG][72] 루프 시작
[2026-04-30 10:16:04,675] [DEBUG] [DBG][72] 1/6 capture 시작
[2026-04-30 10:16:04,678] [DEBUG] [DBG][72] 1/6 capture 완료 (3.0ms)
[2026-04-30 10:16:04,679] [DEBUG] [DBG][72] 2/6 preprocess 시작
[2026-04-30 10:16:04,692] [DEBUG] [DBG][72] 2/6 preprocess 완료 (12.9ms)
[2026-04-30 10:16:04,693] [DEBUG] [DBG][72] 3/6 DPU inference 시작
[2026-04-30 10:16:04,710] [DEBUG] [DBG][72] 3/6 DPU inference 완료 (16.6ms)
[2026-04-30 10:16:04,711] [DEBUG] [DBG][72] 4/6 postprocess 시작
[2026-04-30 10:16:04,719] [DEBUG] [DBG][72] 4/6 postprocess 완료 (7.9ms)
[2026-04-30 10:16:04,720] [DEBUG] [DBG][72] 5/6 control 시작
[2026-04-30 10:16:04,721] [DEBUG] [DBG][72] 5/6 control 완료 (0.6ms)
[2026-04-30 10:16:04,721] [DEBUG] [DBG][72] 6/6 actuator 시작
[2026-04-30 10:16:04,721] [DEBUG] [DBG][72] 6/6 actuator 완료 (0.4ms)
[2026-04-30 10:16:04,774] [DEBUG] [DBG][73] 루프 시작
[2026-04-30 10:16:04,775] [DEBUG] [DBG][73] 1/6 capture 시작
[2026-04-30 10:16:04,779] [DEBUG] [DBG][73] 1/6 capture 완료 (3.2ms)
[2026-04-30 10:16:04,780] [DEBUG] [DBG][73] 2/6 preprocess 시작
[2026-04-30 10:16:04,793] [DEBUG] [DBG][73] 2/6 preprocess 완료 (13.6ms)
[2026-04-30 10:16:04,794] [DEBUG] [DBG][73] 3/6 DPU inference 시작
[2026-04-30 10:16:04,813] [DEBUG] [DBG][73] 3/6 DPU inference 완료 (18.4ms)
[2026-04-30 10:16:04,814] [DEBUG] [DBG][73] 4/6 postprocess 시작
[2026-04-30 10:16:04,832] [DEBUG] [DBG][73] 4/6 postprocess 완료 (17.3ms)
[2026-04-30 10:16:04,833] [DEBUG] [DBG][73] 5/6 control 시작
[2026-04-30 10:16:04,833] [DEBUG] [DBG][73] 5/6 control 완료 (0.6ms)
[2026-04-30 10:16:04,834] [DEBUG] [DBG][73] 6/6 actuator 시작
[2026-04-30 10:16:04,834] [DEBUG] [DBG][73] 6/6 actuator 완료 (0.5ms)
[2026-04-30 10:16:04,874] [DEBUG] [DBG][74] 루프 시작
[2026-04-30 10:16:04,876] [DEBUG] [DBG][74] 1/6 capture 시작
[2026-04-30 10:16:04,882] [DEBUG] [DBG][74] 1/6 capture 완료 (6.0ms)
[2026-04-30 10:16:04,883] [DEBUG] [DBG][74] 2/6 preprocess 시작
[2026-04-30 10:16:04,896] [DEBUG] [DBG][74] 2/6 preprocess 완료 (12.7ms)
[2026-04-30 10:16:04,897] [DEBUG] [DBG][74] 3/6 DPU inference 시작
[2026-04-30 10:16:04,913] [DEBUG] [DBG][74] 3/6 DPU inference 완료 (16.3ms)
[2026-04-30 10:16:04,914] [DEBUG] [DBG][74] 4/6 postprocess 시작
[2026-04-30 10:16:04,922] [DEBUG] [DBG][74] 4/6 postprocess 완료 (7.7ms)
[2026-04-30 10:16:04,923] [DEBUG] [DBG][74] 5/6 control 시작
[2026-04-30 10:16:04,923] [DEBUG] [DBG][74] 5/6 control 완료 (0.5ms)
[2026-04-30 10:16:04,924] [DEBUG] [DBG][74] 6/6 actuator 시작
[2026-04-30 10:16:04,924] [DEBUG] [DBG][74] 6/6 actuator 완료 (0.5ms)
[2026-04-30 10:16:04,974] [DEBUG] [DBG][75] 루프 시작
[2026-04-30 10:16:04,975] [DEBUG] [DBG][75] 1/6 capture 시작
[2026-04-30 10:16:04,979] [DEBUG] [DBG][75] 1/6 capture 완료 (3.1ms)
[2026-04-30 10:16:04,980] [DEBUG] [DBG][75] 2/6 preprocess 시작
[2026-04-30 10:16:04,992] [DEBUG] [DBG][75] 2/6 preprocess 완료 (12.3ms)
[2026-04-30 10:16:04,993] [DEBUG] [DBG][75] 3/6 DPU inference 시작
[2026-04-30 10:16:05,011] [DEBUG] [DBG][75] 3/6 DPU inference 완료 (17.2ms)
[2026-04-30 10:16:05,012] [DEBUG] [DBG][75] 4/6 postprocess 시작
[2026-04-30 10:16:05,020] [DEBUG] [DBG][75] 4/6 postprocess 완료 (7.9ms)
[2026-04-30 10:16:05,021] [DEBUG] [DBG][75] 5/6 control 시작
[2026-04-30 10:16:05,021] [DEBUG] [DBG][75] 5/6 control 완료 (0.6ms)
[2026-04-30 10:16:05,022] [DEBUG] [DBG][75] 6/6 actuator 시작
[2026-04-30 10:16:05,022] [DEBUG] [DBG][75] 6/6 actuator 완료 (0.4ms)
[2026-04-30 10:16:05,075] [DEBUG] [DBG][76] 루프 시작
[2026-04-30 10:16:05,075] [DEBUG] [DBG][76] 1/6 capture 시작
[2026-04-30 10:16:05,079] [DEBUG] [DBG][76] 1/6 capture 완료 (3.0ms)
[2026-04-30 10:16:05,080] [DEBUG] [DBG][76] 2/6 preprocess 시작
[2026-04-30 10:16:05,093] [DEBUG] [DBG][76] 2/6 preprocess 완료 (12.9ms)
[2026-04-30 10:16:05,094] [DEBUG] [DBG][76] 3/6 DPU inference 시작
[2026-04-30 10:16:05,114] [DEBUG] [DBG][76] 3/6 DPU inference 완료 (20.4ms)
[2026-04-30 10:16:05,115] [DEBUG] [DBG][76] 4/6 postprocess 시작
[2026-04-30 10:16:05,125] [DEBUG] [DBG][76] 4/6 postprocess 완료 (9.5ms)
[2026-04-30 10:16:05,126] [DEBUG] [DBG][76] 5/6 control 시작
[2026-04-30 10:16:05,128] [DEBUG] [DBG][76] 5/6 control 완료 (1.9ms)
[2026-04-30 10:16:05,128] [DEBUG] [DBG][76] 6/6 actuator 시작
[2026-04-30 10:16:05,129] [DEBUG] [DBG][76] 6/6 actuator 완료 (0.4ms)
[2026-04-30 10:16:05,175] [DEBUG] [DBG][77] 루프 시작
[2026-04-30 10:16:05,176] [DEBUG] [DBG][77] 1/6 capture 시작
[2026-04-30 10:16:05,179] [DEBUG] [DBG][77] 1/6 capture 완료 (3.1ms)
[2026-04-30 10:16:05,180] [DEBUG] [DBG][77] 2/6 preprocess 시작
[2026-04-30 10:16:05,192] [DEBUG] [DBG][77] 2/6 preprocess 완료 (12.3ms)
[2026-04-30 10:16:05,193] [DEBUG] [DBG][77] 3/6 DPU inference 시작
[2026-04-30 10:16:05,212] [DEBUG] [DBG][77] 3/6 DPU inference 완료 (18.1ms)
[2026-04-30 10:16:05,213] [DEBUG] [DBG][77] 4/6 postprocess 시작
[2026-04-30 10:16:05,233] [DEBUG] [DBG][77] 4/6 postprocess 완료 (19.4ms)
[2026-04-30 10:16:05,235] [DEBUG] [DBG][77] 5/6 control 시작
[2026-04-30 10:16:05,235] [DEBUG] [DBG][77] 5/6 control 완료 (0.7ms)
[2026-04-30 10:16:05,236] [DEBUG] [DBG][77] 6/6 actuator 시작
[2026-04-30 10:16:05,236] [DEBUG] [DBG][77] 6/6 actuator 완료 (0.6ms)
[2026-04-30 10:16:05,275] [DEBUG] [DBG][78] 루프 시작
[2026-04-30 10:16:05,276] [DEBUG] [DBG][78] 1/6 capture 시작
[2026-04-30 10:16:05,279] [DEBUG] [DBG][78] 1/6 capture 완료 (3.1ms)
[2026-04-30 10:16:05,281] [DEBUG] [DBG][78] 2/6 preprocess 시작
[2026-04-30 10:16:05,297] [DEBUG] [DBG][78] 2/6 preprocess 완료 (16.3ms)
[2026-04-30 10:16:05,300] [DEBUG] [DBG][78] 3/6 DPU inference 시작
[2026-04-30 10:16:05,329] [DEBUG] [DBG][78] 3/6 DPU inference 완료 (29.2ms)
[2026-04-30 10:16:05,330] [DEBUG] [DBG][78] 4/6 postprocess 시작
[2026-04-30 10:16:05,339] [DEBUG] [DBG][78] 4/6 postprocess 완료 (8.9ms)
[2026-04-30 10:16:05,340] [DEBUG] [DBG][78] 5/6 control 시작
[2026-04-30 10:16:05,341] [DEBUG] [DBG][78] 5/6 control 완료 (0.7ms)
[2026-04-30 10:16:05,341] [DEBUG] [DBG][78] 6/6 actuator 시작
[2026-04-30 10:16:05,342] [DEBUG] [DBG][78] 6/6 actuator 완료 (0.5ms)
[2026-04-30 10:16:05,375] [DEBUG] [DBG][79] 루프 시작
[2026-04-30 10:16:05,376] [DEBUG] [DBG][79] 1/6 capture 시작
[2026-04-30 10:16:05,380] [DEBUG] [DBG][79] 1/6 capture 완료 (3.2ms)
[2026-04-30 10:16:05,381] [DEBUG] [DBG][79] 2/6 preprocess 시작
[2026-04-30 10:16:05,398] [DEBUG] [DBG][79] 2/6 preprocess 완료 (16.7ms)
[2026-04-30 10:16:05,400] [DEBUG] [DBG][79] 3/6 DPU inference 시작
[2026-04-30 10:16:05,419] [DEBUG] [DBG][79] 3/6 DPU inference 완료 (19.5ms)
[2026-04-30 10:16:05,420] [DEBUG] [DBG][79] 4/6 postprocess 시작
[2026-04-30 10:16:05,434] [DEBUG] [DBG][79] 4/6 postprocess 완료 (13.3ms)
[2026-04-30 10:16:05,435] [DEBUG] [DBG][79] 5/6 control 시작
[2026-04-30 10:16:05,436] [DEBUG] [DBG][79] 5/6 control 완료 (0.6ms)
[2026-04-30 10:16:05,436] [DEBUG] [DBG][79] 6/6 actuator 시작
[2026-04-30 10:16:05,437] [DEBUG] [DBG][79] 6/6 actuator 완료 (0.4ms)
[2026-04-30 10:16:05,475] [DEBUG] [DBG][80] 루프 시작
[2026-04-30 10:16:05,476] [DEBUG] [DBG][80] 1/6 capture 시작
[2026-04-30 10:16:05,480] [DEBUG] [DBG][80] 1/6 capture 완료 (3.6ms)
[2026-04-30 10:16:05,481] [DEBUG] [DBG][80] 2/6 preprocess 시작
[2026-04-30 10:16:05,497] [DEBUG] [DBG][80] 2/6 preprocess 완료 (16.1ms)
[2026-04-30 10:16:05,499] [DEBUG] [DBG][80] 3/6 DPU inference 시작
[2026-04-30 10:16:05,520] [DEBUG] [DBG][80] 3/6 DPU inference 완료 (21.1ms)
[2026-04-30 10:16:05,521] [DEBUG] [DBG][80] 4/6 postprocess 시작
[2026-04-30 10:16:05,530] [DEBUG] [DBG][80] 4/6 postprocess 완료 (9.2ms)
[2026-04-30 10:16:05,531] [DEBUG] [DBG][80] 5/6 control 시작
[2026-04-30 10:16:05,532] [DEBUG] [DBG][80] 5/6 control 완료 (0.6ms)
[2026-04-30 10:16:05,532] [DEBUG] [DBG][80] 6/6 actuator 시작
[2026-04-30 10:16:05,533] [DEBUG] [DBG][80] 6/6 actuator 완료 (0.4ms)
[2026-04-30 10:16:05,533] [INFO] [0080] cap=3.6ms | pre=16.1ms | inf=21.1ms | post=9.2ms | ctrl=0.6ms | act=0.4ms | total=57.8ms | valid=True | invalid=0 | pixels=38261 | err=-0.334 | steer=-0.134 | speed=0.217 | cur=-0.134 | adc=None
[2026-04-30 10:16:05,966] [INFO] [0080] system: rss=233.8MB | mem_avail=741.6MB | swap_free=511.7MB | load=0.76 0.97 0.60 | temp=hwmon0_temp1_input=52.0C, hwmon1_temp1_input=52.0C, hwmon2_temp1_input=50.6C, hwmon2_temp2_input=50.5C, pl_temp=50.7C, ps_temp=49.3C, remote_temp=49.4C
[2026-04-30 10:16:05,967] [DEBUG] [DBG][81] 루프 시작
[2026-04-30 10:16:05,967] [DEBUG] [DBG][81] 1/6 capture 시작
[2026-04-30 10:16:05,971] [DEBUG] [DBG][81] 1/6 capture 완료 (3.0ms)
[2026-04-30 10:16:05,972] [DEBUG] [DBG][81] 2/6 preprocess 시작
[2026-04-30 10:16:05,985] [DEBUG] [DBG][81] 2/6 preprocess 완료 (13.4ms)
[2026-04-30 10:16:05,986] [DEBUG] [DBG][81] 3/6 DPU inference 시작
[2026-04-30 10:16:06,004] [DEBUG] [DBG][81] 3/6 DPU inference 완료 (17.5ms)
[2026-04-30 10:16:06,005] [DEBUG] [DBG][81] 4/6 postprocess 시작
[2026-04-30 10:16:06,014] [DEBUG] [DBG][81] 4/6 postprocess 완료 (9.2ms)
[2026-04-30 10:16:06,015] [DEBUG] [DBG][81] 5/6 control 시작
[2026-04-30 10:16:06,015] [DEBUG] [DBG][81] 5/6 control 완료 (0.5ms)
[2026-04-30 10:16:06,016] [DEBUG] [DBG][81] 6/6 actuator 시작
[2026-04-30 10:16:06,016] [DEBUG] [DBG][81] 6/6 actuator 완료 (0.4ms)
[2026-04-30 10:16:06,067] [DEBUG] [DBG][82] 루프 시작
[2026-04-30 10:16:06,069] [DEBUG] [DBG][82] 1/6 capture 시작
[2026-04-30 10:16:06,072] [DEBUG] [DBG][82] 1/6 capture 완료 (3.2ms)
[2026-04-30 10:16:06,073] [DEBUG] [DBG][82] 2/6 preprocess 시작
[2026-04-30 10:16:06,086] [DEBUG] [DBG][82] 2/6 preprocess 완료 (12.7ms)
[2026-04-30 10:16:06,087] [DEBUG] [DBG][82] 3/6 DPU inference 시작
[2026-04-30 10:16:06,103] [DEBUG] [DBG][82] 3/6 DPU inference 완료 (16.8ms)
[2026-04-30 10:16:06,104] [DEBUG] [DBG][82] 4/6 postprocess 시작
[2026-04-30 10:16:06,113] [DEBUG] [DBG][82] 4/6 postprocess 완료 (8.9ms)
[2026-04-30 10:16:06,114] [DEBUG] [DBG][82] 5/6 control 시작
[2026-04-30 10:16:06,115] [DEBUG] [DBG][82] 5/6 control 완료 (0.5ms)
[2026-04-30 10:16:06,115] [DEBUG] [DBG][82] 6/6 actuator 시작
[2026-04-30 10:16:06,115] [DEBUG] [DBG][82] 6/6 actuator 완료 (0.3ms)
[2026-04-30 10:16:06,167] [DEBUG] [DBG][83] 루프 시작
[2026-04-30 10:16:06,168] [DEBUG] [DBG][83] 1/6 capture 시작
[2026-04-30 10:16:06,171] [DEBUG] [DBG][83] 1/6 capture 완료 (2.9ms)
[2026-04-30 10:16:06,172] [DEBUG] [DBG][83] 2/6 preprocess 시작
[2026-04-30 10:16:06,185] [DEBUG] [DBG][83] 2/6 preprocess 완료 (12.6ms)
[2026-04-30 10:16:06,186] [DEBUG] [DBG][83] 3/6 DPU inference 시작
[2026-04-30 10:16:06,203] [DEBUG] [DBG][83] 3/6 DPU inference 완료 (16.5ms)
[2026-04-30 10:16:06,204] [DEBUG] [DBG][83] 4/6 postprocess 시작
[2026-04-30 10:16:06,214] [DEBUG] [DBG][83] 4/6 postprocess 완료 (10.5ms)
[2026-04-30 10:16:06,216] [DEBUG] [DBG][83] 5/6 control 시작
[2026-04-30 10:16:06,217] [DEBUG] [DBG][83] 5/6 control 완료 (0.9ms)
[2026-04-30 10:16:06,217] [DEBUG] [DBG][83] 6/6 actuator 시작
[2026-04-30 10:16:06,218] [DEBUG] [DBG][83] 6/6 actuator 완료 (0.6ms)
[2026-04-30 10:16:06,268] [DEBUG] [DBG][84] 루프 시작
[2026-04-30 10:16:06,269] [DEBUG] [DBG][84] 1/6 capture 시작
[2026-04-30 10:16:06,273] [DEBUG] [DBG][84] 1/6 capture 완료 (4.2ms)
[2026-04-30 10:16:06,274] [DEBUG] [DBG][84] 2/6 preprocess 시작
[2026-04-30 10:16:06,289] [DEBUG] [DBG][84] 2/6 preprocess 완료 (14.5ms)
[2026-04-30 10:16:06,290] [DEBUG] [DBG][84] 3/6 DPU inference 시작
[2026-04-30 10:16:06,312] [DEBUG] [DBG][84] 3/6 DPU inference 완료 (21.9ms)
[2026-04-30 10:16:06,313] [DEBUG] [DBG][84] 4/6 postprocess 시작
[2026-04-30 10:16:06,333] [DEBUG] [DBG][84] 4/6 postprocess 완료 (19.4ms)
[2026-04-30 10:16:06,333] [DEBUG] [DBG][84] 5/6 control 시작
[2026-04-30 10:16:06,334] [DEBUG] [DBG][84] 5/6 control 완료 (0.5ms)
[2026-04-30 10:16:06,334] [DEBUG] [DBG][84] 6/6 actuator 시작
[2026-04-30 10:16:06,335] [DEBUG] [DBG][84] 6/6 actuator 완료 (0.3ms)
[2026-04-30 10:16:06,368] [DEBUG] [DBG][85] 루프 시작
[2026-04-30 10:16:06,370] [DEBUG] [DBG][85] 1/6 capture 시작
[2026-04-30 10:16:06,374] [DEBUG] [DBG][85] 1/6 capture 완료 (3.7ms)
[2026-04-30 10:16:06,375] [DEBUG] [DBG][85] 2/6 preprocess 시작
[2026-04-30 10:16:06,390] [DEBUG] [DBG][85] 2/6 preprocess 완료 (14.5ms)
[2026-04-30 10:16:06,391] [DEBUG] [DBG][85] 3/6 DPU inference 시작
[2026-04-30 10:16:06,408] [DEBUG] [DBG][85] 3/6 DPU inference 완료 (16.8ms)
[2026-04-30 10:16:06,409] [DEBUG] [DBG][85] 4/6 postprocess 시작
[2026-04-30 10:16:06,418] [DEBUG] [DBG][85] 4/6 postprocess 완료 (8.8ms)
[2026-04-30 10:16:06,419] [DEBUG] [DBG][85] 5/6 control 시작
[2026-04-30 10:16:06,419] [DEBUG] [DBG][85] 5/6 control 완료 (0.5ms)
[2026-04-30 10:16:06,419] [DEBUG] [DBG][85] 6/6 actuator 시작
[2026-04-30 10:16:06,420] [DEBUG] [DBG][85] 6/6 actuator 완료 (0.4ms)
[2026-04-30 10:16:06,468] [DEBUG] [DBG][86] 루프 시작
[2026-04-30 10:16:06,469] [DEBUG] [DBG][86] 1/6 capture 시작
[2026-04-30 10:16:06,472] [DEBUG] [DBG][86] 1/6 capture 완료 (3.0ms)
[2026-04-30 10:16:06,473] [DEBUG] [DBG][86] 2/6 preprocess 시작
[2026-04-30 10:16:06,487] [DEBUG] [DBG][86] 2/6 preprocess 완료 (13.1ms)
[2026-04-30 10:16:06,489] [DEBUG] [DBG][86] 3/6 DPU inference 시작
[2026-04-30 10:16:06,506] [DEBUG] [DBG][86] 3/6 DPU inference 완료 (17.0ms)
[2026-04-30 10:16:06,507] [DEBUG] [DBG][86] 4/6 postprocess 시작
[2026-04-30 10:16:06,519] [DEBUG] [DBG][86] 4/6 postprocess 완료 (11.6ms)
[2026-04-30 10:16:06,519] [DEBUG] [DBG][86] 5/6 control 시작
[2026-04-30 10:16:06,520] [DEBUG] [DBG][86] 5/6 control 완료 (0.6ms)
[2026-04-30 10:16:06,521] [DEBUG] [DBG][86] 6/6 actuator 시작
[2026-04-30 10:16:06,521] [DEBUG] [DBG][86] 6/6 actuator 완료 (0.4ms)
[2026-04-30 10:16:06,568] [DEBUG] [DBG][87] 루프 시작
[2026-04-30 10:16:06,569] [DEBUG] [DBG][87] 1/6 capture 시작
[2026-04-30 10:16:06,573] [DEBUG] [DBG][87] 1/6 capture 완료 (3.5ms)
[2026-04-30 10:16:06,573] [DEBUG] [DBG][87] 2/6 preprocess 시작
[2026-04-30 10:16:06,587] [DEBUG] [DBG][87] 2/6 preprocess 완료 (13.3ms)
[2026-04-30 10:16:06,589] [DEBUG] [DBG][87] 3/6 DPU inference 시작
[2026-04-30 10:16:06,607] [DEBUG] [DBG][87] 3/6 DPU inference 완료 (18.2ms)
[2026-04-30 10:16:06,608] [DEBUG] [DBG][87] 4/6 postprocess 시작
[2026-04-30 10:16:06,616] [DEBUG] [DBG][87] 4/6 postprocess 완료 (8.2ms)
[2026-04-30 10:16:06,617] [DEBUG] [DBG][87] 5/6 control 시작
[2026-04-30 10:16:06,618] [DEBUG] [DBG][87] 5/6 control 완료 (1.2ms)
[2026-04-30 10:16:06,619] [DEBUG] [DBG][87] 6/6 actuator 시작
[2026-04-30 10:16:06,619] [DEBUG] [DBG][87] 6/6 actuator 완료 (0.5ms)
[2026-04-30 10:16:06,668] [DEBUG] [DBG][88] 루프 시작
[2026-04-30 10:16:06,669] [DEBUG] [DBG][88] 1/6 capture 시작
[2026-04-30 10:16:06,674] [DEBUG] [DBG][88] 1/6 capture 완료 (4.4ms)
[2026-04-30 10:16:06,675] [DEBUG] [DBG][88] 2/6 preprocess 시작
[2026-04-30 10:16:06,689] [DEBUG] [DBG][88] 2/6 preprocess 완료 (13.6ms)
[2026-04-30 10:16:06,690] [DEBUG] [DBG][88] 3/6 DPU inference 시작
[2026-04-30 10:16:06,709] [DEBUG] [DBG][88] 3/6 DPU inference 완료 (19.7ms)
[2026-04-30 10:16:06,710] [DEBUG] [DBG][88] 4/6 postprocess 시작
[2026-04-30 10:16:06,719] [DEBUG] [DBG][88] 4/6 postprocess 완료 (8.8ms)
[2026-04-30 10:16:06,721] [DEBUG] [DBG][88] 5/6 control 시작
[2026-04-30 10:16:06,721] [DEBUG] [DBG][88] 5/6 control 완료 (0.8ms)
[2026-04-30 10:16:06,722] [DEBUG] [DBG][88] 6/6 actuator 시작
[2026-04-30 10:16:06,722] [DEBUG] [DBG][88] 6/6 actuator 완료 (0.4ms)
[2026-04-30 10:16:06,768] [DEBUG] [DBG][89] 루프 시작
[2026-04-30 10:16:06,769] [DEBUG] [DBG][89] 1/6 capture 시작
[2026-04-30 10:16:06,773] [DEBUG] [DBG][89] 1/6 capture 완료 (3.4ms)
[2026-04-30 10:16:06,774] [DEBUG] [DBG][89] 2/6 preprocess 시작
[2026-04-30 10:16:06,789] [DEBUG] [DBG][89] 2/6 preprocess 완료 (15.2ms)
[2026-04-30 10:16:06,790] [DEBUG] [DBG][89] 3/6 DPU inference 시작
[2026-04-30 10:16:06,809] [DEBUG] [DBG][89] 3/6 DPU inference 완료 (18.6ms)
[2026-04-30 10:16:06,810] [DEBUG] [DBG][89] 4/6 postprocess 시작
[2026-04-30 10:16:06,820] [DEBUG] [DBG][89] 4/6 postprocess 완료 (9.8ms)
[2026-04-30 10:16:06,821] [DEBUG] [DBG][89] 5/6 control 시작
[2026-04-30 10:16:06,821] [DEBUG] [DBG][89] 5/6 control 완료 (0.4ms)
[2026-04-30 10:16:06,822] [DEBUG] [DBG][89] 6/6 actuator 시작
[2026-04-30 10:16:06,822] [DEBUG] [DBG][89] 6/6 actuator 완료 (0.6ms)
[2026-04-30 10:16:06,869] [DEBUG] [DBG][90] 루프 시작
[2026-04-30 10:16:06,869] [DEBUG] [DBG][90] 1/6 capture 시작
[2026-04-30 10:16:06,873] [DEBUG] [DBG][90] 1/6 capture 완료 (3.3ms)
[2026-04-30 10:16:06,874] [DEBUG] [DBG][90] 2/6 preprocess 시작
[2026-04-30 10:16:06,888] [DEBUG] [DBG][90] 2/6 preprocess 완료 (14.5ms)
[2026-04-30 10:16:06,889] [DEBUG] [DBG][90] 3/6 DPU inference 시작
[2026-04-30 10:16:06,908] [DEBUG] [DBG][90] 3/6 DPU inference 완료 (18.9ms)
[2026-04-30 10:16:06,910] [DEBUG] [DBG][90] 4/6 postprocess 시작
[2026-04-30 10:16:06,922] [DEBUG] [DBG][90] 4/6 postprocess 완료 (11.4ms)
[2026-04-30 10:16:06,924] [DEBUG] [DBG][90] 5/6 control 시작
[2026-04-30 10:16:06,925] [DEBUG] [DBG][90] 5/6 control 완료 (1.3ms)
[2026-04-30 10:16:06,926] [DEBUG] [DBG][90] 6/6 actuator 시작
[2026-04-30 10:16:06,929] [DEBUG] [DBG][90] 6/6 actuator 완료 (3.4ms)
[2026-04-30 10:16:06,931] [INFO] [0090] cap=3.3ms | pre=14.5ms | inf=18.9ms | post=11.4ms | ctrl=1.3ms | act=3.4ms | total=62.4ms | valid=True | invalid=0 | pixels=37523 | err=-0.338 | steer=-0.135 | speed=0.216 | cur=-0.135 | adc=None
[2026-04-30 10:16:07,378] [INFO] [0090] system: rss=233.8MB | mem_avail=741.3MB | swap_free=511.7MB | load=0.70 0.95 0.60 | temp=hwmon0_temp1_input=52.0C, hwmon1_temp1_input=52.0C, hwmon2_temp1_input=50.7C, hwmon2_temp2_input=51.3C, pl_temp=50.8C, ps_temp=50.0C, remote_temp=51.8C
[2026-04-30 10:16:07,379] [DEBUG] [DBG][91] 루프 시작
[2026-04-30 10:16:07,380] [DEBUG] [DBG][91] 1/6 capture 시작
[2026-04-30 10:16:07,389] [DEBUG] [DBG][91] 1/6 capture 완료 (8.8ms)
[2026-04-30 10:16:07,390] [DEBUG] [DBG][91] 2/6 preprocess 시작
[2026-04-30 10:16:07,404] [DEBUG] [DBG][91] 2/6 preprocess 완료 (13.8ms)
[2026-04-30 10:16:07,406] [DEBUG] [DBG][91] 3/6 DPU inference 시작
[2026-04-30 10:16:07,427] [DEBUG] [DBG][91] 3/6 DPU inference 완료 (21.2ms)
[2026-04-30 10:16:07,429] [DEBUG] [DBG][91] 4/6 postprocess 시작
[2026-04-30 10:16:07,440] [DEBUG] [DBG][91] 4/6 postprocess 완료 (10.7ms)
[2026-04-30 10:16:07,441] [DEBUG] [DBG][91] 5/6 control 시작
[2026-04-30 10:16:07,442] [DEBUG] [DBG][91] 5/6 control 완료 (0.7ms)
[2026-04-30 10:16:07,443] [DEBUG] [DBG][91] 6/6 actuator 시작
[2026-04-30 10:16:07,443] [DEBUG] [DBG][91] 6/6 actuator 완료 (0.5ms)
[2026-04-30 10:16:07,480] [DEBUG] [DBG][92] 루프 시작
[2026-04-30 10:16:07,481] [DEBUG] [DBG][92] 1/6 capture 시작
[2026-04-30 10:16:07,485] [DEBUG] [DBG][92] 1/6 capture 완료 (4.0ms)
[2026-04-30 10:16:07,487] [DEBUG] [DBG][92] 2/6 preprocess 시작
[2026-04-30 10:16:07,501] [DEBUG] [DBG][92] 2/6 preprocess 완료 (14.5ms)
[2026-04-30 10:16:07,502] [DEBUG] [DBG][92] 3/6 DPU inference 시작
[2026-04-30 10:16:07,581] [DEBUG] [DBG][92] 3/6 DPU inference 완료 (78.5ms)
[2026-04-30 10:16:07,582] [DEBUG] [DBG][92] 4/6 postprocess 시작
[2026-04-30 10:16:07,591] [DEBUG] [DBG][92] 4/6 postprocess 완료 (8.2ms)
[2026-04-30 10:16:07,592] [DEBUG] [DBG][92] 5/6 control 시작
[2026-04-30 10:16:07,593] [DEBUG] [DBG][92] 5/6 control 완료 (0.8ms)
[2026-04-30 10:16:07,593] [DEBUG] [DBG][92] 6/6 actuator 시작
[2026-04-30 10:16:07,594] [DEBUG] [DBG][92] 6/6 actuator 완료 (0.5ms)
[2026-04-30 10:16:07,595] [DEBUG] [DBG][93] 루프 시작
[2026-04-30 10:16:07,595] [DEBUG] [DBG][93] 1/6 capture 시작
[2026-04-30 10:16:07,600] [DEBUG] [DBG][93] 1/6 capture 완료 (4.2ms)
[2026-04-30 10:16:07,601] [DEBUG] [DBG][93] 2/6 preprocess 시작
[2026-04-30 10:16:07,614] [DEBUG] [DBG][93] 2/6 preprocess 완료 (12.9ms)
[2026-04-30 10:16:07,615] [DEBUG] [DBG][93] 3/6 DPU inference 시작
[2026-04-30 10:16:07,632] [DEBUG] [DBG][93] 3/6 DPU inference 완료 (16.6ms)
[2026-04-30 10:16:07,633] [DEBUG] [DBG][93] 4/6 postprocess 시작
[2026-04-30 10:16:07,646] [DEBUG] [DBG][93] 4/6 postprocess 완료 (13.7ms)
[2026-04-30 10:16:07,648] [DEBUG] [DBG][93] 5/6 control 시작
[2026-04-30 10:16:07,648] [DEBUG] [DBG][93] 5/6 control 완료 (0.6ms)
[2026-04-30 10:16:07,649] [DEBUG] [DBG][93] 6/6 actuator 시작
[2026-04-30 10:16:07,649] [DEBUG] [DBG][93] 6/6 actuator 완료 (0.4ms)
[2026-04-30 10:16:07,695] [DEBUG] [DBG][94] 루프 시작
[2026-04-30 10:16:07,696] [DEBUG] [DBG][94] 1/6 capture 시작
[2026-04-30 10:16:07,700] [DEBUG] [DBG][94] 1/6 capture 완료 (3.5ms)
[2026-04-30 10:16:07,701] [DEBUG] [DBG][94] 2/6 preprocess 시작
[2026-04-30 10:16:07,714] [DEBUG] [DBG][94] 2/6 preprocess 완료 (13.4ms)
[2026-04-30 10:16:07,716] [DEBUG] [DBG][94] 3/6 DPU inference 시작
[2026-04-30 10:16:07,737] [DEBUG] [DBG][94] 3/6 DPU inference 완료 (21.0ms)
[2026-04-30 10:16:07,738] [DEBUG] [DBG][94] 4/6 postprocess 시작
[2026-04-30 10:16:07,748] [DEBUG] [DBG][94] 4/6 postprocess 완료 (10.1ms)
[2026-04-30 10:16:07,749] [DEBUG] [DBG][94] 5/6 control 시작
[2026-04-30 10:16:07,750] [DEBUG] [DBG][94] 5/6 control 완료 (0.5ms)
[2026-04-30 10:16:07,750] [DEBUG] [DBG][94] 6/6 actuator 시작
[2026-04-30 10:16:07,751] [DEBUG] [DBG][94] 6/6 actuator 완료 (0.4ms)
[2026-04-30 10:16:07,763] [INFO] 사용자 종료
[2026-04-30 10:16:07,842] [INFO] profiler summary:
[2026-04-30 10:16:07,843] [INFO]  - capture: avg=7.41ms, min=2.89ms, max=304.57ms
[2026-04-30 10:16:07,844] [INFO]  - preprocess: avg=13.90ms, min=12.29ms, max=20.61ms
[2026-04-30 10:16:07,844] [INFO]  - inference: avg=19.06ms, min=16.12ms, max=78.49ms
[2026-04-30 10:16:07,845] [INFO]  - postprocess: avg=10.64ms, min=7.45ms, max=20.70ms
[2026-04-30 10:16:07,845] [INFO]  - control: avg=0.70ms, min=0.43ms, max=1.92ms
[2026-04-30 10:16:07,845] [INFO]  - actuator: avg=0.54ms, min=0.34ms, max=3.41ms
[2026-04-30 10:16:07,846] [INFO]  - total: avg=59.77ms, min=46.67ms, max=360.73ms
[2026-04-30 10:25:24,962] [INFO] DPU overlay 로드: /home/xilinx/jupyter_notebooks/pynq-dpu/autonomous_driving_baseline/configs/dpu/dpu.bit
[2026-04-30 10:25:27,287] [INFO] DPU overlay 로드 완료
[2026-04-30 10:25:27,288] [INFO] 카메라 open
[2026-04-30 10:25:27,852] [INFO] xmodel load / runner create
[2026-04-30 10:25:28,505] [INFO] DPU input shape: (1, 256, 256, 3)
[2026-04-30 10:25:28,506] [INFO] DPU output shape: (1, 256, 256, 1)
[2026-04-30 10:25:28,507] [INFO] DPU warmup: 2회
[2026-04-30 10:25:28,539] [INFO] actuator mode: dry_run
[2026-04-30 10:25:28,553] [INFO] 스트리밍 서버 시작
[2026-04-30 10:25:28,554] [INFO] 웹 대시보드: http://127.0.0.1:5000
[2026-04-30 10:25:28,555] [INFO] 웹 대시보드: http://pynq:5000
[2026-04-30 10:25:28,555] [INFO] 웹 대시보드: http://127.0.1.1:5000
[2026-04-30 10:25:28,556] [INFO] main loop 시작: max_frames=200, target_fps=10.0
[2026-04-30 10:25:29,037] [INFO] system start: rss=238.9MB | mem_avail=738.9MB | swap_free=511.2MB | load=0.59 0.55 0.52 | temp=hwmon0_temp1_input=55.0C, hwmon1_temp1_input=54.0C, hwmon2_temp1_input=51.0C, hwmon2_temp2_input=52.9C, pl_temp=53.0C, ps_temp=51.6C, remote_temp=53.9C
[2026-04-30 10:25:29,038] [DEBUG] [DBG][0] 루프 시작
[2026-04-30 10:25:29,038] [DEBUG] [DBG][0] 1/6 capture 시작
[2026-04-30 10:25:29,771] [DEBUG] [DBG][0] 1/6 capture 완료 (732.7ms)
[2026-04-30 10:25:29,772] [DEBUG] [DBG][0] 2/6 preprocess 시작
[2026-04-30 10:25:29,787] [DEBUG] [DBG][0] 2/6 preprocess 완료 (14.0ms)
[2026-04-30 10:25:29,788] [DEBUG] [DBG][0] 3/6 DPU inference 시작
[2026-04-30 10:25:29,805] [DEBUG] [DBG][0] 3/6 DPU inference 완료 (17.1ms)
[2026-04-30 10:25:29,806] [DEBUG] [DBG][0] 4/6 postprocess 시작
[2026-04-30 10:25:29,837] [DEBUG] [DBG][0] 4/6 postprocess 완료 (31.3ms)
[2026-04-30 10:25:29,838] [DEBUG] [DBG][0] 5/6 control 시작
[2026-04-30 10:25:29,838] [DEBUG] [DBG][0] 5/6 control 완료 (0.5ms)
[2026-04-30 10:25:29,839] [DEBUG] [DBG][0] 6/6 actuator 시작
[2026-04-30 10:25:29,839] [DEBUG] [DBG][0] 6/6 actuator 완료 (0.3ms)
[2026-04-30 10:25:30,352] [INFO] [0000] cap=732.7ms | pre=14.0ms | inf=17.1ms | post=31.3ms | ctrl=0.5ms | act=0.3ms | total=801.5ms | valid=True | invalid=0 | pixels=41354 | err=-0.319 | steer=-0.128 | speed=0.218 | cur=-0.128 | adc=None
[2026-04-30 10:25:30,810] [INFO] [0000] system: rss=248.3MB | mem_avail=733.1MB | swap_free=511.0MB | load=0.59 0.55 0.52 | temp=hwmon0_temp1_input=55.0C, hwmon1_temp1_input=54.0C, hwmon2_temp1_input=52.1C, hwmon2_temp2_input=51.3C, pl_temp=52.6C, ps_temp=51.8C, remote_temp=52.1C
[2026-04-30 10:25:30,811] [DEBUG] [DBG][1] 루프 시작
[2026-04-30 10:25:30,812] [DEBUG] [DBG][1] 1/6 capture 시작
[2026-04-30 10:25:30,826] [DEBUG] [DBG][1] 1/6 capture 완료 (14.2ms)
[2026-04-30 10:25:30,827] [DEBUG] [DBG][1] 2/6 preprocess 시작
[2026-04-30 10:25:30,841] [DEBUG] [DBG][1] 2/6 preprocess 완료 (13.9ms)
[2026-04-30 10:25:30,842] [DEBUG] [DBG][1] 3/6 DPU inference 시작
[2026-04-30 10:25:30,858] [DEBUG] [DBG][1] 3/6 DPU inference 완료 (16.1ms)
[2026-04-30 10:25:30,859] [DEBUG] [DBG][1] 4/6 postprocess 시작
[2026-04-30 10:25:30,868] [DEBUG] [DBG][1] 4/6 postprocess 완료 (8.7ms)
[2026-04-30 10:25:30,869] [DEBUG] [DBG][1] 5/6 control 시작
[2026-04-30 10:25:30,869] [DEBUG] [DBG][1] 5/6 control 완료 (0.6ms)
[2026-04-30 10:25:30,870] [DEBUG] [DBG][1] 6/6 actuator 시작
[2026-04-30 10:25:30,871] [DEBUG] [DBG][1] 6/6 actuator 완료 (0.6ms)
[2026-04-30 10:25:30,911] [DEBUG] [DBG][2] 루프 시작
[2026-04-30 10:25:30,912] [DEBUG] [DBG][2] 1/6 capture 시작
[2026-04-30 10:25:30,927] [DEBUG] [DBG][2] 1/6 capture 완료 (13.8ms)
[2026-04-30 10:25:30,927] [DEBUG] [DBG][2] 2/6 preprocess 시작
[2026-04-30 10:25:30,942] [DEBUG] [DBG][2] 2/6 preprocess 완료 (14.2ms)
[2026-04-30 10:25:30,943] [DEBUG] [DBG][2] 3/6 DPU inference 시작
[2026-04-30 10:25:30,959] [DEBUG] [DBG][2] 3/6 DPU inference 완료 (16.2ms)
[2026-04-30 10:25:30,960] [DEBUG] [DBG][2] 4/6 postprocess 시작
[2026-04-30 10:25:30,970] [DEBUG] [DBG][2] 4/6 postprocess 완료 (9.4ms)
[2026-04-30 10:25:30,970] [DEBUG] [DBG][2] 5/6 control 시작
[2026-04-30 10:25:30,971] [DEBUG] [DBG][2] 5/6 control 완료 (0.4ms)
[2026-04-30 10:25:30,971] [DEBUG] [DBG][2] 6/6 actuator 시작
[2026-04-30 10:25:30,971] [DEBUG] [DBG][2] 6/6 actuator 완료 (0.3ms)
[2026-04-30 10:25:31,011] [DEBUG] [DBG][3] 루프 시작
[2026-04-30 10:25:31,012] [DEBUG] [DBG][3] 1/6 capture 시작
[2026-04-30 10:25:31,027] [DEBUG] [DBG][3] 1/6 capture 완료 (14.3ms)
[2026-04-30 10:25:31,028] [DEBUG] [DBG][3] 2/6 preprocess 시작
[2026-04-30 10:25:31,041] [DEBUG] [DBG][3] 2/6 preprocess 완료 (13.1ms)
[2026-04-30 10:25:31,043] [DEBUG] [DBG][3] 3/6 DPU inference 시작
[2026-04-30 10:25:31,061] [DEBUG] [DBG][3] 3/6 DPU inference 완료 (18.0ms)
[2026-04-30 10:25:31,062] [DEBUG] [DBG][3] 4/6 postprocess 시작
[2026-04-30 10:25:31,074] [DEBUG] [DBG][3] 4/6 postprocess 완료 (11.8ms)
[2026-04-30 10:25:31,074] [DEBUG] [DBG][3] 5/6 control 시작
[2026-04-30 10:25:31,075] [DEBUG] [DBG][3] 5/6 control 완료 (0.5ms)
[2026-04-30 10:25:31,075] [DEBUG] [DBG][3] 6/6 actuator 시작
[2026-04-30 10:25:31,076] [DEBUG] [DBG][3] 6/6 actuator 완료 (0.3ms)
[2026-04-30 10:25:31,112] [DEBUG] [DBG][4] 루프 시작
[2026-04-30 10:25:31,113] [DEBUG] [DBG][4] 1/6 capture 시작
[2026-04-30 10:25:31,128] [DEBUG] [DBG][4] 1/6 capture 완료 (14.6ms)
[2026-04-30 10:25:31,128] [DEBUG] [DBG][4] 2/6 preprocess 시작
[2026-04-30 10:25:31,142] [DEBUG] [DBG][4] 2/6 preprocess 완료 (13.5ms)
[2026-04-30 10:25:31,143] [DEBUG] [DBG][4] 3/6 DPU inference 시작
[2026-04-30 10:25:31,166] [DEBUG] [DBG][4] 3/6 DPU inference 완료 (22.1ms)
[2026-04-30 10:25:31,167] [DEBUG] [DBG][4] 4/6 postprocess 시작
[2026-04-30 10:25:31,176] [DEBUG] [DBG][4] 4/6 postprocess 완료 (8.6ms)
[2026-04-30 10:25:31,177] [DEBUG] [DBG][4] 5/6 control 시작
[2026-04-30 10:25:31,177] [DEBUG] [DBG][4] 5/6 control 완료 (0.4ms)
[2026-04-30 10:25:31,178] [DEBUG] [DBG][4] 6/6 actuator 시작
[2026-04-30 10:25:31,178] [DEBUG] [DBG][4] 6/6 actuator 완료 (0.3ms)
[2026-04-30 10:25:31,212] [DEBUG] [DBG][5] 루프 시작
[2026-04-30 10:25:31,213] [DEBUG] [DBG][5] 1/6 capture 시작
[2026-04-30 10:25:31,228] [DEBUG] [DBG][5] 1/6 capture 완료 (15.2ms)
[2026-04-30 10:25:31,229] [DEBUG] [DBG][5] 2/6 preprocess 시작
[2026-04-30 10:25:31,243] [DEBUG] [DBG][5] 2/6 preprocess 완료 (13.4ms)
[2026-04-30 10:25:31,243] [DEBUG] [DBG][5] 3/6 DPU inference 시작
[2026-04-30 10:25:31,260] [DEBUG] [DBG][5] 3/6 DPU inference 완료 (16.1ms)
[2026-04-30 10:25:31,261] [DEBUG] [DBG][5] 4/6 postprocess 시작
[2026-04-30 10:25:31,271] [DEBUG] [DBG][5] 4/6 postprocess 완료 (9.6ms)
[2026-04-30 10:25:31,272] [DEBUG] [DBG][5] 5/6 control 시작
[2026-04-30 10:25:31,274] [DEBUG] [DBG][5] 5/6 control 완료 (1.7ms)
[2026-04-30 10:25:31,277] [DEBUG] [DBG][5] 6/6 actuator 시작
[2026-04-30 10:25:31,278] [DEBUG] [DBG][5] 6/6 actuator 완료 (1.2ms)
[2026-04-30 10:25:31,735] [DEBUG] [DBG][6] 루프 시작
[2026-04-30 10:25:31,736] [DEBUG] [DBG][6] 1/6 capture 시작
[2026-04-30 10:25:31,750] [DEBUG] [DBG][6] 1/6 capture 완료 (13.3ms)
[2026-04-30 10:25:31,751] [DEBUG] [DBG][6] 2/6 preprocess 시작
[2026-04-30 10:25:31,764] [DEBUG] [DBG][6] 2/6 preprocess 완료 (12.8ms)
[2026-04-30 10:25:31,765] [DEBUG] [DBG][6] 3/6 DPU inference 시작
[2026-04-30 10:25:31,785] [DEBUG] [DBG][6] 3/6 DPU inference 완료 (19.5ms)
[2026-04-30 10:25:31,786] [DEBUG] [DBG][6] 4/6 postprocess 시작
[2026-04-30 10:25:31,794] [DEBUG] [DBG][6] 4/6 postprocess 완료 (7.6ms)
[2026-04-30 10:25:31,795] [DEBUG] [DBG][6] 5/6 control 시작
[2026-04-30 10:25:31,795] [DEBUG] [DBG][6] 5/6 control 완료 (0.7ms)
[2026-04-30 10:25:31,796] [DEBUG] [DBG][6] 6/6 actuator 시작
[2026-04-30 10:25:31,797] [DEBUG] [DBG][6] 6/6 actuator 완료 (0.5ms)
[2026-04-30 10:25:31,836] [DEBUG] [DBG][7] 루프 시작
[2026-04-30 10:25:31,837] [DEBUG] [DBG][7] 1/6 capture 시작
[2026-04-30 10:25:31,851] [DEBUG] [DBG][7] 1/6 capture 완료 (14.2ms)
[2026-04-30 10:25:31,852] [DEBUG] [DBG][7] 2/6 preprocess 시작
[2026-04-30 10:25:31,865] [DEBUG] [DBG][7] 2/6 preprocess 완료 (12.6ms)
[2026-04-30 10:25:31,866] [DEBUG] [DBG][7] 3/6 DPU inference 시작
[2026-04-30 10:25:31,883] [DEBUG] [DBG][7] 3/6 DPU inference 완료 (16.3ms)
[2026-04-30 10:25:31,883] [DEBUG] [DBG][7] 4/6 postprocess 시작
[2026-04-30 10:25:31,892] [DEBUG] [DBG][7] 4/6 postprocess 완료 (8.6ms)
[2026-04-30 10:25:31,893] [DEBUG] [DBG][7] 5/6 control 시작
[2026-04-30 10:25:31,894] [DEBUG] [DBG][7] 5/6 control 완료 (0.5ms)
[2026-04-30 10:25:31,894] [DEBUG] [DBG][7] 6/6 actuator 시작
[2026-04-30 10:25:31,894] [DEBUG] [DBG][7] 6/6 actuator 완료 (0.3ms)
[2026-04-30 10:25:31,936] [DEBUG] [DBG][8] 루프 시작
[2026-04-30 10:25:31,937] [DEBUG] [DBG][8] 1/6 capture 시작
[2026-04-30 10:25:31,950] [DEBUG] [DBG][8] 1/6 capture 완료 (13.5ms)
[2026-04-30 10:25:31,951] [DEBUG] [DBG][8] 2/6 preprocess 시작
[2026-04-30 10:25:31,964] [DEBUG] [DBG][8] 2/6 preprocess 완료 (12.6ms)
[2026-04-30 10:25:31,965] [DEBUG] [DBG][8] 3/6 DPU inference 시작
[2026-04-30 10:25:31,981] [DEBUG] [DBG][8] 3/6 DPU inference 완료 (16.0ms)
[2026-04-30 10:25:31,982] [DEBUG] [DBG][8] 4/6 postprocess 시작
[2026-04-30 10:25:31,989] [DEBUG] [DBG][8] 4/6 postprocess 완료 (7.4ms)
[2026-04-30 10:25:31,990] [DEBUG] [DBG][8] 5/6 control 시작
[2026-04-30 10:25:31,991] [DEBUG] [DBG][8] 5/6 control 완료 (0.5ms)
[2026-04-30 10:25:31,991] [DEBUG] [DBG][8] 6/6 actuator 시작
[2026-04-30 10:25:31,992] [DEBUG] [DBG][8] 6/6 actuator 완료 (0.4ms)
[2026-04-30 10:25:32,036] [DEBUG] [DBG][9] 루프 시작
[2026-04-30 10:25:32,037] [DEBUG] [DBG][9] 1/6 capture 시작
[2026-04-30 10:25:32,050] [DEBUG] [DBG][9] 1/6 capture 완료 (13.1ms)
[2026-04-30 10:25:32,051] [DEBUG] [DBG][9] 2/6 preprocess 시작
[2026-04-30 10:25:32,064] [DEBUG] [DBG][9] 2/6 preprocess 완료 (12.6ms)
[2026-04-30 10:25:32,065] [DEBUG] [DBG][9] 3/6 DPU inference 시작
[2026-04-30 10:25:32,081] [DEBUG] [DBG][9] 3/6 DPU inference 완료 (15.9ms)
[2026-04-30 10:25:32,082] [DEBUG] [DBG][9] 4/6 postprocess 시작
[2026-04-30 10:25:32,090] [DEBUG] [DBG][9] 4/6 postprocess 완료 (8.1ms)
[2026-04-30 10:25:32,091] [DEBUG] [DBG][9] 5/6 control 시작
[2026-04-30 10:25:32,091] [DEBUG] [DBG][9] 5/6 control 완료 (0.5ms)
[2026-04-30 10:25:32,092] [DEBUG] [DBG][9] 6/6 actuator 시작
[2026-04-30 10:25:32,092] [DEBUG] [DBG][9] 6/6 actuator 완료 (0.5ms)
[2026-04-30 10:25:32,136] [DEBUG] [DBG][10] 루프 시작
[2026-04-30 10:25:32,137] [DEBUG] [DBG][10] 1/6 capture 시작
[2026-04-30 10:25:32,150] [DEBUG] [DBG][10] 1/6 capture 완료 (13.1ms)
[2026-04-30 10:25:32,151] [DEBUG] [DBG][10] 2/6 preprocess 시작
[2026-04-30 10:25:32,164] [DEBUG] [DBG][10] 2/6 preprocess 완료 (12.4ms)
[2026-04-30 10:25:32,165] [DEBUG] [DBG][10] 3/6 DPU inference 시작
[2026-04-30 10:25:32,181] [DEBUG] [DBG][10] 3/6 DPU inference 완료 (16.5ms)
[2026-04-30 10:25:32,182] [DEBUG] [DBG][10] 4/6 postprocess 시작
[2026-04-30 10:25:32,192] [DEBUG] [DBG][10] 4/6 postprocess 완료 (9.5ms)
[2026-04-30 10:25:32,193] [DEBUG] [DBG][10] 5/6 control 시작
[2026-04-30 10:25:32,193] [DEBUG] [DBG][10] 5/6 control 완료 (0.5ms)
[2026-04-30 10:25:32,194] [DEBUG] [DBG][10] 6/6 actuator 시작
[2026-04-30 10:25:32,194] [DEBUG] [DBG][10] 6/6 actuator 완료 (0.4ms)
[2026-04-30 10:25:32,654] [INFO] [0010] cap=13.1ms | pre=12.4ms | inf=16.5ms | post=9.5ms | ctrl=0.5ms | act=0.4ms | total=58.4ms | valid=True | invalid=0 | pixels=40554 | err=-0.319 | steer=-0.128 | speed=0.218 | cur=-0.128 | adc=None
[2026-04-30 10:25:33,109] [INFO] [0010] system: rss=248.3MB | mem_avail=733.0MB | swap_free=511.0MB | load=0.71 0.58 0.53 | temp=hwmon0_temp1_input=55.0C, hwmon1_temp1_input=54.0C, hwmon2_temp1_input=52.2C, hwmon2_temp2_input=52.1C, pl_temp=52.9C, ps_temp=52.6C, remote_temp=53.1C
[2026-04-30 10:25:33,110] [DEBUG] [DBG][11] 루프 시작
[2026-04-30 10:25:33,111] [DEBUG] [DBG][11] 1/6 capture 시작
[2026-04-30 10:25:33,124] [DEBUG] [DBG][11] 1/6 capture 완료 (13.4ms)
[2026-04-30 10:25:33,125] [DEBUG] [DBG][11] 2/6 preprocess 시작
[2026-04-30 10:25:33,138] [DEBUG] [DBG][11] 2/6 preprocess 완료 (12.6ms)
[2026-04-30 10:25:33,139] [DEBUG] [DBG][11] 3/6 DPU inference 시작
[2026-04-30 10:25:33,155] [DEBUG] [DBG][11] 3/6 DPU inference 완료 (16.4ms)
[2026-04-30 10:25:33,156] [DEBUG] [DBG][11] 4/6 postprocess 시작
[2026-04-30 10:25:33,164] [DEBUG] [DBG][11] 4/6 postprocess 완료 (7.7ms)
[2026-04-30 10:25:33,165] [DEBUG] [DBG][11] 5/6 control 시작
[2026-04-30 10:25:33,166] [DEBUG] [DBG][11] 5/6 control 완료 (0.6ms)
[2026-04-30 10:25:33,166] [DEBUG] [DBG][11] 6/6 actuator 시작
[2026-04-30 10:25:33,167] [DEBUG] [DBG][11] 6/6 actuator 완료 (0.4ms)
[2026-04-30 10:25:33,211] [DEBUG] [DBG][12] 루프 시작
[2026-04-30 10:25:33,211] [DEBUG] [DBG][12] 1/6 capture 시작
[2026-04-30 10:25:33,226] [DEBUG] [DBG][12] 1/6 capture 완료 (14.0ms)
[2026-04-30 10:25:33,227] [DEBUG] [DBG][12] 2/6 preprocess 시작
[2026-04-30 10:25:33,240] [DEBUG] [DBG][12] 2/6 preprocess 완료 (13.3ms)
[2026-04-30 10:25:33,242] [DEBUG] [DBG][12] 3/6 DPU inference 시작
[2026-04-30 10:25:33,259] [DEBUG] [DBG][12] 3/6 DPU inference 완료 (17.1ms)
[2026-04-30 10:25:33,260] [DEBUG] [DBG][12] 4/6 postprocess 시작
[2026-04-30 10:25:33,269] [DEBUG] [DBG][12] 4/6 postprocess 완료 (8.7ms)
[2026-04-30 10:25:33,270] [DEBUG] [DBG][12] 5/6 control 시작
[2026-04-30 10:25:33,271] [DEBUG] [DBG][12] 5/6 control 완료 (0.6ms)
[2026-04-30 10:25:33,271] [DEBUG] [DBG][12] 6/6 actuator 시작
[2026-04-30 10:25:33,272] [DEBUG] [DBG][12] 6/6 actuator 완료 (0.5ms)
[2026-04-30 10:25:33,311] [DEBUG] [DBG][13] 루프 시작
[2026-04-30 10:25:33,312] [DEBUG] [DBG][13] 1/6 capture 시작
[2026-04-30 10:25:33,325] [DEBUG] [DBG][13] 1/6 capture 완료 (13.2ms)
[2026-04-30 10:25:33,327] [DEBUG] [DBG][13] 2/6 preprocess 시작
[2026-04-30 10:25:33,340] [DEBUG] [DBG][13] 2/6 preprocess 완료 (13.0ms)
[2026-04-30 10:25:33,341] [DEBUG] [DBG][13] 3/6 DPU inference 시작
[2026-04-30 10:25:33,359] [DEBUG] [DBG][13] 3/6 DPU inference 완료 (17.1ms)
[2026-04-30 10:25:33,360] [DEBUG] [DBG][13] 4/6 postprocess 시작
[2026-04-30 10:25:33,369] [DEBUG] [DBG][13] 4/6 postprocess 완료 (9.7ms)
[2026-04-30 10:25:33,370] [DEBUG] [DBG][13] 5/6 control 시작
[2026-04-30 10:25:33,371] [DEBUG] [DBG][13] 5/6 control 완료 (0.5ms)
[2026-04-30 10:25:33,371] [DEBUG] [DBG][13] 6/6 actuator 시작
[2026-04-30 10:25:33,372] [DEBUG] [DBG][13] 6/6 actuator 완료 (0.4ms)
[2026-04-30 10:25:33,411] [DEBUG] [DBG][14] 루프 시작
[2026-04-30 10:25:33,412] [DEBUG] [DBG][14] 1/6 capture 시작
[2026-04-30 10:25:33,427] [DEBUG] [DBG][14] 1/6 capture 완료 (15.0ms)
[2026-04-30 10:25:33,428] [DEBUG] [DBG][14] 2/6 preprocess 시작
[2026-04-30 10:25:33,442] [DEBUG] [DBG][14] 2/6 preprocess 완료 (14.5ms)
[2026-04-30 10:25:33,443] [DEBUG] [DBG][14] 3/6 DPU inference 시작
[2026-04-30 10:25:33,464] [DEBUG] [DBG][14] 3/6 DPU inference 완료 (20.6ms)
[2026-04-30 10:25:33,465] [DEBUG] [DBG][14] 4/6 postprocess 시작
[2026-04-30 10:25:33,478] [DEBUG] [DBG][14] 4/6 postprocess 완료 (12.3ms)
[2026-04-30 10:25:33,479] [DEBUG] [DBG][14] 5/6 control 시작
[2026-04-30 10:25:33,480] [DEBUG] [DBG][14] 5/6 control 완료 (0.6ms)
[2026-04-30 10:25:33,480] [DEBUG] [DBG][14] 6/6 actuator 시작
[2026-04-30 10:25:33,481] [DEBUG] [DBG][14] 6/6 actuator 완료 (0.5ms)
[2026-04-30 10:25:33,511] [DEBUG] [DBG][15] 루프 시작
[2026-04-30 10:25:33,512] [DEBUG] [DBG][15] 1/6 capture 시작
[2026-04-30 10:25:33,528] [DEBUG] [DBG][15] 1/6 capture 완료 (15.4ms)
[2026-04-30 10:25:33,530] [DEBUG] [DBG][15] 2/6 preprocess 시작
[2026-04-30 10:25:33,548] [DEBUG] [DBG][15] 2/6 preprocess 완료 (18.1ms)
[2026-04-30 10:25:33,550] [DEBUG] [DBG][15] 3/6 DPU inference 시작
[2026-04-30 10:25:33,570] [DEBUG] [DBG][15] 3/6 DPU inference 완료 (20.1ms)
[2026-04-30 10:25:33,571] [DEBUG] [DBG][15] 4/6 postprocess 시작
[2026-04-30 10:25:33,580] [DEBUG] [DBG][15] 4/6 postprocess 완료 (9.1ms)
[2026-04-30 10:25:33,581] [DEBUG] [DBG][15] 5/6 control 시작
[2026-04-30 10:25:33,582] [DEBUG] [DBG][15] 5/6 control 완료 (0.5ms)
[2026-04-30 10:25:33,582] [DEBUG] [DBG][15] 6/6 actuator 시작
[2026-04-30 10:25:33,582] [DEBUG] [DBG][15] 6/6 actuator 완료 (0.3ms)
[2026-04-30 10:25:34,039] [DEBUG] [DBG][16] 루프 시작
[2026-04-30 10:25:34,039] [DEBUG] [DBG][16] 1/6 capture 시작
[2026-04-30 10:25:34,054] [DEBUG] [DBG][16] 1/6 capture 완료 (14.4ms)
[2026-04-30 10:25:34,055] [DEBUG] [DBG][16] 2/6 preprocess 시작
[2026-04-30 10:25:34,069] [DEBUG] [DBG][16] 2/6 preprocess 완료 (14.1ms)
[2026-04-30 10:25:34,070] [DEBUG] [DBG][16] 3/6 DPU inference 시작
[2026-04-30 10:25:34,089] [DEBUG] [DBG][16] 3/6 DPU inference 완료 (18.5ms)
[2026-04-30 10:25:34,090] [DEBUG] [DBG][16] 4/6 postprocess 시작
[2026-04-30 10:25:34,099] [DEBUG] [DBG][16] 4/6 postprocess 완료 (8.9ms)
[2026-04-30 10:25:34,099] [DEBUG] [DBG][16] 5/6 control 시작
[2026-04-30 10:25:34,100] [DEBUG] [DBG][16] 5/6 control 완료 (0.5ms)
[2026-04-30 10:25:34,100] [DEBUG] [DBG][16] 6/6 actuator 시작
[2026-04-30 10:25:34,101] [DEBUG] [DBG][16] 6/6 actuator 완료 (0.3ms)
[2026-04-30 10:25:34,139] [DEBUG] [DBG][17] 루프 시작
[2026-04-30 10:25:34,140] [DEBUG] [DBG][17] 1/6 capture 시작
[2026-04-30 10:25:34,154] [DEBUG] [DBG][17] 1/6 capture 완료 (14.3ms)
[2026-04-30 10:25:34,155] [DEBUG] [DBG][17] 2/6 preprocess 시작
[2026-04-30 10:25:34,169] [DEBUG] [DBG][17] 2/6 preprocess 완료 (13.7ms)
[2026-04-30 10:25:34,170] [DEBUG] [DBG][17] 3/6 DPU inference 시작
[2026-04-30 10:25:34,189] [DEBUG] [DBG][17] 3/6 DPU inference 완료 (18.6ms)
[2026-04-30 10:25:34,190] [DEBUG] [DBG][17] 4/6 postprocess 시작
[2026-04-30 10:25:34,199] [DEBUG] [DBG][17] 4/6 postprocess 완료 (9.2ms)
[2026-04-30 10:25:34,200] [DEBUG] [DBG][17] 5/6 control 시작
[2026-04-30 10:25:34,200] [DEBUG] [DBG][17] 5/6 control 완료 (0.4ms)
[2026-04-30 10:25:34,201] [DEBUG] [DBG][17] 6/6 actuator 시작
[2026-04-30 10:25:34,201] [DEBUG] [DBG][17] 6/6 actuator 완료 (0.3ms)
[2026-04-30 10:25:34,239] [DEBUG] [DBG][18] 루프 시작
[2026-04-30 10:25:34,240] [DEBUG] [DBG][18] 1/6 capture 시작
[2026-04-30 10:25:34,254] [DEBUG] [DBG][18] 1/6 capture 완료 (14.2ms)
[2026-04-30 10:25:34,255] [DEBUG] [DBG][18] 2/6 preprocess 시작
[2026-04-30 10:25:34,269] [DEBUG] [DBG][18] 2/6 preprocess 완료 (13.8ms)
[2026-04-30 10:25:34,270] [DEBUG] [DBG][18] 3/6 DPU inference 시작
[2026-04-30 10:25:34,286] [DEBUG] [DBG][18] 3/6 DPU inference 완료 (15.8ms)
[2026-04-30 10:25:34,287] [DEBUG] [DBG][18] 4/6 postprocess 시작
[2026-04-30 10:25:34,295] [DEBUG] [DBG][18] 4/6 postprocess 완료 (8.4ms)
[2026-04-30 10:25:34,298] [DEBUG] [DBG][18] 5/6 control 시작
[2026-04-30 10:25:34,299] [DEBUG] [DBG][18] 5/6 control 완료 (1.0ms)
[2026-04-30 10:25:34,299] [DEBUG] [DBG][18] 6/6 actuator 시작
[2026-04-30 10:25:34,300] [DEBUG] [DBG][18] 6/6 actuator 완료 (0.4ms)
[2026-04-30 10:25:34,339] [DEBUG] [DBG][19] 루프 시작
[2026-04-30 10:25:34,340] [DEBUG] [DBG][19] 1/6 capture 시작
[2026-04-30 10:25:34,354] [DEBUG] [DBG][19] 1/6 capture 완료 (13.3ms)
[2026-04-30 10:25:34,354] [DEBUG] [DBG][19] 2/6 preprocess 시작
[2026-04-30 10:25:34,368] [DEBUG] [DBG][19] 2/6 preprocess 완료 (13.9ms)
[2026-04-30 10:25:34,369] [DEBUG] [DBG][19] 3/6 DPU inference 시작
[2026-04-30 10:25:34,386] [DEBUG] [DBG][19] 3/6 DPU inference 완료 (16.0ms)
[2026-04-30 10:25:34,387] [DEBUG] [DBG][19] 4/6 postprocess 시작
[2026-04-30 10:25:34,395] [DEBUG] [DBG][19] 4/6 postprocess 완료 (7.9ms)
[2026-04-30 10:25:34,396] [DEBUG] [DBG][19] 5/6 control 시작
[2026-04-30 10:25:34,397] [DEBUG] [DBG][19] 5/6 control 완료 (0.6ms)
[2026-04-30 10:25:34,397] [DEBUG] [DBG][19] 6/6 actuator 시작
[2026-04-30 10:25:34,398] [DEBUG] [DBG][19] 6/6 actuator 완료 (0.4ms)
[2026-04-30 10:25:34,439] [DEBUG] [DBG][20] 루프 시작
[2026-04-30 10:25:34,441] [DEBUG] [DBG][20] 1/6 capture 시작
[2026-04-30 10:25:34,454] [DEBUG] [DBG][20] 1/6 capture 완료 (13.3ms)
[2026-04-30 10:25:34,455] [DEBUG] [DBG][20] 2/6 preprocess 시작
[2026-04-30 10:25:34,468] [DEBUG] [DBG][20] 2/6 preprocess 완료 (13.0ms)
[2026-04-30 10:25:34,470] [DEBUG] [DBG][20] 3/6 DPU inference 시작
[2026-04-30 10:25:34,486] [DEBUG] [DBG][20] 3/6 DPU inference 완료 (16.5ms)
[2026-04-30 10:25:34,488] [DEBUG] [DBG][20] 4/6 postprocess 시작
[2026-04-30 10:25:34,500] [DEBUG] [DBG][20] 4/6 postprocess 완료 (11.9ms)
[2026-04-30 10:25:34,502] [DEBUG] [DBG][20] 5/6 control 시작
[2026-04-30 10:25:34,502] [DEBUG] [DBG][20] 5/6 control 완료 (0.6ms)
[2026-04-30 10:25:34,503] [DEBUG] [DBG][20] 6/6 actuator 시작
[2026-04-30 10:25:34,504] [DEBUG] [DBG][20] 6/6 actuator 완료 (0.6ms)
[2026-04-30 10:25:34,964] [INFO] [0020] cap=13.3ms | pre=13.0ms | inf=16.5ms | post=11.9ms | ctrl=0.6ms | act=0.6ms | total=65.0ms | valid=True | invalid=0 | pixels=39735 | err=-0.328 | steer=-0.131 | speed=0.217 | cur=-0.131 | adc=None
[2026-04-30 10:25:35,407] [INFO] [0020] system: rss=248.3MB | mem_avail=730.3MB | swap_free=511.0MB | load=0.71 0.58 0.53 | temp=hwmon0_temp1_input=55.0C, hwmon1_temp1_input=54.0C, hwmon2_temp1_input=53.0C, hwmon2_temp2_input=52.7C, pl_temp=52.8C, ps_temp=52.1C, remote_temp=52.1C
[2026-04-30 10:25:35,408] [DEBUG] [DBG][21] 루프 시작
[2026-04-30 10:25:35,408] [DEBUG] [DBG][21] 1/6 capture 시작
[2026-04-30 10:25:35,422] [DEBUG] [DBG][21] 1/6 capture 완료 (13.1ms)
[2026-04-30 10:25:35,422] [DEBUG] [DBG][21] 2/6 preprocess 시작
[2026-04-30 10:25:35,435] [DEBUG] [DBG][21] 2/6 preprocess 완료 (12.8ms)
[2026-04-30 10:25:35,436] [DEBUG] [DBG][21] 3/6 DPU inference 시작
[2026-04-30 10:25:35,453] [DEBUG] [DBG][21] 3/6 DPU inference 완료 (16.0ms)
[2026-04-30 10:25:35,453] [DEBUG] [DBG][21] 4/6 postprocess 시작
[2026-04-30 10:25:35,462] [DEBUG] [DBG][21] 4/6 postprocess 완료 (8.0ms)
[2026-04-30 10:25:35,463] [DEBUG] [DBG][21] 5/6 control 시작
[2026-04-30 10:25:35,463] [DEBUG] [DBG][21] 5/6 control 완료 (0.7ms)
[2026-04-30 10:25:35,464] [DEBUG] [DBG][21] 6/6 actuator 시작
[2026-04-30 10:25:35,464] [DEBUG] [DBG][21] 6/6 actuator 완료 (0.4ms)
[2026-04-30 10:25:35,508] [DEBUG] [DBG][22] 루프 시작
[2026-04-30 10:25:35,509] [DEBUG] [DBG][22] 1/6 capture 시작
[2026-04-30 10:25:35,524] [DEBUG] [DBG][22] 1/6 capture 완료 (14.3ms)
[2026-04-30 10:25:35,524] [DEBUG] [DBG][22] 2/6 preprocess 시작
[2026-04-30 10:25:35,539] [DEBUG] [DBG][22] 2/6 preprocess 완료 (13.9ms)
[2026-04-30 10:25:35,540] [DEBUG] [DBG][22] 3/6 DPU inference 시작
[2026-04-30 10:25:35,556] [DEBUG] [DBG][22] 3/6 DPU inference 완료 (16.7ms)
[2026-04-30 10:25:35,557] [DEBUG] [DBG][22] 4/6 postprocess 시작
[2026-04-30 10:25:35,567] [DEBUG] [DBG][22] 4/6 postprocess 완료 (9.3ms)
[2026-04-30 10:25:35,568] [DEBUG] [DBG][22] 5/6 control 시작
[2026-04-30 10:25:35,568] [DEBUG] [DBG][22] 5/6 control 완료 (0.5ms)
[2026-04-30 10:25:35,568] [DEBUG] [DBG][22] 6/6 actuator 시작
[2026-04-30 10:25:35,569] [DEBUG] [DBG][22] 6/6 actuator 완료 (0.3ms)
[2026-04-30 10:25:35,608] [DEBUG] [DBG][23] 루프 시작
[2026-04-30 10:25:35,609] [DEBUG] [DBG][23] 1/6 capture 시작
[2026-04-30 10:25:35,623] [DEBUG] [DBG][23] 1/6 capture 완료 (14.0ms)
[2026-04-30 10:25:35,625] [DEBUG] [DBG][23] 2/6 preprocess 시작
[2026-04-30 10:25:35,639] [DEBUG] [DBG][23] 2/6 preprocess 완료 (13.8ms)
[2026-04-30 10:25:35,640] [DEBUG] [DBG][23] 3/6 DPU inference 시작
[2026-04-30 10:25:35,661] [DEBUG] [DBG][23] 3/6 DPU inference 완료 (20.7ms)
[2026-04-30 10:25:35,662] [DEBUG] [DBG][23] 4/6 postprocess 시작
[2026-04-30 10:25:35,670] [DEBUG] [DBG][23] 4/6 postprocess 완료 (8.0ms)
[2026-04-30 10:25:35,672] [DEBUG] [DBG][23] 5/6 control 시작
[2026-04-30 10:25:35,673] [DEBUG] [DBG][23] 5/6 control 완료 (1.1ms)
[2026-04-30 10:25:35,673] [DEBUG] [DBG][23] 6/6 actuator 시작
[2026-04-30 10:25:35,674] [DEBUG] [DBG][23] 6/6 actuator 완료 (0.6ms)
[2026-04-30 10:25:35,708] [DEBUG] [DBG][24] 루프 시작
[2026-04-30 10:25:35,710] [DEBUG] [DBG][24] 1/6 capture 시작
[2026-04-30 10:25:35,723] [DEBUG] [DBG][24] 1/6 capture 완료 (13.2ms)
[2026-04-30 10:25:35,724] [DEBUG] [DBG][24] 2/6 preprocess 시작
[2026-04-30 10:25:35,737] [DEBUG] [DBG][24] 2/6 preprocess 완료 (12.7ms)
[2026-04-30 10:25:35,738] [DEBUG] [DBG][24] 3/6 DPU inference 시작
[2026-04-30 10:25:35,755] [DEBUG] [DBG][24] 3/6 DPU inference 완료 (16.8ms)
[2026-04-30 10:25:35,757] [DEBUG] [DBG][24] 4/6 postprocess 시작
[2026-04-30 10:25:35,768] [DEBUG] [DBG][24] 4/6 postprocess 완료 (11.1ms)
[2026-04-30 10:25:35,769] [DEBUG] [DBG][24] 5/6 control 시작
[2026-04-30 10:25:35,770] [DEBUG] [DBG][24] 5/6 control 완료 (0.5ms)
[2026-04-30 10:25:35,770] [DEBUG] [DBG][24] 6/6 actuator 시작
[2026-04-30 10:25:35,770] [DEBUG] [DBG][24] 6/6 actuator 완료 (0.3ms)
[2026-04-30 10:25:35,809] [DEBUG] [DBG][25] 루프 시작
[2026-04-30 10:25:35,809] [DEBUG] [DBG][25] 1/6 capture 시작
[2026-04-30 10:25:35,825] [DEBUG] [DBG][25] 1/6 capture 완료 (14.9ms)
[2026-04-30 10:25:35,826] [DEBUG] [DBG][25] 2/6 preprocess 시작
[2026-04-30 10:25:35,842] [DEBUG] [DBG][25] 2/6 preprocess 완료 (15.3ms)
[2026-04-30 10:25:35,843] [DEBUG] [DBG][25] 3/6 DPU inference 시작
[2026-04-30 10:25:35,923] [DEBUG] [DBG][25] 3/6 DPU inference 완료 (79.6ms)
[2026-04-30 10:25:35,924] [DEBUG] [DBG][25] 4/6 postprocess 시작
[2026-04-30 10:25:35,937] [DEBUG] [DBG][25] 4/6 postprocess 완료 (12.7ms)
[2026-04-30 10:25:35,939] [DEBUG] [DBG][25] 5/6 control 시작
[2026-04-30 10:25:35,939] [DEBUG] [DBG][25] 5/6 control 완료 (0.7ms)
[2026-04-30 10:25:35,940] [DEBUG] [DBG][25] 6/6 actuator 시작
[2026-04-30 10:25:35,941] [DEBUG] [DBG][25] 6/6 actuator 완료 (0.5ms)
[2026-04-30 10:25:36,401] [DEBUG] [DBG][26] 루프 시작
[2026-04-30 10:25:36,401] [DEBUG] [DBG][26] 1/6 capture 시작
[2026-04-30 10:25:36,415] [DEBUG] [DBG][26] 1/6 capture 완료 (13.2ms)
[2026-04-30 10:25:36,416] [DEBUG] [DBG][26] 2/6 preprocess 시작
[2026-04-30 10:25:36,428] [DEBUG] [DBG][26] 2/6 preprocess 완료 (12.7ms)
[2026-04-30 10:25:36,429] [DEBUG] [DBG][26] 3/6 DPU inference 시작
[2026-04-30 10:25:36,445] [DEBUG] [DBG][26] 3/6 DPU inference 완료 (16.0ms)
[2026-04-30 10:25:36,446] [DEBUG] [DBG][26] 4/6 postprocess 시작
[2026-04-30 10:25:36,454] [DEBUG] [DBG][26] 4/6 postprocess 완료 (7.9ms)
[2026-04-30 10:25:36,455] [DEBUG] [DBG][26] 5/6 control 시작
[2026-04-30 10:25:36,456] [DEBUG] [DBG][26] 5/6 control 완료 (0.6ms)
[2026-04-30 10:25:36,456] [DEBUG] [DBG][26] 6/6 actuator 시작
[2026-04-30 10:25:36,457] [DEBUG] [DBG][26] 6/6 actuator 완료 (0.4ms)
[2026-04-30 10:25:36,501] [DEBUG] [DBG][27] 루프 시작
[2026-04-30 10:25:36,502] [DEBUG] [DBG][27] 1/6 capture 시작
[2026-04-30 10:25:36,515] [DEBUG] [DBG][27] 1/6 capture 완료 (13.4ms)
[2026-04-30 10:25:36,516] [DEBUG] [DBG][27] 2/6 preprocess 시작
[2026-04-30 10:25:36,529] [DEBUG] [DBG][27] 2/6 preprocess 완료 (12.8ms)
[2026-04-30 10:25:36,530] [DEBUG] [DBG][27] 3/6 DPU inference 시작
[2026-04-30 10:25:36,546] [DEBUG] [DBG][27] 3/6 DPU inference 완료 (15.9ms)
[2026-04-30 10:25:36,547] [DEBUG] [DBG][27] 4/6 postprocess 시작
[2026-04-30 10:25:36,555] [DEBUG] [DBG][27] 4/6 postprocess 완료 (8.1ms)
[2026-04-30 10:25:36,556] [DEBUG] [DBG][27] 5/6 control 시작
[2026-04-30 10:25:36,557] [DEBUG] [DBG][27] 5/6 control 완료 (0.6ms)
[2026-04-30 10:25:36,557] [DEBUG] [DBG][27] 6/6 actuator 시작
[2026-04-30 10:25:36,558] [DEBUG] [DBG][27] 6/6 actuator 완료 (0.4ms)
[2026-04-30 10:25:36,601] [DEBUG] [DBG][28] 루프 시작
[2026-04-30 10:25:36,602] [DEBUG] [DBG][28] 1/6 capture 시작
[2026-04-30 10:25:36,615] [DEBUG] [DBG][28] 1/6 capture 완료 (13.0ms)
[2026-04-30 10:25:36,616] [DEBUG] [DBG][28] 2/6 preprocess 시작
[2026-04-30 10:25:36,629] [DEBUG] [DBG][28] 2/6 preprocess 완료 (13.1ms)
[2026-04-30 10:25:36,630] [DEBUG] [DBG][28] 3/6 DPU inference 시작
[2026-04-30 10:25:36,648] [DEBUG] [DBG][28] 3/6 DPU inference 완료 (17.2ms)
[2026-04-30 10:25:36,649] [DEBUG] [DBG][28] 4/6 postprocess 시작
[2026-04-30 10:25:36,656] [DEBUG] [DBG][28] 4/6 postprocess 완료 (7.4ms)
[2026-04-30 10:25:36,657] [DEBUG] [DBG][28] 5/6 control 시작
[2026-04-30 10:25:36,657] [DEBUG] [DBG][28] 5/6 control 완료 (0.5ms)
[2026-04-30 10:25:36,658] [DEBUG] [DBG][28] 6/6 actuator 시작
[2026-04-30 10:25:36,658] [DEBUG] [DBG][28] 6/6 actuator 완료 (0.4ms)
[2026-04-30 10:25:36,701] [DEBUG] [DBG][29] 루프 시작
[2026-04-30 10:25:36,702] [DEBUG] [DBG][29] 1/6 capture 시작
[2026-04-30 10:25:36,715] [DEBUG] [DBG][29] 1/6 capture 완료 (13.0ms)
[2026-04-30 10:25:36,716] [DEBUG] [DBG][29] 2/6 preprocess 시작
[2026-04-30 10:25:36,729] [DEBUG] [DBG][29] 2/6 preprocess 완료 (12.6ms)
[2026-04-30 10:25:36,730] [DEBUG] [DBG][29] 3/6 DPU inference 시작
[2026-04-30 10:25:36,746] [DEBUG] [DBG][29] 3/6 DPU inference 완료 (16.0ms)
[2026-04-30 10:25:36,747] [DEBUG] [DBG][29] 4/6 postprocess 시작
[2026-04-30 10:25:36,756] [DEBUG] [DBG][29] 4/6 postprocess 완료 (8.5ms)
[2026-04-30 10:25:36,757] [DEBUG] [DBG][29] 5/6 control 시작
[2026-04-30 10:25:36,758] [DEBUG] [DBG][29] 5/6 control 완료 (0.9ms)
[2026-04-30 10:25:36,758] [DEBUG] [DBG][29] 6/6 actuator 시작
[2026-04-30 10:25:36,759] [DEBUG] [DBG][29] 6/6 actuator 완료 (0.5ms)
[2026-04-30 10:25:36,801] [DEBUG] [DBG][30] 루프 시작
[2026-04-30 10:25:36,802] [DEBUG] [DBG][30] 1/6 capture 시작
[2026-04-30 10:25:36,818] [DEBUG] [DBG][30] 1/6 capture 완료 (15.5ms)
[2026-04-30 10:25:36,820] [DEBUG] [DBG][30] 2/6 preprocess 시작
[2026-04-30 10:25:36,836] [DEBUG] [DBG][30] 2/6 preprocess 완료 (15.1ms)
[2026-04-30 10:25:36,837] [DEBUG] [DBG][30] 3/6 DPU inference 시작
[2026-04-30 10:25:36,856] [DEBUG] [DBG][30] 3/6 DPU inference 완료 (18.4ms)
[2026-04-30 10:25:36,858] [DEBUG] [DBG][30] 4/6 postprocess 시작
[2026-04-30 10:25:36,875] [DEBUG] [DBG][30] 4/6 postprocess 완료 (17.1ms)
[2026-04-30 10:25:36,876] [DEBUG] [DBG][30] 5/6 control 시작
[2026-04-30 10:25:36,877] [DEBUG] [DBG][30] 5/6 control 완료 (0.7ms)
[2026-04-30 10:25:36,878] [DEBUG] [DBG][30] 6/6 actuator 시작
[2026-04-30 10:25:36,878] [DEBUG] [DBG][30] 6/6 actuator 완료 (0.5ms)
[2026-04-30 10:25:37,361] [INFO] [0030] cap=15.5ms | pre=15.1ms | inf=18.4ms | post=17.1ms | ctrl=0.7ms | act=0.5ms | total=77.4ms | valid=True | invalid=0 | pixels=39804 | err=-0.334 | steer=-0.134 | speed=0.217 | cur=-0.134 | adc=None
[2026-04-30 10:25:37,818] [INFO] [0030] system: rss=248.3MB | mem_avail=726.7MB | swap_free=511.0MB | load=0.65 0.57 0.52 | temp=hwmon0_temp1_input=55.0C, hwmon1_temp1_input=54.0C, hwmon2_temp1_input=51.3C, hwmon2_temp2_input=52.0C, pl_temp=53.0C, ps_temp=51.4C, remote_temp=51.4C
[2026-04-30 10:25:37,819] [DEBUG] [DBG][31] 루프 시작
[2026-04-30 10:25:37,823] [DEBUG] [DBG][31] 1/6 capture 시작
[2026-04-30 10:25:37,839] [DEBUG] [DBG][31] 1/6 capture 완료 (15.4ms)
[2026-04-30 10:25:37,841] [DEBUG] [DBG][31] 2/6 preprocess 시작
[2026-04-30 10:25:37,856] [DEBUG] [DBG][31] 2/6 preprocess 완료 (14.9ms)
[2026-04-30 10:25:37,858] [DEBUG] [DBG][31] 3/6 DPU inference 시작
[2026-04-30 10:25:37,877] [DEBUG] [DBG][31] 3/6 DPU inference 완료 (20.0ms)
[2026-04-30 10:25:37,879] [DEBUG] [DBG][31] 4/6 postprocess 시작
[2026-04-30 10:25:37,890] [DEBUG] [DBG][31] 4/6 postprocess 완료 (11.3ms)
[2026-04-30 10:25:37,891] [DEBUG] [DBG][31] 5/6 control 시작
[2026-04-30 10:25:37,893] [DEBUG] [DBG][31] 5/6 control 완료 (1.1ms)
[2026-04-30 10:25:37,894] [DEBUG] [DBG][31] 6/6 actuator 시작
[2026-04-30 10:25:37,895] [DEBUG] [DBG][31] 6/6 actuator 완료 (0.8ms)
[2026-04-30 10:25:37,920] [DEBUG] [DBG][32] 루프 시작
[2026-04-30 10:25:37,921] [DEBUG] [DBG][32] 1/6 capture 시작
[2026-04-30 10:25:37,938] [DEBUG] [DBG][32] 1/6 capture 완료 (16.2ms)
[2026-04-30 10:25:37,940] [DEBUG] [DBG][32] 2/6 preprocess 시작
[2026-04-30 10:25:37,956] [DEBUG] [DBG][32] 2/6 preprocess 완료 (16.1ms)
[2026-04-30 10:25:37,957] [DEBUG] [DBG][32] 3/6 DPU inference 시작
[2026-04-30 10:25:37,974] [DEBUG] [DBG][32] 3/6 DPU inference 완료 (16.5ms)
[2026-04-30 10:25:37,975] [DEBUG] [DBG][32] 4/6 postprocess 시작
[2026-04-30 10:25:37,983] [DEBUG] [DBG][32] 4/6 postprocess 완료 (7.9ms)
[2026-04-30 10:25:37,985] [DEBUG] [DBG][32] 5/6 control 시작
[2026-04-30 10:25:37,985] [DEBUG] [DBG][32] 5/6 control 완료 (0.6ms)
[2026-04-30 10:25:37,986] [DEBUG] [DBG][32] 6/6 actuator 시작
[2026-04-30 10:25:37,986] [DEBUG] [DBG][32] 6/6 actuator 완료 (0.4ms)
[2026-04-30 10:25:38,020] [DEBUG] [DBG][33] 루프 시작
[2026-04-30 10:25:38,021] [DEBUG] [DBG][33] 1/6 capture 시작
[2026-04-30 10:25:38,038] [DEBUG] [DBG][33] 1/6 capture 완료 (16.2ms)
[2026-04-30 10:25:38,039] [DEBUG] [DBG][33] 2/6 preprocess 시작
[2026-04-30 10:25:38,053] [DEBUG] [DBG][33] 2/6 preprocess 완료 (13.9ms)
[2026-04-30 10:25:38,054] [DEBUG] [DBG][33] 3/6 DPU inference 시작
[2026-04-30 10:25:38,071] [DEBUG] [DBG][33] 3/6 DPU inference 완료 (16.4ms)
[2026-04-30 10:25:38,072] [DEBUG] [DBG][33] 4/6 postprocess 시작
[2026-04-30 10:25:38,082] [DEBUG] [DBG][33] 4/6 postprocess 완료 (10.5ms)
[2026-04-30 10:25:38,083] [DEBUG] [DBG][33] 5/6 control 시작
[2026-04-30 10:25:38,084] [DEBUG] [DBG][33] 5/6 control 완료 (0.5ms)
[2026-04-30 10:25:38,084] [DEBUG] [DBG][33] 6/6 actuator 시작
[2026-04-30 10:25:38,084] [DEBUG] [DBG][33] 6/6 actuator 완료 (0.3ms)
[2026-04-30 10:25:38,120] [DEBUG] [DBG][34] 루프 시작
[2026-04-30 10:25:38,121] [DEBUG] [DBG][34] 1/6 capture 시작
[2026-04-30 10:25:38,135] [DEBUG] [DBG][34] 1/6 capture 완료 (13.9ms)
[2026-04-30 10:25:38,136] [DEBUG] [DBG][34] 2/6 preprocess 시작
[2026-04-30 10:25:38,149] [DEBUG] [DBG][34] 2/6 preprocess 완료 (12.8ms)
[2026-04-30 10:25:38,150] [DEBUG] [DBG][34] 3/6 DPU inference 시작
[2026-04-30 10:25:38,167] [DEBUG] [DBG][34] 3/6 DPU inference 완료 (16.5ms)
[2026-04-30 10:25:38,168] [DEBUG] [DBG][34] 4/6 postprocess 시작
[2026-04-30 10:25:38,177] [DEBUG] [DBG][34] 4/6 postprocess 완료 (8.6ms)
[2026-04-30 10:25:38,178] [DEBUG] [DBG][34] 5/6 control 시작
[2026-04-30 10:25:38,178] [DEBUG] [DBG][34] 5/6 control 완료 (0.5ms)
[2026-04-30 10:25:38,179] [DEBUG] [DBG][34] 6/6 actuator 시작
[2026-04-30 10:25:38,179] [DEBUG] [DBG][34] 6/6 actuator 완료 (0.3ms)
[2026-04-30 10:25:38,220] [DEBUG] [DBG][35] 루프 시작
[2026-04-30 10:25:38,221] [DEBUG] [DBG][35] 1/6 capture 시작
[2026-04-30 10:25:38,238] [DEBUG] [DBG][35] 1/6 capture 완료 (16.4ms)
[2026-04-30 10:25:38,239] [DEBUG] [DBG][35] 2/6 preprocess 시작
[2026-04-30 10:25:38,255] [DEBUG] [DBG][35] 2/6 preprocess 완료 (15.4ms)
[2026-04-30 10:25:38,256] [DEBUG] [DBG][35] 3/6 DPU inference 시작
[2026-04-30 10:25:38,272] [DEBUG] [DBG][35] 3/6 DPU inference 완료 (16.3ms)
[2026-04-30 10:25:38,274] [DEBUG] [DBG][35] 4/6 postprocess 시작
[2026-04-30 10:25:38,292] [DEBUG] [DBG][35] 4/6 postprocess 완료 (18.0ms)
[2026-04-30 10:25:38,296] [DEBUG] [DBG][35] 5/6 control 시작
[2026-04-30 10:25:38,298] [DEBUG] [DBG][35] 5/6 control 완료 (1.8ms)
[2026-04-30 10:25:38,299] [DEBUG] [DBG][35] 6/6 actuator 시작
[2026-04-30 10:25:38,300] [DEBUG] [DBG][35] 6/6 actuator 완료 (1.1ms)
[2026-04-30 10:25:38,811] [DEBUG] [DBG][36] 루프 시작
[2026-04-30 10:25:38,812] [DEBUG] [DBG][36] 1/6 capture 시작
[2026-04-30 10:25:38,826] [DEBUG] [DBG][36] 1/6 capture 완료 (14.0ms)
[2026-04-30 10:25:38,828] [DEBUG] [DBG][36] 2/6 preprocess 시작
[2026-04-30 10:25:38,842] [DEBUG] [DBG][36] 2/6 preprocess 완료 (14.7ms)
[2026-04-30 10:25:38,844] [DEBUG] [DBG][36] 3/6 DPU inference 시작
[2026-04-30 10:25:38,864] [DEBUG] [DBG][36] 3/6 DPU inference 완료 (19.6ms)
[2026-04-30 10:25:38,864] [DEBUG] [DBG][36] 4/6 postprocess 시작
[2026-04-30 10:25:38,882] [DEBUG] [DBG][36] 4/6 postprocess 완료 (17.3ms)
[2026-04-30 10:25:38,883] [DEBUG] [DBG][36] 5/6 control 시작
[2026-04-30 10:25:38,883] [DEBUG] [DBG][36] 5/6 control 완료 (0.5ms)
[2026-04-30 10:25:38,884] [DEBUG] [DBG][36] 6/6 actuator 시작
[2026-04-30 10:25:38,884] [DEBUG] [DBG][36] 6/6 actuator 완료 (0.4ms)
[2026-04-30 10:25:38,911] [DEBUG] [DBG][37] 루프 시작
[2026-04-30 10:25:38,912] [DEBUG] [DBG][37] 1/6 capture 시작
[2026-04-30 10:25:38,926] [DEBUG] [DBG][37] 1/6 capture 완료 (13.8ms)
[2026-04-30 10:25:38,928] [DEBUG] [DBG][37] 2/6 preprocess 시작
[2026-04-30 10:25:38,945] [DEBUG] [DBG][37] 2/6 preprocess 완료 (17.1ms)
[2026-04-30 10:25:38,947] [DEBUG] [DBG][37] 3/6 DPU inference 시작
[2026-04-30 10:25:38,964] [DEBUG] [DBG][37] 3/6 DPU inference 완료 (17.5ms)
[2026-04-30 10:25:38,965] [DEBUG] [DBG][37] 4/6 postprocess 시작
[2026-04-30 10:25:38,977] [DEBUG] [DBG][37] 4/6 postprocess 완료 (11.4ms)
[2026-04-30 10:25:38,978] [DEBUG] [DBG][37] 5/6 control 시작
[2026-04-30 10:25:38,980] [DEBUG] [DBG][37] 5/6 control 완료 (2.2ms)
[2026-04-30 10:25:38,982] [DEBUG] [DBG][37] 6/6 actuator 시작
[2026-04-30 10:25:38,982] [DEBUG] [DBG][37] 6/6 actuator 완료 (0.6ms)
[2026-04-30 10:25:39,011] [DEBUG] [DBG][38] 루프 시작
[2026-04-30 10:25:39,012] [DEBUG] [DBG][38] 1/6 capture 시작
[2026-04-30 10:25:39,027] [DEBUG] [DBG][38] 1/6 capture 완료 (14.4ms)
[2026-04-30 10:25:39,028] [DEBUG] [DBG][38] 2/6 preprocess 시작
[2026-04-30 10:25:39,042] [DEBUG] [DBG][38] 2/6 preprocess 완료 (14.0ms)
[2026-04-30 10:25:39,043] [DEBUG] [DBG][38] 3/6 DPU inference 시작
[2026-04-30 10:25:39,059] [DEBUG] [DBG][38] 3/6 DPU inference 완료 (16.0ms)
[2026-04-30 10:25:39,060] [DEBUG] [DBG][38] 4/6 postprocess 시작
[2026-04-30 10:25:39,069] [DEBUG] [DBG][38] 4/6 postprocess 완료 (9.3ms)
[2026-04-30 10:25:39,070] [DEBUG] [DBG][38] 5/6 control 시작
[2026-04-30 10:25:39,071] [DEBUG] [DBG][38] 5/6 control 완료 (0.6ms)
[2026-04-30 10:25:39,071] [DEBUG] [DBG][38] 6/6 actuator 시작
[2026-04-30 10:25:39,072] [DEBUG] [DBG][38] 6/6 actuator 완료 (0.5ms)
[2026-04-30 10:25:39,111] [DEBUG] [DBG][39] 루프 시작
[2026-04-30 10:25:39,112] [DEBUG] [DBG][39] 1/6 capture 시작
[2026-04-30 10:25:39,127] [DEBUG] [DBG][39] 1/6 capture 완료 (14.2ms)
[2026-04-30 10:25:39,128] [DEBUG] [DBG][39] 2/6 preprocess 시작
[2026-04-30 10:25:39,141] [DEBUG] [DBG][39] 2/6 preprocess 완료 (13.7ms)
[2026-04-30 10:25:39,142] [DEBUG] [DBG][39] 3/6 DPU inference 시작
[2026-04-30 10:25:39,161] [DEBUG] [DBG][39] 3/6 DPU inference 완료 (18.3ms)
[2026-04-30 10:25:39,162] [DEBUG] [DBG][39] 4/6 postprocess 시작
[2026-04-30 10:25:39,172] [DEBUG] [DBG][39] 4/6 postprocess 완료 (10.3ms)
[2026-04-30 10:25:39,173] [DEBUG] [DBG][39] 5/6 control 시작
[2026-04-30 10:25:39,174] [DEBUG] [DBG][39] 5/6 control 완료 (0.5ms)
[2026-04-30 10:25:39,174] [DEBUG] [DBG][39] 6/6 actuator 시작
[2026-04-30 10:25:39,174] [DEBUG] [DBG][39] 6/6 actuator 완료 (0.3ms)
[2026-04-30 10:25:39,212] [DEBUG] [DBG][40] 루프 시작
[2026-04-30 10:25:39,212] [DEBUG] [DBG][40] 1/6 capture 시작
[2026-04-30 10:25:39,227] [DEBUG] [DBG][40] 1/6 capture 완료 (14.6ms)
[2026-04-30 10:25:39,228] [DEBUG] [DBG][40] 2/6 preprocess 시작
[2026-04-30 10:25:39,242] [DEBUG] [DBG][40] 2/6 preprocess 완료 (13.6ms)
[2026-04-30 10:25:39,243] [DEBUG] [DBG][40] 3/6 DPU inference 시작
[2026-04-30 10:25:39,259] [DEBUG] [DBG][40] 3/6 DPU inference 완료 (16.0ms)
[2026-04-30 10:25:39,260] [DEBUG] [DBG][40] 4/6 postprocess 시작
[2026-04-30 10:25:39,269] [DEBUG] [DBG][40] 4/6 postprocess 완료 (9.4ms)
[2026-04-30 10:25:39,270] [DEBUG] [DBG][40] 5/6 control 시작
[2026-04-30 10:25:39,271] [DEBUG] [DBG][40] 5/6 control 완료 (0.4ms)
[2026-04-30 10:25:39,271] [DEBUG] [DBG][40] 6/6 actuator 시작
[2026-04-30 10:25:39,272] [DEBUG] [DBG][40] 6/6 actuator 완료 (0.5ms)
[2026-04-30 10:25:39,731] [INFO] [0040] cap=14.6ms | pre=13.6ms | inf=16.0ms | post=9.4ms | ctrl=0.4ms | act=0.5ms | total=60.7ms | valid=True | invalid=0 | pixels=41338 | err=-0.334 | steer=-0.134 | speed=0.217 | cur=-0.134 | adc=None
[2026-04-30 10:25:40,169] [INFO] [0040] system: rss=248.3MB | mem_avail=728.5MB | swap_free=510.7MB | load=0.65 0.57 0.52 | temp=hwmon0_temp1_input=55.0C, hwmon1_temp1_input=54.0C, hwmon2_temp1_input=51.7C, hwmon2_temp2_input=52.5C, pl_temp=52.8C, ps_temp=52.3C, remote_temp=52.2C
[2026-04-30 10:25:40,171] [DEBUG] [DBG][41] 루프 시작
[2026-04-30 10:25:40,172] [DEBUG] [DBG][41] 1/6 capture 시작
[2026-04-30 10:25:40,186] [DEBUG] [DBG][41] 1/6 capture 완료 (13.1ms)
[2026-04-30 10:25:40,187] [DEBUG] [DBG][41] 2/6 preprocess 시작
[2026-04-30 10:25:40,200] [DEBUG] [DBG][41] 2/6 preprocess 완료 (13.3ms)
[2026-04-30 10:25:40,202] [DEBUG] [DBG][41] 3/6 DPU inference 시작
[2026-04-30 10:25:40,218] [DEBUG] [DBG][41] 3/6 DPU inference 완료 (16.1ms)
[2026-04-30 10:25:40,219] [DEBUG] [DBG][41] 4/6 postprocess 시작
[2026-04-30 10:25:40,235] [DEBUG] [DBG][41] 4/6 postprocess 완료 (15.5ms)
[2026-04-30 10:25:40,236] [DEBUG] [DBG][41] 5/6 control 시작
[2026-04-30 10:25:40,236] [DEBUG] [DBG][41] 5/6 control 완료 (0.6ms)
[2026-04-30 10:25:40,236] [DEBUG] [DBG][41] 6/6 actuator 시작
[2026-04-30 10:25:40,237] [DEBUG] [DBG][41] 6/6 actuator 완료 (0.3ms)
[2026-04-30 10:25:40,271] [DEBUG] [DBG][42] 루프 시작
[2026-04-30 10:25:40,272] [DEBUG] [DBG][42] 1/6 capture 시작
[2026-04-30 10:25:40,286] [DEBUG] [DBG][42] 1/6 capture 완료 (13.0ms)
[2026-04-30 10:25:40,286] [DEBUG] [DBG][42] 2/6 preprocess 시작
[2026-04-30 10:25:40,300] [DEBUG] [DBG][42] 2/6 preprocess 완료 (13.0ms)
[2026-04-30 10:25:40,301] [DEBUG] [DBG][42] 3/6 DPU inference 시작
[2026-04-30 10:25:40,317] [DEBUG] [DBG][42] 3/6 DPU inference 완료 (16.0ms)
[2026-04-30 10:25:40,318] [DEBUG] [DBG][42] 4/6 postprocess 시작
[2026-04-30 10:25:40,332] [DEBUG] [DBG][42] 4/6 postprocess 완료 (14.0ms)
[2026-04-30 10:25:40,333] [DEBUG] [DBG][42] 5/6 control 시작
[2026-04-30 10:25:40,333] [DEBUG] [DBG][42] 5/6 control 완료 (0.5ms)
[2026-04-30 10:25:40,333] [DEBUG] [DBG][42] 6/6 actuator 시작
[2026-04-30 10:25:40,334] [DEBUG] [DBG][42] 6/6 actuator 완료 (0.3ms)
[2026-04-30 10:25:40,372] [DEBUG] [DBG][43] 루프 시작
[2026-04-30 10:25:40,373] [DEBUG] [DBG][43] 1/6 capture 시작
[2026-04-30 10:25:40,386] [DEBUG] [DBG][43] 1/6 capture 완료 (13.0ms)
[2026-04-30 10:25:40,387] [DEBUG] [DBG][43] 2/6 preprocess 시작
[2026-04-30 10:25:40,399] [DEBUG] [DBG][43] 2/6 preprocess 완료 (12.3ms)
[2026-04-30 10:25:40,400] [DEBUG] [DBG][43] 3/6 DPU inference 시작
[2026-04-30 10:25:40,419] [DEBUG] [DBG][43] 3/6 DPU inference 완료 (19.3ms)
[2026-04-30 10:25:40,421] [DEBUG] [DBG][43] 4/6 postprocess 시작
[2026-04-30 10:25:40,428] [DEBUG] [DBG][43] 4/6 postprocess 완료 (7.6ms)
[2026-04-30 10:25:40,429] [DEBUG] [DBG][43] 5/6 control 시작
[2026-04-30 10:25:40,430] [DEBUG] [DBG][43] 5/6 control 완료 (0.5ms)
[2026-04-30 10:25:40,430] [DEBUG] [DBG][43] 6/6 actuator 시작
[2026-04-30 10:25:40,431] [DEBUG] [DBG][43] 6/6 actuator 완료 (0.4ms)
[2026-04-30 10:25:40,472] [DEBUG] [DBG][44] 루프 시작
[2026-04-30 10:25:40,473] [DEBUG] [DBG][44] 1/6 capture 시작
[2026-04-30 10:25:40,486] [DEBUG] [DBG][44] 1/6 capture 완료 (13.1ms)
[2026-04-30 10:25:40,487] [DEBUG] [DBG][44] 2/6 preprocess 시작
[2026-04-30 10:25:40,500] [DEBUG] [DBG][44] 2/6 preprocess 완료 (12.6ms)
[2026-04-30 10:25:40,500] [DEBUG] [DBG][44] 3/6 DPU inference 시작
[2026-04-30 10:25:40,521] [DEBUG] [DBG][44] 3/6 DPU inference 완료 (20.0ms)
[2026-04-30 10:25:40,522] [DEBUG] [DBG][44] 4/6 postprocess 시작
[2026-04-30 10:25:40,530] [DEBUG] [DBG][44] 4/6 postprocess 완료 (8.2ms)
[2026-04-30 10:25:40,531] [DEBUG] [DBG][44] 5/6 control 시작
[2026-04-30 10:25:40,532] [DEBUG] [DBG][44] 5/6 control 완료 (1.1ms)
[2026-04-30 10:25:40,533] [DEBUG] [DBG][44] 6/6 actuator 시작
[2026-04-30 10:25:40,533] [DEBUG] [DBG][44] 6/6 actuator 완료 (0.4ms)
[2026-04-30 10:25:40,572] [DEBUG] [DBG][45] 루프 시작
[2026-04-30 10:25:40,573] [DEBUG] [DBG][45] 1/6 capture 시작
[2026-04-30 10:25:40,586] [DEBUG] [DBG][45] 1/6 capture 완료 (13.3ms)
[2026-04-30 10:25:40,587] [DEBUG] [DBG][45] 2/6 preprocess 시작
[2026-04-30 10:25:40,600] [DEBUG] [DBG][45] 2/6 preprocess 완료 (12.9ms)
[2026-04-30 10:25:40,601] [DEBUG] [DBG][45] 3/6 DPU inference 시작
[2026-04-30 10:25:40,617] [DEBUG] [DBG][45] 3/6 DPU inference 완료 (15.9ms)
[2026-04-30 10:25:40,618] [DEBUG] [DBG][45] 4/6 postprocess 시작
[2026-04-30 10:25:40,625] [DEBUG] [DBG][45] 4/6 postprocess 완료 (7.4ms)
[2026-04-30 10:25:40,627] [DEBUG] [DBG][45] 5/6 control 시작
[2026-04-30 10:25:40,627] [DEBUG] [DBG][45] 5/6 control 완료 (1.0ms)
[2026-04-30 10:25:40,628] [DEBUG] [DBG][45] 6/6 actuator 시작
[2026-04-30 10:25:40,628] [DEBUG] [DBG][45] 6/6 actuator 완료 (0.4ms)
[2026-04-30 10:25:41,088] [DEBUG] [DBG][46] 루프 시작
[2026-04-30 10:25:41,089] [DEBUG] [DBG][46] 1/6 capture 시작
[2026-04-30 10:25:41,103] [DEBUG] [DBG][46] 1/6 capture 완료 (13.7ms)
[2026-04-30 10:25:41,104] [DEBUG] [DBG][46] 2/6 preprocess 시작
[2026-04-30 10:25:41,118] [DEBUG] [DBG][46] 2/6 preprocess 완료 (13.7ms)
[2026-04-30 10:25:41,119] [DEBUG] [DBG][46] 3/6 DPU inference 시작
[2026-04-30 10:25:41,135] [DEBUG] [DBG][46] 3/6 DPU inference 완료 (16.4ms)
[2026-04-30 10:25:41,136] [DEBUG] [DBG][46] 4/6 postprocess 시작
[2026-04-30 10:25:41,144] [DEBUG] [DBG][46] 4/6 postprocess 완료 (7.6ms)
[2026-04-30 10:25:41,145] [DEBUG] [DBG][46] 5/6 control 시작
[2026-04-30 10:25:41,146] [DEBUG] [DBG][46] 5/6 control 완료 (0.5ms)
[2026-04-30 10:25:41,146] [DEBUG] [DBG][46] 6/6 actuator 시작
[2026-04-30 10:25:41,147] [DEBUG] [DBG][46] 6/6 actuator 완료 (0.3ms)
[2026-04-30 10:25:41,189] [DEBUG] [DBG][47] 루프 시작
[2026-04-30 10:25:41,190] [DEBUG] [DBG][47] 1/6 capture 시작
[2026-04-30 10:25:41,203] [DEBUG] [DBG][47] 1/6 capture 완료 (13.6ms)
[2026-04-30 10:25:41,204] [DEBUG] [DBG][47] 2/6 preprocess 시작
[2026-04-30 10:25:41,218] [DEBUG] [DBG][47] 2/6 preprocess 완료 (13.7ms)
[2026-04-30 10:25:41,219] [DEBUG] [DBG][47] 3/6 DPU inference 시작
[2026-04-30 10:25:41,235] [DEBUG] [DBG][47] 3/6 DPU inference 완료 (16.1ms)
[2026-04-30 10:25:41,236] [DEBUG] [DBG][47] 4/6 postprocess 시작
[2026-04-30 10:25:41,244] [DEBUG] [DBG][47] 4/6 postprocess 완료 (8.1ms)
[2026-04-30 10:25:41,245] [DEBUG] [DBG][47] 5/6 control 시작
[2026-04-30 10:25:41,246] [DEBUG] [DBG][47] 5/6 control 완료 (0.9ms)
[2026-04-30 10:25:41,247] [DEBUG] [DBG][47] 6/6 actuator 시작
[2026-04-30 10:25:41,247] [DEBUG] [DBG][47] 6/6 actuator 완료 (0.4ms)
[2026-04-30 10:25:41,289] [DEBUG] [DBG][48] 루프 시작
[2026-04-30 10:25:41,290] [DEBUG] [DBG][48] 1/6 capture 시작
[2026-04-30 10:25:41,304] [DEBUG] [DBG][48] 1/6 capture 완료 (14.3ms)
[2026-04-30 10:25:41,305] [DEBUG] [DBG][48] 2/6 preprocess 시작
[2026-04-30 10:25:41,318] [DEBUG] [DBG][48] 2/6 preprocess 완료 (13.1ms)
[2026-04-30 10:25:41,319] [DEBUG] [DBG][48] 3/6 DPU inference 시작
[2026-04-30 10:25:41,335] [DEBUG] [DBG][48] 3/6 DPU inference 완료 (16.1ms)
[2026-04-30 10:25:41,336] [DEBUG] [DBG][48] 4/6 postprocess 시작
[2026-04-30 10:25:41,345] [DEBUG] [DBG][48] 4/6 postprocess 완료 (8.2ms)
[2026-04-30 10:25:41,346] [DEBUG] [DBG][48] 5/6 control 시작
[2026-04-30 10:25:41,347] [DEBUG] [DBG][48] 5/6 control 완료 (0.6ms)
[2026-04-30 10:25:41,347] [DEBUG] [DBG][48] 6/6 actuator 시작
[2026-04-30 10:25:41,347] [DEBUG] [DBG][48] 6/6 actuator 완료 (0.3ms)
[2026-04-30 10:25:41,389] [DEBUG] [DBG][49] 루프 시작
[2026-04-30 10:25:41,390] [DEBUG] [DBG][49] 1/6 capture 시작
[2026-04-30 10:25:41,404] [DEBUG] [DBG][49] 1/6 capture 완료 (13.9ms)
[2026-04-30 10:25:41,405] [DEBUG] [DBG][49] 2/6 preprocess 시작
[2026-04-30 10:25:41,418] [DEBUG] [DBG][49] 2/6 preprocess 완료 (12.9ms)
[2026-04-30 10:25:41,419] [DEBUG] [DBG][49] 3/6 DPU inference 시작
[2026-04-30 10:25:41,435] [DEBUG] [DBG][49] 3/6 DPU inference 완료 (16.6ms)
[2026-04-30 10:25:41,436] [DEBUG] [DBG][49] 4/6 postprocess 시작
[2026-04-30 10:25:41,447] [DEBUG] [DBG][49] 4/6 postprocess 완료 (10.2ms)
[2026-04-30 10:25:41,448] [DEBUG] [DBG][49] 5/6 control 시작
[2026-04-30 10:25:41,448] [DEBUG] [DBG][49] 5/6 control 완료 (0.6ms)
[2026-04-30 10:25:41,449] [DEBUG] [DBG][49] 6/6 actuator 시작
[2026-04-30 10:25:41,449] [DEBUG] [DBG][49] 6/6 actuator 완료 (0.4ms)
[2026-04-30 10:25:41,489] [DEBUG] [DBG][50] 루프 시작
[2026-04-30 10:25:41,490] [DEBUG] [DBG][50] 1/6 capture 시작
[2026-04-30 10:25:41,504] [DEBUG] [DBG][50] 1/6 capture 완료 (13.9ms)
[2026-04-30 10:25:41,505] [DEBUG] [DBG][50] 2/6 preprocess 시작
[2026-04-30 10:25:41,519] [DEBUG] [DBG][50] 2/6 preprocess 완료 (13.8ms)
[2026-04-30 10:25:41,520] [DEBUG] [DBG][50] 3/6 DPU inference 시작
[2026-04-30 10:25:41,541] [DEBUG] [DBG][50] 3/6 DPU inference 완료 (20.2ms)
[2026-04-30 10:25:41,542] [DEBUG] [DBG][50] 4/6 postprocess 시작
[2026-04-30 10:25:41,553] [DEBUG] [DBG][50] 4/6 postprocess 완료 (10.8ms)
[2026-04-30 10:25:41,554] [DEBUG] [DBG][50] 5/6 control 시작
[2026-04-30 10:25:41,556] [DEBUG] [DBG][50] 5/6 control 완료 (1.3ms)
[2026-04-30 10:25:41,557] [DEBUG] [DBG][50] 6/6 actuator 시작
[2026-04-30 10:25:41,557] [DEBUG] [DBG][50] 6/6 actuator 완료 (0.6ms)
[2026-04-30 10:25:42,017] [INFO] [0050] cap=13.9ms | pre=13.8ms | inf=20.2ms | post=10.8ms | ctrl=1.3ms | act=0.6ms | total=68.8ms | valid=True | invalid=0 | pixels=41615 | err=-0.294 | steer=-0.117 | speed=0.221 | cur=-0.117 | adc=None
[2026-04-30 10:25:42,459] [INFO] [0050] system: rss=248.3MB | mem_avail=728.6MB | swap_free=510.7MB | load=0.68 0.58 0.53 | temp=hwmon0_temp1_input=55.0C, hwmon1_temp1_input=54.0C, hwmon2_temp1_input=53.5C, hwmon2_temp2_input=51.5C, pl_temp=53.1C, ps_temp=52.0C, remote_temp=52.6C
[2026-04-30 10:25:42,461] [DEBUG] [DBG][51] 루프 시작
[2026-04-30 10:25:42,461] [DEBUG] [DBG][51] 1/6 capture 시작
[2026-04-30 10:25:42,475] [DEBUG] [DBG][51] 1/6 capture 완료 (13.2ms)
[2026-04-30 10:25:42,476] [DEBUG] [DBG][51] 2/6 preprocess 시작
[2026-04-30 10:25:42,489] [DEBUG] [DBG][51] 2/6 preprocess 완료 (12.6ms)
[2026-04-30 10:25:42,490] [DEBUG] [DBG][51] 3/6 DPU inference 시작
[2026-04-30 10:25:42,506] [DEBUG] [DBG][51] 3/6 DPU inference 완료 (15.9ms)
[2026-04-30 10:25:42,507] [DEBUG] [DBG][51] 4/6 postprocess 시작
[2026-04-30 10:25:42,523] [DEBUG] [DBG][51] 4/6 postprocess 완료 (15.1ms)
[2026-04-30 10:25:42,524] [DEBUG] [DBG][51] 5/6 control 시작
[2026-04-30 10:25:42,524] [DEBUG] [DBG][51] 5/6 control 완료 (0.6ms)
[2026-04-30 10:25:42,525] [DEBUG] [DBG][51] 6/6 actuator 시작
[2026-04-30 10:25:42,525] [DEBUG] [DBG][51] 6/6 actuator 완료 (0.7ms)
[2026-04-30 10:25:42,561] [DEBUG] [DBG][52] 루프 시작
[2026-04-30 10:25:42,563] [DEBUG] [DBG][52] 1/6 capture 시작
[2026-04-30 10:25:42,576] [DEBUG] [DBG][52] 1/6 capture 완료 (13.7ms)
[2026-04-30 10:25:42,577] [DEBUG] [DBG][52] 2/6 preprocess 시작
[2026-04-30 10:25:42,591] [DEBUG] [DBG][52] 2/6 preprocess 완료 (13.3ms)
[2026-04-30 10:25:42,592] [DEBUG] [DBG][52] 3/6 DPU inference 시작
[2026-04-30 10:25:42,610] [DEBUG] [DBG][52] 3/6 DPU inference 완료 (17.0ms)
[2026-04-30 10:25:42,611] [DEBUG] [DBG][52] 4/6 postprocess 시작
[2026-04-30 10:25:42,619] [DEBUG] [DBG][52] 4/6 postprocess 완료 (8.0ms)
[2026-04-30 10:25:42,620] [DEBUG] [DBG][52] 5/6 control 시작
[2026-04-30 10:25:42,621] [DEBUG] [DBG][52] 5/6 control 완료 (0.6ms)
[2026-04-30 10:25:42,621] [DEBUG] [DBG][52] 6/6 actuator 시작
[2026-04-30 10:25:42,622] [DEBUG] [DBG][52] 6/6 actuator 완료 (0.4ms)
[2026-04-30 10:25:42,661] [DEBUG] [DBG][53] 루프 시작
[2026-04-30 10:25:42,662] [DEBUG] [DBG][53] 1/6 capture 시작
[2026-04-30 10:25:42,676] [DEBUG] [DBG][53] 1/6 capture 완료 (14.0ms)
[2026-04-30 10:25:42,677] [DEBUG] [DBG][53] 2/6 preprocess 시작
[2026-04-30 10:25:42,691] [DEBUG] [DBG][53] 2/6 preprocess 완료 (13.6ms)
[2026-04-30 10:25:42,693] [DEBUG] [DBG][53] 3/6 DPU inference 시작
[2026-04-30 10:25:42,713] [DEBUG] [DBG][53] 3/6 DPU inference 완료 (19.1ms)
[2026-04-30 10:25:42,714] [DEBUG] [DBG][53] 4/6 postprocess 시작
[2026-04-30 10:25:42,726] [DEBUG] [DBG][53] 4/6 postprocess 완료 (12.1ms)
[2026-04-30 10:25:42,727] [DEBUG] [DBG][53] 5/6 control 시작
[2026-04-30 10:25:42,728] [DEBUG] [DBG][53] 5/6 control 완료 (0.6ms)
[2026-04-30 10:25:42,728] [DEBUG] [DBG][53] 6/6 actuator 시작
[2026-04-30 10:25:42,729] [DEBUG] [DBG][53] 6/6 actuator 완료 (0.4ms)
[2026-04-30 10:25:42,761] [DEBUG] [DBG][54] 루프 시작
[2026-04-30 10:25:42,762] [DEBUG] [DBG][54] 1/6 capture 시작
[2026-04-30 10:25:42,777] [DEBUG] [DBG][54] 1/6 capture 완료 (14.0ms)
[2026-04-30 10:25:42,779] [DEBUG] [DBG][54] 2/6 preprocess 시작
[2026-04-30 10:25:42,794] [DEBUG] [DBG][54] 2/6 preprocess 완료 (15.0ms)
[2026-04-30 10:25:42,795] [DEBUG] [DBG][54] 3/6 DPU inference 시작
[2026-04-30 10:25:42,812] [DEBUG] [DBG][54] 3/6 DPU inference 완료 (16.1ms)
[2026-04-30 10:25:42,812] [DEBUG] [DBG][54] 4/6 postprocess 시작
[2026-04-30 10:25:42,822] [DEBUG] [DBG][54] 4/6 postprocess 완료 (9.4ms)
[2026-04-30 10:25:42,823] [DEBUG] [DBG][54] 5/6 control 시작
[2026-04-30 10:25:42,828] [DEBUG] [DBG][54] 5/6 control 완료 (4.7ms)
[2026-04-30 10:25:42,829] [DEBUG] [DBG][54] 6/6 actuator 시작
[2026-04-30 10:25:42,830] [DEBUG] [DBG][54] 6/6 actuator 완료 (0.9ms)
[2026-04-30 10:25:42,861] [DEBUG] [DBG][55] 루프 시작
[2026-04-30 10:25:42,863] [DEBUG] [DBG][55] 1/6 capture 시작
[2026-04-30 10:25:42,879] [DEBUG] [DBG][55] 1/6 capture 완료 (16.1ms)
[2026-04-30 10:25:42,883] [DEBUG] [DBG][55] 2/6 preprocess 시작
[2026-04-30 10:25:42,901] [DEBUG] [DBG][55] 2/6 preprocess 완료 (18.2ms)
[2026-04-30 10:25:42,902] [DEBUG] [DBG][55] 3/6 DPU inference 시작
[2026-04-30 10:25:42,920] [DEBUG] [DBG][55] 3/6 DPU inference 완료 (18.0ms)
[2026-04-30 10:25:42,921] [DEBUG] [DBG][55] 4/6 postprocess 시작
[2026-04-30 10:25:42,931] [DEBUG] [DBG][55] 4/6 postprocess 완료 (9.6ms)
[2026-04-30 10:25:42,932] [DEBUG] [DBG][55] 5/6 control 시작
[2026-04-30 10:25:42,933] [DEBUG] [DBG][55] 5/6 control 완료 (0.6ms)
[2026-04-30 10:25:42,934] [DEBUG] [DBG][55] 6/6 actuator 시작
[2026-04-30 10:25:42,935] [DEBUG] [DBG][55] 6/6 actuator 완료 (1.0ms)
[2026-04-30 10:25:43,420] [DEBUG] [DBG][56] 루프 시작
[2026-04-30 10:25:43,421] [DEBUG] [DBG][56] 1/6 capture 시작
[2026-04-30 10:25:43,437] [DEBUG] [DBG][56] 1/6 capture 완료 (15.4ms)
[2026-04-30 10:25:43,440] [DEBUG] [DBG][56] 2/6 preprocess 시작
[2026-04-30 10:25:43,456] [DEBUG] [DBG][56] 2/6 preprocess 완료 (15.7ms)
[2026-04-30 10:25:43,457] [DEBUG] [DBG][56] 3/6 DPU inference 시작
[2026-04-30 10:25:43,479] [DEBUG] [DBG][56] 3/6 DPU inference 완료 (22.0ms)
[2026-04-30 10:25:43,482] [DEBUG] [DBG][56] 4/6 postprocess 시작
[2026-04-30 10:25:43,492] [DEBUG] [DBG][56] 4/6 postprocess 완료 (10.6ms)
[2026-04-30 10:25:43,494] [DEBUG] [DBG][56] 5/6 control 시작
[2026-04-30 10:25:43,495] [DEBUG] [DBG][56] 5/6 control 완료 (1.1ms)
[2026-04-30 10:25:43,496] [DEBUG] [DBG][56] 6/6 actuator 시작
[2026-04-30 10:25:43,497] [DEBUG] [DBG][56] 6/6 actuator 완료 (0.7ms)
[2026-04-30 10:25:43,520] [DEBUG] [DBG][57] 루프 시작
[2026-04-30 10:25:43,523] [DEBUG] [DBG][57] 1/6 capture 시작
[2026-04-30 10:25:43,540] [DEBUG] [DBG][57] 1/6 capture 완료 (16.2ms)
[2026-04-30 10:25:43,557] [DEBUG] [DBG][57] 2/6 preprocess 시작
[2026-04-30 10:25:43,571] [DEBUG] [DBG][57] 2/6 preprocess 완료 (15.3ms)
[2026-04-30 10:25:43,573] [DEBUG] [DBG][57] 3/6 DPU inference 시작
[2026-04-30 10:25:43,593] [DEBUG] [DBG][57] 3/6 DPU inference 완료 (20.3ms)
[2026-04-30 10:25:43,595] [DEBUG] [DBG][57] 4/6 postprocess 시작
[2026-04-30 10:25:43,607] [DEBUG] [DBG][57] 4/6 postprocess 완료 (12.3ms)
[2026-04-30 10:25:43,609] [DEBUG] [DBG][57] 5/6 control 시작
[2026-04-30 10:25:43,609] [DEBUG] [DBG][57] 5/6 control 완료 (0.9ms)
[2026-04-30 10:25:43,610] [DEBUG] [DBG][57] 6/6 actuator 시작
[2026-04-30 10:25:43,610] [DEBUG] [DBG][57] 6/6 actuator 완료 (0.5ms)
[2026-04-30 10:25:43,620] [DEBUG] [DBG][58] 루프 시작
[2026-04-30 10:25:43,622] [DEBUG] [DBG][58] 1/6 capture 시작
[2026-04-30 10:25:43,636] [DEBUG] [DBG][58] 1/6 capture 완료 (14.2ms)
[2026-04-30 10:25:43,638] [DEBUG] [DBG][58] 2/6 preprocess 시작
[2026-04-30 10:25:43,652] [DEBUG] [DBG][58] 2/6 preprocess 완료 (14.3ms)
[2026-04-30 10:25:43,654] [DEBUG] [DBG][58] 3/6 DPU inference 시작
[2026-04-30 10:25:43,671] [DEBUG] [DBG][58] 3/6 DPU inference 완료 (16.4ms)
[2026-04-30 10:25:43,672] [DEBUG] [DBG][58] 4/6 postprocess 시작
[2026-04-30 10:25:43,681] [DEBUG] [DBG][58] 4/6 postprocess 완료 (8.7ms)
[2026-04-30 10:25:43,682] [DEBUG] [DBG][58] 5/6 control 시작
[2026-04-30 10:25:43,682] [DEBUG] [DBG][58] 5/6 control 완료 (0.6ms)
[2026-04-30 10:25:43,683] [DEBUG] [DBG][58] 6/6 actuator 시작
[2026-04-30 10:25:43,683] [DEBUG] [DBG][58] 6/6 actuator 완료 (0.4ms)
[2026-04-30 10:25:43,720] [DEBUG] [DBG][59] 루프 시작
[2026-04-30 10:25:43,722] [DEBUG] [DBG][59] 1/6 capture 시작
[2026-04-30 10:25:43,736] [DEBUG] [DBG][59] 1/6 capture 완료 (14.3ms)
[2026-04-30 10:25:43,738] [DEBUG] [DBG][59] 2/6 preprocess 시작
[2026-04-30 10:25:43,750] [DEBUG] [DBG][59] 2/6 preprocess 완료 (12.6ms)
[2026-04-30 10:25:43,752] [DEBUG] [DBG][59] 3/6 DPU inference 시작
[2026-04-30 10:25:43,769] [DEBUG] [DBG][59] 3/6 DPU inference 완료 (16.8ms)
[2026-04-30 10:25:43,770] [DEBUG] [DBG][59] 4/6 postprocess 시작
[2026-04-30 10:25:43,778] [DEBUG] [DBG][59] 4/6 postprocess 완료 (7.6ms)
[2026-04-30 10:25:43,778] [DEBUG] [DBG][59] 5/6 control 시작
[2026-04-30 10:25:43,779] [DEBUG] [DBG][59] 5/6 control 완료 (0.8ms)
[2026-04-30 10:25:43,780] [DEBUG] [DBG][59] 6/6 actuator 시작
[2026-04-30 10:25:43,780] [DEBUG] [DBG][59] 6/6 actuator 완료 (0.4ms)
[2026-04-30 10:25:43,821] [DEBUG] [DBG][60] 루프 시작
[2026-04-30 10:25:43,822] [DEBUG] [DBG][60] 1/6 capture 시작
[2026-04-30 10:25:43,837] [DEBUG] [DBG][60] 1/6 capture 완료 (15.0ms)
[2026-04-30 10:25:43,839] [DEBUG] [DBG][60] 2/6 preprocess 시작
[2026-04-30 10:25:43,853] [DEBUG] [DBG][60] 2/6 preprocess 완료 (13.9ms)
[2026-04-30 10:25:43,854] [DEBUG] [DBG][60] 3/6 DPU inference 시작
[2026-04-30 10:25:43,873] [DEBUG] [DBG][60] 3/6 DPU inference 완료 (18.5ms)
[2026-04-30 10:25:43,874] [DEBUG] [DBG][60] 4/6 postprocess 시작
[2026-04-30 10:25:43,884] [DEBUG] [DBG][60] 4/6 postprocess 완료 (9.6ms)
[2026-04-30 10:25:43,885] [DEBUG] [DBG][60] 5/6 control 시작
[2026-04-30 10:25:43,886] [DEBUG] [DBG][60] 5/6 control 완료 (0.9ms)
[2026-04-30 10:25:43,887] [DEBUG] [DBG][60] 6/6 actuator 시작
[2026-04-30 10:25:43,888] [DEBUG] [DBG][60] 6/6 actuator 완료 (0.9ms)
[2026-04-30 10:25:44,407] [INFO] [0060] cap=15.0ms | pre=13.9ms | inf=18.5ms | post=9.6ms | ctrl=0.8ms | act=0.9ms | total=67.8ms | valid=True | invalid=0 | pixels=39602 | err=-0.338 | steer=-0.135 | speed=0.216 | cur=-0.135 | adc=None
[2026-04-30 10:25:44,903] [INFO] [0060] system: rss=249.5MB | mem_avail=729.2MB | swap_free=510.7MB | load=0.68 0.58 0.53 | temp=hwmon0_temp1_input=55.0C, hwmon1_temp1_input=54.0C, hwmon2_temp1_input=51.5C, hwmon2_temp2_input=52.7C, pl_temp=52.9C, ps_temp=52.2C, remote_temp=52.2C
[2026-04-30 10:25:44,905] [DEBUG] [DBG][61] 루프 시작
[2026-04-30 10:25:44,906] [DEBUG] [DBG][61] 1/6 capture 시작
[2026-04-30 10:25:44,921] [DEBUG] [DBG][61] 1/6 capture 완료 (14.7ms)
[2026-04-30 10:25:44,921] [DEBUG] [DBG][61] 2/6 preprocess 시작
[2026-04-30 10:25:44,934] [DEBUG] [DBG][61] 2/6 preprocess 완료 (12.9ms)
[2026-04-30 10:25:44,935] [DEBUG] [DBG][61] 3/6 DPU inference 시작
[2026-04-30 10:25:44,952] [DEBUG] [DBG][61] 3/6 DPU inference 완료 (16.0ms)
[2026-04-30 10:25:44,953] [DEBUG] [DBG][61] 4/6 postprocess 시작
[2026-04-30 10:25:44,963] [DEBUG] [DBG][61] 4/6 postprocess 완료 (10.8ms)
[2026-04-30 10:25:44,964] [DEBUG] [DBG][61] 5/6 control 시작
[2026-04-30 10:25:44,965] [DEBUG] [DBG][61] 5/6 control 완료 (1.1ms)
[2026-04-30 10:25:44,966] [DEBUG] [DBG][61] 6/6 actuator 시작
[2026-04-30 10:25:44,966] [DEBUG] [DBG][61] 6/6 actuator 완료 (0.4ms)
[2026-04-30 10:25:45,005] [DEBUG] [DBG][62] 루프 시작
[2026-04-30 10:25:45,006] [DEBUG] [DBG][62] 1/6 capture 시작
[2026-04-30 10:25:45,020] [DEBUG] [DBG][62] 1/6 capture 완료 (14.2ms)
[2026-04-30 10:25:45,021] [DEBUG] [DBG][62] 2/6 preprocess 시작
[2026-04-30 10:25:45,036] [DEBUG] [DBG][62] 2/6 preprocess 완료 (14.2ms)
[2026-04-30 10:25:45,037] [DEBUG] [DBG][62] 3/6 DPU inference 시작
[2026-04-30 10:25:45,056] [DEBUG] [DBG][62] 3/6 DPU inference 완료 (18.7ms)
[2026-04-30 10:25:45,057] [DEBUG] [DBG][62] 4/6 postprocess 시작
[2026-04-30 10:25:45,066] [DEBUG] [DBG][62] 4/6 postprocess 완료 (9.5ms)
[2026-04-30 10:25:45,068] [DEBUG] [DBG][62] 5/6 control 시작
[2026-04-30 10:25:45,070] [DEBUG] [DBG][62] 5/6 control 완료 (1.8ms)
[2026-04-30 10:25:45,071] [DEBUG] [DBG][62] 6/6 actuator 시작
[2026-04-30 10:25:45,072] [DEBUG] [DBG][62] 6/6 actuator 완료 (0.9ms)
[2026-04-30 10:25:45,105] [DEBUG] [DBG][63] 루프 시작
[2026-04-30 10:25:45,107] [DEBUG] [DBG][63] 1/6 capture 시작
[2026-04-30 10:25:45,121] [DEBUG] [DBG][63] 1/6 capture 완료 (14.6ms)
[2026-04-30 10:25:45,123] [DEBUG] [DBG][63] 2/6 preprocess 시작
[2026-04-30 10:25:45,136] [DEBUG] [DBG][63] 2/6 preprocess 완료 (13.8ms)
[2026-04-30 10:25:45,138] [DEBUG] [DBG][63] 3/6 DPU inference 시작
[2026-04-30 10:25:45,155] [DEBUG] [DBG][63] 3/6 DPU inference 완료 (17.1ms)
[2026-04-30 10:25:45,156] [DEBUG] [DBG][63] 4/6 postprocess 시작
[2026-04-30 10:25:45,166] [DEBUG] [DBG][63] 4/6 postprocess 완료 (9.6ms)
[2026-04-30 10:25:45,167] [DEBUG] [DBG][63] 5/6 control 시작
[2026-04-30 10:25:45,168] [DEBUG] [DBG][63] 5/6 control 완료 (1.1ms)
[2026-04-30 10:25:45,169] [DEBUG] [DBG][63] 6/6 actuator 시작
[2026-04-30 10:25:45,170] [DEBUG] [DBG][63] 6/6 actuator 완료 (0.6ms)
[2026-04-30 10:25:45,206] [DEBUG] [DBG][64] 루프 시작
[2026-04-30 10:25:45,207] [DEBUG] [DBG][64] 1/6 capture 시작
[2026-04-30 10:25:45,221] [DEBUG] [DBG][64] 1/6 capture 완료 (14.0ms)
[2026-04-30 10:25:45,222] [DEBUG] [DBG][64] 2/6 preprocess 시작
[2026-04-30 10:25:45,236] [DEBUG] [DBG][64] 2/6 preprocess 완료 (13.5ms)
[2026-04-30 10:25:45,237] [DEBUG] [DBG][64] 3/6 DPU inference 시작
[2026-04-30 10:25:45,260] [DEBUG] [DBG][64] 3/6 DPU inference 완료 (22.3ms)
[2026-04-30 10:25:45,261] [DEBUG] [DBG][64] 4/6 postprocess 시작
[2026-04-30 10:25:45,287] [DEBUG] [DBG][64] 4/6 postprocess 완료 (25.7ms)
[2026-04-30 10:25:45,289] [DEBUG] [DBG][64] 5/6 control 시작
[2026-04-30 10:25:45,290] [DEBUG] [DBG][64] 5/6 control 완료 (1.3ms)
[2026-04-30 10:25:45,291] [DEBUG] [DBG][64] 6/6 actuator 시작
[2026-04-30 10:25:45,292] [DEBUG] [DBG][64] 6/6 actuator 완료 (1.2ms)
[2026-04-30 10:25:45,306] [DEBUG] [DBG][65] 루프 시작
[2026-04-30 10:25:45,307] [DEBUG] [DBG][65] 1/6 capture 시작
[2026-04-30 10:25:45,321] [DEBUG] [DBG][65] 1/6 capture 완료 (14.1ms)
[2026-04-30 10:25:45,322] [DEBUG] [DBG][65] 2/6 preprocess 시작
[2026-04-30 10:25:45,335] [DEBUG] [DBG][65] 2/6 preprocess 완료 (12.6ms)
[2026-04-30 10:25:45,336] [DEBUG] [DBG][65] 3/6 DPU inference 시작
[2026-04-30 10:25:45,355] [DEBUG] [DBG][65] 3/6 DPU inference 완료 (19.7ms)
[2026-04-30 10:25:45,358] [DEBUG] [DBG][65] 4/6 postprocess 시작
[2026-04-30 10:25:45,370] [DEBUG] [DBG][65] 4/6 postprocess 완료 (12.6ms)
[2026-04-30 10:25:45,371] [DEBUG] [DBG][65] 5/6 control 시작
[2026-04-30 10:25:45,372] [DEBUG] [DBG][65] 5/6 control 완료 (0.8ms)
[2026-04-30 10:25:45,373] [DEBUG] [DBG][65] 6/6 actuator 시작
[2026-04-30 10:25:45,373] [DEBUG] [DBG][65] 6/6 actuator 완료 (0.5ms)
[2026-04-30 10:25:45,877] [DEBUG] [DBG][66] 루프 시작
[2026-04-30 10:25:45,878] [DEBUG] [DBG][66] 1/6 capture 시작
[2026-04-30 10:25:45,893] [DEBUG] [DBG][66] 1/6 capture 완료 (14.7ms)
[2026-04-30 10:25:45,894] [DEBUG] [DBG][66] 2/6 preprocess 시작
[2026-04-30 10:25:45,907] [DEBUG] [DBG][66] 2/6 preprocess 완료 (13.3ms)
[2026-04-30 10:25:45,909] [DEBUG] [DBG][66] 3/6 DPU inference 시작
[2026-04-30 10:25:45,928] [DEBUG] [DBG][66] 3/6 DPU inference 완료 (18.8ms)
[2026-04-30 10:25:45,930] [DEBUG] [DBG][66] 4/6 postprocess 시작
[2026-04-30 10:25:45,940] [DEBUG] [DBG][66] 4/6 postprocess 완료 (10.1ms)
[2026-04-30 10:25:45,941] [DEBUG] [DBG][66] 5/6 control 시작
[2026-04-30 10:25:45,942] [DEBUG] [DBG][66] 5/6 control 완료 (0.6ms)
[2026-04-30 10:25:45,942] [DEBUG] [DBG][66] 6/6 actuator 시작
[2026-04-30 10:25:45,943] [DEBUG] [DBG][66] 6/6 actuator 완료 (0.4ms)
[2026-04-30 10:25:45,977] [DEBUG] [DBG][67] 루프 시작
[2026-04-30 10:25:45,978] [DEBUG] [DBG][67] 1/6 capture 시작
[2026-04-30 10:25:45,995] [DEBUG] [DBG][67] 1/6 capture 완료 (16.7ms)
[2026-04-30 10:25:45,997] [DEBUG] [DBG][67] 2/6 preprocess 시작
[2026-04-30 10:25:46,011] [DEBUG] [DBG][67] 2/6 preprocess 완료 (14.5ms)
[2026-04-30 10:25:46,013] [DEBUG] [DBG][67] 3/6 DPU inference 시작
[2026-04-30 10:25:46,030] [DEBUG] [DBG][67] 3/6 DPU inference 완료 (17.2ms)
[2026-04-30 10:25:46,032] [DEBUG] [DBG][67] 4/6 postprocess 시작
[2026-04-30 10:25:46,041] [DEBUG] [DBG][67] 4/6 postprocess 완료 (9.9ms)
[2026-04-30 10:25:46,043] [DEBUG] [DBG][67] 5/6 control 시작
[2026-04-30 10:25:46,043] [DEBUG] [DBG][67] 5/6 control 완료 (0.6ms)
[2026-04-30 10:25:46,044] [DEBUG] [DBG][67] 6/6 actuator 시작
[2026-04-30 10:25:46,044] [DEBUG] [DBG][67] 6/6 actuator 완료 (0.5ms)
[2026-04-30 10:25:46,077] [DEBUG] [DBG][68] 루프 시작
[2026-04-30 10:25:46,079] [DEBUG] [DBG][68] 1/6 capture 시작
[2026-04-30 10:25:46,093] [DEBUG] [DBG][68] 1/6 capture 완료 (14.4ms)
[2026-04-30 10:25:46,095] [DEBUG] [DBG][68] 2/6 preprocess 시작
[2026-04-30 10:25:46,110] [DEBUG] [DBG][68] 2/6 preprocess 완료 (15.6ms)
[2026-04-30 10:25:46,111] [DEBUG] [DBG][68] 3/6 DPU inference 시작
[2026-04-30 10:25:46,129] [DEBUG] [DBG][68] 3/6 DPU inference 완료 (17.1ms)
[2026-04-30 10:25:46,130] [DEBUG] [DBG][68] 4/6 postprocess 시작
[2026-04-30 10:25:46,139] [DEBUG] [DBG][68] 4/6 postprocess 완료 (9.0ms)
[2026-04-30 10:25:46,140] [DEBUG] [DBG][68] 5/6 control 시작
[2026-04-30 10:25:46,141] [DEBUG] [DBG][68] 5/6 control 완료 (0.8ms)
[2026-04-30 10:25:46,142] [DEBUG] [DBG][68] 6/6 actuator 시작
[2026-04-30 10:25:46,142] [DEBUG] [DBG][68] 6/6 actuator 완료 (0.5ms)
[2026-04-30 10:25:46,177] [DEBUG] [DBG][69] 루프 시작
[2026-04-30 10:25:46,179] [DEBUG] [DBG][69] 1/6 capture 시작
[2026-04-30 10:25:46,193] [DEBUG] [DBG][69] 1/6 capture 완료 (14.6ms)
[2026-04-30 10:25:46,195] [DEBUG] [DBG][69] 2/6 preprocess 시작
[2026-04-30 10:25:46,210] [DEBUG] [DBG][69] 2/6 preprocess 완료 (15.0ms)
[2026-04-30 10:25:46,211] [DEBUG] [DBG][69] 3/6 DPU inference 시작
[2026-04-30 10:25:46,229] [DEBUG] [DBG][69] 3/6 DPU inference 완료 (17.4ms)
[2026-04-30 10:25:46,230] [DEBUG] [DBG][69] 4/6 postprocess 시작
[2026-04-30 10:25:46,239] [DEBUG] [DBG][69] 4/6 postprocess 완료 (9.0ms)
[2026-04-30 10:25:46,240] [DEBUG] [DBG][69] 5/6 control 시작
[2026-04-30 10:25:46,240] [DEBUG] [DBG][69] 5/6 control 완료 (0.5ms)
[2026-04-30 10:25:46,241] [DEBUG] [DBG][69] 6/6 actuator 시작
[2026-04-30 10:25:46,241] [DEBUG] [DBG][69] 6/6 actuator 완료 (0.3ms)
[2026-04-30 10:25:46,278] [DEBUG] [DBG][70] 루프 시작
[2026-04-30 10:25:46,279] [DEBUG] [DBG][70] 1/6 capture 시작
[2026-04-30 10:25:46,293] [DEBUG] [DBG][70] 1/6 capture 완료 (14.3ms)
[2026-04-30 10:25:46,294] [DEBUG] [DBG][70] 2/6 preprocess 시작
[2026-04-30 10:25:46,309] [DEBUG] [DBG][70] 2/6 preprocess 완료 (14.6ms)
[2026-04-30 10:25:46,310] [DEBUG] [DBG][70] 3/6 DPU inference 시작
[2026-04-30 10:25:46,327] [DEBUG] [DBG][70] 3/6 DPU inference 완료 (17.4ms)
[2026-04-30 10:25:46,328] [DEBUG] [DBG][70] 4/6 postprocess 시작
[2026-04-30 10:25:46,339] [DEBUG] [DBG][70] 4/6 postprocess 완료 (10.6ms)
[2026-04-30 10:25:46,342] [DEBUG] [DBG][70] 5/6 control 시작
[2026-04-30 10:25:46,343] [DEBUG] [DBG][70] 5/6 control 완료 (1.1ms)
[2026-04-30 10:25:46,343] [DEBUG] [DBG][70] 6/6 actuator 시작
[2026-04-30 10:25:46,345] [DEBUG] [DBG][70] 6/6 actuator 완료 (1.8ms)
[2026-04-30 10:25:46,815] [INFO] [0070] cap=14.3ms | pre=14.6ms | inf=17.4ms | post=10.6ms | ctrl=1.1ms | act=1.8ms | total=68.5ms | valid=True | invalid=0 | pixels=41144 | err=-0.325 | steer=-0.130 | speed=0.217 | cur=-0.130 | adc=None
[2026-04-30 10:25:47,294] [INFO] [0070] system: rss=249.6MB | mem_avail=727.6MB | swap_free=510.7MB | load=0.70 0.58 0.53 | temp=hwmon0_temp1_input=55.0C, hwmon1_temp1_input=54.0C, hwmon2_temp1_input=52.5C, hwmon2_temp2_input=51.5C, pl_temp=52.9C, ps_temp=52.5C, remote_temp=53.1C
[2026-04-30 10:25:47,296] [DEBUG] [DBG][71] 루프 시작
[2026-04-30 10:25:47,296] [DEBUG] [DBG][71] 1/6 capture 시작
[2026-04-30 10:25:47,311] [DEBUG] [DBG][71] 1/6 capture 완료 (14.0ms)
[2026-04-30 10:25:47,312] [DEBUG] [DBG][71] 2/6 preprocess 시작
[2026-04-30 10:25:47,327] [DEBUG] [DBG][71] 2/6 preprocess 완료 (14.6ms)
[2026-04-30 10:25:47,329] [DEBUG] [DBG][71] 3/6 DPU inference 시작
[2026-04-30 10:25:47,346] [DEBUG] [DBG][71] 3/6 DPU inference 완료 (16.7ms)
[2026-04-30 10:25:47,347] [DEBUG] [DBG][71] 4/6 postprocess 시작
[2026-04-30 10:25:47,364] [DEBUG] [DBG][71] 4/6 postprocess 완료 (16.7ms)
[2026-04-30 10:25:47,366] [DEBUG] [DBG][71] 5/6 control 시작
[2026-04-30 10:25:47,368] [DEBUG] [DBG][71] 5/6 control 완료 (2.1ms)
[2026-04-30 10:25:47,371] [DEBUG] [DBG][71] 6/6 actuator 시작
[2026-04-30 10:25:47,373] [DEBUG] [DBG][71] 6/6 actuator 완료 (2.1ms)
[2026-04-30 10:25:47,396] [DEBUG] [DBG][72] 루프 시작
[2026-04-30 10:25:47,397] [DEBUG] [DBG][72] 1/6 capture 시작
[2026-04-30 10:25:47,411] [DEBUG] [DBG][72] 1/6 capture 완료 (13.6ms)
[2026-04-30 10:25:47,412] [DEBUG] [DBG][72] 2/6 preprocess 시작
[2026-04-30 10:25:47,425] [DEBUG] [DBG][72] 2/6 preprocess 완료 (12.9ms)
[2026-04-30 10:25:47,426] [DEBUG] [DBG][72] 3/6 DPU inference 시작
[2026-04-30 10:25:47,448] [DEBUG] [DBG][72] 3/6 DPU inference 완료 (21.7ms)
[2026-04-30 10:25:47,449] [DEBUG] [DBG][72] 4/6 postprocess 시작
[2026-04-30 10:25:47,458] [DEBUG] [DBG][72] 4/6 postprocess 완료 (9.0ms)
[2026-04-30 10:25:47,459] [DEBUG] [DBG][72] 5/6 control 시작
[2026-04-30 10:25:47,460] [DEBUG] [DBG][72] 5/6 control 완료 (1.0ms)
[2026-04-30 10:25:47,461] [DEBUG] [DBG][72] 6/6 actuator 시작
[2026-04-30 10:25:47,462] [DEBUG] [DBG][72] 6/6 actuator 완료 (0.7ms)
[2026-04-30 10:25:47,496] [DEBUG] [DBG][73] 루프 시작
[2026-04-30 10:25:47,497] [DEBUG] [DBG][73] 1/6 capture 시작
[2026-04-30 10:25:47,513] [DEBUG] [DBG][73] 1/6 capture 완료 (15.7ms)
[2026-04-30 10:25:47,517] [DEBUG] [DBG][73] 2/6 preprocess 시작
[2026-04-30 10:25:47,531] [DEBUG] [DBG][73] 2/6 preprocess 완료 (13.7ms)
[2026-04-30 10:25:47,532] [DEBUG] [DBG][73] 3/6 DPU inference 시작
[2026-04-30 10:25:47,549] [DEBUG] [DBG][73] 3/6 DPU inference 완료 (16.7ms)
[2026-04-30 10:25:47,549] [DEBUG] [DBG][73] 4/6 postprocess 시작
[2026-04-30 10:25:47,557] [DEBUG] [DBG][73] 4/6 postprocess 완료 (7.5ms)
[2026-04-30 10:25:47,558] [DEBUG] [DBG][73] 5/6 control 시작
[2026-04-30 10:25:47,559] [DEBUG] [DBG][73] 5/6 control 완료 (0.6ms)
[2026-04-30 10:25:47,559] [DEBUG] [DBG][73] 6/6 actuator 시작
[2026-04-30 10:25:47,559] [DEBUG] [DBG][73] 6/6 actuator 완료 (0.4ms)
[2026-04-30 10:25:47,596] [DEBUG] [DBG][74] 루프 시작
[2026-04-30 10:25:47,597] [DEBUG] [DBG][74] 1/6 capture 시작
[2026-04-30 10:25:47,611] [DEBUG] [DBG][74] 1/6 capture 완료 (13.2ms)
[2026-04-30 10:25:47,611] [DEBUG] [DBG][74] 2/6 preprocess 시작
[2026-04-30 10:25:47,625] [DEBUG] [DBG][74] 2/6 preprocess 완료 (13.4ms)
[2026-04-30 10:25:47,626] [DEBUG] [DBG][74] 3/6 DPU inference 시작
[2026-04-30 10:25:47,642] [DEBUG] [DBG][74] 3/6 DPU inference 완료 (15.8ms)
[2026-04-30 10:25:47,643] [DEBUG] [DBG][74] 4/6 postprocess 시작
[2026-04-30 10:25:47,652] [DEBUG] [DBG][74] 4/6 postprocess 완료 (8.4ms)
[2026-04-30 10:25:47,653] [DEBUG] [DBG][74] 5/6 control 시작
[2026-04-30 10:25:47,653] [DEBUG] [DBG][74] 5/6 control 완료 (0.6ms)
[2026-04-30 10:25:47,653] [DEBUG] [DBG][74] 6/6 actuator 시작
[2026-04-30 10:25:47,654] [DEBUG] [DBG][74] 6/6 actuator 완료 (0.4ms)
[2026-04-30 10:25:47,696] [DEBUG] [DBG][75] 루프 시작
[2026-04-30 10:25:47,697] [DEBUG] [DBG][75] 1/6 capture 시작
[2026-04-30 10:25:47,711] [DEBUG] [DBG][75] 1/6 capture 완료 (13.2ms)
[2026-04-30 10:25:47,711] [DEBUG] [DBG][75] 2/6 preprocess 시작
[2026-04-30 10:25:47,726] [DEBUG] [DBG][75] 2/6 preprocess 완료 (14.7ms)
[2026-04-30 10:25:47,727] [DEBUG] [DBG][75] 3/6 DPU inference 시작
[2026-04-30 10:25:47,745] [DEBUG] [DBG][75] 3/6 DPU inference 완료 (17.1ms)
[2026-04-30 10:25:47,746] [DEBUG] [DBG][75] 4/6 postprocess 시작
[2026-04-30 10:25:47,753] [DEBUG] [DBG][75] 4/6 postprocess 완료 (7.4ms)
[2026-04-30 10:25:47,754] [DEBUG] [DBG][75] 5/6 control 시작
[2026-04-30 10:25:47,754] [DEBUG] [DBG][75] 5/6 control 완료 (0.5ms)
[2026-04-30 10:25:47,755] [DEBUG] [DBG][75] 6/6 actuator 시작
[2026-04-30 10:25:47,755] [DEBUG] [DBG][75] 6/6 actuator 완료 (0.4ms)
[2026-04-30 10:25:48,234] [DEBUG] [DBG][76] 루프 시작
[2026-04-30 10:25:48,235] [DEBUG] [DBG][76] 1/6 capture 시작
[2026-04-30 10:25:48,248] [DEBUG] [DBG][76] 1/6 capture 완료 (13.1ms)
[2026-04-30 10:25:48,249] [DEBUG] [DBG][76] 2/6 preprocess 시작
[2026-04-30 10:25:48,265] [DEBUG] [DBG][76] 2/6 preprocess 완료 (16.1ms)
[2026-04-30 10:25:48,266] [DEBUG] [DBG][76] 3/6 DPU inference 시작
[2026-04-30 10:25:48,283] [DEBUG] [DBG][76] 3/6 DPU inference 완료 (16.4ms)
[2026-04-30 10:25:48,284] [DEBUG] [DBG][76] 4/6 postprocess 시작
[2026-04-30 10:25:48,292] [DEBUG] [DBG][76] 4/6 postprocess 완료 (7.7ms)
[2026-04-30 10:25:48,293] [DEBUG] [DBG][76] 5/6 control 시작
[2026-04-30 10:25:48,293] [DEBUG] [DBG][76] 5/6 control 완료 (0.6ms)
[2026-04-30 10:25:48,294] [DEBUG] [DBG][76] 6/6 actuator 시작
[2026-04-30 10:25:48,294] [DEBUG] [DBG][76] 6/6 actuator 완료 (0.4ms)
[2026-04-30 10:25:48,334] [DEBUG] [DBG][77] 루프 시작
[2026-04-30 10:25:48,335] [DEBUG] [DBG][77] 1/6 capture 시작
[2026-04-30 10:25:48,347] [DEBUG] [DBG][77] 1/6 capture 완료 (11.6ms)
[2026-04-30 10:25:48,348] [DEBUG] [DBG][77] 2/6 preprocess 시작
[2026-04-30 10:25:48,361] [DEBUG] [DBG][77] 2/6 preprocess 완료 (13.1ms)
[2026-04-30 10:25:48,362] [DEBUG] [DBG][77] 3/6 DPU inference 시작
[2026-04-30 10:25:48,378] [DEBUG] [DBG][77] 3/6 DPU inference 완료 (16.4ms)
[2026-04-30 10:25:48,379] [DEBUG] [DBG][77] 4/6 postprocess 시작
[2026-04-30 10:25:48,387] [DEBUG] [DBG][77] 4/6 postprocess 완료 (7.8ms)
[2026-04-30 10:25:48,388] [DEBUG] [DBG][77] 5/6 control 시작
[2026-04-30 10:25:48,389] [DEBUG] [DBG][77] 5/6 control 완료 (0.5ms)
[2026-04-30 10:25:48,389] [DEBUG] [DBG][77] 6/6 actuator 시작
[2026-04-30 10:25:48,389] [DEBUG] [DBG][77] 6/6 actuator 완료 (0.4ms)
[2026-04-30 10:25:48,434] [DEBUG] [DBG][78] 루프 시작
[2026-04-30 10:25:48,435] [DEBUG] [DBG][78] 1/6 capture 시작
[2026-04-30 10:25:48,447] [DEBUG] [DBG][78] 1/6 capture 완료 (12.0ms)
[2026-04-30 10:25:48,448] [DEBUG] [DBG][78] 2/6 preprocess 시작
[2026-04-30 10:25:48,461] [DEBUG] [DBG][78] 2/6 preprocess 완료 (12.5ms)
[2026-04-30 10:25:48,462] [DEBUG] [DBG][78] 3/6 DPU inference 시작
[2026-04-30 10:25:48,478] [DEBUG] [DBG][78] 3/6 DPU inference 완료 (15.9ms)
[2026-04-30 10:25:48,479] [DEBUG] [DBG][78] 4/6 postprocess 시작
[2026-04-30 10:25:48,495] [DEBUG] [DBG][78] 4/6 postprocess 완료 (16.5ms)
[2026-04-30 10:25:48,496] [DEBUG] [DBG][78] 5/6 control 시작
[2026-04-30 10:25:48,497] [DEBUG] [DBG][78] 5/6 control 완료 (0.5ms)
[2026-04-30 10:25:48,497] [DEBUG] [DBG][78] 6/6 actuator 시작
[2026-04-30 10:25:48,498] [DEBUG] [DBG][78] 6/6 actuator 완료 (0.3ms)
[2026-04-30 10:25:48,534] [DEBUG] [DBG][79] 루프 시작
[2026-04-30 10:25:48,535] [DEBUG] [DBG][79] 1/6 capture 시작
[2026-04-30 10:25:48,548] [DEBUG] [DBG][79] 1/6 capture 완료 (12.2ms)
[2026-04-30 10:25:48,548] [DEBUG] [DBG][79] 2/6 preprocess 시작
[2026-04-30 10:25:48,562] [DEBUG] [DBG][79] 2/6 preprocess 완료 (13.0ms)
[2026-04-30 10:25:48,563] [DEBUG] [DBG][79] 3/6 DPU inference 시작
[2026-04-30 10:25:48,579] [DEBUG] [DBG][79] 3/6 DPU inference 완료 (16.6ms)
[2026-04-30 10:25:48,580] [DEBUG] [DBG][79] 4/6 postprocess 시작
[2026-04-30 10:25:48,588] [DEBUG] [DBG][79] 4/6 postprocess 완료 (7.2ms)
[2026-04-30 10:25:48,589] [DEBUG] [DBG][79] 5/6 control 시작
[2026-04-30 10:25:48,589] [DEBUG] [DBG][79] 5/6 control 완료 (0.6ms)
[2026-04-30 10:25:48,590] [DEBUG] [DBG][79] 6/6 actuator 시작
[2026-04-30 10:25:48,590] [DEBUG] [DBG][79] 6/6 actuator 완료 (0.5ms)
[2026-04-30 10:25:48,634] [DEBUG] [DBG][80] 루프 시작
[2026-04-30 10:25:48,635] [DEBUG] [DBG][80] 1/6 capture 시작
[2026-04-30 10:25:48,648] [DEBUG] [DBG][80] 1/6 capture 완료 (12.2ms)
[2026-04-30 10:25:48,649] [DEBUG] [DBG][80] 2/6 preprocess 시작
[2026-04-30 10:25:48,662] [DEBUG] [DBG][80] 2/6 preprocess 완료 (12.7ms)
[2026-04-30 10:25:48,662] [DEBUG] [DBG][80] 3/6 DPU inference 시작
[2026-04-30 10:25:48,690] [DEBUG] [DBG][80] 3/6 DPU inference 완료 (27.4ms)
[2026-04-30 10:25:48,692] [DEBUG] [DBG][80] 4/6 postprocess 시작
[2026-04-30 10:25:48,707] [DEBUG] [DBG][80] 4/6 postprocess 완료 (14.8ms)
[2026-04-30 10:25:48,708] [DEBUG] [DBG][80] 5/6 control 시작
[2026-04-30 10:25:48,708] [DEBUG] [DBG][80] 5/6 control 완료 (0.5ms)
[2026-04-30 10:25:48,708] [DEBUG] [DBG][80] 6/6 actuator 시작
[2026-04-30 10:25:48,709] [DEBUG] [DBG][80] 6/6 actuator 완료 (0.3ms)
[2026-04-30 10:25:49,203] [INFO] [0080] cap=12.2ms | pre=12.7ms | inf=27.4ms | post=14.8ms | ctrl=0.5ms | act=0.3ms | total=74.8ms | valid=True | invalid=0 | pixels=3088 | err=-0.653 | steer=-0.261 | speed=0.185 | cur=-0.261 | adc=None
[2026-04-30 10:25:49,682] [INFO] [0080] system: rss=250.5MB | mem_avail=727.6MB | swap_free=510.7MB | load=0.70 0.58 0.53 | temp=hwmon0_temp1_input=55.0C, hwmon1_temp1_input=54.0C, hwmon2_temp1_input=51.5C, hwmon2_temp2_input=52.9C, pl_temp=53.3C, ps_temp=52.7C, remote_temp=53.6C
[2026-04-30 10:25:49,683] [DEBUG] [DBG][81] 루프 시작
[2026-04-30 10:25:49,683] [DEBUG] [DBG][81] 1/6 capture 시작
[2026-04-30 10:25:49,696] [DEBUG] [DBG][81] 1/6 capture 완료 (12.5ms)
[2026-04-30 10:25:49,697] [DEBUG] [DBG][81] 2/6 preprocess 시작
[2026-04-30 10:25:49,710] [DEBUG] [DBG][81] 2/6 preprocess 완료 (12.9ms)
[2026-04-30 10:25:49,711] [DEBUG] [DBG][81] 3/6 DPU inference 시작
[2026-04-30 10:25:49,727] [DEBUG] [DBG][81] 3/6 DPU inference 완료 (16.1ms)
[2026-04-30 10:25:49,728] [DEBUG] [DBG][81] 4/6 postprocess 시작
[2026-04-30 10:25:49,735] [DEBUG] [DBG][81] 4/6 postprocess 완료 (7.3ms)
[2026-04-30 10:25:49,736] [DEBUG] [DBG][81] 5/6 control 시작
[2026-04-30 10:25:49,737] [DEBUG] [DBG][81] 5/6 control 완료 (0.7ms)
[2026-04-30 10:25:49,737] [DEBUG] [DBG][81] 6/6 actuator 시작
[2026-04-30 10:25:49,738] [DEBUG] [DBG][81] 6/6 actuator 완료 (0.4ms)
[2026-04-30 10:25:49,783] [DEBUG] [DBG][82] 루프 시작
[2026-04-30 10:25:49,784] [DEBUG] [DBG][82] 1/6 capture 시작
[2026-04-30 10:25:49,798] [DEBUG] [DBG][82] 1/6 capture 완료 (13.6ms)
[2026-04-30 10:25:49,798] [DEBUG] [DBG][82] 2/6 preprocess 시작
[2026-04-30 10:25:49,811] [DEBUG] [DBG][82] 2/6 preprocess 완료 (12.9ms)
[2026-04-30 10:25:49,812] [DEBUG] [DBG][82] 3/6 DPU inference 시작
[2026-04-30 10:25:49,829] [DEBUG] [DBG][82] 3/6 DPU inference 완료 (16.4ms)
[2026-04-30 10:25:49,830] [DEBUG] [DBG][82] 4/6 postprocess 시작
[2026-04-30 10:25:49,839] [DEBUG] [DBG][82] 4/6 postprocess 완료 (8.6ms)
[2026-04-30 10:25:49,840] [DEBUG] [DBG][82] 5/6 control 시작
[2026-04-30 10:25:49,840] [DEBUG] [DBG][82] 5/6 control 완료 (0.6ms)
[2026-04-30 10:25:49,841] [DEBUG] [DBG][82] 6/6 actuator 시작
[2026-04-30 10:25:49,841] [DEBUG] [DBG][82] 6/6 actuator 완료 (0.5ms)
[2026-04-30 10:25:49,883] [DEBUG] [DBG][83] 루프 시작
[2026-04-30 10:25:49,884] [DEBUG] [DBG][83] 1/6 capture 시작
[2026-04-30 10:25:49,897] [DEBUG] [DBG][83] 1/6 capture 완료 (13.2ms)
[2026-04-30 10:25:49,898] [DEBUG] [DBG][83] 2/6 preprocess 시작
[2026-04-30 10:25:49,911] [DEBUG] [DBG][83] 2/6 preprocess 완료 (12.8ms)
[2026-04-30 10:25:49,912] [DEBUG] [DBG][83] 3/6 DPU inference 시작
[2026-04-30 10:25:49,929] [DEBUG] [DBG][83] 3/6 DPU inference 완료 (16.5ms)
[2026-04-30 10:25:49,930] [DEBUG] [DBG][83] 4/6 postprocess 시작
[2026-04-30 10:25:49,937] [DEBUG] [DBG][83] 4/6 postprocess 완료 (7.4ms)
[2026-04-30 10:25:49,938] [DEBUG] [DBG][83] 5/6 control 시작
[2026-04-30 10:25:49,939] [DEBUG] [DBG][83] 5/6 control 완료 (0.5ms)
[2026-04-30 10:25:49,939] [DEBUG] [DBG][83] 6/6 actuator 시작
[2026-04-30 10:25:49,940] [DEBUG] [DBG][83] 6/6 actuator 완료 (0.7ms)
[2026-04-30 10:25:49,983] [DEBUG] [DBG][84] 루프 시작
[2026-04-30 10:25:49,984] [DEBUG] [DBG][84] 1/6 capture 시작
[2026-04-30 10:25:49,997] [DEBUG] [DBG][84] 1/6 capture 완료 (13.1ms)
[2026-04-30 10:25:49,998] [DEBUG] [DBG][84] 2/6 preprocess 시작
[2026-04-30 10:25:50,012] [DEBUG] [DBG][84] 2/6 preprocess 완료 (14.0ms)
[2026-04-30 10:25:50,013] [DEBUG] [DBG][84] 3/6 DPU inference 시작
[2026-04-30 10:25:50,031] [DEBUG] [DBG][84] 3/6 DPU inference 완료 (18.0ms)
[2026-04-30 10:25:50,032] [DEBUG] [DBG][84] 4/6 postprocess 시작
[2026-04-30 10:25:50,040] [DEBUG] [DBG][84] 4/6 postprocess 완료 (7.5ms)
[2026-04-30 10:25:50,041] [DEBUG] [DBG][84] 5/6 control 시작
[2026-04-30 10:25:50,042] [DEBUG] [DBG][84] 5/6 control 완료 (0.7ms)
[2026-04-30 10:25:50,042] [DEBUG] [DBG][84] 6/6 actuator 시작
[2026-04-30 10:25:50,043] [DEBUG] [DBG][84] 6/6 actuator 완료 (0.5ms)
[2026-04-30 10:25:50,083] [DEBUG] [DBG][85] 루프 시작
[2026-04-30 10:25:50,084] [DEBUG] [DBG][85] 1/6 capture 시작
[2026-04-30 10:25:50,097] [DEBUG] [DBG][85] 1/6 capture 완료 (13.2ms)
[2026-04-30 10:25:50,098] [DEBUG] [DBG][85] 2/6 preprocess 시작
[2026-04-30 10:25:50,111] [DEBUG] [DBG][85] 2/6 preprocess 완료 (12.7ms)
[2026-04-30 10:25:50,112] [DEBUG] [DBG][85] 3/6 DPU inference 시작
[2026-04-30 10:25:50,129] [DEBUG] [DBG][85] 3/6 DPU inference 완료 (16.6ms)
[2026-04-30 10:25:50,131] [DEBUG] [DBG][85] 4/6 postprocess 시작
[2026-04-30 10:25:50,145] [DEBUG] [DBG][85] 4/6 postprocess 완료 (14.6ms)
[2026-04-30 10:25:50,146] [DEBUG] [DBG][85] 5/6 control 시작
[2026-04-30 10:25:50,147] [DEBUG] [DBG][85] 5/6 control 완료 (0.5ms)
[2026-04-30 10:25:50,147] [DEBUG] [DBG][85] 6/6 actuator 시작
[2026-04-30 10:25:50,148] [DEBUG] [DBG][85] 6/6 actuator 완료 (0.3ms)
[2026-04-30 10:25:50,653] [DEBUG] [DBG][86] 루프 시작
[2026-04-30 10:25:50,654] [DEBUG] [DBG][86] 1/6 capture 시작
[2026-04-30 10:25:50,667] [DEBUG] [DBG][86] 1/6 capture 완료 (13.4ms)
[2026-04-30 10:25:50,668] [DEBUG] [DBG][86] 2/6 preprocess 시작
[2026-04-30 10:25:50,681] [DEBUG] [DBG][86] 2/6 preprocess 완료 (12.7ms)
[2026-04-30 10:25:50,682] [DEBUG] [DBG][86] 3/6 DPU inference 시작
[2026-04-30 10:25:50,701] [DEBUG] [DBG][86] 3/6 DPU inference 완료 (18.3ms)
[2026-04-30 10:25:50,702] [DEBUG] [DBG][86] 4/6 postprocess 시작
[2026-04-30 10:25:50,709] [DEBUG] [DBG][86] 4/6 postprocess 완료 (7.6ms)
[2026-04-30 10:25:50,710] [DEBUG] [DBG][86] 5/6 control 시작
[2026-04-30 10:25:50,711] [DEBUG] [DBG][86] 5/6 control 완료 (0.7ms)
[2026-04-30 10:25:50,712] [DEBUG] [DBG][86] 6/6 actuator 시작
[2026-04-30 10:25:50,712] [DEBUG] [DBG][86] 6/6 actuator 완료 (0.5ms)
[2026-04-30 10:25:50,753] [DEBUG] [DBG][87] 루프 시작
[2026-04-30 10:25:50,754] [DEBUG] [DBG][87] 1/6 capture 시작
[2026-04-30 10:25:50,768] [DEBUG] [DBG][87] 1/6 capture 완료 (13.4ms)
[2026-04-30 10:25:50,769] [DEBUG] [DBG][87] 2/6 preprocess 시작
[2026-04-30 10:25:50,782] [DEBUG] [DBG][87] 2/6 preprocess 완료 (12.7ms)
[2026-04-30 10:25:50,783] [DEBUG] [DBG][87] 3/6 DPU inference 시작
[2026-04-30 10:25:50,800] [DEBUG] [DBG][87] 3/6 DPU inference 완료 (16.6ms)
[2026-04-30 10:25:50,801] [DEBUG] [DBG][87] 4/6 postprocess 시작
[2026-04-30 10:25:50,809] [DEBUG] [DBG][87] 4/6 postprocess 완료 (8.2ms)
[2026-04-30 10:25:50,810] [DEBUG] [DBG][87] 5/6 control 시작
[2026-04-30 10:25:50,811] [DEBUG] [DBG][87] 5/6 control 완료 (0.5ms)
[2026-04-30 10:25:50,811] [DEBUG] [DBG][87] 6/6 actuator 시작
[2026-04-30 10:25:50,811] [DEBUG] [DBG][87] 6/6 actuator 완료 (0.4ms)
[2026-04-30 10:25:50,853] [DEBUG] [DBG][88] 루프 시작
[2026-04-30 10:25:50,854] [DEBUG] [DBG][88] 1/6 capture 시작
[2026-04-30 10:25:50,868] [DEBUG] [DBG][88] 1/6 capture 완료 (13.2ms)
[2026-04-30 10:25:50,869] [DEBUG] [DBG][88] 2/6 preprocess 시작
[2026-04-30 10:25:50,882] [DEBUG] [DBG][88] 2/6 preprocess 완료 (13.0ms)
[2026-04-30 10:25:50,883] [DEBUG] [DBG][88] 3/6 DPU inference 시작
[2026-04-30 10:25:50,900] [DEBUG] [DBG][88] 3/6 DPU inference 완료 (16.5ms)
[2026-04-30 10:25:50,901] [DEBUG] [DBG][88] 4/6 postprocess 시작
[2026-04-30 10:25:50,909] [DEBUG] [DBG][88] 4/6 postprocess 완료 (8.3ms)
[2026-04-30 10:25:50,910] [DEBUG] [DBG][88] 5/6 control 시작
[2026-04-30 10:25:50,911] [DEBUG] [DBG][88] 5/6 control 완료 (0.6ms)
[2026-04-30 10:25:50,911] [DEBUG] [DBG][88] 6/6 actuator 시작
[2026-04-30 10:25:50,912] [DEBUG] [DBG][88] 6/6 actuator 완료 (0.4ms)
[2026-04-30 10:25:50,954] [DEBUG] [DBG][89] 루프 시작
[2026-04-30 10:25:50,955] [DEBUG] [DBG][89] 1/6 capture 시작
[2026-04-30 10:25:50,968] [DEBUG] [DBG][89] 1/6 capture 완료 (13.7ms)
[2026-04-30 10:25:50,969] [DEBUG] [DBG][89] 2/6 preprocess 시작
[2026-04-30 10:25:50,982] [DEBUG] [DBG][89] 2/6 preprocess 완료 (12.8ms)
[2026-04-30 10:25:50,983] [DEBUG] [DBG][89] 3/6 DPU inference 시작
[2026-04-30 10:25:51,001] [DEBUG] [DBG][89] 3/6 DPU inference 완료 (17.0ms)
[2026-04-30 10:25:51,001] [DEBUG] [DBG][89] 4/6 postprocess 시작
[2026-04-30 10:25:51,011] [DEBUG] [DBG][89] 4/6 postprocess 완료 (9.1ms)
[2026-04-30 10:25:51,012] [DEBUG] [DBG][89] 5/6 control 시작
[2026-04-30 10:25:51,013] [DEBUG] [DBG][89] 5/6 control 완료 (0.7ms)
[2026-04-30 10:25:51,013] [DEBUG] [DBG][89] 6/6 actuator 시작
[2026-04-30 10:25:51,014] [DEBUG] [DBG][89] 6/6 actuator 완료 (0.4ms)
[2026-04-30 10:25:51,054] [DEBUG] [DBG][90] 루프 시작
[2026-04-30 10:25:51,055] [DEBUG] [DBG][90] 1/6 capture 시작
[2026-04-30 10:25:51,070] [DEBUG] [DBG][90] 1/6 capture 완료 (14.8ms)
[2026-04-30 10:25:51,071] [DEBUG] [DBG][90] 2/6 preprocess 시작
[2026-04-30 10:25:51,086] [DEBUG] [DBG][90] 2/6 preprocess 완료 (14.7ms)
[2026-04-30 10:25:51,088] [DEBUG] [DBG][90] 3/6 DPU inference 시작
[2026-04-30 10:25:51,109] [DEBUG] [DBG][90] 3/6 DPU inference 완료 (20.6ms)
[2026-04-30 10:25:51,110] [DEBUG] [DBG][90] 4/6 postprocess 시작
[2026-04-30 10:25:51,120] [DEBUG] [DBG][90] 4/6 postprocess 완료 (9.8ms)
[2026-04-30 10:25:51,121] [DEBUG] [DBG][90] 5/6 control 시작
[2026-04-30 10:25:51,125] [DEBUG] [DBG][90] 5/6 control 완료 (3.0ms)
[2026-04-30 10:25:51,126] [DEBUG] [DBG][90] 6/6 actuator 시작
[2026-04-30 10:25:51,127] [DEBUG] [DBG][90] 6/6 actuator 완료 (1.0ms)
[2026-04-30 10:25:51,624] [INFO] [0090] cap=14.8ms | pre=14.7ms | inf=20.6ms | post=9.8ms | ctrl=3.0ms | act=1.0ms | total=74.9ms | valid=True | invalid=0 | pixels=36992 | err=-0.316 | steer=-0.126 | speed=0.218 | cur=-0.126 | adc=None
[2026-04-30 10:25:52,081] [INFO] [0090] system: rss=250.6MB | mem_avail=726.4MB | swap_free=510.7MB | load=0.73 0.59 0.53 | temp=hwmon0_temp1_input=55.0C, hwmon1_temp1_input=54.0C, hwmon2_temp1_input=51.7C, hwmon2_temp2_input=52.6C, pl_temp=53.1C, ps_temp=51.5C, remote_temp=52.1C
[2026-04-30 10:25:52,082] [DEBUG] [DBG][91] 루프 시작
[2026-04-30 10:25:52,083] [DEBUG] [DBG][91] 1/6 capture 시작
[2026-04-30 10:25:52,097] [DEBUG] [DBG][91] 1/6 capture 완료 (14.1ms)
[2026-04-30 10:25:52,099] [DEBUG] [DBG][91] 2/6 preprocess 시작
[2026-04-30 10:25:52,114] [DEBUG] [DBG][91] 2/6 preprocess 완료 (14.6ms)
[2026-04-30 10:25:52,115] [DEBUG] [DBG][91] 3/6 DPU inference 시작
[2026-04-30 10:25:52,133] [DEBUG] [DBG][91] 3/6 DPU inference 완료 (17.7ms)
[2026-04-30 10:25:52,135] [DEBUG] [DBG][91] 4/6 postprocess 시작
[2026-04-30 10:25:52,146] [DEBUG] [DBG][91] 4/6 postprocess 완료 (11.3ms)
[2026-04-30 10:25:52,148] [DEBUG] [DBG][91] 5/6 control 시작
[2026-04-30 10:25:52,149] [DEBUG] [DBG][91] 5/6 control 완료 (1.3ms)
[2026-04-30 10:25:52,150] [DEBUG] [DBG][91] 6/6 actuator 시작
[2026-04-30 10:25:52,150] [DEBUG] [DBG][91] 6/6 actuator 완료 (0.6ms)
[2026-04-30 10:25:52,182] [DEBUG] [DBG][92] 루프 시작
[2026-04-30 10:25:52,184] [DEBUG] [DBG][92] 1/6 capture 시작
[2026-04-30 10:25:52,199] [DEBUG] [DBG][92] 1/6 capture 완료 (15.1ms)
[2026-04-30 10:25:52,200] [DEBUG] [DBG][92] 2/6 preprocess 시작
[2026-04-30 10:25:52,213] [DEBUG] [DBG][92] 2/6 preprocess 완료 (12.6ms)
[2026-04-30 10:25:52,214] [DEBUG] [DBG][92] 3/6 DPU inference 시작
[2026-04-30 10:25:52,230] [DEBUG] [DBG][92] 3/6 DPU inference 완료 (16.1ms)
[2026-04-30 10:25:52,231] [DEBUG] [DBG][92] 4/6 postprocess 시작
[2026-04-30 10:25:52,242] [DEBUG] [DBG][92] 4/6 postprocess 완료 (10.8ms)
[2026-04-30 10:25:52,244] [DEBUG] [DBG][92] 5/6 control 시작
[2026-04-30 10:25:52,245] [DEBUG] [DBG][92] 5/6 control 완료 (1.2ms)
[2026-04-30 10:25:52,246] [DEBUG] [DBG][92] 6/6 actuator 시작
[2026-04-30 10:25:52,247] [DEBUG] [DBG][92] 6/6 actuator 완료 (0.6ms)
[2026-04-30 10:25:52,283] [DEBUG] [DBG][93] 루프 시작
[2026-04-30 10:25:52,284] [DEBUG] [DBG][93] 1/6 capture 시작
[2026-04-30 10:25:52,299] [DEBUG] [DBG][93] 1/6 capture 완료 (14.3ms)
[2026-04-30 10:25:52,300] [DEBUG] [DBG][93] 2/6 preprocess 시작
[2026-04-30 10:25:52,313] [DEBUG] [DBG][93] 2/6 preprocess 완료 (13.7ms)
[2026-04-30 10:25:52,314] [DEBUG] [DBG][93] 3/6 DPU inference 시작
[2026-04-30 10:25:52,333] [DEBUG] [DBG][93] 3/6 DPU inference 완료 (18.3ms)
[2026-04-30 10:25:52,334] [DEBUG] [DBG][93] 4/6 postprocess 시작
[2026-04-30 10:25:52,347] [DEBUG] [DBG][93] 4/6 postprocess 완료 (12.6ms)
[2026-04-30 10:25:52,348] [DEBUG] [DBG][93] 5/6 control 시작
[2026-04-30 10:25:52,349] [DEBUG] [DBG][93] 5/6 control 완료 (0.8ms)
[2026-04-30 10:25:52,350] [DEBUG] [DBG][93] 6/6 actuator 시작
[2026-04-30 10:25:52,350] [DEBUG] [DBG][93] 6/6 actuator 완료 (0.5ms)
[2026-04-30 10:25:52,383] [DEBUG] [DBG][94] 루프 시작
[2026-04-30 10:25:52,384] [DEBUG] [DBG][94] 1/6 capture 시작
[2026-04-30 10:25:52,401] [DEBUG] [DBG][94] 1/6 capture 완료 (16.2ms)
[2026-04-30 10:25:52,402] [DEBUG] [DBG][94] 2/6 preprocess 시작
[2026-04-30 10:25:52,415] [DEBUG] [DBG][94] 2/6 preprocess 완료 (12.7ms)
[2026-04-30 10:25:52,416] [DEBUG] [DBG][94] 3/6 DPU inference 시작
[2026-04-30 10:25:52,433] [DEBUG] [DBG][94] 3/6 DPU inference 완료 (16.4ms)
[2026-04-30 10:25:52,434] [DEBUG] [DBG][94] 4/6 postprocess 시작
[2026-04-30 10:25:52,450] [DEBUG] [DBG][94] 4/6 postprocess 완료 (15.5ms)
[2026-04-30 10:25:52,451] [DEBUG] [DBG][94] 5/6 control 시작
[2026-04-30 10:25:52,452] [DEBUG] [DBG][94] 5/6 control 완료 (0.9ms)
[2026-04-30 10:25:52,453] [DEBUG] [DBG][94] 6/6 actuator 시작
[2026-04-30 10:25:52,453] [DEBUG] [DBG][94] 6/6 actuator 완료 (0.5ms)
[2026-04-30 10:25:52,483] [DEBUG] [DBG][95] 루프 시작
[2026-04-30 10:25:52,484] [DEBUG] [DBG][95] 1/6 capture 시작
[2026-04-30 10:25:52,498] [DEBUG] [DBG][95] 1/6 capture 완료 (14.2ms)
[2026-04-30 10:25:52,499] [DEBUG] [DBG][95] 2/6 preprocess 시작
[2026-04-30 10:25:52,512] [DEBUG] [DBG][95] 2/6 preprocess 완료 (12.9ms)
[2026-04-30 10:25:52,513] [DEBUG] [DBG][95] 3/6 DPU inference 시작
[2026-04-30 10:25:52,533] [DEBUG] [DBG][95] 3/6 DPU inference 완료 (19.7ms)
[2026-04-30 10:25:52,534] [DEBUG] [DBG][95] 4/6 postprocess 시작
[2026-04-30 10:25:52,546] [DEBUG] [DBG][95] 4/6 postprocess 완료 (11.2ms)
[2026-04-30 10:25:52,547] [DEBUG] [DBG][95] 5/6 control 시작
[2026-04-30 10:25:52,547] [DEBUG] [DBG][95] 5/6 control 완료 (0.6ms)
[2026-04-30 10:25:52,548] [DEBUG] [DBG][95] 6/6 actuator 시작
[2026-04-30 10:25:52,548] [DEBUG] [DBG][95] 6/6 actuator 완료 (0.6ms)
[2026-04-30 10:25:53,043] [DEBUG] [DBG][96] 루프 시작
[2026-04-30 10:25:53,044] [DEBUG] [DBG][96] 1/6 capture 시작
[2026-04-30 10:25:53,058] [DEBUG] [DBG][96] 1/6 capture 완료 (13.5ms)
[2026-04-30 10:25:53,059] [DEBUG] [DBG][96] 2/6 preprocess 시작
[2026-04-30 10:25:53,073] [DEBUG] [DBG][96] 2/6 preprocess 완료 (13.7ms)
[2026-04-30 10:25:53,074] [DEBUG] [DBG][96] 3/6 DPU inference 시작
[2026-04-30 10:25:53,092] [DEBUG] [DBG][96] 3/6 DPU inference 완료 (17.1ms)
[2026-04-30 10:25:53,093] [DEBUG] [DBG][96] 4/6 postprocess 시작
[2026-04-30 10:25:53,113] [DEBUG] [DBG][96] 4/6 postprocess 완료 (19.8ms)
[2026-04-30 10:25:53,114] [DEBUG] [DBG][96] 5/6 control 시작
[2026-04-30 10:25:53,115] [DEBUG] [DBG][96] 5/6 control 완료 (1.1ms)
[2026-04-30 10:25:53,116] [DEBUG] [DBG][96] 6/6 actuator 시작
[2026-04-30 10:25:53,117] [DEBUG] [DBG][96] 6/6 actuator 완료 (0.6ms)
[2026-04-30 10:25:53,143] [DEBUG] [DBG][97] 루프 시작
[2026-04-30 10:25:53,145] [DEBUG] [DBG][97] 1/6 capture 시작
[2026-04-30 10:25:53,158] [DEBUG] [DBG][97] 1/6 capture 완료 (13.5ms)
[2026-04-30 10:25:53,160] [DEBUG] [DBG][97] 2/6 preprocess 시작
[2026-04-30 10:25:53,173] [DEBUG] [DBG][97] 2/6 preprocess 완료 (13.0ms)
[2026-04-30 10:25:53,174] [DEBUG] [DBG][97] 3/6 DPU inference 시작
[2026-04-30 10:25:53,193] [DEBUG] [DBG][97] 3/6 DPU inference 완료 (18.7ms)
[2026-04-30 10:25:53,195] [DEBUG] [DBG][97] 4/6 postprocess 시작
[2026-04-30 10:25:53,207] [DEBUG] [DBG][97] 4/6 postprocess 완료 (12.3ms)
[2026-04-30 10:25:53,208] [DEBUG] [DBG][97] 5/6 control 시작
[2026-04-30 10:25:53,209] [DEBUG] [DBG][97] 5/6 control 완료 (0.5ms)
[2026-04-30 10:25:53,209] [DEBUG] [DBG][97] 6/6 actuator 시작
[2026-04-30 10:25:53,210] [DEBUG] [DBG][97] 6/6 actuator 완료 (0.3ms)
[2026-04-30 10:25:53,244] [DEBUG] [DBG][98] 루프 시작
[2026-04-30 10:25:53,245] [DEBUG] [DBG][98] 1/6 capture 시작
[2026-04-30 10:25:53,258] [DEBUG] [DBG][98] 1/6 capture 완료 (13.7ms)
[2026-04-30 10:25:53,260] [DEBUG] [DBG][98] 2/6 preprocess 시작
[2026-04-30 10:25:53,273] [DEBUG] [DBG][98] 2/6 preprocess 완료 (13.2ms)
[2026-04-30 10:25:53,274] [DEBUG] [DBG][98] 3/6 DPU inference 시작
[2026-04-30 10:25:53,293] [DEBUG] [DBG][98] 3/6 DPU inference 완료 (18.6ms)
[2026-04-30 10:25:53,294] [DEBUG] [DBG][98] 4/6 postprocess 시작
[2026-04-30 10:25:53,306] [DEBUG] [DBG][98] 4/6 postprocess 완료 (11.9ms)
[2026-04-30 10:25:53,307] [DEBUG] [DBG][98] 5/6 control 시작
[2026-04-30 10:25:53,308] [DEBUG] [DBG][98] 5/6 control 완료 (0.6ms)
[2026-04-30 10:25:53,308] [DEBUG] [DBG][98] 6/6 actuator 시작
[2026-04-30 10:25:53,309] [DEBUG] [DBG][98] 6/6 actuator 완료 (0.3ms)
[2026-04-30 10:25:53,344] [DEBUG] [DBG][99] 루프 시작
[2026-04-30 10:25:53,345] [DEBUG] [DBG][99] 1/6 capture 시작
[2026-04-30 10:25:53,365] [DEBUG] [DBG][99] 1/6 capture 완료 (20.2ms)
[2026-04-30 10:25:53,366] [DEBUG] [DBG][99] 2/6 preprocess 시작
[2026-04-30 10:25:53,381] [DEBUG] [DBG][99] 2/6 preprocess 완료 (14.8ms)
[2026-04-30 10:25:53,382] [DEBUG] [DBG][99] 3/6 DPU inference 시작
[2026-04-30 10:25:53,400] [DEBUG] [DBG][99] 3/6 DPU inference 완료 (17.7ms)
[2026-04-30 10:25:53,401] [DEBUG] [DBG][99] 4/6 postprocess 시작
[2026-04-30 10:25:53,413] [DEBUG] [DBG][99] 4/6 postprocess 완료 (12.4ms)
[2026-04-30 10:25:53,414] [DEBUG] [DBG][99] 5/6 control 시작
[2026-04-30 10:25:53,415] [DEBUG] [DBG][99] 5/6 control 완료 (0.7ms)
[2026-04-30 10:25:53,416] [DEBUG] [DBG][99] 6/6 actuator 시작
[2026-04-30 10:25:53,416] [DEBUG] [DBG][99] 6/6 actuator 완료 (0.5ms)
[2026-04-30 10:25:53,445] [DEBUG] [DBG][100] 루프 시작
[2026-04-30 10:25:53,447] [DEBUG] [DBG][100] 1/6 capture 시작
[2026-04-30 10:25:53,461] [DEBUG] [DBG][100] 1/6 capture 완료 (14.2ms)
[2026-04-30 10:25:53,462] [DEBUG] [DBG][100] 2/6 preprocess 시작
[2026-04-30 10:25:53,476] [DEBUG] [DBG][100] 2/6 preprocess 완료 (14.2ms)
[2026-04-30 10:25:53,477] [DEBUG] [DBG][100] 3/6 DPU inference 시작
[2026-04-30 10:25:53,495] [DEBUG] [DBG][100] 3/6 DPU inference 완료 (17.2ms)
[2026-04-30 10:25:53,495] [DEBUG] [DBG][100] 4/6 postprocess 시작
[2026-04-30 10:25:53,504] [DEBUG] [DBG][100] 4/6 postprocess 완료 (8.3ms)
[2026-04-30 10:25:53,505] [DEBUG] [DBG][100] 5/6 control 시작
[2026-04-30 10:25:53,506] [DEBUG] [DBG][100] 5/6 control 완료 (0.7ms)
[2026-04-30 10:25:53,506] [DEBUG] [DBG][100] 6/6 actuator 시작
[2026-04-30 10:25:53,507] [DEBUG] [DBG][100] 6/6 actuator 완료 (0.4ms)
[2026-04-30 10:25:53,992] [INFO] [0100] cap=14.2ms | pre=14.2ms | inf=17.2ms | post=8.3ms | ctrl=0.7ms | act=0.4ms | total=61.9ms | valid=True | invalid=0 | pixels=43836 | err=-0.347 | steer=-0.139 | speed=0.215 | cur=-0.139 | adc=None
[2026-04-30 10:25:54,451] [INFO] [0100] system: rss=250.7MB | mem_avail=723.9MB | swap_free=510.7MB | load=0.73 0.59 0.53 | temp=hwmon0_temp1_input=55.0C, hwmon1_temp1_input=54.0C, hwmon2_temp1_input=53.3C, hwmon2_temp2_input=54.5C, pl_temp=53.5C, ps_temp=52.5C, remote_temp=52.4C
[2026-04-30 10:25:54,452] [DEBUG] [DBG][101] 루프 시작
[2026-04-30 10:25:54,453] [DEBUG] [DBG][101] 1/6 capture 시작
[2026-04-30 10:25:54,467] [DEBUG] [DBG][101] 1/6 capture 완료 (13.7ms)
[2026-04-30 10:25:54,469] [DEBUG] [DBG][101] 2/6 preprocess 시작
[2026-04-30 10:25:54,494] [DEBUG] [DBG][101] 2/6 preprocess 완료 (25.2ms)
[2026-04-30 10:25:54,496] [DEBUG] [DBG][101] 3/6 DPU inference 시작
[2026-04-30 10:25:54,512] [DEBUG] [DBG][101] 3/6 DPU inference 완료 (16.0ms)
[2026-04-30 10:25:54,513] [DEBUG] [DBG][101] 4/6 postprocess 시작
[2026-04-30 10:25:54,529] [DEBUG] [DBG][101] 4/6 postprocess 완료 (15.3ms)
[2026-04-30 10:25:54,530] [DEBUG] [DBG][101] 5/6 control 시작
[2026-04-30 10:25:54,530] [DEBUG] [DBG][101] 5/6 control 완료 (0.6ms)
[2026-04-30 10:25:54,531] [DEBUG] [DBG][101] 6/6 actuator 시작
[2026-04-30 10:25:54,531] [DEBUG] [DBG][101] 6/6 actuator 완료 (0.4ms)
[2026-04-30 10:25:54,552] [DEBUG] [DBG][102] 루프 시작
[2026-04-30 10:25:54,554] [DEBUG] [DBG][102] 1/6 capture 시작
[2026-04-30 10:25:54,570] [DEBUG] [DBG][102] 1/6 capture 완료 (16.1ms)
[2026-04-30 10:25:54,571] [DEBUG] [DBG][102] 2/6 preprocess 시작
[2026-04-30 10:25:54,584] [DEBUG] [DBG][102] 2/6 preprocess 완료 (13.1ms)
[2026-04-30 10:25:54,586] [DEBUG] [DBG][102] 3/6 DPU inference 시작
[2026-04-30 10:25:54,602] [DEBUG] [DBG][102] 3/6 DPU inference 완료 (15.9ms)
[2026-04-30 10:25:54,603] [DEBUG] [DBG][102] 4/6 postprocess 시작
[2026-04-30 10:25:54,614] [DEBUG] [DBG][102] 4/6 postprocess 완료 (11.3ms)
[2026-04-30 10:25:54,616] [DEBUG] [DBG][102] 5/6 control 시작
[2026-04-30 10:25:54,617] [DEBUG] [DBG][102] 5/6 control 완료 (0.8ms)
[2026-04-30 10:25:54,617] [DEBUG] [DBG][102] 6/6 actuator 시작
[2026-04-30 10:25:54,618] [DEBUG] [DBG][102] 6/6 actuator 완료 (0.5ms)
[2026-04-30 10:25:54,653] [DEBUG] [DBG][103] 루프 시작
[2026-04-30 10:25:54,654] [DEBUG] [DBG][103] 1/6 capture 시작
[2026-04-30 10:25:54,669] [DEBUG] [DBG][103] 1/6 capture 완료 (14.8ms)
[2026-04-30 10:25:54,670] [DEBUG] [DBG][103] 2/6 preprocess 시작
[2026-04-30 10:25:54,686] [DEBUG] [DBG][103] 2/6 preprocess 완료 (15.1ms)
[2026-04-30 10:25:54,686] [DEBUG] [DBG][103] 3/6 DPU inference 시작
[2026-04-30 10:25:54,705] [DEBUG] [DBG][103] 3/6 DPU inference 완료 (18.5ms)
[2026-04-30 10:25:54,707] [DEBUG] [DBG][103] 4/6 postprocess 시작
[2026-04-30 10:25:54,716] [DEBUG] [DBG][103] 4/6 postprocess 완료 (9.2ms)
[2026-04-30 10:25:54,718] [DEBUG] [DBG][103] 5/6 control 시작
[2026-04-30 10:25:54,718] [DEBUG] [DBG][103] 5/6 control 완료 (0.5ms)
[2026-04-30 10:25:54,718] [DEBUG] [DBG][103] 6/6 actuator 시작
[2026-04-30 10:25:54,719] [DEBUG] [DBG][103] 6/6 actuator 완료 (0.3ms)
[2026-04-30 10:25:54,753] [DEBUG] [DBG][104] 루프 시작
[2026-04-30 10:25:54,754] [DEBUG] [DBG][104] 1/6 capture 시작
[2026-04-30 10:25:54,769] [DEBUG] [DBG][104] 1/6 capture 완료 (15.0ms)
[2026-04-30 10:25:54,770] [DEBUG] [DBG][104] 2/6 preprocess 시작
[2026-04-30 10:25:54,784] [DEBUG] [DBG][104] 2/6 preprocess 완료 (14.2ms)
[2026-04-30 10:25:54,785] [DEBUG] [DBG][104] 3/6 DPU inference 시작
[2026-04-30 10:25:54,805] [DEBUG] [DBG][104] 3/6 DPU inference 완료 (19.4ms)
[2026-04-30 10:25:54,806] [DEBUG] [DBG][104] 4/6 postprocess 시작
[2026-04-30 10:25:54,818] [DEBUG] [DBG][104] 4/6 postprocess 완료 (11.8ms)
[2026-04-30 10:25:54,818] [DEBUG] [DBG][104] 5/6 control 시작
[2026-04-30 10:25:54,819] [DEBUG] [DBG][104] 5/6 control 완료 (0.5ms)
[2026-04-30 10:25:54,819] [DEBUG] [DBG][104] 6/6 actuator 시작
[2026-04-30 10:25:54,820] [DEBUG] [DBG][104] 6/6 actuator 완료 (0.4ms)
[2026-04-30 10:25:54,853] [DEBUG] [DBG][105] 루프 시작
[2026-04-30 10:25:54,854] [DEBUG] [DBG][105] 1/6 capture 시작
[2026-04-30 10:25:54,867] [DEBUG] [DBG][105] 1/6 capture 완료 (13.4ms)
[2026-04-30 10:25:54,868] [DEBUG] [DBG][105] 2/6 preprocess 시작
[2026-04-30 10:25:54,881] [DEBUG] [DBG][105] 2/6 preprocess 완료 (12.6ms)
[2026-04-30 10:25:54,882] [DEBUG] [DBG][105] 3/6 DPU inference 시작
[2026-04-30 10:25:54,899] [DEBUG] [DBG][105] 3/6 DPU inference 완료 (16.8ms)
[2026-04-30 10:25:54,900] [DEBUG] [DBG][105] 4/6 postprocess 시작
[2026-04-30 10:25:54,910] [DEBUG] [DBG][105] 4/6 postprocess 완료 (9.6ms)
[2026-04-30 10:25:54,911] [DEBUG] [DBG][105] 5/6 control 시작
[2026-04-30 10:25:54,912] [DEBUG] [DBG][105] 5/6 control 완료 (0.8ms)
[2026-04-30 10:25:54,913] [DEBUG] [DBG][105] 6/6 actuator 시작
[2026-04-30 10:25:54,913] [DEBUG] [DBG][105] 6/6 actuator 완료 (0.6ms)
[2026-04-30 10:25:55,409] [DEBUG] [DBG][106] 루프 시작
[2026-04-30 10:25:55,409] [DEBUG] [DBG][106] 1/6 capture 시작
[2026-04-30 10:25:55,423] [DEBUG] [DBG][106] 1/6 capture 완료 (13.4ms)
[2026-04-30 10:25:55,424] [DEBUG] [DBG][106] 2/6 preprocess 시작
[2026-04-30 10:25:55,438] [DEBUG] [DBG][106] 2/6 preprocess 완료 (13.8ms)
[2026-04-30 10:25:55,439] [DEBUG] [DBG][106] 3/6 DPU inference 시작
[2026-04-30 10:25:55,457] [DEBUG] [DBG][106] 3/6 DPU inference 완료 (18.1ms)
[2026-04-30 10:25:55,458] [DEBUG] [DBG][106] 4/6 postprocess 시작
[2026-04-30 10:25:55,473] [DEBUG] [DBG][106] 4/6 postprocess 완료 (15.1ms)
[2026-04-30 10:25:55,475] [DEBUG] [DBG][106] 5/6 control 시작
[2026-04-30 10:25:55,475] [DEBUG] [DBG][106] 5/6 control 완료 (0.7ms)
[2026-04-30 10:25:55,476] [DEBUG] [DBG][106] 6/6 actuator 시작
[2026-04-30 10:25:55,476] [DEBUG] [DBG][106] 6/6 actuator 완료 (0.5ms)
[2026-04-30 10:25:55,510] [DEBUG] [DBG][107] 루프 시작
[2026-04-30 10:25:55,511] [DEBUG] [DBG][107] 1/6 capture 시작
[2026-04-30 10:25:55,532] [DEBUG] [DBG][107] 1/6 capture 완료 (21.1ms)
[2026-04-30 10:25:55,533] [DEBUG] [DBG][107] 2/6 preprocess 시작
[2026-04-30 10:25:55,547] [DEBUG] [DBG][107] 2/6 preprocess 완료 (13.0ms)
[2026-04-30 10:25:55,548] [DEBUG] [DBG][107] 3/6 DPU inference 시작
[2026-04-30 10:25:55,565] [DEBUG] [DBG][107] 3/6 DPU inference 완료 (16.7ms)
[2026-04-30 10:25:55,566] [DEBUG] [DBG][107] 4/6 postprocess 시작
[2026-04-30 10:25:55,580] [DEBUG] [DBG][107] 4/6 postprocess 완료 (13.5ms)
[2026-04-30 10:25:55,581] [DEBUG] [DBG][107] 5/6 control 시작
[2026-04-30 10:25:55,582] [DEBUG] [DBG][107] 5/6 control 완료 (0.6ms)
[2026-04-30 10:25:55,582] [DEBUG] [DBG][107] 6/6 actuator 시작
[2026-04-30 10:25:55,582] [DEBUG] [DBG][107] 6/6 actuator 완료 (0.4ms)
[2026-04-30 10:25:55,610] [DEBUG] [DBG][108] 루프 시작
[2026-04-30 10:25:55,611] [DEBUG] [DBG][108] 1/6 capture 시작
[2026-04-30 10:25:55,626] [DEBUG] [DBG][108] 1/6 capture 완료 (15.2ms)
[2026-04-30 10:25:55,627] [DEBUG] [DBG][108] 2/6 preprocess 시작
[2026-04-30 10:25:55,642] [DEBUG] [DBG][108] 2/6 preprocess 완료 (14.7ms)
[2026-04-30 10:25:55,644] [DEBUG] [DBG][108] 3/6 DPU inference 시작
[2026-04-30 10:25:55,665] [DEBUG] [DBG][108] 3/6 DPU inference 완료 (20.4ms)
[2026-04-30 10:25:55,666] [DEBUG] [DBG][108] 4/6 postprocess 시작
[2026-04-30 10:25:55,681] [DEBUG] [DBG][108] 4/6 postprocess 완료 (14.8ms)
[2026-04-30 10:25:55,682] [DEBUG] [DBG][108] 5/6 control 시작
[2026-04-30 10:25:55,682] [DEBUG] [DBG][108] 5/6 control 완료 (0.5ms)
[2026-04-30 10:25:55,683] [DEBUG] [DBG][108] 6/6 actuator 시작
[2026-04-30 10:25:55,683] [DEBUG] [DBG][108] 6/6 actuator 완료 (0.6ms)
[2026-04-30 10:25:55,711] [DEBUG] [DBG][109] 루프 시작
[2026-04-30 10:25:55,712] [DEBUG] [DBG][109] 1/6 capture 시작
[2026-04-30 10:25:55,729] [DEBUG] [DBG][109] 1/6 capture 완료 (16.5ms)
[2026-04-30 10:25:55,730] [DEBUG] [DBG][109] 2/6 preprocess 시작
[2026-04-30 10:25:55,743] [DEBUG] [DBG][109] 2/6 preprocess 완료 (12.9ms)
[2026-04-30 10:25:55,745] [DEBUG] [DBG][109] 3/6 DPU inference 시작
[2026-04-30 10:25:55,765] [DEBUG] [DBG][109] 3/6 DPU inference 완료 (19.9ms)
[2026-04-30 10:25:55,767] [DEBUG] [DBG][109] 4/6 postprocess 시작
[2026-04-30 10:25:55,781] [DEBUG] [DBG][109] 4/6 postprocess 완료 (14.0ms)
[2026-04-30 10:25:55,782] [DEBUG] [DBG][109] 5/6 control 시작
[2026-04-30 10:25:55,782] [DEBUG] [DBG][109] 5/6 control 완료 (0.6ms)
[2026-04-30 10:25:55,783] [DEBUG] [DBG][109] 6/6 actuator 시작
[2026-04-30 10:25:55,784] [DEBUG] [DBG][109] 6/6 actuator 완료 (0.6ms)
[2026-04-30 10:25:55,811] [DEBUG] [DBG][110] 루프 시작
[2026-04-30 10:25:55,812] [DEBUG] [DBG][110] 1/6 capture 시작
[2026-04-30 10:25:55,827] [DEBUG] [DBG][110] 1/6 capture 완료 (14.0ms)
[2026-04-30 10:25:55,828] [DEBUG] [DBG][110] 2/6 preprocess 시작
[2026-04-30 10:25:55,842] [DEBUG] [DBG][110] 2/6 preprocess 완료 (14.2ms)
[2026-04-30 10:25:55,843] [DEBUG] [DBG][110] 3/6 DPU inference 시작
[2026-04-30 10:25:55,861] [DEBUG] [DBG][110] 3/6 DPU inference 완료 (18.0ms)
[2026-04-30 10:25:55,862] [DEBUG] [DBG][110] 4/6 postprocess 시작
[2026-04-30 10:25:55,871] [DEBUG] [DBG][110] 4/6 postprocess 완료 (8.7ms)
[2026-04-30 10:25:55,872] [DEBUG] [DBG][110] 5/6 control 시작
[2026-04-30 10:25:55,873] [DEBUG] [DBG][110] 5/6 control 완료 (0.8ms)
[2026-04-30 10:25:55,873] [DEBUG] [DBG][110] 6/6 actuator 시작
[2026-04-30 10:25:55,874] [DEBUG] [DBG][110] 6/6 actuator 완료 (0.4ms)
[2026-04-30 10:25:56,346] [INFO] [0110] cap=14.0ms | pre=14.2ms | inf=18.0ms | post=8.7ms | ctrl=0.8ms | act=0.4ms | total=62.9ms | valid=True | invalid=0 | pixels=47165 | err=-0.291 | steer=-0.116 | speed=0.221 | cur=-0.116 | adc=None
[2026-04-30 10:25:56,810] [INFO] [0110] system: rss=250.8MB | mem_avail=723.2MB | swap_free=510.7MB | load=0.75 0.60 0.53 | temp=hwmon0_temp1_input=55.0C, hwmon1_temp1_input=54.0C, hwmon2_temp1_input=53.3C, hwmon2_temp2_input=52.2C, pl_temp=53.1C, ps_temp=52.8C, remote_temp=52.4C
[2026-04-30 10:25:56,811] [DEBUG] [DBG][111] 루프 시작
[2026-04-30 10:25:56,812] [DEBUG] [DBG][111] 1/6 capture 시작
[2026-04-30 10:25:56,825] [DEBUG] [DBG][111] 1/6 capture 완료 (13.2ms)
[2026-04-30 10:25:56,826] [DEBUG] [DBG][111] 2/6 preprocess 시작
[2026-04-30 10:25:56,839] [DEBUG] [DBG][111] 2/6 preprocess 완료 (12.7ms)
[2026-04-30 10:25:56,840] [DEBUG] [DBG][111] 3/6 DPU inference 시작
[2026-04-30 10:25:56,856] [DEBUG] [DBG][111] 3/6 DPU inference 완료 (16.5ms)
[2026-04-30 10:25:56,857] [DEBUG] [DBG][111] 4/6 postprocess 시작
[2026-04-30 10:25:56,872] [DEBUG] [DBG][111] 4/6 postprocess 완료 (14.7ms)
[2026-04-30 10:25:56,873] [DEBUG] [DBG][111] 5/6 control 시작
[2026-04-30 10:25:56,873] [DEBUG] [DBG][111] 5/6 control 완료 (0.5ms)
[2026-04-30 10:25:56,874] [DEBUG] [DBG][111] 6/6 actuator 시작
[2026-04-30 10:25:56,874] [DEBUG] [DBG][111] 6/6 actuator 완료 (0.3ms)
[2026-04-30 10:25:56,911] [DEBUG] [DBG][112] 루프 시작
[2026-04-30 10:25:56,912] [DEBUG] [DBG][112] 1/6 capture 시작
[2026-04-30 10:25:56,926] [DEBUG] [DBG][112] 1/6 capture 완료 (13.4ms)
[2026-04-30 10:25:56,927] [DEBUG] [DBG][112] 2/6 preprocess 시작
[2026-04-30 10:25:56,939] [DEBUG] [DBG][112] 2/6 preprocess 완료 (12.5ms)
[2026-04-30 10:25:56,940] [DEBUG] [DBG][112] 3/6 DPU inference 시작
[2026-04-30 10:25:56,957] [DEBUG] [DBG][112] 3/6 DPU inference 완료 (16.2ms)
[2026-04-30 10:25:56,958] [DEBUG] [DBG][112] 4/6 postprocess 시작
[2026-04-30 10:25:56,967] [DEBUG] [DBG][112] 4/6 postprocess 완료 (9.2ms)
[2026-04-30 10:25:56,968] [DEBUG] [DBG][112] 5/6 control 시작
[2026-04-30 10:25:56,969] [DEBUG] [DBG][112] 5/6 control 완료 (0.7ms)
[2026-04-30 10:25:56,969] [DEBUG] [DBG][112] 6/6 actuator 시작
[2026-04-30 10:25:56,970] [DEBUG] [DBG][112] 6/6 actuator 완료 (0.6ms)
[2026-04-30 10:25:57,012] [DEBUG] [DBG][113] 루프 시작
[2026-04-30 10:25:57,013] [DEBUG] [DBG][113] 1/6 capture 시작
[2026-04-30 10:25:57,026] [DEBUG] [DBG][113] 1/6 capture 완료 (13.2ms)
[2026-04-30 10:25:57,027] [DEBUG] [DBG][113] 2/6 preprocess 시작
[2026-04-30 10:25:57,040] [DEBUG] [DBG][113] 2/6 preprocess 완료 (12.2ms)
[2026-04-30 10:25:57,041] [DEBUG] [DBG][113] 3/6 DPU inference 시작
[2026-04-30 10:25:57,061] [DEBUG] [DBG][113] 3/6 DPU inference 완료 (20.4ms)
[2026-04-30 10:25:57,062] [DEBUG] [DBG][113] 4/6 postprocess 시작
[2026-04-30 10:25:57,070] [DEBUG] [DBG][113] 4/6 postprocess 완료 (8.0ms)
[2026-04-30 10:25:57,071] [DEBUG] [DBG][113] 5/6 control 시작
[2026-04-30 10:25:57,072] [DEBUG] [DBG][113] 5/6 control 완료 (0.5ms)
[2026-04-30 10:25:57,072] [DEBUG] [DBG][113] 6/6 actuator 시작
[2026-04-30 10:25:57,072] [DEBUG] [DBG][113] 6/6 actuator 완료 (0.4ms)
[2026-04-30 10:25:57,112] [DEBUG] [DBG][114] 루프 시작
[2026-04-30 10:25:57,113] [DEBUG] [DBG][114] 1/6 capture 시작
[2026-04-30 10:25:57,126] [DEBUG] [DBG][114] 1/6 capture 완료 (13.3ms)
[2026-04-30 10:25:57,127] [DEBUG] [DBG][114] 2/6 preprocess 시작
[2026-04-30 10:25:57,140] [DEBUG] [DBG][114] 2/6 preprocess 완료 (13.2ms)
[2026-04-30 10:25:57,141] [DEBUG] [DBG][114] 3/6 DPU inference 시작
[2026-04-30 10:25:57,158] [DEBUG] [DBG][114] 3/6 DPU inference 완료 (16.1ms)
[2026-04-30 10:25:57,158] [DEBUG] [DBG][114] 4/6 postprocess 시작
[2026-04-30 10:25:57,167] [DEBUG] [DBG][114] 4/6 postprocess 완료 (8.0ms)
[2026-04-30 10:25:57,168] [DEBUG] [DBG][114] 5/6 control 시작
[2026-04-30 10:25:57,169] [DEBUG] [DBG][114] 5/6 control 완료 (0.9ms)
[2026-04-30 10:25:57,169] [DEBUG] [DBG][114] 6/6 actuator 시작
[2026-04-30 10:25:57,170] [DEBUG] [DBG][114] 6/6 actuator 완료 (0.9ms)
[2026-04-30 10:25:57,212] [DEBUG] [DBG][115] 루프 시작
[2026-04-30 10:25:57,213] [DEBUG] [DBG][115] 1/6 capture 시작
[2026-04-30 10:25:57,226] [DEBUG] [DBG][115] 1/6 capture 완료 (13.1ms)
[2026-04-30 10:25:57,227] [DEBUG] [DBG][115] 2/6 preprocess 시작
[2026-04-30 10:25:57,240] [DEBUG] [DBG][115] 2/6 preprocess 완료 (12.6ms)
[2026-04-30 10:25:57,241] [DEBUG] [DBG][115] 3/6 DPU inference 시작
[2026-04-30 10:25:57,257] [DEBUG] [DBG][115] 3/6 DPU inference 완료 (16.1ms)
[2026-04-30 10:25:57,258] [DEBUG] [DBG][115] 4/6 postprocess 시작
[2026-04-30 10:25:57,270] [DEBUG] [DBG][115] 4/6 postprocess 완료 (12.0ms)
[2026-04-30 10:25:57,272] [DEBUG] [DBG][115] 5/6 control 시작
[2026-04-30 10:25:57,272] [DEBUG] [DBG][115] 5/6 control 완료 (0.9ms)
[2026-04-30 10:25:57,273] [DEBUG] [DBG][115] 6/6 actuator 시작
[2026-04-30 10:25:57,274] [DEBUG] [DBG][115] 6/6 actuator 완료 (0.6ms)
[2026-04-30 10:25:57,770] [DEBUG] [DBG][116] 루프 시작
[2026-04-30 10:25:57,771] [DEBUG] [DBG][116] 1/6 capture 시작
[2026-04-30 10:25:57,788] [DEBUG] [DBG][116] 1/6 capture 완료 (17.4ms)
[2026-04-30 10:25:57,789] [DEBUG] [DBG][116] 2/6 preprocess 시작
[2026-04-30 10:25:57,803] [DEBUG] [DBG][116] 2/6 preprocess 완료 (13.6ms)
[2026-04-30 10:25:57,804] [DEBUG] [DBG][116] 3/6 DPU inference 시작
[2026-04-30 10:25:57,821] [DEBUG] [DBG][116] 3/6 DPU inference 완료 (17.1ms)
[2026-04-30 10:25:57,822] [DEBUG] [DBG][116] 4/6 postprocess 시작
[2026-04-30 10:25:57,831] [DEBUG] [DBG][116] 4/6 postprocess 완료 (8.6ms)
[2026-04-30 10:25:57,833] [DEBUG] [DBG][116] 5/6 control 시작
[2026-04-30 10:25:57,835] [DEBUG] [DBG][116] 5/6 control 완료 (1.9ms)
[2026-04-30 10:25:57,837] [DEBUG] [DBG][116] 6/6 actuator 시작
[2026-04-30 10:25:57,839] [DEBUG] [DBG][116] 6/6 actuator 완료 (1.6ms)
[2026-04-30 10:25:57,870] [DEBUG] [DBG][117] 루프 시작
[2026-04-30 10:25:57,871] [DEBUG] [DBG][117] 1/6 capture 시작
[2026-04-30 10:25:57,886] [DEBUG] [DBG][117] 1/6 capture 완료 (14.5ms)
[2026-04-30 10:25:57,887] [DEBUG] [DBG][117] 2/6 preprocess 시작
[2026-04-30 10:25:57,901] [DEBUG] [DBG][117] 2/6 preprocess 완료 (14.2ms)
[2026-04-30 10:25:57,902] [DEBUG] [DBG][117] 3/6 DPU inference 시작
[2026-04-30 10:25:57,922] [DEBUG] [DBG][117] 3/6 DPU inference 완료 (20.2ms)
[2026-04-30 10:25:57,923] [DEBUG] [DBG][117] 4/6 postprocess 시작
[2026-04-30 10:25:57,935] [DEBUG] [DBG][117] 4/6 postprocess 완료 (11.6ms)
[2026-04-30 10:25:57,936] [DEBUG] [DBG][117] 5/6 control 시작
[2026-04-30 10:25:57,937] [DEBUG] [DBG][117] 5/6 control 완료 (0.7ms)
[2026-04-30 10:25:57,937] [DEBUG] [DBG][117] 6/6 actuator 시작
[2026-04-30 10:25:57,938] [DEBUG] [DBG][117] 6/6 actuator 완료 (0.5ms)
[2026-04-30 10:25:57,970] [DEBUG] [DBG][118] 루프 시작
[2026-04-30 10:25:57,971] [DEBUG] [DBG][118] 1/6 capture 시작
[2026-04-30 10:25:57,986] [DEBUG] [DBG][118] 1/6 capture 완료 (14.4ms)
[2026-04-30 10:25:57,987] [DEBUG] [DBG][118] 2/6 preprocess 시작
[2026-04-30 10:25:58,003] [DEBUG] [DBG][118] 2/6 preprocess 완료 (16.5ms)
[2026-04-30 10:25:58,004] [DEBUG] [DBG][118] 3/6 DPU inference 시작
[2026-04-30 10:25:58,023] [DEBUG] [DBG][118] 3/6 DPU inference 완료 (18.9ms)
[2026-04-30 10:25:58,024] [DEBUG] [DBG][118] 4/6 postprocess 시작
[2026-04-30 10:25:58,034] [DEBUG] [DBG][118] 4/6 postprocess 완료 (9.2ms)
[2026-04-30 10:25:58,035] [DEBUG] [DBG][118] 5/6 control 시작
[2026-04-30 10:25:58,036] [DEBUG] [DBG][118] 5/6 control 완료 (1.4ms)
[2026-04-30 10:25:58,037] [DEBUG] [DBG][118] 6/6 actuator 시작
[2026-04-30 10:25:58,038] [DEBUG] [DBG][118] 6/6 actuator 완료 (1.0ms)
[2026-04-30 10:25:58,070] [DEBUG] [DBG][119] 루프 시작
[2026-04-30 10:25:58,071] [DEBUG] [DBG][119] 1/6 capture 시작
[2026-04-30 10:25:58,087] [DEBUG] [DBG][119] 1/6 capture 완료 (15.9ms)
[2026-04-30 10:25:58,088] [DEBUG] [DBG][119] 2/6 preprocess 시작
[2026-04-30 10:25:58,103] [DEBUG] [DBG][119] 2/6 preprocess 완료 (14.4ms)
[2026-04-30 10:25:58,104] [DEBUG] [DBG][119] 3/6 DPU inference 시작
[2026-04-30 10:25:58,121] [DEBUG] [DBG][119] 3/6 DPU inference 완료 (16.4ms)
[2026-04-30 10:25:58,122] [DEBUG] [DBG][119] 4/6 postprocess 시작
[2026-04-30 10:25:58,131] [DEBUG] [DBG][119] 4/6 postprocess 완료 (9.1ms)
[2026-04-30 10:25:58,133] [DEBUG] [DBG][119] 5/6 control 시작
[2026-04-30 10:25:58,133] [DEBUG] [DBG][119] 5/6 control 완료 (0.7ms)
[2026-04-30 10:25:58,134] [DEBUG] [DBG][119] 6/6 actuator 시작
[2026-04-30 10:25:58,134] [DEBUG] [DBG][119] 6/6 actuator 완료 (0.5ms)
[2026-04-30 10:25:58,170] [DEBUG] [DBG][120] 루프 시작
[2026-04-30 10:25:58,172] [DEBUG] [DBG][120] 1/6 capture 시작
[2026-04-30 10:25:58,186] [DEBUG] [DBG][120] 1/6 capture 완료 (13.9ms)
[2026-04-30 10:25:58,188] [DEBUG] [DBG][120] 2/6 preprocess 시작
[2026-04-30 10:25:58,204] [DEBUG] [DBG][120] 2/6 preprocess 완료 (16.1ms)
[2026-04-30 10:25:58,206] [DEBUG] [DBG][120] 3/6 DPU inference 시작
[2026-04-30 10:25:58,222] [DEBUG] [DBG][120] 3/6 DPU inference 완료 (16.8ms)
[2026-04-30 10:25:58,223] [DEBUG] [DBG][120] 4/6 postprocess 시작
[2026-04-30 10:25:58,234] [DEBUG] [DBG][120] 4/6 postprocess 완료 (10.6ms)
[2026-04-30 10:25:58,236] [DEBUG] [DBG][120] 5/6 control 시작
[2026-04-30 10:25:58,237] [DEBUG] [DBG][120] 5/6 control 완료 (1.4ms)
[2026-04-30 10:25:58,238] [DEBUG] [DBG][120] 6/6 actuator 시작
[2026-04-30 10:25:58,239] [DEBUG] [DBG][120] 6/6 actuator 완료 (0.9ms)
[2026-04-30 10:25:58,741] [INFO] [0120] cap=13.9ms | pre=16.1ms | inf=16.8ms | post=10.6ms | ctrl=1.4ms | act=0.9ms | total=70.4ms | valid=True | invalid=0 | pixels=51104 | err=-0.272 | steer=-0.109 | speed=0.223 | cur=-0.109 | adc=None
[2026-04-30 10:25:59,204] [INFO] [0120] system: rss=250.7MB | mem_avail=723.1MB | swap_free=510.7MB | load=0.75 0.60 0.53 | temp=hwmon0_temp1_input=55.0C, hwmon1_temp1_input=54.0C, hwmon2_temp1_input=52.6C, hwmon2_temp2_input=53.1C, pl_temp=53.2C, ps_temp=53.2C, remote_temp=53.9C
[2026-04-30 10:25:59,205] [DEBUG] [DBG][121] 루프 시작
[2026-04-30 10:25:59,206] [DEBUG] [DBG][121] 1/6 capture 시작
[2026-04-30 10:25:59,219] [DEBUG] [DBG][121] 1/6 capture 완료 (13.3ms)
[2026-04-30 10:25:59,221] [DEBUG] [DBG][121] 2/6 preprocess 시작
[2026-04-30 10:25:59,234] [DEBUG] [DBG][121] 2/6 preprocess 완료 (13.5ms)
[2026-04-30 10:25:59,236] [DEBUG] [DBG][121] 3/6 DPU inference 시작
[2026-04-30 10:25:59,253] [DEBUG] [DBG][121] 3/6 DPU inference 완료 (16.9ms)
[2026-04-30 10:25:59,254] [DEBUG] [DBG][121] 4/6 postprocess 시작
[2026-04-30 10:25:59,262] [DEBUG] [DBG][121] 4/6 postprocess 완료 (8.1ms)
[2026-04-30 10:25:59,264] [DEBUG] [DBG][121] 5/6 control 시작
[2026-04-30 10:25:59,264] [DEBUG] [DBG][121] 5/6 control 완료 (0.8ms)
[2026-04-30 10:25:59,265] [DEBUG] [DBG][121] 6/6 actuator 시작
[2026-04-30 10:25:59,266] [DEBUG] [DBG][121] 6/6 actuator 완료 (0.5ms)
[2026-04-30 10:25:59,306] [DEBUG] [DBG][122] 루프 시작
[2026-04-30 10:25:59,307] [DEBUG] [DBG][122] 1/6 capture 시작
[2026-04-30 10:25:59,320] [DEBUG] [DBG][122] 1/6 capture 완료 (13.4ms)
[2026-04-30 10:25:59,322] [DEBUG] [DBG][122] 2/6 preprocess 시작
[2026-04-30 10:25:59,335] [DEBUG] [DBG][122] 2/6 preprocess 완료 (13.3ms)
[2026-04-30 10:25:59,337] [DEBUG] [DBG][122] 3/6 DPU inference 시작
[2026-04-30 10:25:59,356] [DEBUG] [DBG][122] 3/6 DPU inference 완료 (19.0ms)
[2026-04-30 10:25:59,358] [DEBUG] [DBG][122] 4/6 postprocess 시작
[2026-04-30 10:25:59,368] [DEBUG] [DBG][122] 4/6 postprocess 완료 (10.4ms)
[2026-04-30 10:25:59,369] [DEBUG] [DBG][122] 5/6 control 시작
[2026-04-30 10:25:59,370] [DEBUG] [DBG][122] 5/6 control 완료 (0.7ms)
[2026-04-30 10:25:59,371] [DEBUG] [DBG][122] 6/6 actuator 시작
[2026-04-30 10:25:59,371] [DEBUG] [DBG][122] 6/6 actuator 완료 (0.5ms)
[2026-04-30 10:25:59,406] [DEBUG] [DBG][123] 루프 시작
[2026-04-30 10:25:59,407] [DEBUG] [DBG][123] 1/6 capture 시작
[2026-04-30 10:25:59,421] [DEBUG] [DBG][123] 1/6 capture 완료 (13.5ms)
[2026-04-30 10:25:59,422] [DEBUG] [DBG][123] 2/6 preprocess 시작
[2026-04-30 10:25:59,435] [DEBUG] [DBG][123] 2/6 preprocess 완료 (13.0ms)
[2026-04-30 10:25:59,437] [DEBUG] [DBG][123] 3/6 DPU inference 시작
[2026-04-30 10:25:59,454] [DEBUG] [DBG][123] 3/6 DPU inference 완료 (17.6ms)
[2026-04-30 10:25:59,456] [DEBUG] [DBG][123] 4/6 postprocess 시작
[2026-04-30 10:25:59,465] [DEBUG] [DBG][123] 4/6 postprocess 완료 (8.6ms)
[2026-04-30 10:25:59,466] [DEBUG] [DBG][123] 5/6 control 시작
[2026-04-30 10:25:59,466] [DEBUG] [DBG][123] 5/6 control 완료 (0.6ms)
[2026-04-30 10:25:59,467] [DEBUG] [DBG][123] 6/6 actuator 시작
[2026-04-30 10:25:59,467] [DEBUG] [DBG][123] 6/6 actuator 완료 (0.5ms)
[2026-04-30 10:25:59,506] [DEBUG] [DBG][124] 루프 시작
[2026-04-30 10:25:59,508] [DEBUG] [DBG][124] 1/6 capture 시작
[2026-04-30 10:25:59,523] [DEBUG] [DBG][124] 1/6 capture 완료 (15.4ms)
[2026-04-30 10:25:59,525] [DEBUG] [DBG][124] 2/6 preprocess 시작
[2026-04-30 10:25:59,538] [DEBUG] [DBG][124] 2/6 preprocess 완료 (13.2ms)
[2026-04-30 10:25:59,540] [DEBUG] [DBG][124] 3/6 DPU inference 시작
[2026-04-30 10:25:59,557] [DEBUG] [DBG][124] 3/6 DPU inference 완료 (17.0ms)
[2026-04-30 10:25:59,558] [DEBUG] [DBG][124] 4/6 postprocess 시작
[2026-04-30 10:25:59,567] [DEBUG] [DBG][124] 4/6 postprocess 완료 (8.5ms)
[2026-04-30 10:25:59,568] [DEBUG] [DBG][124] 5/6 control 시작
[2026-04-30 10:25:59,569] [DEBUG] [DBG][124] 5/6 control 완료 (1.1ms)
[2026-04-30 10:25:59,570] [DEBUG] [DBG][124] 6/6 actuator 시작
[2026-04-30 10:25:59,570] [DEBUG] [DBG][124] 6/6 actuator 완료 (0.5ms)
[2026-04-30 10:25:59,606] [DEBUG] [DBG][125] 루프 시작
[2026-04-30 10:25:59,607] [DEBUG] [DBG][125] 1/6 capture 시작
[2026-04-30 10:25:59,621] [DEBUG] [DBG][125] 1/6 capture 완료 (13.9ms)
[2026-04-30 10:25:59,623] [DEBUG] [DBG][125] 2/6 preprocess 시작
[2026-04-30 10:25:59,636] [DEBUG] [DBG][125] 2/6 preprocess 완료 (13.0ms)
[2026-04-30 10:25:59,637] [DEBUG] [DBG][125] 3/6 DPU inference 시작
[2026-04-30 10:25:59,654] [DEBUG] [DBG][125] 3/6 DPU inference 완료 (16.3ms)
[2026-04-30 10:25:59,655] [DEBUG] [DBG][125] 4/6 postprocess 시작
[2026-04-30 10:25:59,664] [DEBUG] [DBG][125] 4/6 postprocess 완료 (8.1ms)
[2026-04-30 10:25:59,665] [DEBUG] [DBG][125] 5/6 control 시작
[2026-04-30 10:25:59,666] [DEBUG] [DBG][125] 5/6 control 완료 (1.0ms)
[2026-04-30 10:25:59,667] [DEBUG] [DBG][125] 6/6 actuator 시작
[2026-04-30 10:25:59,668] [DEBUG] [DBG][125] 6/6 actuator 완료 (0.8ms)
[2026-04-30 10:26:00,167] [DEBUG] [DBG][126] 루프 시작
[2026-04-30 10:26:00,168] [DEBUG] [DBG][126] 1/6 capture 시작
[2026-04-30 10:26:00,181] [DEBUG] [DBG][126] 1/6 capture 완료 (13.3ms)
[2026-04-30 10:26:00,182] [DEBUG] [DBG][126] 2/6 preprocess 시작
[2026-04-30 10:26:00,197] [DEBUG] [DBG][126] 2/6 preprocess 완료 (14.7ms)
[2026-04-30 10:26:00,198] [DEBUG] [DBG][126] 3/6 DPU inference 시작
[2026-04-30 10:26:00,215] [DEBUG] [DBG][126] 3/6 DPU inference 완료 (16.1ms)
[2026-04-30 10:26:00,216] [DEBUG] [DBG][126] 4/6 postprocess 시작
[2026-04-30 10:26:00,224] [DEBUG] [DBG][126] 4/6 postprocess 완료 (7.9ms)
[2026-04-30 10:26:00,225] [DEBUG] [DBG][126] 5/6 control 시작
[2026-04-30 10:26:00,226] [DEBUG] [DBG][126] 5/6 control 완료 (0.9ms)
[2026-04-30 10:26:00,227] [DEBUG] [DBG][126] 6/6 actuator 시작
[2026-04-30 10:26:00,227] [DEBUG] [DBG][126] 6/6 actuator 완료 (0.6ms)
[2026-04-30 10:26:00,267] [DEBUG] [DBG][127] 루프 시작
[2026-04-30 10:26:00,268] [DEBUG] [DBG][127] 1/6 capture 시작
[2026-04-30 10:26:00,281] [DEBUG] [DBG][127] 1/6 capture 완료 (13.2ms)
[2026-04-30 10:26:00,283] [DEBUG] [DBG][127] 2/6 preprocess 시작
[2026-04-30 10:26:00,296] [DEBUG] [DBG][127] 2/6 preprocess 완료 (13.2ms)
[2026-04-30 10:26:00,297] [DEBUG] [DBG][127] 3/6 DPU inference 시작
[2026-04-30 10:26:00,314] [DEBUG] [DBG][127] 3/6 DPU inference 완료 (16.6ms)
[2026-04-30 10:26:00,315] [DEBUG] [DBG][127] 4/6 postprocess 시작
[2026-04-30 10:26:00,325] [DEBUG] [DBG][127] 4/6 postprocess 완료 (9.7ms)
[2026-04-30 10:26:00,326] [DEBUG] [DBG][127] 5/6 control 시작
[2026-04-30 10:26:00,327] [DEBUG] [DBG][127] 5/6 control 완료 (0.7ms)
[2026-04-30 10:26:00,328] [DEBUG] [DBG][127] 6/6 actuator 시작
[2026-04-30 10:26:00,328] [DEBUG] [DBG][127] 6/6 actuator 완료 (0.5ms)
[2026-04-30 10:26:00,367] [DEBUG] [DBG][128] 루프 시작
[2026-04-30 10:26:00,368] [DEBUG] [DBG][128] 1/6 capture 시작
[2026-04-30 10:26:00,382] [DEBUG] [DBG][128] 1/6 capture 완료 (14.1ms)
[2026-04-30 10:26:00,383] [DEBUG] [DBG][128] 2/6 preprocess 시작
[2026-04-30 10:26:00,398] [DEBUG] [DBG][128] 2/6 preprocess 완료 (14.6ms)
[2026-04-30 10:26:00,399] [DEBUG] [DBG][128] 3/6 DPU inference 시작
[2026-04-30 10:26:00,415] [DEBUG] [DBG][128] 3/6 DPU inference 완료 (16.1ms)
[2026-04-30 10:26:00,416] [DEBUG] [DBG][128] 4/6 postprocess 시작
[2026-04-30 10:26:00,425] [DEBUG] [DBG][128] 4/6 postprocess 완료 (9.2ms)
[2026-04-30 10:26:00,427] [DEBUG] [DBG][128] 5/6 control 시작
[2026-04-30 10:26:00,428] [DEBUG] [DBG][128] 5/6 control 완료 (0.8ms)
[2026-04-30 10:26:00,429] [DEBUG] [DBG][128] 6/6 actuator 시작
[2026-04-30 10:26:00,429] [DEBUG] [DBG][128] 6/6 actuator 완료 (0.4ms)
[2026-04-30 10:26:00,467] [DEBUG] [DBG][129] 루프 시작
[2026-04-30 10:26:00,468] [DEBUG] [DBG][129] 1/6 capture 시작
[2026-04-30 10:26:00,494] [DEBUG] [DBG][129] 1/6 capture 완료 (25.7ms)
[2026-04-30 10:26:00,496] [DEBUG] [DBG][129] 2/6 preprocess 시작
[2026-04-30 10:26:00,511] [DEBUG] [DBG][129] 2/6 preprocess 완료 (15.1ms)
[2026-04-30 10:26:00,512] [DEBUG] [DBG][129] 3/6 DPU inference 시작
[2026-04-30 10:26:00,529] [DEBUG] [DBG][129] 3/6 DPU inference 완료 (16.9ms)
[2026-04-30 10:26:00,530] [DEBUG] [DBG][129] 4/6 postprocess 시작
[2026-04-30 10:26:00,555] [DEBUG] [DBG][129] 4/6 postprocess 완료 (24.3ms)
[2026-04-30 10:26:00,557] [DEBUG] [DBG][129] 5/6 control 시작
[2026-04-30 10:26:00,558] [DEBUG] [DBG][129] 5/6 control 완료 (1.0ms)
[2026-04-30 10:26:00,558] [DEBUG] [DBG][129] 6/6 actuator 시작
[2026-04-30 10:26:00,559] [DEBUG] [DBG][129] 6/6 actuator 완료 (0.5ms)
[2026-04-30 10:26:00,567] [DEBUG] [DBG][130] 루프 시작
[2026-04-30 10:26:00,568] [DEBUG] [DBG][130] 1/6 capture 시작
[2026-04-30 10:26:00,585] [DEBUG] [DBG][130] 1/6 capture 완료 (16.0ms)
[2026-04-30 10:26:00,586] [DEBUG] [DBG][130] 2/6 preprocess 시작
[2026-04-30 10:26:00,602] [DEBUG] [DBG][130] 2/6 preprocess 완료 (15.8ms)
[2026-04-30 10:26:00,604] [DEBUG] [DBG][130] 3/6 DPU inference 시작
[2026-04-30 10:26:00,625] [DEBUG] [DBG][130] 3/6 DPU inference 완료 (20.4ms)
[2026-04-30 10:26:00,626] [DEBUG] [DBG][130] 4/6 postprocess 시작
[2026-04-30 10:26:00,638] [DEBUG] [DBG][130] 4/6 postprocess 완료 (12.1ms)
[2026-04-30 10:26:00,639] [DEBUG] [DBG][130] 5/6 control 시작
[2026-04-30 10:26:00,640] [DEBUG] [DBG][130] 5/6 control 완료 (0.7ms)
[2026-04-30 10:26:00,640] [DEBUG] [DBG][130] 6/6 actuator 시작
[2026-04-30 10:26:00,641] [DEBUG] [DBG][130] 6/6 actuator 완료 (0.4ms)
[2026-04-30 10:26:01,126] [INFO] [0130] cap=16.0ms | pre=15.8ms | inf=20.4ms | post=12.1ms | ctrl=0.7ms | act=0.4ms | total=74.0ms | valid=True | invalid=0 | pixels=52485 | err=-0.275 | steer=-0.110 | speed=0.223 | cur=-0.110 | adc=None
[2026-04-30 10:26:01,610] [INFO] [0130] system: rss=251.1MB | mem_avail=721.6MB | swap_free=510.7MB | load=0.75 0.60 0.53 | temp=hwmon0_temp1_input=55.0C, hwmon1_temp1_input=54.0C, hwmon2_temp1_input=53.3C, hwmon2_temp2_input=52.1C, pl_temp=53.0C, ps_temp=52.3C, remote_temp=52.9C
[2026-04-30 10:26:01,611] [DEBUG] [DBG][131] 루프 시작
[2026-04-30 10:26:01,612] [DEBUG] [DBG][131] 1/6 capture 시작
[2026-04-30 10:26:01,630] [DEBUG] [DBG][131] 1/6 capture 완료 (17.7ms)
[2026-04-30 10:26:01,631] [DEBUG] [DBG][131] 2/6 preprocess 시작
[2026-04-30 10:26:01,645] [DEBUG] [DBG][131] 2/6 preprocess 완료 (13.9ms)
[2026-04-30 10:26:01,646] [DEBUG] [DBG][131] 3/6 DPU inference 시작
[2026-04-30 10:26:01,665] [DEBUG] [DBG][131] 3/6 DPU inference 완료 (19.0ms)
[2026-04-30 10:26:01,666] [DEBUG] [DBG][131] 4/6 postprocess 시작
[2026-04-30 10:26:01,675] [DEBUG] [DBG][131] 4/6 postprocess 완료 (8.8ms)
[2026-04-30 10:26:01,676] [DEBUG] [DBG][131] 5/6 control 시작
[2026-04-30 10:26:01,677] [DEBUG] [DBG][131] 5/6 control 완료 (1.0ms)
[2026-04-30 10:26:01,677] [DEBUG] [DBG][131] 6/6 actuator 시작
[2026-04-30 10:26:01,678] [DEBUG] [DBG][131] 6/6 actuator 완료 (0.4ms)
[2026-04-30 10:26:01,711] [DEBUG] [DBG][132] 루프 시작
[2026-04-30 10:26:01,713] [DEBUG] [DBG][132] 1/6 capture 시작
[2026-04-30 10:26:01,727] [DEBUG] [DBG][132] 1/6 capture 완료 (14.2ms)
[2026-04-30 10:26:01,728] [DEBUG] [DBG][132] 2/6 preprocess 시작
[2026-04-30 10:26:01,742] [DEBUG] [DBG][132] 2/6 preprocess 완료 (14.2ms)
[2026-04-30 10:26:01,743] [DEBUG] [DBG][132] 3/6 DPU inference 시작
[2026-04-30 10:26:01,761] [DEBUG] [DBG][132] 3/6 DPU inference 완료 (17.9ms)
[2026-04-30 10:26:01,762] [DEBUG] [DBG][132] 4/6 postprocess 시작
[2026-04-30 10:26:01,772] [DEBUG] [DBG][132] 4/6 postprocess 완료 (9.6ms)
[2026-04-30 10:26:01,773] [DEBUG] [DBG][132] 5/6 control 시작
[2026-04-30 10:26:01,774] [DEBUG] [DBG][132] 5/6 control 완료 (0.7ms)
[2026-04-30 10:26:01,774] [DEBUG] [DBG][132] 6/6 actuator 시작
[2026-04-30 10:26:01,775] [DEBUG] [DBG][132] 6/6 actuator 완료 (0.3ms)
[2026-04-30 10:26:01,812] [DEBUG] [DBG][133] 루프 시작
[2026-04-30 10:26:01,813] [DEBUG] [DBG][133] 1/6 capture 시작
[2026-04-30 10:26:01,829] [DEBUG] [DBG][133] 1/6 capture 완료 (15.8ms)
[2026-04-30 10:26:01,830] [DEBUG] [DBG][133] 2/6 preprocess 시작
[2026-04-30 10:26:01,844] [DEBUG] [DBG][133] 2/6 preprocess 완료 (13.5ms)
[2026-04-30 10:26:01,845] [DEBUG] [DBG][133] 3/6 DPU inference 시작
[2026-04-30 10:26:01,864] [DEBUG] [DBG][133] 3/6 DPU inference 완료 (18.8ms)
[2026-04-30 10:26:01,865] [DEBUG] [DBG][133] 4/6 postprocess 시작
[2026-04-30 10:26:01,874] [DEBUG] [DBG][133] 4/6 postprocess 완료 (9.2ms)
[2026-04-30 10:26:01,876] [DEBUG] [DBG][133] 5/6 control 시작
[2026-04-30 10:26:01,876] [DEBUG] [DBG][133] 5/6 control 완료 (0.7ms)
[2026-04-30 10:26:01,877] [DEBUG] [DBG][133] 6/6 actuator 시작
[2026-04-30 10:26:01,877] [DEBUG] [DBG][133] 6/6 actuator 완료 (0.4ms)
[2026-04-30 10:26:01,912] [DEBUG] [DBG][134] 루프 시작
[2026-04-30 10:26:01,913] [DEBUG] [DBG][134] 1/6 capture 시작
[2026-04-30 10:26:01,926] [DEBUG] [DBG][134] 1/6 capture 완료 (13.5ms)
[2026-04-30 10:26:01,927] [DEBUG] [DBG][134] 2/6 preprocess 시작
[2026-04-30 10:26:01,941] [DEBUG] [DBG][134] 2/6 preprocess 완료 (12.9ms)
[2026-04-30 10:26:01,942] [DEBUG] [DBG][134] 3/6 DPU inference 시작
[2026-04-30 10:26:01,958] [DEBUG] [DBG][134] 3/6 DPU inference 완료 (16.4ms)
[2026-04-30 10:26:01,960] [DEBUG] [DBG][134] 4/6 postprocess 시작
[2026-04-30 10:26:01,972] [DEBUG] [DBG][134] 4/6 postprocess 완료 (12.4ms)
[2026-04-30 10:26:01,974] [DEBUG] [DBG][134] 5/6 control 시작
[2026-04-30 10:26:01,975] [DEBUG] [DBG][134] 5/6 control 완료 (1.1ms)
[2026-04-30 10:26:01,976] [DEBUG] [DBG][134] 6/6 actuator 시작
[2026-04-30 10:26:01,977] [DEBUG] [DBG][134] 6/6 actuator 완료 (0.8ms)
[2026-04-30 10:26:02,012] [DEBUG] [DBG][135] 루프 시작
[2026-04-30 10:26:02,013] [DEBUG] [DBG][135] 1/6 capture 시작
[2026-04-30 10:26:02,027] [DEBUG] [DBG][135] 1/6 capture 완료 (14.0ms)
[2026-04-30 10:26:02,028] [DEBUG] [DBG][135] 2/6 preprocess 시작
[2026-04-30 10:26:02,046] [DEBUG] [DBG][135] 2/6 preprocess 완료 (17.3ms)
[2026-04-30 10:26:02,047] [DEBUG] [DBG][135] 3/6 DPU inference 시작
[2026-04-30 10:26:02,065] [DEBUG] [DBG][135] 3/6 DPU inference 완료 (17.7ms)
[2026-04-30 10:26:02,066] [DEBUG] [DBG][135] 4/6 postprocess 시작
[2026-04-30 10:26:02,076] [DEBUG] [DBG][135] 4/6 postprocess 완료 (9.9ms)
[2026-04-30 10:26:02,077] [DEBUG] [DBG][135] 5/6 control 시작
[2026-04-30 10:26:02,077] [DEBUG] [DBG][135] 5/6 control 완료 (0.7ms)
[2026-04-30 10:26:02,078] [DEBUG] [DBG][135] 6/6 actuator 시작
[2026-04-30 10:26:02,078] [DEBUG] [DBG][135] 6/6 actuator 완료 (0.4ms)
[2026-04-30 10:26:02,564] [DEBUG] [DBG][136] 루프 시작
[2026-04-30 10:26:02,565] [DEBUG] [DBG][136] 1/6 capture 시작
[2026-04-30 10:26:02,579] [DEBUG] [DBG][136] 1/6 capture 완료 (14.0ms)
[2026-04-30 10:26:02,580] [DEBUG] [DBG][136] 2/6 preprocess 시작
[2026-04-30 10:26:02,595] [DEBUG] [DBG][136] 2/6 preprocess 완료 (14.8ms)
[2026-04-30 10:26:02,596] [DEBUG] [DBG][136] 3/6 DPU inference 시작
[2026-04-30 10:26:02,613] [DEBUG] [DBG][136] 3/6 DPU inference 완료 (16.3ms)
[2026-04-30 10:26:02,614] [DEBUG] [DBG][136] 4/6 postprocess 시작
[2026-04-30 10:26:02,626] [DEBUG] [DBG][136] 4/6 postprocess 완료 (12.0ms)
[2026-04-30 10:26:02,627] [DEBUG] [DBG][136] 5/6 control 시작
[2026-04-30 10:26:02,628] [DEBUG] [DBG][136] 5/6 control 완료 (0.7ms)
[2026-04-30 10:26:02,628] [DEBUG] [DBG][136] 6/6 actuator 시작
[2026-04-30 10:26:02,629] [DEBUG] [DBG][136] 6/6 actuator 완료 (0.5ms)
[2026-04-30 10:26:02,664] [DEBUG] [DBG][137] 루프 시작
[2026-04-30 10:26:02,665] [DEBUG] [DBG][137] 1/6 capture 시작
[2026-04-30 10:26:02,681] [DEBUG] [DBG][137] 1/6 capture 완료 (15.2ms)
[2026-04-30 10:26:02,682] [DEBUG] [DBG][137] 2/6 preprocess 시작
[2026-04-30 10:26:02,697] [DEBUG] [DBG][137] 2/6 preprocess 완료 (14.8ms)
[2026-04-30 10:26:02,698] [DEBUG] [DBG][137] 3/6 DPU inference 시작
[2026-04-30 10:26:02,720] [DEBUG] [DBG][137] 3/6 DPU inference 완료 (21.0ms)
[2026-04-30 10:26:02,721] [DEBUG] [DBG][137] 4/6 postprocess 시작
[2026-04-30 10:26:02,729] [DEBUG] [DBG][137] 4/6 postprocess 완료 (8.8ms)
[2026-04-30 10:26:02,730] [DEBUG] [DBG][137] 5/6 control 시작
[2026-04-30 10:26:02,731] [DEBUG] [DBG][137] 5/6 control 완료 (0.5ms)
[2026-04-30 10:26:02,731] [DEBUG] [DBG][137] 6/6 actuator 시작
[2026-04-30 10:26:02,732] [DEBUG] [DBG][137] 6/6 actuator 완료 (0.3ms)
[2026-04-30 10:26:02,764] [DEBUG] [DBG][138] 루프 시작
[2026-04-30 10:26:02,765] [DEBUG] [DBG][138] 1/6 capture 시작
[2026-04-30 10:26:02,779] [DEBUG] [DBG][138] 1/6 capture 완료 (13.5ms)
[2026-04-30 10:26:02,780] [DEBUG] [DBG][138] 2/6 preprocess 시작
[2026-04-30 10:26:02,793] [DEBUG] [DBG][138] 2/6 preprocess 완료 (13.1ms)
[2026-04-30 10:26:02,794] [DEBUG] [DBG][138] 3/6 DPU inference 시작
[2026-04-30 10:26:02,811] [DEBUG] [DBG][138] 3/6 DPU inference 완료 (16.5ms)
[2026-04-30 10:26:02,812] [DEBUG] [DBG][138] 4/6 postprocess 시작
[2026-04-30 10:26:02,830] [DEBUG] [DBG][138] 4/6 postprocess 완료 (18.1ms)
[2026-04-30 10:26:02,831] [DEBUG] [DBG][138] 5/6 control 시작
[2026-04-30 10:26:02,832] [DEBUG] [DBG][138] 5/6 control 완료 (0.7ms)
[2026-04-30 10:26:02,833] [DEBUG] [DBG][138] 6/6 actuator 시작
[2026-04-30 10:26:02,833] [DEBUG] [DBG][138] 6/6 actuator 완료 (0.5ms)
[2026-04-30 10:26:02,864] [DEBUG] [DBG][139] 루프 시작
[2026-04-30 10:26:02,866] [DEBUG] [DBG][139] 1/6 capture 시작
[2026-04-30 10:26:02,880] [DEBUG] [DBG][139] 1/6 capture 완료 (13.8ms)
[2026-04-30 10:26:02,881] [DEBUG] [DBG][139] 2/6 preprocess 시작
[2026-04-30 10:26:02,895] [DEBUG] [DBG][139] 2/6 preprocess 완료 (14.2ms)
[2026-04-30 10:26:02,897] [DEBUG] [DBG][139] 3/6 DPU inference 시작
[2026-04-30 10:26:02,915] [DEBUG] [DBG][139] 3/6 DPU inference 완료 (17.7ms)
[2026-04-30 10:26:02,916] [DEBUG] [DBG][139] 4/6 postprocess 시작
[2026-04-30 10:26:02,926] [DEBUG] [DBG][139] 4/6 postprocess 완료 (9.7ms)
[2026-04-30 10:26:02,927] [DEBUG] [DBG][139] 5/6 control 시작
[2026-04-30 10:26:02,928] [DEBUG] [DBG][139] 5/6 control 완료 (0.9ms)
[2026-04-30 10:26:02,929] [DEBUG] [DBG][139] 6/6 actuator 시작
[2026-04-30 10:26:02,930] [DEBUG] [DBG][139] 6/6 actuator 완료 (0.7ms)
[2026-04-30 10:26:02,964] [DEBUG] [DBG][140] 루프 시작
[2026-04-30 10:26:02,966] [DEBUG] [DBG][140] 1/6 capture 시작
[2026-04-30 10:26:02,979] [DEBUG] [DBG][140] 1/6 capture 완료 (13.3ms)
[2026-04-30 10:26:02,980] [DEBUG] [DBG][140] 2/6 preprocess 시작
[2026-04-30 10:26:02,994] [DEBUG] [DBG][140] 2/6 preprocess 완료 (13.6ms)
[2026-04-30 10:26:02,995] [DEBUG] [DBG][140] 3/6 DPU inference 시작
[2026-04-30 10:26:03,016] [DEBUG] [DBG][140] 3/6 DPU inference 완료 (20.1ms)
[2026-04-30 10:26:03,017] [DEBUG] [DBG][140] 4/6 postprocess 시작
[2026-04-30 10:26:03,031] [DEBUG] [DBG][140] 4/6 postprocess 완료 (13.7ms)
[2026-04-30 10:26:03,033] [DEBUG] [DBG][140] 5/6 control 시작
[2026-04-30 10:26:03,034] [DEBUG] [DBG][140] 5/6 control 완료 (0.8ms)
[2026-04-30 10:26:03,034] [DEBUG] [DBG][140] 6/6 actuator 시작
[2026-04-30 10:26:03,035] [DEBUG] [DBG][140] 6/6 actuator 완료 (0.5ms)
[2026-04-30 10:26:03,572] [INFO] [0140] cap=13.3ms | pre=13.6ms | inf=20.1ms | post=13.7ms | ctrl=0.8ms | act=0.5ms | total=70.9ms | valid=True | invalid=0 | pixels=52207 | err=-0.275 | steer=-0.110 | speed=0.223 | cur=-0.110 | adc=None
[2026-04-30 10:26:04,044] [INFO] [0140] system: rss=251.2MB | mem_avail=719.8MB | swap_free=510.7MB | load=0.85 0.62 0.54 | temp=hwmon0_temp1_input=55.0C, hwmon1_temp1_input=54.0C, hwmon2_temp1_input=52.7C, hwmon2_temp2_input=52.5C, pl_temp=53.0C, ps_temp=52.4C, remote_temp=53.5C
[2026-04-30 10:26:04,045] [DEBUG] [DBG][141] 루프 시작
[2026-04-30 10:26:04,046] [DEBUG] [DBG][141] 1/6 capture 시작
[2026-04-30 10:26:04,059] [DEBUG] [DBG][141] 1/6 capture 완료 (13.2ms)
[2026-04-30 10:26:04,060] [DEBUG] [DBG][141] 2/6 preprocess 시작
[2026-04-30 10:26:04,073] [DEBUG] [DBG][141] 2/6 preprocess 완료 (12.9ms)
[2026-04-30 10:26:04,074] [DEBUG] [DBG][141] 3/6 DPU inference 시작
[2026-04-30 10:26:04,106] [DEBUG] [DBG][141] 3/6 DPU inference 완료 (31.6ms)
[2026-04-30 10:26:04,108] [DEBUG] [DBG][141] 4/6 postprocess 시작
[2026-04-30 10:26:04,117] [DEBUG] [DBG][141] 4/6 postprocess 완료 (8.9ms)
[2026-04-30 10:26:04,118] [DEBUG] [DBG][141] 5/6 control 시작
[2026-04-30 10:26:04,118] [DEBUG] [DBG][141] 5/6 control 완료 (0.7ms)
[2026-04-30 10:26:04,119] [DEBUG] [DBG][141] 6/6 actuator 시작
[2026-04-30 10:26:04,119] [DEBUG] [DBG][141] 6/6 actuator 완료 (0.4ms)
[2026-04-30 10:26:04,146] [DEBUG] [DBG][142] 루프 시작
[2026-04-30 10:26:04,147] [DEBUG] [DBG][142] 1/6 capture 시작
[2026-04-30 10:26:04,160] [DEBUG] [DBG][142] 1/6 capture 완료 (13.2ms)
[2026-04-30 10:26:04,161] [DEBUG] [DBG][142] 2/6 preprocess 시작
[2026-04-30 10:26:04,174] [DEBUG] [DBG][142] 2/6 preprocess 완료 (12.5ms)
[2026-04-30 10:26:04,175] [DEBUG] [DBG][142] 3/6 DPU inference 시작
[2026-04-30 10:26:04,191] [DEBUG] [DBG][142] 3/6 DPU inference 완료 (15.9ms)
[2026-04-30 10:26:04,192] [DEBUG] [DBG][142] 4/6 postprocess 시작
[2026-04-30 10:26:04,200] [DEBUG] [DBG][142] 4/6 postprocess 완료 (7.6ms)
[2026-04-30 10:26:04,201] [DEBUG] [DBG][142] 5/6 control 시작
[2026-04-30 10:26:04,201] [DEBUG] [DBG][142] 5/6 control 완료 (0.6ms)
[2026-04-30 10:26:04,202] [DEBUG] [DBG][142] 6/6 actuator 시작
[2026-04-30 10:26:04,202] [DEBUG] [DBG][142] 6/6 actuator 완료 (0.4ms)
[2026-04-30 10:26:04,246] [DEBUG] [DBG][143] 루프 시작
[2026-04-30 10:26:04,247] [DEBUG] [DBG][143] 1/6 capture 시작
[2026-04-30 10:26:04,260] [DEBUG] [DBG][143] 1/6 capture 완료 (13.1ms)
[2026-04-30 10:26:04,261] [DEBUG] [DBG][143] 2/6 preprocess 시작
[2026-04-30 10:26:04,274] [DEBUG] [DBG][143] 2/6 preprocess 완료 (12.7ms)
[2026-04-30 10:26:04,275] [DEBUG] [DBG][143] 3/6 DPU inference 시작
[2026-04-30 10:26:04,295] [DEBUG] [DBG][143] 3/6 DPU inference 완료 (19.2ms)
[2026-04-30 10:26:04,296] [DEBUG] [DBG][143] 4/6 postprocess 시작
[2026-04-30 10:26:04,304] [DEBUG] [DBG][143] 4/6 postprocess 완료 (7.9ms)
[2026-04-30 10:26:04,305] [DEBUG] [DBG][143] 5/6 control 시작
[2026-04-30 10:26:04,306] [DEBUG] [DBG][143] 5/6 control 완료 (0.6ms)
[2026-04-30 10:26:04,307] [DEBUG] [DBG][143] 6/6 actuator 시작
[2026-04-30 10:26:04,307] [DEBUG] [DBG][143] 6/6 actuator 완료 (0.6ms)
[2026-04-30 10:26:04,346] [DEBUG] [DBG][144] 루프 시작
[2026-04-30 10:26:04,347] [DEBUG] [DBG][144] 1/6 capture 시작
[2026-04-30 10:26:04,362] [DEBUG] [DBG][144] 1/6 capture 완료 (14.8ms)
[2026-04-30 10:26:04,363] [DEBUG] [DBG][144] 2/6 preprocess 시작
[2026-04-30 10:26:04,376] [DEBUG] [DBG][144] 2/6 preprocess 완료 (13.1ms)
[2026-04-30 10:26:04,377] [DEBUG] [DBG][144] 3/6 DPU inference 시작
[2026-04-30 10:26:04,394] [DEBUG] [DBG][144] 3/6 DPU inference 완료 (16.5ms)
[2026-04-30 10:26:04,395] [DEBUG] [DBG][144] 4/6 postprocess 시작
[2026-04-30 10:26:04,403] [DEBUG] [DBG][144] 4/6 postprocess 완료 (8.1ms)
[2026-04-30 10:26:04,404] [DEBUG] [DBG][144] 5/6 control 시작
[2026-04-30 10:26:04,405] [DEBUG] [DBG][144] 5/6 control 완료 (0.6ms)
[2026-04-30 10:26:04,405] [DEBUG] [DBG][144] 6/6 actuator 시작
[2026-04-30 10:26:04,406] [DEBUG] [DBG][144] 6/6 actuator 완료 (0.4ms)
[2026-04-30 10:26:04,446] [DEBUG] [DBG][145] 루프 시작
[2026-04-30 10:26:04,447] [DEBUG] [DBG][145] 1/6 capture 시작
[2026-04-30 10:26:04,460] [DEBUG] [DBG][145] 1/6 capture 완료 (13.0ms)
[2026-04-30 10:26:04,461] [DEBUG] [DBG][145] 2/6 preprocess 시작
[2026-04-30 10:26:04,474] [DEBUG] [DBG][145] 2/6 preprocess 완료 (12.6ms)
[2026-04-30 10:26:04,475] [DEBUG] [DBG][145] 3/6 DPU inference 시작
[2026-04-30 10:26:04,493] [DEBUG] [DBG][145] 3/6 DPU inference 완료 (18.5ms)
[2026-04-30 10:26:04,495] [DEBUG] [DBG][145] 4/6 postprocess 시작
[2026-04-30 10:26:04,504] [DEBUG] [DBG][145] 4/6 postprocess 완료 (9.0ms)
[2026-04-30 10:26:04,505] [DEBUG] [DBG][145] 5/6 control 시작
[2026-04-30 10:26:04,505] [DEBUG] [DBG][145] 5/6 control 완료 (0.7ms)
[2026-04-30 10:26:04,506] [DEBUG] [DBG][145] 6/6 actuator 시작
[2026-04-30 10:26:04,506] [DEBUG] [DBG][145] 6/6 actuator 완료 (0.4ms)
[2026-04-30 10:26:04,989] [DEBUG] [DBG][146] 루프 시작
[2026-04-30 10:26:04,990] [DEBUG] [DBG][146] 1/6 capture 시작
[2026-04-30 10:26:05,004] [DEBUG] [DBG][146] 1/6 capture 완료 (13.3ms)
[2026-04-30 10:26:05,005] [DEBUG] [DBG][146] 2/6 preprocess 시작
[2026-04-30 10:26:05,018] [DEBUG] [DBG][146] 2/6 preprocess 완료 (13.2ms)
[2026-04-30 10:26:05,019] [DEBUG] [DBG][146] 3/6 DPU inference 시작
[2026-04-30 10:26:05,036] [DEBUG] [DBG][146] 3/6 DPU inference 완료 (17.2ms)
[2026-04-30 10:26:05,040] [DEBUG] [DBG][146] 4/6 postprocess 시작
[2026-04-30 10:26:05,049] [DEBUG] [DBG][146] 4/6 postprocess 완료 (9.6ms)
[2026-04-30 10:26:05,050] [DEBUG] [DBG][146] 5/6 control 시작
[2026-04-30 10:26:05,050] [DEBUG] [DBG][146] 5/6 control 완료 (0.5ms)
[2026-04-30 10:26:05,051] [DEBUG] [DBG][146] 6/6 actuator 시작
[2026-04-30 10:26:05,051] [DEBUG] [DBG][146] 6/6 actuator 완료 (0.3ms)
[2026-04-30 10:26:05,090] [DEBUG] [DBG][147] 루프 시작
[2026-04-30 10:26:05,091] [DEBUG] [DBG][147] 1/6 capture 시작
[2026-04-30 10:26:05,104] [DEBUG] [DBG][147] 1/6 capture 완료 (13.1ms)
[2026-04-30 10:26:05,105] [DEBUG] [DBG][147] 2/6 preprocess 시작
[2026-04-30 10:26:05,118] [DEBUG] [DBG][147] 2/6 preprocess 완료 (12.9ms)
[2026-04-30 10:26:05,119] [DEBUG] [DBG][147] 3/6 DPU inference 시작
[2026-04-30 10:26:05,135] [DEBUG] [DBG][147] 3/6 DPU inference 완료 (16.5ms)
[2026-04-30 10:26:05,138] [DEBUG] [DBG][147] 4/6 postprocess 시작
[2026-04-30 10:26:05,148] [DEBUG] [DBG][147] 4/6 postprocess 완료 (9.7ms)
[2026-04-30 10:26:05,148] [DEBUG] [DBG][147] 5/6 control 시작
[2026-04-30 10:26:05,149] [DEBUG] [DBG][147] 5/6 control 완료 (0.4ms)
[2026-04-30 10:26:05,149] [DEBUG] [DBG][147] 6/6 actuator 시작
[2026-04-30 10:26:05,150] [DEBUG] [DBG][147] 6/6 actuator 완료 (0.3ms)
[2026-04-30 10:26:05,190] [DEBUG] [DBG][148] 루프 시작
[2026-04-30 10:26:05,191] [DEBUG] [DBG][148] 1/6 capture 시작
[2026-04-30 10:26:05,204] [DEBUG] [DBG][148] 1/6 capture 완료 (13.0ms)
[2026-04-30 10:26:05,205] [DEBUG] [DBG][148] 2/6 preprocess 시작
[2026-04-30 10:26:05,217] [DEBUG] [DBG][148] 2/6 preprocess 완료 (12.3ms)
[2026-04-30 10:26:05,218] [DEBUG] [DBG][148] 3/6 DPU inference 시작
[2026-04-30 10:26:05,237] [DEBUG] [DBG][148] 3/6 DPU inference 완료 (19.1ms)
[2026-04-30 10:26:05,239] [DEBUG] [DBG][148] 4/6 postprocess 시작
[2026-04-30 10:26:05,256] [DEBUG] [DBG][148] 4/6 postprocess 완료 (16.8ms)
[2026-04-30 10:26:05,257] [DEBUG] [DBG][148] 5/6 control 시작
[2026-04-30 10:26:05,257] [DEBUG] [DBG][148] 5/6 control 완료 (0.5ms)
[2026-04-30 10:26:05,258] [DEBUG] [DBG][148] 6/6 actuator 시작
[2026-04-30 10:26:05,258] [DEBUG] [DBG][148] 6/6 actuator 완료 (0.4ms)
[2026-04-30 10:26:05,290] [DEBUG] [DBG][149] 루프 시작
[2026-04-30 10:26:05,291] [DEBUG] [DBG][149] 1/6 capture 시작
[2026-04-30 10:26:05,304] [DEBUG] [DBG][149] 1/6 capture 완료 (12.9ms)
[2026-04-30 10:26:05,305] [DEBUG] [DBG][149] 2/6 preprocess 시작
[2026-04-30 10:26:05,317] [DEBUG] [DBG][149] 2/6 preprocess 완료 (12.5ms)
[2026-04-30 10:26:05,318] [DEBUG] [DBG][149] 3/6 DPU inference 시작
[2026-04-30 10:26:05,335] [DEBUG] [DBG][149] 3/6 DPU inference 완료 (16.1ms)
[2026-04-30 10:26:05,335] [DEBUG] [DBG][149] 4/6 postprocess 시작
[2026-04-30 10:26:05,344] [DEBUG] [DBG][149] 4/6 postprocess 완료 (9.0ms)
[2026-04-30 10:26:05,345] [DEBUG] [DBG][149] 5/6 control 시작
[2026-04-30 10:26:05,346] [DEBUG] [DBG][149] 5/6 control 완료 (0.4ms)
[2026-04-30 10:26:05,346] [DEBUG] [DBG][149] 6/6 actuator 시작
[2026-04-30 10:26:05,346] [DEBUG] [DBG][149] 6/6 actuator 완료 (0.3ms)
[2026-04-30 10:26:05,390] [DEBUG] [DBG][150] 루프 시작
[2026-04-30 10:26:05,391] [DEBUG] [DBG][150] 1/6 capture 시작
[2026-04-30 10:26:05,404] [DEBUG] [DBG][150] 1/6 capture 완료 (12.9ms)
[2026-04-30 10:26:05,405] [DEBUG] [DBG][150] 2/6 preprocess 시작
[2026-04-30 10:26:05,418] [DEBUG] [DBG][150] 2/6 preprocess 완료 (12.7ms)
[2026-04-30 10:26:05,419] [DEBUG] [DBG][150] 3/6 DPU inference 시작
[2026-04-30 10:26:05,436] [DEBUG] [DBG][150] 3/6 DPU inference 완료 (17.2ms)
[2026-04-30 10:26:05,437] [DEBUG] [DBG][150] 4/6 postprocess 시작
[2026-04-30 10:26:05,451] [DEBUG] [DBG][150] 4/6 postprocess 완료 (14.0ms)
[2026-04-30 10:26:05,453] [DEBUG] [DBG][150] 5/6 control 시작
[2026-04-30 10:26:05,453] [DEBUG] [DBG][150] 5/6 control 완료 (0.8ms)
[2026-04-30 10:26:05,454] [DEBUG] [DBG][150] 6/6 actuator 시작
[2026-04-30 10:26:05,455] [DEBUG] [DBG][150] 6/6 actuator 완료 (0.6ms)
[2026-04-30 10:26:05,946] [INFO] [0150] cap=12.9ms | pre=12.7ms | inf=17.2ms | post=14.0ms | ctrl=0.8ms | act=0.6ms | total=65.3ms | valid=True | invalid=0 | pixels=46439 | err=-0.384 | steer=-0.154 | speed=0.212 | cur=-0.154 | adc=None
[2026-04-30 10:26:06,397] [INFO] [0150] system: rss=251.3MB | mem_avail=718.8MB | swap_free=510.7MB | load=0.85 0.62 0.54 | temp=hwmon0_temp1_input=55.0C, hwmon1_temp1_input=54.0C, hwmon2_temp1_input=52.1C, hwmon2_temp2_input=52.8C, pl_temp=53.2C, ps_temp=52.8C, remote_temp=52.7C
[2026-04-30 10:26:06,398] [DEBUG] [DBG][151] 루프 시작
[2026-04-30 10:26:06,398] [DEBUG] [DBG][151] 1/6 capture 시작
[2026-04-30 10:26:06,411] [DEBUG] [DBG][151] 1/6 capture 완료 (13.2ms)
[2026-04-30 10:26:06,412] [DEBUG] [DBG][151] 2/6 preprocess 시작
[2026-04-30 10:26:06,426] [DEBUG] [DBG][151] 2/6 preprocess 완료 (13.1ms)
[2026-04-30 10:26:06,427] [DEBUG] [DBG][151] 3/6 DPU inference 시작
[2026-04-30 10:26:06,443] [DEBUG] [DBG][151] 3/6 DPU inference 완료 (16.4ms)
[2026-04-30 10:26:06,444] [DEBUG] [DBG][151] 4/6 postprocess 시작
[2026-04-30 10:26:06,453] [DEBUG] [DBG][151] 4/6 postprocess 완료 (8.8ms)
[2026-04-30 10:26:06,454] [DEBUG] [DBG][151] 5/6 control 시작
[2026-04-30 10:26:06,455] [DEBUG] [DBG][151] 5/6 control 완료 (0.5ms)
[2026-04-30 10:26:06,455] [DEBUG] [DBG][151] 6/6 actuator 시작
[2026-04-30 10:26:06,456] [DEBUG] [DBG][151] 6/6 actuator 완료 (0.5ms)
[2026-04-30 10:26:06,499] [DEBUG] [DBG][152] 루프 시작
[2026-04-30 10:26:06,500] [DEBUG] [DBG][152] 1/6 capture 시작
[2026-04-30 10:26:06,515] [DEBUG] [DBG][152] 1/6 capture 완료 (14.8ms)
[2026-04-30 10:26:06,517] [DEBUG] [DBG][152] 2/6 preprocess 시작
[2026-04-30 10:26:06,535] [DEBUG] [DBG][152] 2/6 preprocess 완료 (17.8ms)
[2026-04-30 10:26:06,539] [DEBUG] [DBG][152] 3/6 DPU inference 시작
[2026-04-30 10:26:06,561] [DEBUG] [DBG][152] 3/6 DPU inference 완료 (22.4ms)
[2026-04-30 10:26:06,563] [DEBUG] [DBG][152] 4/6 postprocess 시작
[2026-04-30 10:26:06,583] [DEBUG] [DBG][152] 4/6 postprocess 완료 (19.6ms)
[2026-04-30 10:26:06,584] [DEBUG] [DBG][152] 5/6 control 시작
[2026-04-30 10:26:06,585] [DEBUG] [DBG][152] 5/6 control 완료 (0.6ms)
[2026-04-30 10:26:06,585] [DEBUG] [DBG][152] 6/6 actuator 시작
[2026-04-30 10:26:06,586] [DEBUG] [DBG][152] 6/6 actuator 완료 (0.4ms)
[2026-04-30 10:26:06,599] [DEBUG] [DBG][153] 루프 시작
[2026-04-30 10:26:06,600] [DEBUG] [DBG][153] 1/6 capture 시작
[2026-04-30 10:26:06,615] [DEBUG] [DBG][153] 1/6 capture 완료 (14.4ms)
[2026-04-30 10:26:06,616] [DEBUG] [DBG][153] 2/6 preprocess 시작
[2026-04-30 10:26:06,629] [DEBUG] [DBG][153] 2/6 preprocess 완료 (13.5ms)
[2026-04-30 10:26:06,630] [DEBUG] [DBG][153] 3/6 DPU inference 시작
[2026-04-30 10:26:06,649] [DEBUG] [DBG][153] 3/6 DPU inference 완료 (18.5ms)
[2026-04-30 10:26:06,650] [DEBUG] [DBG][153] 4/6 postprocess 시작
[2026-04-30 10:26:06,658] [DEBUG] [DBG][153] 4/6 postprocess 완료 (8.1ms)
[2026-04-30 10:26:06,659] [DEBUG] [DBG][153] 5/6 control 시작
[2026-04-30 10:26:06,660] [DEBUG] [DBG][153] 5/6 control 완료 (0.6ms)
[2026-04-30 10:26:06,660] [DEBUG] [DBG][153] 6/6 actuator 시작
[2026-04-30 10:26:06,661] [DEBUG] [DBG][153] 6/6 actuator 완료 (0.4ms)
[2026-04-30 10:26:06,699] [DEBUG] [DBG][154] 루프 시작
[2026-04-30 10:26:06,700] [DEBUG] [DBG][154] 1/6 capture 시작
[2026-04-30 10:26:06,713] [DEBUG] [DBG][154] 1/6 capture 완료 (12.9ms)
[2026-04-30 10:26:06,714] [DEBUG] [DBG][154] 2/6 preprocess 시작
[2026-04-30 10:26:06,727] [DEBUG] [DBG][154] 2/6 preprocess 완료 (13.0ms)
[2026-04-30 10:26:06,729] [DEBUG] [DBG][154] 3/6 DPU inference 시작
[2026-04-30 10:26:06,746] [DEBUG] [DBG][154] 3/6 DPU inference 완료 (16.9ms)
[2026-04-30 10:26:06,747] [DEBUG] [DBG][154] 4/6 postprocess 시작
[2026-04-30 10:26:06,754] [DEBUG] [DBG][154] 4/6 postprocess 완료 (7.5ms)
[2026-04-30 10:26:06,757] [DEBUG] [DBG][154] 5/6 control 시작
[2026-04-30 10:26:06,758] [DEBUG] [DBG][154] 5/6 control 완료 (1.2ms)
[2026-04-30 10:26:06,759] [DEBUG] [DBG][154] 6/6 actuator 시작
[2026-04-30 10:26:06,759] [DEBUG] [DBG][154] 6/6 actuator 완료 (0.5ms)
[2026-04-30 10:26:06,799] [DEBUG] [DBG][155] 루프 시작
[2026-04-30 10:26:06,800] [DEBUG] [DBG][155] 1/6 capture 시작
[2026-04-30 10:26:06,815] [DEBUG] [DBG][155] 1/6 capture 완료 (14.4ms)
[2026-04-30 10:26:06,816] [DEBUG] [DBG][155] 2/6 preprocess 시작
[2026-04-30 10:26:06,829] [DEBUG] [DBG][155] 2/6 preprocess 완료 (12.8ms)
[2026-04-30 10:26:06,831] [DEBUG] [DBG][155] 3/6 DPU inference 시작
[2026-04-30 10:26:06,848] [DEBUG] [DBG][155] 3/6 DPU inference 완료 (16.9ms)
[2026-04-30 10:26:06,849] [DEBUG] [DBG][155] 4/6 postprocess 시작
[2026-04-30 10:26:06,860] [DEBUG] [DBG][155] 4/6 postprocess 완료 (10.1ms)
[2026-04-30 10:26:06,861] [DEBUG] [DBG][155] 5/6 control 시작
[2026-04-30 10:26:06,862] [DEBUG] [DBG][155] 5/6 control 완료 (0.8ms)
[2026-04-30 10:26:06,862] [DEBUG] [DBG][155] 6/6 actuator 시작
[2026-04-30 10:26:06,863] [DEBUG] [DBG][155] 6/6 actuator 완료 (0.5ms)
[2026-04-30 10:26:07,344] [DEBUG] [DBG][156] 루프 시작
[2026-04-30 10:26:07,345] [DEBUG] [DBG][156] 1/6 capture 시작
[2026-04-30 10:26:07,359] [DEBUG] [DBG][156] 1/6 capture 완료 (13.8ms)
[2026-04-30 10:26:07,361] [DEBUG] [DBG][156] 2/6 preprocess 시작
[2026-04-30 10:26:07,374] [DEBUG] [DBG][156] 2/6 preprocess 완료 (13.1ms)
[2026-04-30 10:26:07,375] [DEBUG] [DBG][156] 3/6 DPU inference 시작
[2026-04-30 10:26:07,405] [DEBUG] [DBG][156] 3/6 DPU inference 완료 (29.7ms)
[2026-04-30 10:26:07,407] [DEBUG] [DBG][156] 4/6 postprocess 시작
[2026-04-30 10:26:07,416] [DEBUG] [DBG][156] 4/6 postprocess 완료 (8.8ms)
[2026-04-30 10:26:07,417] [DEBUG] [DBG][156] 5/6 control 시작
[2026-04-30 10:26:07,418] [DEBUG] [DBG][156] 5/6 control 완료 (0.9ms)
[2026-04-30 10:26:07,419] [DEBUG] [DBG][156] 6/6 actuator 시작
[2026-04-30 10:26:07,419] [DEBUG] [DBG][156] 6/6 actuator 완료 (0.7ms)
[2026-04-30 10:26:07,445] [DEBUG] [DBG][157] 루프 시작
[2026-04-30 10:26:07,447] [DEBUG] [DBG][157] 1/6 capture 시작
[2026-04-30 10:26:07,462] [DEBUG] [DBG][157] 1/6 capture 완료 (15.3ms)
[2026-04-30 10:26:07,463] [DEBUG] [DBG][157] 2/6 preprocess 시작
[2026-04-30 10:26:07,477] [DEBUG] [DBG][157] 2/6 preprocess 완료 (13.1ms)
[2026-04-30 10:26:07,478] [DEBUG] [DBG][157] 3/6 DPU inference 시작
[2026-04-30 10:26:07,494] [DEBUG] [DBG][157] 3/6 DPU inference 완료 (16.1ms)
[2026-04-30 10:26:07,496] [DEBUG] [DBG][157] 4/6 postprocess 시작
[2026-04-30 10:26:07,505] [DEBUG] [DBG][157] 4/6 postprocess 완료 (8.7ms)
[2026-04-30 10:26:07,506] [DEBUG] [DBG][157] 5/6 control 시작
[2026-04-30 10:26:07,507] [DEBUG] [DBG][157] 5/6 control 완료 (0.8ms)
[2026-04-30 10:26:07,508] [DEBUG] [DBG][157] 6/6 actuator 시작
[2026-04-30 10:26:07,508] [DEBUG] [DBG][157] 6/6 actuator 완료 (0.7ms)
[2026-04-30 10:26:07,545] [DEBUG] [DBG][158] 루프 시작
[2026-04-30 10:26:07,546] [DEBUG] [DBG][158] 1/6 capture 시작
[2026-04-30 10:26:07,561] [DEBUG] [DBG][158] 1/6 capture 완료 (14.4ms)
[2026-04-30 10:26:07,561] [DEBUG] [DBG][158] 2/6 preprocess 시작
[2026-04-30 10:26:07,576] [DEBUG] [DBG][158] 2/6 preprocess 완료 (14.1ms)
[2026-04-30 10:26:07,577] [DEBUG] [DBG][158] 3/6 DPU inference 시작
[2026-04-30 10:26:07,594] [DEBUG] [DBG][158] 3/6 DPU inference 완료 (17.1ms)
[2026-04-30 10:26:07,595] [DEBUG] [DBG][158] 4/6 postprocess 시작
[2026-04-30 10:26:07,606] [DEBUG] [DBG][158] 4/6 postprocess 완료 (10.7ms)
[2026-04-30 10:26:07,607] [DEBUG] [DBG][158] 5/6 control 시작
[2026-04-30 10:26:07,607] [DEBUG] [DBG][158] 5/6 control 완료 (0.5ms)
[2026-04-30 10:26:07,608] [DEBUG] [DBG][158] 6/6 actuator 시작
[2026-04-30 10:26:07,608] [DEBUG] [DBG][158] 6/6 actuator 완료 (0.4ms)
[2026-04-30 10:26:07,645] [DEBUG] [DBG][159] 루프 시작
[2026-04-30 10:26:07,646] [DEBUG] [DBG][159] 1/6 capture 시작
[2026-04-30 10:26:07,662] [DEBUG] [DBG][159] 1/6 capture 완료 (16.5ms)
[2026-04-30 10:26:07,663] [DEBUG] [DBG][159] 2/6 preprocess 시작
[2026-04-30 10:26:07,678] [DEBUG] [DBG][159] 2/6 preprocess 완료 (14.8ms)
[2026-04-30 10:26:07,679] [DEBUG] [DBG][159] 3/6 DPU inference 시작
[2026-04-30 10:26:07,695] [DEBUG] [DBG][159] 3/6 DPU inference 완료 (16.2ms)
[2026-04-30 10:26:07,696] [DEBUG] [DBG][159] 4/6 postprocess 시작
[2026-04-30 10:26:07,705] [DEBUG] [DBG][159] 4/6 postprocess 완료 (8.5ms)
[2026-04-30 10:26:07,706] [DEBUG] [DBG][159] 5/6 control 시작
[2026-04-30 10:26:07,707] [DEBUG] [DBG][159] 5/6 control 완료 (0.7ms)
[2026-04-30 10:26:07,708] [DEBUG] [DBG][159] 6/6 actuator 시작
[2026-04-30 10:26:07,708] [DEBUG] [DBG][159] 6/6 actuator 완료 (0.6ms)
[2026-04-30 10:26:07,745] [DEBUG] [DBG][160] 루프 시작
[2026-04-30 10:26:07,746] [DEBUG] [DBG][160] 1/6 capture 시작
[2026-04-30 10:26:07,760] [DEBUG] [DBG][160] 1/6 capture 완료 (13.4ms)
[2026-04-30 10:26:07,761] [DEBUG] [DBG][160] 2/6 preprocess 시작
[2026-04-30 10:26:07,775] [DEBUG] [DBG][160] 2/6 preprocess 완료 (13.6ms)
[2026-04-30 10:26:07,776] [DEBUG] [DBG][160] 3/6 DPU inference 시작
[2026-04-30 10:26:07,793] [DEBUG] [DBG][160] 3/6 DPU inference 완료 (16.2ms)
[2026-04-30 10:26:07,794] [DEBUG] [DBG][160] 4/6 postprocess 시작
[2026-04-30 10:26:07,802] [DEBUG] [DBG][160] 4/6 postprocess 완료 (8.2ms)
[2026-04-30 10:26:07,804] [DEBUG] [DBG][160] 5/6 control 시작
[2026-04-30 10:26:07,805] [DEBUG] [DBG][160] 5/6 control 완료 (0.8ms)
[2026-04-30 10:26:07,805] [DEBUG] [DBG][160] 6/6 actuator 시작
[2026-04-30 10:26:07,806] [DEBUG] [DBG][160] 6/6 actuator 완료 (0.7ms)
[2026-04-30 10:26:08,307] [INFO] [0160] cap=13.4ms | pre=13.6ms | inf=16.2ms | post=8.2ms | ctrl=0.8ms | act=0.7ms | total=61.9ms | valid=True | invalid=0 | pixels=29746 | err=-0.669 | steer=-0.268 | speed=0.183 | cur=-0.268 | adc=None
[2026-04-30 10:26:08,778] [INFO] [0160] system: rss=251.4MB | mem_avail=723.5MB | swap_free=510.7MB | load=0.94 0.64 0.55 | temp=hwmon0_temp1_input=55.0C, hwmon1_temp1_input=54.0C, hwmon2_temp1_input=51.3C, hwmon2_temp2_input=51.7C, pl_temp=53.1C, ps_temp=51.9C, remote_temp=52.4C
[2026-04-30 10:26:08,780] [DEBUG] [DBG][161] 루프 시작
[2026-04-30 10:26:08,781] [DEBUG] [DBG][161] 1/6 capture 시작
[2026-04-30 10:26:08,794] [DEBUG] [DBG][161] 1/6 capture 완료 (13.4ms)
[2026-04-30 10:26:08,796] [DEBUG] [DBG][161] 2/6 preprocess 시작
[2026-04-30 10:26:08,809] [DEBUG] [DBG][161] 2/6 preprocess 완료 (13.1ms)
[2026-04-30 10:26:08,810] [DEBUG] [DBG][161] 3/6 DPU inference 시작
[2026-04-30 10:26:08,829] [DEBUG] [DBG][161] 3/6 DPU inference 완료 (18.3ms)
[2026-04-30 10:26:08,831] [DEBUG] [DBG][161] 4/6 postprocess 시작
[2026-04-30 10:26:08,841] [DEBUG] [DBG][161] 4/6 postprocess 완료 (10.1ms)
[2026-04-30 10:26:08,843] [DEBUG] [DBG][161] 5/6 control 시작
[2026-04-30 10:26:08,844] [DEBUG] [DBG][161] 5/6 control 완료 (0.9ms)
[2026-04-30 10:26:08,845] [DEBUG] [DBG][161] 6/6 actuator 시작
[2026-04-30 10:26:08,845] [DEBUG] [DBG][161] 6/6 actuator 완료 (0.6ms)
[2026-04-30 10:26:08,880] [DEBUG] [DBG][162] 루프 시작
[2026-04-30 10:26:08,882] [DEBUG] [DBG][162] 1/6 capture 시작
[2026-04-30 10:26:08,897] [DEBUG] [DBG][162] 1/6 capture 완료 (15.3ms)
[2026-04-30 10:26:08,899] [DEBUG] [DBG][162] 2/6 preprocess 시작
[2026-04-30 10:26:08,913] [DEBUG] [DBG][162] 2/6 preprocess 완료 (14.2ms)
[2026-04-30 10:26:08,915] [DEBUG] [DBG][162] 3/6 DPU inference 시작
[2026-04-30 10:26:08,935] [DEBUG] [DBG][162] 3/6 DPU inference 완료 (20.3ms)
[2026-04-30 10:26:08,936] [DEBUG] [DBG][162] 4/6 postprocess 시작
[2026-04-30 10:26:08,947] [DEBUG] [DBG][162] 4/6 postprocess 완료 (10.3ms)
[2026-04-30 10:26:08,949] [DEBUG] [DBG][162] 5/6 control 시작
[2026-04-30 10:26:08,950] [DEBUG] [DBG][162] 5/6 control 완료 (0.8ms)
[2026-04-30 10:26:08,950] [DEBUG] [DBG][162] 6/6 actuator 시작
[2026-04-30 10:26:08,951] [DEBUG] [DBG][162] 6/6 actuator 완료 (0.4ms)
[2026-04-30 10:26:08,980] [DEBUG] [DBG][163] 루프 시작
[2026-04-30 10:26:08,981] [DEBUG] [DBG][163] 1/6 capture 시작
[2026-04-30 10:26:08,999] [DEBUG] [DBG][163] 1/6 capture 완료 (17.8ms)
[2026-04-30 10:26:09,002] [DEBUG] [DBG][163] 2/6 preprocess 시작
[2026-04-30 10:26:09,017] [DEBUG] [DBG][163] 2/6 preprocess 완료 (15.2ms)
[2026-04-30 10:26:09,018] [DEBUG] [DBG][163] 3/6 DPU inference 시작
[2026-04-30 10:26:09,037] [DEBUG] [DBG][163] 3/6 DPU inference 완료 (18.4ms)
[2026-04-30 10:26:09,038] [DEBUG] [DBG][163] 4/6 postprocess 시작
[2026-04-30 10:26:09,055] [DEBUG] [DBG][163] 4/6 postprocess 완료 (17.1ms)
[2026-04-30 10:26:09,056] [DEBUG] [DBG][163] 5/6 control 시작
[2026-04-30 10:26:09,057] [DEBUG] [DBG][163] 5/6 control 완료 (0.6ms)
[2026-04-30 10:26:09,057] [DEBUG] [DBG][163] 6/6 actuator 시작
[2026-04-30 10:26:09,058] [DEBUG] [DBG][163] 6/6 actuator 완료 (0.4ms)
[2026-04-30 10:26:09,080] [DEBUG] [DBG][164] 루프 시작
[2026-04-30 10:26:09,081] [DEBUG] [DBG][164] 1/6 capture 시작
[2026-04-30 10:26:09,095] [DEBUG] [DBG][164] 1/6 capture 완료 (14.0ms)
[2026-04-30 10:26:09,097] [DEBUG] [DBG][164] 2/6 preprocess 시작
[2026-04-30 10:26:09,110] [DEBUG] [DBG][164] 2/6 preprocess 완료 (12.8ms)
[2026-04-30 10:26:09,111] [DEBUG] [DBG][164] 3/6 DPU inference 시작
[2026-04-30 10:26:09,129] [DEBUG] [DBG][164] 3/6 DPU inference 완료 (18.3ms)
[2026-04-30 10:26:09,130] [DEBUG] [DBG][164] 4/6 postprocess 시작
[2026-04-30 10:26:09,140] [DEBUG] [DBG][164] 4/6 postprocess 완료 (9.2ms)
[2026-04-30 10:26:09,141] [DEBUG] [DBG][164] 5/6 control 시작
[2026-04-30 10:26:09,141] [DEBUG] [DBG][164] 5/6 control 완료 (0.6ms)
[2026-04-30 10:26:09,142] [DEBUG] [DBG][164] 6/6 actuator 시작
[2026-04-30 10:26:09,142] [DEBUG] [DBG][164] 6/6 actuator 완료 (0.4ms)
[2026-04-30 10:26:09,180] [DEBUG] [DBG][165] 루프 시작
[2026-04-30 10:26:09,181] [DEBUG] [DBG][165] 1/6 capture 시작
[2026-04-30 10:26:09,195] [DEBUG] [DBG][165] 1/6 capture 완료 (13.1ms)
[2026-04-30 10:26:09,196] [DEBUG] [DBG][165] 2/6 preprocess 시작
[2026-04-30 10:26:09,209] [DEBUG] [DBG][165] 2/6 preprocess 완료 (12.7ms)
[2026-04-30 10:26:09,210] [DEBUG] [DBG][165] 3/6 DPU inference 시작
[2026-04-30 10:26:09,227] [DEBUG] [DBG][165] 3/6 DPU inference 완료 (17.5ms)
[2026-04-30 10:26:09,229] [DEBUG] [DBG][165] 4/6 postprocess 시작
[2026-04-30 10:26:09,239] [DEBUG] [DBG][165] 4/6 postprocess 완료 (10.4ms)
[2026-04-30 10:26:09,240] [DEBUG] [DBG][165] 5/6 control 시작
[2026-04-30 10:26:09,241] [DEBUG] [DBG][165] 5/6 control 완료 (0.5ms)
[2026-04-30 10:26:09,241] [DEBUG] [DBG][165] 6/6 actuator 시작
[2026-04-30 10:26:09,241] [DEBUG] [DBG][165] 6/6 actuator 완료 (0.3ms)
[2026-04-30 10:26:09,752] [DEBUG] [DBG][166] 루프 시작
[2026-04-30 10:26:09,753] [DEBUG] [DBG][166] 1/6 capture 시작
[2026-04-30 10:26:09,767] [DEBUG] [DBG][166] 1/6 capture 완료 (13.7ms)
[2026-04-30 10:26:09,768] [DEBUG] [DBG][166] 2/6 preprocess 시작
[2026-04-30 10:26:09,782] [DEBUG] [DBG][166] 2/6 preprocess 완료 (14.1ms)
[2026-04-30 10:26:09,783] [DEBUG] [DBG][166] 3/6 DPU inference 시작
[2026-04-30 10:26:09,800] [DEBUG] [DBG][166] 3/6 DPU inference 완료 (16.2ms)
[2026-04-30 10:26:09,802] [DEBUG] [DBG][166] 4/6 postprocess 시작
[2026-04-30 10:26:09,820] [DEBUG] [DBG][166] 4/6 postprocess 완료 (18.4ms)
[2026-04-30 10:26:09,821] [DEBUG] [DBG][166] 5/6 control 시작
[2026-04-30 10:26:09,823] [DEBUG] [DBG][166] 5/6 control 완료 (1.7ms)
[2026-04-30 10:26:09,824] [DEBUG] [DBG][166] 6/6 actuator 시작
[2026-04-30 10:26:09,825] [DEBUG] [DBG][166] 6/6 actuator 완료 (0.6ms)
[2026-04-30 10:26:09,852] [DEBUG] [DBG][167] 루프 시작
[2026-04-30 10:26:09,853] [DEBUG] [DBG][167] 1/6 capture 시작
[2026-04-30 10:26:09,868] [DEBUG] [DBG][167] 1/6 capture 완료 (14.9ms)
[2026-04-30 10:26:09,869] [DEBUG] [DBG][167] 2/6 preprocess 시작
[2026-04-30 10:26:09,882] [DEBUG] [DBG][167] 2/6 preprocess 완료 (13.6ms)
[2026-04-30 10:26:09,883] [DEBUG] [DBG][167] 3/6 DPU inference 시작
[2026-04-30 10:26:09,901] [DEBUG] [DBG][167] 3/6 DPU inference 완료 (17.1ms)
[2026-04-30 10:26:09,902] [DEBUG] [DBG][167] 4/6 postprocess 시작
[2026-04-30 10:26:09,912] [DEBUG] [DBG][167] 4/6 postprocess 완료 (10.4ms)
[2026-04-30 10:26:09,913] [DEBUG] [DBG][167] 5/6 control 시작
[2026-04-30 10:26:09,914] [DEBUG] [DBG][167] 5/6 control 완료 (0.5ms)
[2026-04-30 10:26:09,914] [DEBUG] [DBG][167] 6/6 actuator 시작
[2026-04-30 10:26:09,915] [DEBUG] [DBG][167] 6/6 actuator 완료 (0.3ms)
[2026-04-30 10:26:09,952] [DEBUG] [DBG][168] 루프 시작
[2026-04-30 10:26:09,953] [DEBUG] [DBG][168] 1/6 capture 시작
[2026-04-30 10:26:09,968] [DEBUG] [DBG][168] 1/6 capture 완료 (14.2ms)
[2026-04-30 10:26:09,969] [DEBUG] [DBG][168] 2/6 preprocess 시작
[2026-04-30 10:26:09,983] [DEBUG] [DBG][168] 2/6 preprocess 완료 (14.2ms)
[2026-04-30 10:26:09,984] [DEBUG] [DBG][168] 3/6 DPU inference 시작
[2026-04-30 10:26:10,005] [DEBUG] [DBG][168] 3/6 DPU inference 완료 (21.3ms)
[2026-04-30 10:26:10,007] [DEBUG] [DBG][168] 4/6 postprocess 시작
[2026-04-30 10:26:10,022] [DEBUG] [DBG][168] 4/6 postprocess 완료 (15.6ms)
[2026-04-30 10:26:10,023] [DEBUG] [DBG][168] 5/6 control 시작
[2026-04-30 10:26:10,024] [DEBUG] [DBG][168] 5/6 control 완료 (0.7ms)
[2026-04-30 10:26:10,024] [DEBUG] [DBG][168] 6/6 actuator 시작
[2026-04-30 10:26:10,025] [DEBUG] [DBG][168] 6/6 actuator 완료 (0.4ms)
[2026-04-30 10:26:10,052] [DEBUG] [DBG][169] 루프 시작
[2026-04-30 10:26:10,054] [DEBUG] [DBG][169] 1/6 capture 시작
[2026-04-30 10:26:10,069] [DEBUG] [DBG][169] 1/6 capture 완료 (14.9ms)
[2026-04-30 10:26:10,070] [DEBUG] [DBG][169] 2/6 preprocess 시작
[2026-04-30 10:26:10,085] [DEBUG] [DBG][169] 2/6 preprocess 완료 (14.2ms)
[2026-04-30 10:26:10,086] [DEBUG] [DBG][169] 3/6 DPU inference 시작
[2026-04-30 10:26:10,103] [DEBUG] [DBG][169] 3/6 DPU inference 완료 (17.2ms)
[2026-04-30 10:26:10,105] [DEBUG] [DBG][169] 4/6 postprocess 시작
[2026-04-30 10:26:10,112] [DEBUG] [DBG][169] 4/6 postprocess 완료 (7.7ms)
[2026-04-30 10:26:10,114] [DEBUG] [DBG][169] 5/6 control 시작
[2026-04-30 10:26:10,115] [DEBUG] [DBG][169] 5/6 control 완료 (1.0ms)
[2026-04-30 10:26:10,115] [DEBUG] [DBG][169] 6/6 actuator 시작
[2026-04-30 10:26:10,116] [DEBUG] [DBG][169] 6/6 actuator 완료 (0.5ms)
[2026-04-30 10:26:10,152] [DEBUG] [DBG][170] 루프 시작
[2026-04-30 10:26:10,154] [DEBUG] [DBG][170] 1/6 capture 시작
[2026-04-30 10:26:10,173] [DEBUG] [DBG][170] 1/6 capture 완료 (18.7ms)
[2026-04-30 10:26:10,174] [DEBUG] [DBG][170] 2/6 preprocess 시작
[2026-04-30 10:26:10,186] [DEBUG] [DBG][170] 2/6 preprocess 완료 (12.6ms)
[2026-04-30 10:26:10,188] [DEBUG] [DBG][170] 3/6 DPU inference 시작
[2026-04-30 10:26:10,205] [DEBUG] [DBG][170] 3/6 DPU inference 완료 (17.3ms)
[2026-04-30 10:26:10,206] [DEBUG] [DBG][170] 4/6 postprocess 시작
[2026-04-30 10:26:10,217] [DEBUG] [DBG][170] 4/6 postprocess 완료 (11.3ms)
[2026-04-30 10:26:10,219] [DEBUG] [DBG][170] 5/6 control 시작
[2026-04-30 10:26:10,219] [DEBUG] [DBG][170] 5/6 control 완료 (0.7ms)
[2026-04-30 10:26:10,220] [DEBUG] [DBG][170] 6/6 actuator 시작
[2026-04-30 10:26:10,221] [DEBUG] [DBG][170] 6/6 actuator 완료 (1.0ms)
[2026-04-30 10:26:10,726] [INFO] [0170] cap=18.7ms | pre=12.6ms | inf=17.3ms | post=11.3ms | ctrl=0.7ms | act=1.0ms | total=69.6ms | valid=True | invalid=0 | pixels=27115 | err=-0.678 | steer=-0.271 | speed=0.182 | cur=-0.271 | adc=None
[2026-04-30 10:26:11,197] [INFO] [0170] system: rss=251.4MB | mem_avail=722.0MB | swap_free=510.7MB | load=0.94 0.64 0.55 | temp=hwmon0_temp1_input=55.0C, hwmon1_temp1_input=54.0C, hwmon2_temp1_input=51.8C, hwmon2_temp2_input=53.6C, pl_temp=53.0C, ps_temp=52.3C, remote_temp=51.8C
[2026-04-30 10:26:11,199] [DEBUG] [DBG][171] 루프 시작
[2026-04-30 10:26:11,199] [DEBUG] [DBG][171] 1/6 capture 시작
[2026-04-30 10:26:11,215] [DEBUG] [DBG][171] 1/6 capture 완료 (15.1ms)
[2026-04-30 10:26:11,217] [DEBUG] [DBG][171] 2/6 preprocess 시작
[2026-04-30 10:26:11,233] [DEBUG] [DBG][171] 2/6 preprocess 완료 (15.3ms)
[2026-04-30 10:26:11,235] [DEBUG] [DBG][171] 3/6 DPU inference 시작
[2026-04-30 10:26:11,258] [DEBUG] [DBG][171] 3/6 DPU inference 완료 (23.3ms)
[2026-04-30 10:26:11,260] [DEBUG] [DBG][171] 4/6 postprocess 시작
[2026-04-30 10:26:11,269] [DEBUG] [DBG][171] 4/6 postprocess 완료 (9.5ms)
[2026-04-30 10:26:11,271] [DEBUG] [DBG][171] 5/6 control 시작
[2026-04-30 10:26:11,272] [DEBUG] [DBG][171] 5/6 control 완료 (0.8ms)
[2026-04-30 10:26:11,272] [DEBUG] [DBG][171] 6/6 actuator 시작
[2026-04-30 10:26:11,273] [DEBUG] [DBG][171] 6/6 actuator 완료 (0.5ms)
[2026-04-30 10:26:11,299] [DEBUG] [DBG][172] 루프 시작
[2026-04-30 10:26:11,300] [DEBUG] [DBG][172] 1/6 capture 시작
[2026-04-30 10:26:11,316] [DEBUG] [DBG][172] 1/6 capture 완료 (15.8ms)
[2026-04-30 10:26:11,318] [DEBUG] [DBG][172] 2/6 preprocess 시작
[2026-04-30 10:26:11,333] [DEBUG] [DBG][172] 2/6 preprocess 완료 (15.5ms)
[2026-04-30 10:26:11,335] [DEBUG] [DBG][172] 3/6 DPU inference 시작
[2026-04-30 10:26:11,357] [DEBUG] [DBG][172] 3/6 DPU inference 완료 (21.9ms)
[2026-04-30 10:26:11,358] [DEBUG] [DBG][172] 4/6 postprocess 시작
[2026-04-30 10:26:11,370] [DEBUG] [DBG][172] 4/6 postprocess 완료 (11.7ms)
[2026-04-30 10:26:11,372] [DEBUG] [DBG][172] 5/6 control 시작
[2026-04-30 10:26:11,373] [DEBUG] [DBG][172] 5/6 control 완료 (1.0ms)
[2026-04-30 10:26:11,374] [DEBUG] [DBG][172] 6/6 actuator 시작
[2026-04-30 10:26:11,374] [DEBUG] [DBG][172] 6/6 actuator 완료 (0.6ms)
[2026-04-30 10:26:11,399] [DEBUG] [DBG][173] 루프 시작
[2026-04-30 10:26:11,401] [DEBUG] [DBG][173] 1/6 capture 시작
[2026-04-30 10:26:11,417] [DEBUG] [DBG][173] 1/6 capture 완료 (15.5ms)
[2026-04-30 10:26:11,420] [DEBUG] [DBG][173] 2/6 preprocess 시작
[2026-04-30 10:26:11,435] [DEBUG] [DBG][173] 2/6 preprocess 완료 (15.3ms)
[2026-04-30 10:26:11,437] [DEBUG] [DBG][173] 3/6 DPU inference 시작
[2026-04-30 10:26:11,457] [DEBUG] [DBG][173] 3/6 DPU inference 완료 (19.1ms)
[2026-04-30 10:26:11,459] [DEBUG] [DBG][173] 4/6 postprocess 시작
[2026-04-30 10:26:11,476] [DEBUG] [DBG][173] 4/6 postprocess 완료 (17.5ms)
[2026-04-30 10:26:11,479] [DEBUG] [DBG][173] 5/6 control 시작
[2026-04-30 10:26:11,480] [DEBUG] [DBG][173] 5/6 control 완료 (0.6ms)
[2026-04-30 10:26:11,480] [DEBUG] [DBG][173] 6/6 actuator 시작
[2026-04-30 10:26:11,480] [DEBUG] [DBG][173] 6/6 actuator 완료 (0.4ms)
[2026-04-30 10:26:11,505] [DEBUG] [DBG][174] 루프 시작
[2026-04-30 10:26:11,507] [DEBUG] [DBG][174] 1/6 capture 시작
[2026-04-30 10:26:11,525] [DEBUG] [DBG][174] 1/6 capture 완료 (17.1ms)
[2026-04-30 10:26:11,527] [DEBUG] [DBG][174] 2/6 preprocess 시작
[2026-04-30 10:26:11,541] [DEBUG] [DBG][174] 2/6 preprocess 완료 (14.5ms)
[2026-04-30 10:26:11,544] [DEBUG] [DBG][174] 3/6 DPU inference 시작
[2026-04-30 10:26:11,563] [DEBUG] [DBG][174] 3/6 DPU inference 완료 (19.4ms)
[2026-04-30 10:26:11,565] [DEBUG] [DBG][174] 4/6 postprocess 시작
[2026-04-30 10:26:11,576] [DEBUG] [DBG][174] 4/6 postprocess 완료 (10.5ms)
[2026-04-30 10:26:11,578] [DEBUG] [DBG][174] 5/6 control 시작
[2026-04-30 10:26:11,579] [DEBUG] [DBG][174] 5/6 control 완료 (0.8ms)
[2026-04-30 10:26:11,579] [DEBUG] [DBG][174] 6/6 actuator 시작
[2026-04-30 10:26:11,580] [DEBUG] [DBG][174] 6/6 actuator 완료 (0.7ms)
[2026-04-30 10:26:11,605] [DEBUG] [DBG][175] 루프 시작
[2026-04-30 10:26:11,607] [DEBUG] [DBG][175] 1/6 capture 시작
[2026-04-30 10:26:11,621] [DEBUG] [DBG][175] 1/6 capture 완료 (13.9ms)
[2026-04-30 10:26:11,622] [DEBUG] [DBG][175] 2/6 preprocess 시작
[2026-04-30 10:26:11,635] [DEBUG] [DBG][175] 2/6 preprocess 완료 (12.7ms)
[2026-04-30 10:26:11,636] [DEBUG] [DBG][175] 3/6 DPU inference 시작
[2026-04-30 10:26:11,653] [DEBUG] [DBG][175] 3/6 DPU inference 완료 (16.8ms)
[2026-04-30 10:26:11,655] [DEBUG] [DBG][175] 4/6 postprocess 시작
[2026-04-30 10:26:11,666] [DEBUG] [DBG][175] 4/6 postprocess 완료 (11.8ms)
[2026-04-30 10:26:11,668] [DEBUG] [DBG][175] 5/6 control 시작
[2026-04-30 10:26:11,669] [DEBUG] [DBG][175] 5/6 control 완료 (0.5ms)
[2026-04-30 10:26:11,669] [DEBUG] [DBG][175] 6/6 actuator 시작
[2026-04-30 10:26:11,669] [DEBUG] [DBG][175] 6/6 actuator 완료 (0.3ms)
[2026-04-30 10:26:12,154] [DEBUG] [DBG][176] 루프 시작
[2026-04-30 10:26:12,155] [DEBUG] [DBG][176] 1/6 capture 시작
[2026-04-30 10:26:12,168] [DEBUG] [DBG][176] 1/6 capture 완료 (13.3ms)
[2026-04-30 10:26:12,169] [DEBUG] [DBG][176] 2/6 preprocess 시작
[2026-04-30 10:26:12,182] [DEBUG] [DBG][176] 2/6 preprocess 완료 (12.7ms)
[2026-04-30 10:26:12,183] [DEBUG] [DBG][176] 3/6 DPU inference 시작
[2026-04-30 10:26:12,199] [DEBUG] [DBG][176] 3/6 DPU inference 완료 (16.1ms)
[2026-04-30 10:26:12,201] [DEBUG] [DBG][176] 4/6 postprocess 시작
[2026-04-30 10:26:12,211] [DEBUG] [DBG][176] 4/6 postprocess 완료 (9.7ms)
[2026-04-30 10:26:12,212] [DEBUG] [DBG][176] 5/6 control 시작
[2026-04-30 10:26:12,213] [DEBUG] [DBG][176] 5/6 control 완료 (0.7ms)
[2026-04-30 10:26:12,213] [DEBUG] [DBG][176] 6/6 actuator 시작
[2026-04-30 10:26:12,214] [DEBUG] [DBG][176] 6/6 actuator 완료 (0.5ms)
[2026-04-30 10:26:12,254] [DEBUG] [DBG][177] 루프 시작
[2026-04-30 10:26:12,256] [DEBUG] [DBG][177] 1/6 capture 시작
[2026-04-30 10:26:12,270] [DEBUG] [DBG][177] 1/6 capture 완료 (14.1ms)
[2026-04-30 10:26:12,271] [DEBUG] [DBG][177] 2/6 preprocess 시작
[2026-04-30 10:26:12,284] [DEBUG] [DBG][177] 2/6 preprocess 완료 (12.8ms)
[2026-04-30 10:26:12,285] [DEBUG] [DBG][177] 3/6 DPU inference 시작
[2026-04-30 10:26:12,302] [DEBUG] [DBG][177] 3/6 DPU inference 완료 (16.9ms)
[2026-04-30 10:26:12,303] [DEBUG] [DBG][177] 4/6 postprocess 시작
[2026-04-30 10:26:12,312] [DEBUG] [DBG][177] 4/6 postprocess 완료 (9.0ms)
[2026-04-30 10:26:12,313] [DEBUG] [DBG][177] 5/6 control 시작
[2026-04-30 10:26:12,313] [DEBUG] [DBG][177] 5/6 control 완료 (0.5ms)
[2026-04-30 10:26:12,313] [DEBUG] [DBG][177] 6/6 actuator 시작
[2026-04-30 10:26:12,314] [DEBUG] [DBG][177] 6/6 actuator 완료 (0.4ms)
[2026-04-30 10:26:12,355] [DEBUG] [DBG][178] 루프 시작
[2026-04-30 10:26:12,356] [DEBUG] [DBG][178] 1/6 capture 시작
[2026-04-30 10:26:12,369] [DEBUG] [DBG][178] 1/6 capture 완료 (13.4ms)
[2026-04-30 10:26:12,370] [DEBUG] [DBG][178] 2/6 preprocess 시작
[2026-04-30 10:26:12,382] [DEBUG] [DBG][178] 2/6 preprocess 완료 (12.2ms)
[2026-04-30 10:26:12,383] [DEBUG] [DBG][178] 3/6 DPU inference 시작
[2026-04-30 10:26:12,403] [DEBUG] [DBG][178] 3/6 DPU inference 완료 (19.9ms)
[2026-04-30 10:26:12,406] [DEBUG] [DBG][178] 4/6 postprocess 시작
[2026-04-30 10:26:12,416] [DEBUG] [DBG][178] 4/6 postprocess 완료 (9.4ms)
[2026-04-30 10:26:12,417] [DEBUG] [DBG][178] 5/6 control 시작
[2026-04-30 10:26:12,417] [DEBUG] [DBG][178] 5/6 control 완료 (0.5ms)
[2026-04-30 10:26:12,417] [DEBUG] [DBG][178] 6/6 actuator 시작
[2026-04-30 10:26:12,418] [DEBUG] [DBG][178] 6/6 actuator 완료 (0.3ms)
[2026-04-30 10:26:12,455] [DEBUG] [DBG][179] 루프 시작
[2026-04-30 10:26:12,456] [DEBUG] [DBG][179] 1/6 capture 시작
[2026-04-30 10:26:12,469] [DEBUG] [DBG][179] 1/6 capture 완료 (13.3ms)
[2026-04-30 10:26:12,470] [DEBUG] [DBG][179] 2/6 preprocess 시작
[2026-04-30 10:26:12,483] [DEBUG] [DBG][179] 2/6 preprocess 완료 (12.5ms)
[2026-04-30 10:26:12,484] [DEBUG] [DBG][179] 3/6 DPU inference 시작
[2026-04-30 10:26:12,506] [DEBUG] [DBG][179] 3/6 DPU inference 완료 (21.8ms)
[2026-04-30 10:26:12,510] [DEBUG] [DBG][179] 4/6 postprocess 시작
[2026-04-30 10:26:12,531] [DEBUG] [DBG][179] 4/6 postprocess 완료 (21.1ms)
[2026-04-30 10:26:12,532] [DEBUG] [DBG][179] 5/6 control 시작
[2026-04-30 10:26:12,533] [DEBUG] [DBG][179] 5/6 control 완료 (0.7ms)
[2026-04-30 10:26:12,533] [DEBUG] [DBG][179] 6/6 actuator 시작
[2026-04-30 10:26:12,534] [DEBUG] [DBG][179] 6/6 actuator 완료 (0.5ms)
[2026-04-30 10:26:12,555] [DEBUG] [DBG][180] 루프 시작
[2026-04-30 10:26:12,556] [DEBUG] [DBG][180] 1/6 capture 시작
[2026-04-30 10:26:12,571] [DEBUG] [DBG][180] 1/6 capture 완료 (14.5ms)
[2026-04-30 10:26:12,572] [DEBUG] [DBG][180] 2/6 preprocess 시작
[2026-04-30 10:26:12,586] [DEBUG] [DBG][180] 2/6 preprocess 완료 (13.5ms)
[2026-04-30 10:26:12,587] [DEBUG] [DBG][180] 3/6 DPU inference 시작
[2026-04-30 10:26:12,606] [DEBUG] [DBG][180] 3/6 DPU inference 완료 (19.2ms)
[2026-04-30 10:26:12,607] [DEBUG] [DBG][180] 4/6 postprocess 시작
[2026-04-30 10:26:12,621] [DEBUG] [DBG][180] 4/6 postprocess 완료 (13.9ms)
[2026-04-30 10:26:12,623] [DEBUG] [DBG][180] 5/6 control 시작
[2026-04-30 10:26:12,624] [DEBUG] [DBG][180] 5/6 control 완료 (1.0ms)
[2026-04-30 10:26:12,625] [DEBUG] [DBG][180] 6/6 actuator 시작
[2026-04-30 10:26:12,625] [DEBUG] [DBG][180] 6/6 actuator 완료 (0.7ms)
[2026-04-30 10:26:13,164] [INFO] [0180] cap=14.5ms | pre=13.5ms | inf=19.2ms | post=13.9ms | ctrl=1.0ms | act=0.7ms | total=71.1ms | valid=True | invalid=0 | pixels=28533 | err=-0.691 | steer=-0.276 | speed=0.181 | cur=-0.276 | adc=None
[2026-04-30 10:26:13,681] [INFO] [0180] system: rss=251.8MB | mem_avail=720.0MB | swap_free=510.7MB | load=1.11 0.68 0.56 | temp=hwmon0_temp1_input=55.0C, hwmon1_temp1_input=54.0C, hwmon2_temp1_input=52.9C, hwmon2_temp2_input=52.8C, pl_temp=53.4C, ps_temp=51.6C, remote_temp=52.4C
[2026-04-30 10:26:13,682] [DEBUG] [DBG][181] 루프 시작
[2026-04-30 10:26:13,683] [DEBUG] [DBG][181] 1/6 capture 시작
[2026-04-30 10:26:13,699] [DEBUG] [DBG][181] 1/6 capture 완료 (15.3ms)
[2026-04-30 10:26:13,700] [DEBUG] [DBG][181] 2/6 preprocess 시작
[2026-04-30 10:26:13,715] [DEBUG] [DBG][181] 2/6 preprocess 완료 (14.6ms)
[2026-04-30 10:26:13,717] [DEBUG] [DBG][181] 3/6 DPU inference 시작
[2026-04-30 10:26:13,741] [DEBUG] [DBG][181] 3/6 DPU inference 완료 (24.1ms)
[2026-04-30 10:26:13,743] [DEBUG] [DBG][181] 4/6 postprocess 시작
[2026-04-30 10:26:13,752] [DEBUG] [DBG][181] 4/6 postprocess 완료 (9.6ms)
[2026-04-30 10:26:13,753] [DEBUG] [DBG][181] 5/6 control 시작
[2026-04-30 10:26:13,754] [DEBUG] [DBG][181] 5/6 control 완료 (0.5ms)
[2026-04-30 10:26:13,754] [DEBUG] [DBG][181] 6/6 actuator 시작
[2026-04-30 10:26:13,755] [DEBUG] [DBG][181] 6/6 actuator 완료 (0.3ms)
[2026-04-30 10:26:13,783] [DEBUG] [DBG][182] 루프 시작
[2026-04-30 10:26:13,784] [DEBUG] [DBG][182] 1/6 capture 시작
[2026-04-30 10:26:13,802] [DEBUG] [DBG][182] 1/6 capture 완료 (17.7ms)
[2026-04-30 10:26:13,803] [DEBUG] [DBG][182] 2/6 preprocess 시작
[2026-04-30 10:26:13,816] [DEBUG] [DBG][182] 2/6 preprocess 완료 (12.9ms)
[2026-04-30 10:26:13,817] [DEBUG] [DBG][182] 3/6 DPU inference 시작
[2026-04-30 10:26:13,833] [DEBUG] [DBG][182] 3/6 DPU inference 완료 (16.1ms)
[2026-04-30 10:26:13,834] [DEBUG] [DBG][182] 4/6 postprocess 시작
[2026-04-30 10:26:13,843] [DEBUG] [DBG][182] 4/6 postprocess 완료 (9.0ms)
[2026-04-30 10:26:13,844] [DEBUG] [DBG][182] 5/6 control 시작
[2026-04-30 10:26:13,845] [DEBUG] [DBG][182] 5/6 control 완료 (0.7ms)
[2026-04-30 10:26:13,845] [DEBUG] [DBG][182] 6/6 actuator 시작
[2026-04-30 10:26:13,846] [DEBUG] [DBG][182] 6/6 actuator 완료 (0.5ms)
[2026-04-30 10:26:13,883] [DEBUG] [DBG][183] 루프 시작
[2026-04-30 10:26:13,885] [DEBUG] [DBG][183] 1/6 capture 시작
[2026-04-30 10:26:13,905] [DEBUG] [DBG][183] 1/6 capture 완료 (20.5ms)
[2026-04-30 10:26:13,907] [DEBUG] [DBG][183] 2/6 preprocess 시작
[2026-04-30 10:26:13,922] [DEBUG] [DBG][183] 2/6 preprocess 완료 (15.0ms)
[2026-04-30 10:26:13,925] [DEBUG] [DBG][183] 3/6 DPU inference 시작
[2026-04-30 10:26:13,945] [DEBUG] [DBG][183] 3/6 DPU inference 완료 (19.7ms)
[2026-04-30 10:26:13,947] [DEBUG] [DBG][183] 4/6 postprocess 시작
[2026-04-30 10:26:13,962] [DEBUG] [DBG][183] 4/6 postprocess 완료 (15.2ms)
[2026-04-30 10:26:13,964] [DEBUG] [DBG][183] 5/6 control 시작
[2026-04-30 10:26:13,965] [DEBUG] [DBG][183] 5/6 control 완료 (0.7ms)
[2026-04-30 10:26:13,965] [DEBUG] [DBG][183] 6/6 actuator 시작
[2026-04-30 10:26:13,966] [DEBUG] [DBG][183] 6/6 actuator 완료 (0.5ms)
[2026-04-30 10:26:13,983] [DEBUG] [DBG][184] 루프 시작
[2026-04-30 10:26:13,984] [DEBUG] [DBG][184] 1/6 capture 시작
[2026-04-30 10:26:13,999] [DEBUG] [DBG][184] 1/6 capture 완료 (14.8ms)
[2026-04-30 10:26:14,000] [DEBUG] [DBG][184] 2/6 preprocess 시작
[2026-04-30 10:26:14,014] [DEBUG] [DBG][184] 2/6 preprocess 완료 (13.8ms)
[2026-04-30 10:26:14,016] [DEBUG] [DBG][184] 3/6 DPU inference 시작
[2026-04-30 10:26:14,033] [DEBUG] [DBG][184] 3/6 DPU inference 완료 (17.1ms)
[2026-04-30 10:26:14,034] [DEBUG] [DBG][184] 4/6 postprocess 시작
[2026-04-30 10:26:14,050] [DEBUG] [DBG][184] 4/6 postprocess 완료 (15.3ms)
[2026-04-30 10:26:14,050] [DEBUG] [DBG][184] 5/6 control 시작
[2026-04-30 10:26:14,051] [DEBUG] [DBG][184] 5/6 control 완료 (0.5ms)
[2026-04-30 10:26:14,051] [DEBUG] [DBG][184] 6/6 actuator 시작
[2026-04-30 10:26:14,052] [DEBUG] [DBG][184] 6/6 actuator 완료 (0.4ms)
[2026-04-30 10:26:14,083] [DEBUG] [DBG][185] 루프 시작
[2026-04-30 10:26:14,084] [DEBUG] [DBG][185] 1/6 capture 시작
[2026-04-30 10:26:14,098] [DEBUG] [DBG][185] 1/6 capture 완료 (13.8ms)
[2026-04-30 10:26:14,100] [DEBUG] [DBG][185] 2/6 preprocess 시작
[2026-04-30 10:26:14,120] [DEBUG] [DBG][185] 2/6 preprocess 완료 (19.0ms)
[2026-04-30 10:26:14,123] [DEBUG] [DBG][185] 3/6 DPU inference 시작
[2026-04-30 10:26:14,142] [DEBUG] [DBG][185] 3/6 DPU inference 완료 (18.6ms)
[2026-04-30 10:26:14,144] [DEBUG] [DBG][185] 4/6 postprocess 시작
[2026-04-30 10:26:14,154] [DEBUG] [DBG][185] 4/6 postprocess 완료 (10.1ms)
[2026-04-30 10:26:14,156] [DEBUG] [DBG][185] 5/6 control 시작
[2026-04-30 10:26:14,157] [DEBUG] [DBG][185] 5/6 control 완료 (0.9ms)
[2026-04-30 10:26:14,157] [DEBUG] [DBG][185] 6/6 actuator 시작
[2026-04-30 10:26:14,158] [DEBUG] [DBG][185] 6/6 actuator 완료 (0.6ms)
[2026-04-30 10:26:14,685] [DEBUG] [DBG][186] 루프 시작
[2026-04-30 10:26:14,686] [DEBUG] [DBG][186] 1/6 capture 시작
[2026-04-30 10:26:14,700] [DEBUG] [DBG][186] 1/6 capture 완료 (13.4ms)
[2026-04-30 10:26:14,701] [DEBUG] [DBG][186] 2/6 preprocess 시작
[2026-04-30 10:26:14,714] [DEBUG] [DBG][186] 2/6 preprocess 완료 (12.7ms)
[2026-04-30 10:26:14,715] [DEBUG] [DBG][186] 3/6 DPU inference 시작
[2026-04-30 10:26:14,732] [DEBUG] [DBG][186] 3/6 DPU inference 완료 (16.5ms)
[2026-04-30 10:26:14,734] [DEBUG] [DBG][186] 4/6 postprocess 시작
[2026-04-30 10:26:14,742] [DEBUG] [DBG][186] 4/6 postprocess 완료 (8.6ms)
[2026-04-30 10:26:14,744] [DEBUG] [DBG][186] 5/6 control 시작
[2026-04-30 10:26:14,745] [DEBUG] [DBG][186] 5/6 control 완료 (0.9ms)
[2026-04-30 10:26:14,746] [DEBUG] [DBG][186] 6/6 actuator 시작
[2026-04-30 10:26:14,746] [DEBUG] [DBG][186] 6/6 actuator 완료 (0.7ms)
[2026-04-30 10:26:14,785] [DEBUG] [DBG][187] 루프 시작
[2026-04-30 10:26:14,786] [DEBUG] [DBG][187] 1/6 capture 시작
[2026-04-30 10:26:14,799] [DEBUG] [DBG][187] 1/6 capture 완료 (13.3ms)
[2026-04-30 10:26:14,801] [DEBUG] [DBG][187] 2/6 preprocess 시작
[2026-04-30 10:26:14,814] [DEBUG] [DBG][187] 2/6 preprocess 완료 (13.2ms)
[2026-04-30 10:26:14,815] [DEBUG] [DBG][187] 3/6 DPU inference 시작
[2026-04-30 10:26:14,833] [DEBUG] [DBG][187] 3/6 DPU inference 완료 (17.4ms)
[2026-04-30 10:26:14,835] [DEBUG] [DBG][187] 4/6 postprocess 시작
[2026-04-30 10:26:14,845] [DEBUG] [DBG][187] 4/6 postprocess 완료 (9.7ms)
[2026-04-30 10:26:14,846] [DEBUG] [DBG][187] 5/6 control 시작
[2026-04-30 10:26:14,847] [DEBUG] [DBG][187] 5/6 control 완료 (0.7ms)
[2026-04-30 10:26:14,847] [DEBUG] [DBG][187] 6/6 actuator 시작
[2026-04-30 10:26:14,847] [DEBUG] [DBG][187] 6/6 actuator 완료 (0.4ms)
[2026-04-30 10:26:14,885] [DEBUG] [DBG][188] 루프 시작
[2026-04-30 10:26:14,886] [DEBUG] [DBG][188] 1/6 capture 시작
[2026-04-30 10:26:14,900] [DEBUG] [DBG][188] 1/6 capture 완료 (14.0ms)
[2026-04-30 10:26:14,901] [DEBUG] [DBG][188] 2/6 preprocess 시작
[2026-04-30 10:26:14,914] [DEBUG] [DBG][188] 2/6 preprocess 완료 (12.8ms)
[2026-04-30 10:26:14,915] [DEBUG] [DBG][188] 3/6 DPU inference 시작
[2026-04-30 10:26:14,932] [DEBUG] [DBG][188] 3/6 DPU inference 완료 (16.1ms)
[2026-04-30 10:26:14,933] [DEBUG] [DBG][188] 4/6 postprocess 시작
[2026-04-30 10:26:14,942] [DEBUG] [DBG][188] 4/6 postprocess 완료 (8.7ms)
[2026-04-30 10:26:14,943] [DEBUG] [DBG][188] 5/6 control 시작
[2026-04-30 10:26:14,944] [DEBUG] [DBG][188] 5/6 control 완료 (1.2ms)
[2026-04-30 10:26:14,945] [DEBUG] [DBG][188] 6/6 actuator 시작
[2026-04-30 10:26:14,946] [DEBUG] [DBG][188] 6/6 actuator 완료 (0.5ms)
[2026-04-30 10:26:14,985] [DEBUG] [DBG][189] 루프 시작
[2026-04-30 10:26:14,986] [DEBUG] [DBG][189] 1/6 capture 시작
[2026-04-30 10:26:15,000] [DEBUG] [DBG][189] 1/6 capture 완료 (13.5ms)
[2026-04-30 10:26:15,001] [DEBUG] [DBG][189] 2/6 preprocess 시작
[2026-04-30 10:26:15,015] [DEBUG] [DBG][189] 2/6 preprocess 완료 (14.0ms)
[2026-04-30 10:26:15,016] [DEBUG] [DBG][189] 3/6 DPU inference 시작
[2026-04-30 10:26:15,037] [DEBUG] [DBG][189] 3/6 DPU inference 완료 (20.1ms)
[2026-04-30 10:26:15,038] [DEBUG] [DBG][189] 4/6 postprocess 시작
[2026-04-30 10:26:15,047] [DEBUG] [DBG][189] 4/6 postprocess 완료 (8.2ms)
[2026-04-30 10:26:15,048] [DEBUG] [DBG][189] 5/6 control 시작
[2026-04-30 10:26:15,049] [DEBUG] [DBG][189] 5/6 control 완료 (0.9ms)
[2026-04-30 10:26:15,049] [DEBUG] [DBG][189] 6/6 actuator 시작
[2026-04-30 10:26:15,050] [DEBUG] [DBG][189] 6/6 actuator 완료 (0.5ms)
[2026-04-30 10:26:15,086] [DEBUG] [DBG][190] 루프 시작
[2026-04-30 10:26:15,088] [DEBUG] [DBG][190] 1/6 capture 시작
[2026-04-30 10:26:15,102] [DEBUG] [DBG][190] 1/6 capture 완료 (14.7ms)
[2026-04-30 10:26:15,104] [DEBUG] [DBG][190] 2/6 preprocess 시작
[2026-04-30 10:26:15,117] [DEBUG] [DBG][190] 2/6 preprocess 완료 (13.0ms)
[2026-04-30 10:26:15,118] [DEBUG] [DBG][190] 3/6 DPU inference 시작
[2026-04-30 10:26:15,135] [DEBUG] [DBG][190] 3/6 DPU inference 완료 (16.5ms)
[2026-04-30 10:26:15,136] [DEBUG] [DBG][190] 4/6 postprocess 시작
[2026-04-30 10:26:15,144] [DEBUG] [DBG][190] 4/6 postprocess 완료 (8.3ms)
[2026-04-30 10:26:15,146] [DEBUG] [DBG][190] 5/6 control 시작
[2026-04-30 10:26:15,146] [DEBUG] [DBG][190] 5/6 control 완료 (0.7ms)
[2026-04-30 10:26:15,147] [DEBUG] [DBG][190] 6/6 actuator 시작
[2026-04-30 10:26:15,148] [DEBUG] [DBG][190] 6/6 actuator 완료 (0.6ms)
[2026-04-30 10:26:15,657] [INFO] [0190] cap=14.7ms | pre=13.0ms | inf=16.5ms | post=8.3ms | ctrl=0.7ms | act=0.6ms | total=61.9ms | valid=True | invalid=0 | pixels=19975 | err=-0.853 | steer=-0.341 | speed=0.165 | cur=-0.341 | adc=None
[2026-04-30 10:26:16,128] [INFO] [0190] system: rss=251.9MB | mem_avail=719.1MB | swap_free=510.7MB | load=1.11 0.68 0.56 | temp=hwmon0_temp1_input=55.0C, hwmon1_temp1_input=54.0C, hwmon2_temp1_input=52.3C, hwmon2_temp2_input=51.8C, pl_temp=53.1C, ps_temp=51.8C, remote_temp=51.4C
[2026-04-30 10:26:16,130] [DEBUG] [DBG][191] 루프 시작
[2026-04-30 10:26:16,130] [DEBUG] [DBG][191] 1/6 capture 시작
[2026-04-30 10:26:16,144] [DEBUG] [DBG][191] 1/6 capture 완료 (13.3ms)
[2026-04-30 10:26:16,145] [DEBUG] [DBG][191] 2/6 preprocess 시작
[2026-04-30 10:26:16,168] [DEBUG] [DBG][191] 2/6 preprocess 완료 (23.2ms)
[2026-04-30 10:26:16,170] [DEBUG] [DBG][191] 3/6 DPU inference 시작
[2026-04-30 10:26:16,188] [DEBUG] [DBG][191] 3/6 DPU inference 완료 (18.2ms)
[2026-04-30 10:26:16,191] [DEBUG] [DBG][191] 4/6 postprocess 시작
[2026-04-30 10:26:16,201] [DEBUG] [DBG][191] 4/6 postprocess 완료 (9.4ms)
[2026-04-30 10:26:16,202] [DEBUG] [DBG][191] 5/6 control 시작
[2026-04-30 10:26:16,203] [DEBUG] [DBG][191] 5/6 control 완료 (0.6ms)
[2026-04-30 10:26:16,203] [DEBUG] [DBG][191] 6/6 actuator 시작
[2026-04-30 10:26:16,204] [DEBUG] [DBG][191] 6/6 actuator 완료 (0.4ms)
[2026-04-30 10:26:16,230] [DEBUG] [DBG][192] 루프 시작
[2026-04-30 10:26:16,231] [DEBUG] [DBG][192] 1/6 capture 시작
[2026-04-30 10:26:16,245] [DEBUG] [DBG][192] 1/6 capture 완료 (13.6ms)
[2026-04-30 10:26:16,246] [DEBUG] [DBG][192] 2/6 preprocess 시작
[2026-04-30 10:26:16,259] [DEBUG] [DBG][192] 2/6 preprocess 완료 (12.9ms)
[2026-04-30 10:26:16,261] [DEBUG] [DBG][192] 3/6 DPU inference 시작
[2026-04-30 10:26:16,277] [DEBUG] [DBG][192] 3/6 DPU inference 완료 (16.1ms)
[2026-04-30 10:26:16,279] [DEBUG] [DBG][192] 4/6 postprocess 시작
[2026-04-30 10:26:16,295] [DEBUG] [DBG][192] 4/6 postprocess 완료 (16.1ms)
[2026-04-30 10:26:16,297] [DEBUG] [DBG][192] 5/6 control 시작
[2026-04-30 10:26:16,297] [DEBUG] [DBG][192] 5/6 control 완료 (0.7ms)
[2026-04-30 10:26:16,298] [DEBUG] [DBG][192] 6/6 actuator 시작
[2026-04-30 10:26:16,298] [DEBUG] [DBG][192] 6/6 actuator 완료 (0.5ms)
[2026-04-30 10:26:16,330] [DEBUG] [DBG][193] 루프 시작
[2026-04-30 10:26:16,331] [DEBUG] [DBG][193] 1/6 capture 시작
[2026-04-30 10:26:16,347] [DEBUG] [DBG][193] 1/6 capture 완료 (15.9ms)
[2026-04-30 10:26:16,349] [DEBUG] [DBG][193] 2/6 preprocess 시작
[2026-04-30 10:26:16,363] [DEBUG] [DBG][193] 2/6 preprocess 완료 (13.8ms)
[2026-04-30 10:26:16,363] [DEBUG] [DBG][193] 3/6 DPU inference 시작
[2026-04-30 10:26:16,380] [DEBUG] [DBG][193] 3/6 DPU inference 완료 (16.6ms)
[2026-04-30 10:26:16,382] [DEBUG] [DBG][193] 4/6 postprocess 시작
[2026-04-30 10:26:16,393] [DEBUG] [DBG][193] 4/6 postprocess 완료 (10.7ms)
[2026-04-30 10:26:16,393] [DEBUG] [DBG][193] 5/6 control 시작
[2026-04-30 10:26:16,394] [DEBUG] [DBG][193] 5/6 control 완료 (0.5ms)
[2026-04-30 10:26:16,394] [DEBUG] [DBG][193] 6/6 actuator 시작
[2026-04-30 10:26:16,395] [DEBUG] [DBG][193] 6/6 actuator 완료 (0.4ms)
[2026-04-30 10:26:16,430] [DEBUG] [DBG][194] 루프 시작
[2026-04-30 10:26:16,431] [DEBUG] [DBG][194] 1/6 capture 시작
[2026-04-30 10:26:16,445] [DEBUG] [DBG][194] 1/6 capture 완료 (13.9ms)
[2026-04-30 10:26:16,446] [DEBUG] [DBG][194] 2/6 preprocess 시작
[2026-04-30 10:26:16,461] [DEBUG] [DBG][194] 2/6 preprocess 완료 (14.7ms)
[2026-04-30 10:26:16,462] [DEBUG] [DBG][194] 3/6 DPU inference 시작
[2026-04-30 10:26:16,486] [DEBUG] [DBG][194] 3/6 DPU inference 완료 (23.5ms)
[2026-04-30 10:26:16,487] [DEBUG] [DBG][194] 4/6 postprocess 시작
[2026-04-30 10:26:16,495] [DEBUG] [DBG][194] 4/6 postprocess 완료 (8.1ms)
[2026-04-30 10:26:16,496] [DEBUG] [DBG][194] 5/6 control 시작
[2026-04-30 10:26:16,496] [DEBUG] [DBG][194] 5/6 control 완료 (0.6ms)
[2026-04-30 10:26:16,497] [DEBUG] [DBG][194] 6/6 actuator 시작
[2026-04-30 10:26:16,498] [DEBUG] [DBG][194] 6/6 actuator 완료 (0.7ms)
[2026-04-30 10:26:16,530] [DEBUG] [DBG][195] 루프 시작
[2026-04-30 10:26:16,532] [DEBUG] [DBG][195] 1/6 capture 시작
[2026-04-30 10:26:16,560] [DEBUG] [DBG][195] 1/6 capture 완료 (28.1ms)
[2026-04-30 10:26:16,561] [DEBUG] [DBG][195] 2/6 preprocess 시작
[2026-04-30 10:26:16,580] [DEBUG] [DBG][195] 2/6 preprocess 완료 (18.6ms)
[2026-04-30 10:26:16,581] [DEBUG] [DBG][195] 3/6 DPU inference 시작
[2026-04-30 10:26:16,598] [DEBUG] [DBG][195] 3/6 DPU inference 완료 (17.4ms)
[2026-04-30 10:26:16,599] [DEBUG] [DBG][195] 4/6 postprocess 시작
[2026-04-30 10:26:16,611] [DEBUG] [DBG][195] 4/6 postprocess 완료 (12.0ms)
[2026-04-30 10:26:16,613] [DEBUG] [DBG][195] 5/6 control 시작
[2026-04-30 10:26:16,614] [DEBUG] [DBG][195] 5/6 control 완료 (0.9ms)
[2026-04-30 10:26:16,615] [DEBUG] [DBG][195] 6/6 actuator 시작
[2026-04-30 10:26:16,615] [DEBUG] [DBG][195] 6/6 actuator 완료 (0.6ms)
[2026-04-30 10:26:17,105] [DEBUG] [DBG][196] 루프 시작
[2026-04-30 10:26:17,106] [DEBUG] [DBG][196] 1/6 capture 시작
[2026-04-30 10:26:17,120] [DEBUG] [DBG][196] 1/6 capture 완료 (13.3ms)
[2026-04-30 10:26:17,120] [DEBUG] [DBG][196] 2/6 preprocess 시작
[2026-04-30 10:26:17,133] [DEBUG] [DBG][196] 2/6 preprocess 완료 (12.8ms)
[2026-04-30 10:26:17,134] [DEBUG] [DBG][196] 3/6 DPU inference 시작
[2026-04-30 10:26:17,151] [DEBUG] [DBG][196] 3/6 DPU inference 완료 (16.2ms)
[2026-04-30 10:26:17,152] [DEBUG] [DBG][196] 4/6 postprocess 시작
[2026-04-30 10:26:17,167] [DEBUG] [DBG][196] 4/6 postprocess 완료 (15.3ms)
[2026-04-30 10:26:17,168] [DEBUG] [DBG][196] 5/6 control 시작
[2026-04-30 10:26:17,169] [DEBUG] [DBG][196] 5/6 control 완료 (0.5ms)
[2026-04-30 10:26:17,169] [DEBUG] [DBG][196] 6/6 actuator 시작
[2026-04-30 10:26:17,169] [DEBUG] [DBG][196] 6/6 actuator 완료 (0.3ms)
[2026-04-30 10:26:17,205] [DEBUG] [DBG][197] 루프 시작
[2026-04-30 10:26:17,206] [DEBUG] [DBG][197] 1/6 capture 시작
[2026-04-30 10:26:17,221] [DEBUG] [DBG][197] 1/6 capture 완료 (14.0ms)
[2026-04-30 10:26:17,222] [DEBUG] [DBG][197] 2/6 preprocess 시작
[2026-04-30 10:26:17,236] [DEBUG] [DBG][197] 2/6 preprocess 완료 (14.2ms)
[2026-04-30 10:26:17,237] [DEBUG] [DBG][197] 3/6 DPU inference 시작
[2026-04-30 10:26:17,254] [DEBUG] [DBG][197] 3/6 DPU inference 완료 (16.9ms)
[2026-04-30 10:26:17,256] [DEBUG] [DBG][197] 4/6 postprocess 시작
[2026-04-30 10:26:17,264] [DEBUG] [DBG][197] 4/6 postprocess 완료 (8.6ms)
[2026-04-30 10:26:17,265] [DEBUG] [DBG][197] 5/6 control 시작
[2026-04-30 10:26:17,266] [DEBUG] [DBG][197] 5/6 control 완료 (0.8ms)
[2026-04-30 10:26:17,267] [DEBUG] [DBG][197] 6/6 actuator 시작
[2026-04-30 10:26:17,267] [DEBUG] [DBG][197] 6/6 actuator 완료 (0.7ms)
[2026-04-30 10:26:17,306] [DEBUG] [DBG][198] 루프 시작
[2026-04-30 10:26:17,306] [DEBUG] [DBG][198] 1/6 capture 시작
[2026-04-30 10:26:17,322] [DEBUG] [DBG][198] 1/6 capture 완료 (15.7ms)
[2026-04-30 10:26:17,323] [DEBUG] [DBG][198] 2/6 preprocess 시작
[2026-04-30 10:26:17,338] [DEBUG] [DBG][198] 2/6 preprocess 완료 (14.8ms)
[2026-04-30 10:26:17,339] [DEBUG] [DBG][198] 3/6 DPU inference 시작
[2026-04-30 10:26:17,358] [DEBUG] [DBG][198] 3/6 DPU inference 완료 (18.4ms)
[2026-04-30 10:26:17,359] [DEBUG] [DBG][198] 4/6 postprocess 시작
[2026-04-30 10:26:17,367] [DEBUG] [DBG][198] 4/6 postprocess 완료 (8.2ms)
[2026-04-30 10:26:17,370] [DEBUG] [DBG][198] 5/6 control 시작
[2026-04-30 10:26:17,371] [DEBUG] [DBG][198] 5/6 control 완료 (1.2ms)
[2026-04-30 10:26:17,371] [DEBUG] [DBG][198] 6/6 actuator 시작
[2026-04-30 10:26:17,372] [DEBUG] [DBG][198] 6/6 actuator 완료 (0.4ms)
[2026-04-30 10:26:17,407] [DEBUG] [DBG][199] 루프 시작
[2026-04-30 10:26:17,408] [DEBUG] [DBG][199] 1/6 capture 시작
[2026-04-30 10:26:17,426] [DEBUG] [DBG][199] 1/6 capture 완료 (17.6ms)
[2026-04-30 10:26:17,427] [DEBUG] [DBG][199] 2/6 preprocess 시작
[2026-04-30 10:26:17,446] [DEBUG] [DBG][199] 2/6 preprocess 완료 (18.6ms)
[2026-04-30 10:26:17,447] [DEBUG] [DBG][199] 3/6 DPU inference 시작
[2026-04-30 10:26:17,463] [DEBUG] [DBG][199] 3/6 DPU inference 완료 (16.4ms)
[2026-04-30 10:26:17,464] [DEBUG] [DBG][199] 4/6 postprocess 시작
[2026-04-30 10:26:17,500] [DEBUG] [DBG][199] 4/6 postprocess 완료 (35.4ms)
[2026-04-30 10:26:17,502] [DEBUG] [DBG][199] 5/6 control 시작
[2026-04-30 10:26:17,503] [DEBUG] [DBG][199] 5/6 control 완료 (0.9ms)
[2026-04-30 10:26:17,503] [DEBUG] [DBG][199] 6/6 actuator 시작
[2026-04-30 10:26:17,504] [DEBUG] [DBG][199] 6/6 actuator 완료 (0.7ms)
[2026-04-30 10:26:17,703] [INFO] profiler summary:
[2026-04-30 10:26:17,707] [INFO]  - capture: avg=18.01ms, min=11.63ms, max=732.71ms
[2026-04-30 10:26:17,709] [INFO]  - preprocess: avg=13.89ms, min=12.20ms, max=25.18ms
[2026-04-30 10:26:17,711] [INFO]  - inference: avg=18.20ms, min=15.80ms, max=79.62ms
[2026-04-30 10:26:17,712] [INFO]  - postprocess: avg=10.88ms, min=7.20ms, max=35.37ms
[2026-04-30 10:26:17,713] [INFO]  - control: avg=0.78ms, min=0.42ms, max=4.71ms
[2026-04-30 10:26:17,714] [INFO]  - actuator: avg=0.52ms, min=0.32ms, max=2.11ms
[2026-04-30 10:26:17,714] [INFO]  - total: avg=70.16ms, min=55.61ms, max=801.55ms
[2026-04-30 10:28:26,422] [INFO] DPU overlay 로드: /home/xilinx/jupyter_notebooks/pynq-dpu/autonomous_driving_baseline/configs/dpu/dpu.bit
[2026-04-30 10:28:28,700] [INFO] DPU overlay 로드 완료
[2026-04-30 10:28:28,701] [INFO] 카메라 open
[2026-04-30 10:28:28,792] [INFO] xmodel load / runner create
[2026-04-30 10:28:29,405] [INFO] DPU input shape: (1, 256, 256, 3)
[2026-04-30 10:28:29,405] [INFO] DPU output shape: (1, 256, 256, 1)
[2026-04-30 10:28:29,406] [INFO] DPU warmup: 2회
[2026-04-30 10:28:29,448] [INFO] actuator mode: dry_run
[2026-04-30 10:28:29,461] [INFO] 스트리밍 서버 시작
[2026-04-30 10:28:29,462] [INFO] 웹 대시보드: http://127.0.0.1:5000
[2026-04-30 10:28:29,462] [INFO] 웹 대시보드: http://pynq:5000
[2026-04-30 10:28:29,463] [INFO] 웹 대시보드: http://127.0.1.1:5000
[2026-04-30 10:28:29,463] [INFO] main loop 시작: max_frames=200, target_fps=0.0
[2026-04-30 10:28:29,925] [INFO] system start: rss=238.9MB | mem_avail=734.1MB | swap_free=510.7MB | load=0.62 0.61 0.55 | temp=hwmon0_temp1_input=55.0C, hwmon1_temp1_input=54.0C, hwmon2_temp1_input=52.6C, hwmon2_temp2_input=52.0C, pl_temp=53.2C, ps_temp=52.2C, remote_temp=54.1C
[2026-04-30 10:28:29,926] [DEBUG] [DBG][0] 루프 시작
[2026-04-30 10:28:29,927] [DEBUG] [DBG][0] 1/6 capture 시작
[2026-04-30 10:28:30,279] [DEBUG] [DBG][0] 1/6 capture 완료 (352.5ms)
[2026-04-30 10:28:30,280] [DEBUG] [DBG][0] 2/6 preprocess 시작
[2026-04-30 10:28:30,293] [DEBUG] [DBG][0] 2/6 preprocess 완료 (12.9ms)
[2026-04-30 10:28:30,294] [DEBUG] [DBG][0] 3/6 DPU inference 시작
[2026-04-30 10:28:30,311] [DEBUG] [DBG][0] 3/6 DPU inference 완료 (16.7ms)
[2026-04-30 10:28:30,312] [DEBUG] [DBG][0] 4/6 postprocess 시작
[2026-04-30 10:28:30,344] [DEBUG] [DBG][0] 4/6 postprocess 완료 (31.7ms)
[2026-04-30 10:28:30,345] [DEBUG] [DBG][0] 5/6 control 시작
[2026-04-30 10:28:30,345] [DEBUG] [DBG][0] 5/6 control 완료 (0.5ms)
[2026-04-30 10:28:30,346] [DEBUG] [DBG][0] 6/6 actuator 시작
[2026-04-30 10:28:30,346] [DEBUG] [DBG][0] 6/6 actuator 완료 (0.5ms)
[2026-04-30 10:28:30,804] [INFO] [0000] cap=352.5ms | pre=12.9ms | inf=16.7ms | post=31.7ms | ctrl=0.5ms | act=0.5ms | total=420.6ms | valid=True | invalid=0 | pixels=47949 | err=-0.425 | steer=-0.170 | speed=0.207 | cur=-0.170 | adc=None
[2026-04-30 10:28:31,254] [INFO] [0000] system: rss=248.4MB | mem_avail=730.1MB | swap_free=510.7MB | load=0.62 0.61 0.55 | temp=hwmon0_temp1_input=55.0C, hwmon1_temp1_input=54.0C, hwmon2_temp1_input=52.0C, hwmon2_temp2_input=52.4C, pl_temp=53.4C, ps_temp=53.3C, remote_temp=52.3C
[2026-04-30 10:28:31,255] [DEBUG] [DBG][1] 루프 시작
[2026-04-30 10:28:31,256] [DEBUG] [DBG][1] 1/6 capture 시작
[2026-04-30 10:28:31,270] [DEBUG] [DBG][1] 1/6 capture 완료 (13.5ms)
[2026-04-30 10:28:31,271] [DEBUG] [DBG][1] 2/6 preprocess 시작
[2026-04-30 10:28:31,285] [DEBUG] [DBG][1] 2/6 preprocess 완료 (13.4ms)
[2026-04-30 10:28:31,286] [DEBUG] [DBG][1] 3/6 DPU inference 시작
[2026-04-30 10:28:31,305] [DEBUG] [DBG][1] 3/6 DPU inference 완료 (18.5ms)
[2026-04-30 10:28:31,306] [DEBUG] [DBG][1] 4/6 postprocess 시작
[2026-04-30 10:28:31,315] [DEBUG] [DBG][1] 4/6 postprocess 완료 (9.1ms)
[2026-04-30 10:28:31,316] [DEBUG] [DBG][1] 5/6 control 시작[2026-04-30 10:41:45,008] [INFO] DPU overlay 로드: /home/xilinx/jupyter_notebooks/pynq-dpu/autonomous_driving_baseline/configs/dpu/dpu.bit
[2026-04-30 10:41:50,322] [INFO] DPU overlay 로드 완료
[2026-04-30 10:41:50,323] [INFO] 카메라 open
[2026-04-30 10:41:51,167] [INFO] xmodel load / runner create
[2026-04-30 10:41:51,919] [INFO] DPU input shape: (1, 256, 256, 3)
[2026-04-30 10:41:51,921] [INFO] DPU output shape: (1, 256, 256, 1)
[2026-04-30 10:41:51,921] [INFO] DPU warmup: 2회
[2026-04-30 10:41:51,962] [INFO] actuator mode: real_mmio
[2026-04-30 10:41:51,981] [INFO] 스트리밍 서버 시작
[2026-04-30 10:41:51,983] [INFO] 웹 대시보드: http://127.0.0.1:5000
[2026-04-30 10:41:51,984] [INFO] 웹 대시보드: http://pynq:5000
[2026-04-30 10:41:51,984] [INFO] 웹 대시보드: http://127.0.1.1:5000
[2026-04-30 10:41:51,985] [INFO] main loop 시작: max_frames=200, target_fps=10.0
[2026-04-30 10:41:52,457] [INFO] system start: rss=231.0MB | mem_avail=770.3MB | swap_free=511.7MB | load=0.81 0.92 0.45 | temp=hwmon0_temp1_input=52.0C, hwmon1_temp1_input=52.0C, hwmon2_temp1_input=49.8C, hwmon2_temp2_input=51.7C, pl_temp=50.5C, ps_temp=50.3C, remote_temp=52.2C
[2026-04-30 10:41:52,458] [DEBUG] [DBG][0] 루프 시작
[2026-04-30 10:41:52,458] [DEBUG] [DBG][0] 1/6 capture 시작
[2026-04-30 10:41:53,243] [DEBUG] [DBG][0] 1/6 capture 완료 (785.1ms)
[2026-04-30 10:41:53,245] [DEBUG] [DBG][0] 2/6 preprocess 시작
[2026-04-30 10:41:53,307] [DEBUG] [DBG][0] 2/6 preprocess 완료 (62.1ms)
[2026-04-30 10:41:53,308] [DEBUG] [DBG][0] 3/6 DPU inference 시작
[2026-04-30 10:41:53,325] [DEBUG] [DBG][0] 3/6 DPU inference 완료 (16.3ms)
[2026-04-30 10:41:53,326] [DEBUG] [DBG][0] 4/6 postprocess 시작
[2026-04-30 10:41:53,423] [DEBUG] [DBG][0] 4/6 postprocess 완료 (96.8ms)
[2026-04-30 10:41:53,424] [DEBUG] [DBG][0] 5/6 control 시작
[2026-04-30 10:41:53,424] [DEBUG] [DBG][0] 5/6 control 완료 (0.5ms)
[2026-04-30 10:41:53,424] [DEBUG] [DBG][0] 6/6 actuator 시작
[2026-04-30 10:41:53,426] [DEBUG] [DBG][0] 6/6 actuator 완료 (1.7ms)
[2026-04-30 10:41:53,920] [INFO] [0000] cap=785.1ms | pre=62.1ms | inf=16.3ms | post=96.8ms | ctrl=0.5ms | act=1.7ms | total=968.9ms | valid=True | invalid=0 | pixels=21860 | err=-0.119 | steer=-0.048 | speed=0.238 | cur=None | adc=None
[2026-04-30 10:41:54,354] [INFO] [0000] system: rss=239.7MB | mem_avail=767.2MB | swap_free=511.5MB | load=0.81 0.92 0.45 | temp=hwmon0_temp1_input=53.0C, hwmon1_temp1_input=52.0C, hwmon2_temp1_input=49.6C, hwmon2_temp2_input=50.5C, pl_temp=50.6C, ps_temp=50.3C, remote_temp=51.8C
[2026-04-30 10:41:54,355] [DEBUG] [DBG][1] 루프 시작
[2026-04-30 10:41:54,363] [DEBUG] [DBG][1] 1/6 capture 시작
[2026-04-30 10:41:54,377] [DEBUG] [DBG][1] 1/6 capture 완료 (13.7ms)
[2026-04-30 10:41:54,378] [DEBUG] [DBG][1] 2/6 preprocess 시작
[2026-04-30 10:41:54,392] [DEBUG] [DBG][1] 2/6 preprocess 완료 (13.7ms)
[2026-04-30 10:41:54,393] [DEBUG] [DBG][1] 3/6 DPU inference 시작
[2026-04-30 10:41:54,411] [DEBUG] [DBG][1] 3/6 DPU inference 완료 (17.9ms)
[2026-04-30 10:41:54,412] [DEBUG] [DBG][1] 4/6 postprocess 시작
[2026-04-30 10:41:54,431] [DEBUG] [DBG][1] 4/6 postprocess 완료 (18.3ms)
[2026-04-30 10:41:54,432] [DEBUG] [DBG][1] 5/6 control 시작
[2026-04-30 10:41:54,432] [DEBUG] [DBG][1] 5/6 control 완료 (0.7ms)
[2026-04-30 10:41:54,433] [DEBUG] [DBG][1] 6/6 actuator 시작
[2026-04-30 10:41:54,434] [DEBUG] [DBG][1] 6/6 actuator 완료 (1.5ms)
[2026-04-30 10:41:54,456] [DEBUG] [DBG][2] 루프 시작
[2026-04-30 10:41:54,457] [DEBUG] [DBG][2] 1/6 capture 시작
[2026-04-30 10:41:54,470] [DEBUG] [DBG][2] 1/6 capture 완료 (12.8ms)
[2026-04-30 10:41:54,471] [DEBUG] [DBG][2] 2/6 preprocess 시작
[2026-04-30 10:41:54,484] [DEBUG] [DBG][2] 2/6 preprocess 완료 (12.8ms)
[2026-04-30 10:41:54,485] [DEBUG] [DBG][2] 3/6 DPU inference 시작
[2026-04-30 10:41:54,501] [DEBUG] [DBG][2] 3/6 DPU inference 완료 (16.2ms)
[2026-04-30 10:41:54,503] [DEBUG] [DBG][2] 4/6 postprocess 시작
[2026-04-30 10:41:54,512] [DEBUG] [DBG][2] 4/6 postprocess 완료 (9.2ms)
[2026-04-30 10:41:54,513] [DEBUG] [DBG][2] 5/6 control 시작
[2026-04-30 10:41:54,514] [DEBUG] [DBG][2] 5/6 control 완료 (1.0ms)
[2026-04-30 10:41:54,515] [DEBUG] [DBG][2] 6/6 actuator 시작
[2026-04-30 10:41:54,517] [DEBUG] [DBG][2] 6/6 actuator 완료 (2.1ms)
[2026-04-30 10:41:54,556] [DEBUG] [DBG][3] 루프 시작
[2026-04-30 10:41:54,557] [DEBUG] [DBG][3] 1/6 capture 시작
[2026-04-30 10:41:54,571] [DEBUG] [DBG][3] 1/6 capture 완료 (13.5ms)
[2026-04-30 10:41:54,572] [DEBUG] [DBG][3] 2/6 preprocess 시작
[2026-04-30 10:41:54,586] [DEBUG] [DBG][3] 2/6 preprocess 완료 (13.6ms)
[2026-04-30 10:41:54,587] [DEBUG] [DBG][3] 3/6 DPU inference 시작
[2026-04-30 10:41:54,623] [DEBUG] [DBG][3] 3/6 DPU inference 완료 (35.7ms)
[2026-04-30 10:41:54,628] [DEBUG] [DBG][3] 4/6 postprocess 시작
[2026-04-30 10:41:54,650] [DEBUG] [DBG][3] 4/6 postprocess 완료 (25.6ms)
[2026-04-30 10:41:54,651] [DEBUG] [DBG][3] 5/6 control 시작
[2026-04-30 10:41:54,652] [DEBUG] [DBG][3] 5/6 control 완료 (0.5ms)
[2026-04-30 10:41:54,652] [DEBUG] [DBG][3] 6/6 actuator 시작
[2026-04-30 10:41:54,653] [DEBUG] [DBG][3] 6/6 actuator 완료 (1.5ms)
[2026-04-30 10:41:54,656] [DEBUG] [DBG][4] 루프 시작
[2026-04-30 10:41:54,656] [DEBUG] [DBG][4] 1/6 capture 시작
[2026-04-30 10:41:54,689] [DEBUG] [DBG][4] 1/6 capture 완료 (32.4ms)
[2026-04-30 10:41:54,691] [DEBUG] [DBG][4] 2/6 preprocess 시작
[2026-04-30 10:41:54,705] [DEBUG] [DBG][4] 2/6 preprocess 완료 (14.3ms)
[2026-04-30 10:41:54,706] [DEBUG] [DBG][4] 3/6 DPU inference 시작
[2026-04-30 10:41:54,723] [DEBUG] [DBG][4] 3/6 DPU inference 완료 (16.9ms)
[2026-04-30 10:41:54,724] [DEBUG] [DBG][4] 4/6 postprocess 시작
[2026-04-30 10:41:54,732] [DEBUG] [DBG][4] 4/6 postprocess 완료 (7.9ms)
[2026-04-30 10:41:54,733] [DEBUG] [DBG][4] 5/6 control 시작
[2026-04-30 10:41:54,733] [DEBUG] [DBG][4] 5/6 control 완료 (0.5ms)
[2026-04-30 10:41:54,734] [DEBUG] [DBG][4] 6/6 actuator 시작
[2026-04-30 10:41:54,736] [DEBUG] [DBG][4] 6/6 actuator 완료 (1.7ms)
[2026-04-30 10:41:54,756] [DEBUG] [DBG][5] 루프 시작
[2026-04-30 10:41:54,757] [DEBUG] [DBG][5] 1/6 capture 시작
[2026-04-30 10:41:54,770] [DEBUG] [DBG][5] 1/6 capture 완료 (13.5ms)
[2026-04-30 10:41:54,771] [DEBUG] [DBG][5] 2/6 preprocess 시작
[2026-04-30 10:41:54,787] [DEBUG] [DBG][5] 2/6 preprocess 완료 (15.2ms)
[2026-04-30 10:41:54,788] [DEBUG] [DBG][5] 3/6 DPU inference 시작
[2026-04-30 10:41:54,804] [DEBUG] [DBG][5] 3/6 DPU inference 완료 (16.1ms)
[2026-04-30 10:41:54,805] [DEBUG] [DBG][5] 4/6 postprocess 시작
[2026-04-30 10:41:54,815] [DEBUG] [DBG][5] 4/6 postprocess 완료 (9.7ms)
[2026-04-30 10:41:54,815] [DEBUG] [DBG][5] 5/6 control 시작
[2026-04-30 10:41:54,816] [DEBUG] [DBG][5] 5/6 control 완료 (0.5ms)
[2026-04-30 10:41:54,816] [DEBUG] [DBG][5] 6/6 actuator 시작
[2026-04-30 10:41:54,818] [DEBUG] [DBG][5] 6/6 actuator 완료 (1.7ms)
[2026-04-30 10:41:55,294] [DEBUG] [DBG][6] 루프 시작
[2026-04-30 10:41:55,296] [DEBUG] [DBG][6] 1/6 capture 시작
[2026-04-30 10:41:55,312] [DEBUG] [DBG][6] 1/6 capture 완료 (16.0ms)
[2026-04-30 10:41:55,315] [DEBUG] [DBG][6] 2/6 preprocess 시작
[2026-04-30 10:41:55,332] [DEBUG] [DBG][6] 2/6 preprocess 완료 (16.9ms)
[2026-04-30 10:41:55,334] [DEBUG] [DBG][6] 3/6 DPU inference 시작
[2026-04-30 10:41:55,353] [DEBUG] [DBG][6] 3/6 DPU inference 완료 (18.7ms)
[2026-04-30 10:41:55,355] [DEBUG] [DBG][6] 4/6 postprocess 시작
[2026-04-30 10:41:55,364] [DEBUG] [DBG][6] 4/6 postprocess 완료 (8.9ms)
[2026-04-30 10:41:55,366] [DEBUG] [DBG][6] 5/6 control 시작
[2026-04-30 10:41:55,367] [DEBUG] [DBG][6] 5/6 control 완료 (1.3ms)
[2026-04-30 10:41:55,368] [DEBUG] [DBG][6] 6/6 actuator 시작
[2026-04-30 10:41:55,371] [DEBUG] [DBG][6] 6/6 actuator 완료 (2.4ms)
[2026-04-30 10:41:55,394] [DEBUG] [DBG][7] 루프 시작
[2026-04-30 10:41:55,396] [DEBUG] [DBG][7] 1/6 capture 시작
[2026-04-30 10:41:55,411] [DEBUG] [DBG][7] 1/6 capture 완료 (14.5ms)
[2026-04-30 10:41:55,412] [DEBUG] [DBG][7] 2/6 preprocess 시작
[2026-04-30 10:41:55,426] [DEBUG] [DBG][7] 2/6 preprocess 완료 (13.7ms)
[2026-04-30 10:41:55,427] [DEBUG] [DBG][7] 3/6 DPU inference 시작
[2026-04-30 10:41:55,447] [DEBUG] [DBG][7] 3/6 DPU inference 완료 (19.3ms)
[2026-04-30 10:41:55,448] [DEBUG] [DBG][7] 4/6 postprocess 시작
[2026-04-30 10:41:55,458] [DEBUG] [DBG][7] 4/6 postprocess 완료 (9.8ms)
[2026-04-30 10:41:55,459] [DEBUG] [DBG][7] 5/6 control 시작
[2026-04-30 10:41:55,460] [DEBUG] [DBG][7] 5/6 control 완료 (0.8ms)
[2026-04-30 10:41:55,461] [DEBUG] [DBG][7] 6/6 actuator 시작
[2026-04-30 10:41:55,463] [DEBUG] [DBG][7] 6/6 actuator 완료 (1.8ms)
[2026-04-30 10:41:55,494] [DEBUG] [DBG][8] 루프 시작
[2026-04-30 10:41:55,496] [DEBUG] [DBG][8] 1/6 capture 시작
[2026-04-30 10:41:55,510] [DEBUG] [DBG][8] 1/6 capture 완료 (13.9ms)
[2026-04-30 10:41:55,511] [DEBUG] [DBG][8] 2/6 preprocess 시작
[2026-04-30 10:41:55,527] [DEBUG] [DBG][8] 2/6 preprocess 완료 (15.2ms)
[2026-04-30 10:41:55,528] [DEBUG] [DBG][8] 3/6 DPU inference 시작
[2026-04-30 10:41:55,545] [DEBUG] [DBG][8] 3/6 DPU inference 완료 (16.3ms)
[2026-04-30 10:41:55,546] [DEBUG] [DBG][8] 4/6 postprocess 시작
[2026-04-30 10:41:55,563] [DEBUG] [DBG][8] 4/6 postprocess 완료 (16.9ms)
[2026-04-30 10:41:55,564] [DEBUG] [DBG][8] 5/6 control 시작
[2026-04-30 10:41:55,565] [DEBUG] [DBG][8] 5/6 control 완료 (0.5ms)
[2026-04-30 10:41:55,565] [DEBUG] [DBG][8] 6/6 actuator 시작
[2026-04-30 10:41:55,566] [DEBUG] [DBG][8] 6/6 actuator 완료 (1.6ms)
[2026-04-30 10:41:55,595] [DEBUG] [DBG][9] 루프 시작
[2026-04-30 10:41:55,596] [DEBUG] [DBG][9] 1/6 capture 시작
[2026-04-30 10:41:55,610] [DEBUG] [DBG][9] 1/6 capture 완료 (14.0ms)
[2026-04-30 10:41:55,610] [DEBUG] [DBG][9] 2/6 preprocess 시작
[2026-04-30 10:41:55,624] [DEBUG] [DBG][9] 2/6 preprocess 완료 (13.4ms)
[2026-04-30 10:41:55,625] [DEBUG] [DBG][9] 3/6 DPU inference 시작
[2026-04-30 10:41:55,643] [DEBUG] [DBG][9] 3/6 DPU inference 완료 (17.5ms)
[2026-04-30 10:41:55,644] [DEBUG] [DBG][9] 4/6 postprocess 시작
[2026-04-30 10:41:55,653] [DEBUG] [DBG][9] 4/6 postprocess 완료 (9.2ms)
[2026-04-30 10:41:55,654] [DEBUG] [DBG][9] 5/6 control 시작
[2026-04-30 10:41:55,655] [DEBUG] [DBG][9] 5/6 control 완료 (0.8ms)
[2026-04-30 10:41:55,656] [DEBUG] [DBG][9] 6/6 actuator 시작
[2026-04-30 10:41:55,658] [DEBUG] [DBG][9] 6/6 actuator 완료 (1.8ms)
[2026-04-30 10:41:55,695] [DEBUG] [DBG][10] 루프 시작
[2026-04-30 10:41:55,697] [DEBUG] [DBG][10] 1/6 capture 시작
[2026-04-30 10:41:55,712] [DEBUG] [DBG][10] 1/6 capture 완료 (15.4ms)
[2026-04-30 10:41:55,714] [DEBUG] [DBG][10] 2/6 preprocess 시작
[2026-04-30 10:41:55,727] [DEBUG] [DBG][10] 2/6 preprocess 완료 (12.8ms)
[2026-04-30 10:41:55,728] [DEBUG] [DBG][10] 3/6 DPU inference 시작
[2026-04-30 10:41:55,744] [DEBUG] [DBG][10] 3/6 DPU inference 완료 (16.4ms)
[2026-04-30 10:41:55,745] [DEBUG] [DBG][10] 4/6 postprocess 시작
[2026-04-30 10:41:55,756] [DEBUG] [DBG][10] 4/6 postprocess 완료 (10.6ms)
[2026-04-30 10:41:55,757] [DEBUG] [DBG][10] 5/6 control 시작
[2026-04-30 10:41:55,758] [DEBUG] [DBG][10] 5/6 control 완료 (0.9ms)
[2026-04-30 10:41:55,758] [DEBUG] [DBG][10] 6/6 actuator 시작
[2026-04-30 10:41:55,760] [DEBUG] [DBG][10] 6/6 actuator 완료 (1.5ms)
[2026-04-30 10:41:56,213] [INFO] [0010] cap=15.4ms | pre=12.8ms | inf=16.4ms | post=10.6ms | ctrl=0.9ms | act=1.5ms | total=65.6ms | valid=True | invalid=0 | pixels=26605 | err=-0.081 | steer=-0.033 | speed=0.242 | cur=None | adc=None
[2026-04-30 10:41:56,649] [INFO] [0010] system: rss=239.7MB | mem_avail=766.4MB | swap_free=511.5MB | load=0.82 0.92 0.45 | temp=hwmon0_temp1_input=53.0C, hwmon1_temp1_input=52.0C, hwmon2_temp1_input=50.6C, hwmon2_temp2_input=50.4C, pl_temp=50.5C, ps_temp=49.3C, remote_temp=50.6C
[2026-04-30 10:41:56,650] [DEBUG] [DBG][11] 루프 시작
[2026-04-30 10:41:56,650] [DEBUG] [DBG][11] 1/6 capture 시작
[2026-04-30 10:41:56,663] [DEBUG] [DBG][11] 1/6 capture 완료 (12.9ms)
[2026-04-30 10:41:56,664] [DEBUG] [DBG][11] 2/6 preprocess 시작
[2026-04-30 10:41:56,676] [DEBUG] [DBG][11] 2/6 preprocess 완료 (12.3ms)
[2026-04-30 10:41:56,677] [DEBUG] [DBG][11] 3/6 DPU inference 시작
[2026-04-30 10:41:56,694] [DEBUG] [DBG][11] 3/6 DPU inference 완료 (16.0ms)
[2026-04-30 10:41:56,695] [DEBUG] [DBG][11] 4/6 postprocess 시작
[2026-04-30 10:41:56,703] [DEBUG] [DBG][11] 4/6 postprocess 완료 (7.9ms)
[2026-04-30 10:41:56,704] [DEBUG] [DBG][11] 5/6 control 시작
[2026-04-30 10:41:56,704] [DEBUG] [DBG][11] 5/6 control 완료 (0.4ms)
[2026-04-30 10:41:56,704] [DEBUG] [DBG][11] 6/6 actuator 시작
[2026-04-30 10:41:56,706] [DEBUG] [DBG][11] 6/6 actuator 완료 (1.5ms)
[2026-04-30 10:41:56,750] [DEBUG] [DBG][12] 루프 시작
[2026-04-30 10:41:56,751] [DEBUG] [DBG][12] 1/6 capture 시작
[2026-04-30 10:41:56,764] [DEBUG] [DBG][12] 1/6 capture 완료 (12.8ms)
[2026-04-30 10:41:56,765] [DEBUG] [DBG][12] 2/6 preprocess 시작
[2026-04-30 10:41:56,778] [DEBUG] [DBG][12] 2/6 preprocess 완료 (12.9ms)
[2026-04-30 10:41:56,779] [DEBUG] [DBG][12] 3/6 DPU inference 시작
[2026-04-30 10:41:56,795] [DEBUG] [DBG][12] 3/6 DPU inference 완료 (16.1ms)
[2026-04-30 10:41:56,796] [DEBUG] [DBG][12] 4/6 postprocess 시작
[2026-04-30 10:41:56,815] [DEBUG] [DBG][12] 4/6 postprocess 완료 (18.9ms)
[2026-04-30 10:41:56,816] [DEBUG] [DBG][12] 5/6 control 시작
[2026-04-30 10:41:56,816] [DEBUG] [DBG][12] 5/6 control 완료 (0.4ms)
[2026-04-30 10:41:56,816] [DEBUG] [DBG][12] 6/6 actuator 시작
[2026-04-30 10:41:56,818] [DEBUG] [DBG][12] 6/6 actuator 완료 (1.7ms)
[2026-04-30 10:41:56,850] [DEBUG] [DBG][13] 루프 시작
[2026-04-30 10:41:56,851] [DEBUG] [DBG][13] 1/6 capture 시작
[2026-04-30 10:41:56,866] [DEBUG] [DBG][13] 1/6 capture 완료 (14.7ms)
[2026-04-30 10:41:56,867] [DEBUG] [DBG][13] 2/6 preprocess 시작
[2026-04-30 10:41:56,880] [DEBUG] [DBG][13] 2/6 preprocess 완료 (12.9ms)
[2026-04-30 10:41:56,881] [DEBUG] [DBG][13] 3/6 DPU inference 시작
[2026-04-30 10:41:56,898] [DEBUG] [DBG][13] 3/6 DPU inference 완료 (17.1ms)
[2026-04-30 10:41:56,899] [DEBUG] [DBG][13] 4/6 postprocess 시작
[2026-04-30 10:41:56,908] [DEBUG] [DBG][13] 4/6 postprocess 완료 (8.8ms)
[2026-04-30 10:41:56,909] [DEBUG] [DBG][13] 5/6 control 시작
[2026-04-30 10:41:56,909] [DEBUG] [DBG][13] 5/6 control 완료 (0.5ms)
[2026-04-30 10:41:56,909] [DEBUG] [DBG][13] 6/6 actuator 시작
[2026-04-30 10:41:56,911] [DEBUG] [DBG][13] 6/6 actuator 완료 (1.7ms)
[2026-04-30 10:41:56,950] [DEBUG] [DBG][14] 루프 시작
[2026-04-30 10:41:56,951] [DEBUG] [DBG][14] 1/6 capture 시작
[2026-04-30 10:41:56,964] [DEBUG] [DBG][14] 1/6 capture 완료 (13.0ms)
[2026-04-30 10:41:56,965] [DEBUG] [DBG][14] 2/6 preprocess 시작
[2026-04-30 10:41:56,978] [DEBUG] [DBG][14] 2/6 preprocess 완료 (13.1ms)
[2026-04-30 10:41:56,979] [DEBUG] [DBG][14] 3/6 DPU inference 시작
[2026-04-30 10:41:56,996] [DEBUG] [DBG][14] 3/6 DPU inference 완료 (16.1ms)
[2026-04-30 10:41:56,997] [DEBUG] [DBG][14] 4/6 postprocess 시작
[2026-04-30 10:41:57,008] [DEBUG] [DBG][14] 4/6 postprocess 완료 (11.0ms)
[2026-04-30 10:41:57,010] [DEBUG] [DBG][14] 5/6 control 시작
[2026-04-30 10:41:57,011] [DEBUG] [DBG][14] 5/6 control 완료 (1.3ms)
[2026-04-30 10:41:57,012] [DEBUG] [DBG][14] 6/6 actuator 시작
[2026-04-30 10:41:57,014] [DEBUG] [DBG][14] 6/6 actuator 완료 (1.7ms)
[2026-04-30 10:41:57,050] [DEBUG] [DBG][15] 루프 시작
[2026-04-30 10:41:57,051] [DEBUG] [DBG][15] 1/6 capture 시작
[2026-04-30 10:41:57,064] [DEBUG] [DBG][15] 1/6 capture 완료 (13.0ms)
[2026-04-30 10:41:57,065] [DEBUG] [DBG][15] 2/6 preprocess 시작
[2026-04-30 10:41:57,078] [DEBUG] [DBG][15] 2/6 preprocess 완료 (12.3ms)
[2026-04-30 10:41:57,079] [DEBUG] [DBG][15] 3/6 DPU inference 시작
[2026-04-30 10:41:57,097] [DEBUG] [DBG][15] 3/6 DPU inference 완료 (18.3ms)
[2026-04-30 10:41:57,098] [DEBUG] [DBG][15] 4/6 postprocess 시작
[2026-04-30 10:41:57,113] [DEBUG] [DBG][15] 4/6 postprocess 완료 (15.5ms)
[2026-04-30 10:41:57,114] [DEBUG] [DBG][15] 5/6 control 시작
[2026-04-30 10:41:57,115] [DEBUG] [DBG][15] 5/6 control 완료 (0.6ms)
[2026-04-30 10:41:57,115] [DEBUG] [DBG][15] 6/6 actuator 시작
[2026-04-30 10:41:57,117] [DEBUG] [DBG][15] 6/6 actuator 완료 (1.7ms)
[2026-04-30 10:41:57,594] [DEBUG] [DBG][16] 루프 시작
[2026-04-30 10:41:57,595] [DEBUG] [DBG][16] 1/6 capture 시작
[2026-04-30 10:41:57,608] [DEBUG] [DBG][16] 1/6 capture 완료 (12.9ms)
[2026-04-30 10:41:57,609] [DEBUG] [DBG][16] 2/6 preprocess 시작
[2026-04-30 10:41:57,621] [DEBUG] [DBG][16] 2/6 preprocess 완료 (12.4ms)
[2026-04-30 10:41:57,622] [DEBUG] [DBG][16] 3/6 DPU inference 시작
[2026-04-30 10:41:57,638] [DEBUG] [DBG][16] 3/6 DPU inference 완료 (16.0ms)
[2026-04-30 10:41:57,639] [DEBUG] [DBG][16] 4/6 postprocess 시작
[2026-04-30 10:41:57,647] [DEBUG] [DBG][16] 4/6 postprocess 완료 (7.2ms)
[2026-04-30 10:41:57,647] [DEBUG] [DBG][16] 5/6 control 시작
[2026-04-30 10:41:57,648] [DEBUG] [DBG][16] 5/6 control 완료 (0.4ms)
[2026-04-30 10:41:57,648] [DEBUG] [DBG][16] 6/6 actuator 시작
[2026-04-30 10:41:57,650] [DEBUG] [DBG][16] 6/6 actuator 완료 (2.0ms)
[2026-04-30 10:41:57,694] [DEBUG] [DBG][17] 루프 시작
[2026-04-30 10:41:57,695] [DEBUG] [DBG][17] 1/6 capture 시작
[2026-04-30 10:41:57,709] [DEBUG] [DBG][17] 1/6 capture 완료 (13.6ms)
[2026-04-30 10:41:57,710] [DEBUG] [DBG][17] 2/6 preprocess 시작
[2026-04-30 10:41:57,722] [DEBUG] [DBG][17] 2/6 preprocess 완료 (12.5ms)
[2026-04-30 10:41:57,723] [DEBUG] [DBG][17] 3/6 DPU inference 시작
[2026-04-30 10:41:57,742] [DEBUG] [DBG][17] 3/6 DPU inference 완료 (18.2ms)
[2026-04-30 10:41:57,743] [DEBUG] [DBG][17] 4/6 postprocess 시작
[2026-04-30 10:41:57,750] [DEBUG] [DBG][17] 4/6 postprocess 완료 (7.8ms)
[2026-04-30 10:41:57,751] [DEBUG] [DBG][17] 5/6 control 시작
[2026-04-30 10:41:57,752] [DEBUG] [DBG][17] 5/6 control 완료 (0.6ms)
[2026-04-30 10:41:57,752] [DEBUG] [DBG][17] 6/6 actuator 시작
[2026-04-30 10:41:57,754] [DEBUG] [DBG][17] 6/6 actuator 완료 (1.5ms)
[2026-04-30 10:41:57,794] [DEBUG] [DBG][18] 루프 시작
[2026-04-30 10:41:57,795] [DEBUG] [DBG][18] 1/6 capture 시작
[2026-04-30 10:41:57,808] [DEBUG] [DBG][18] 1/6 capture 완료 (12.9ms)
[2026-04-30 10:41:57,809] [DEBUG] [DBG][18] 2/6 preprocess 시작
[2026-04-30 10:41:57,822] [DEBUG] [DBG][18] 2/6 preprocess 완료 (12.3ms)
[2026-04-30 10:41:57,822] [DEBUG] [DBG][18] 3/6 DPU inference 시작
[2026-04-30 10:41:57,839] [DEBUG] [DBG][18] 3/6 DPU inference 완료 (16.1ms)
[2026-04-30 10:41:57,840] [DEBUG] [DBG][18] 4/6 postprocess 시작
[2026-04-30 10:41:57,852] [DEBUG] [DBG][18] 4/6 postprocess 완료 (11.8ms)
[2026-04-30 10:41:57,852] [DEBUG] [DBG][18] 5/6 control 시작
[2026-04-30 10:41:57,853] [DEBUG] [DBG][18] 5/6 control 완료 (0.5ms)
[2026-04-30 10:41:57,853] [DEBUG] [DBG][18] 6/6 actuator 시작
[2026-04-30 10:41:57,855] [DEBUG] [DBG][18] 6/6 actuator 완료 (1.9ms)
[2026-04-30 10:41:57,894] [DEBUG] [DBG][19] 루프 시작
[2026-04-30 10:41:57,895] [DEBUG] [DBG][19] 1/6 capture 시작
[2026-04-30 10:41:57,908] [DEBUG] [DBG][19] 1/6 capture 완료 (12.9ms)
[2026-04-30 10:41:57,909] [DEBUG] [DBG][19] 2/6 preprocess 시작
[2026-04-30 10:41:57,926] [DEBUG] [DBG][19] 2/6 preprocess 완료 (16.7ms)
[2026-04-30 10:41:57,927] [DEBUG] [DBG][19] 3/6 DPU inference 시작
[2026-04-30 10:41:57,943] [DEBUG] [DBG][19] 3/6 DPU inference 완료 (16.2ms)
[2026-04-30 10:41:57,944] [DEBUG] [DBG][19] 4/6 postprocess 시작
[2026-04-30 10:41:57,962] [DEBUG] [DBG][19] 4/6 postprocess 완료 (17.5ms)
[2026-04-30 10:41:57,963] [DEBUG] [DBG][19] 5/6 control 시작
[2026-04-30 10:41:57,963] [DEBUG] [DBG][19] 5/6 control 완료 (0.5ms)
[2026-04-30 10:41:57,963] [DEBUG] [DBG][19] 6/6 actuator 시작
[2026-04-30 10:41:57,965] [DEBUG] [DBG][19] 6/6 actuator 완료 (1.7ms)
[2026-04-30 10:41:57,994] [DEBUG] [DBG][20] 루프 시작
[2026-04-30 10:41:57,995] [DEBUG] [DBG][20] 1/6 capture 시작
[2026-04-30 10:41:58,010] [DEBUG] [DBG][20] 1/6 capture 완료 (14.3ms)
[2026-04-30 10:41:58,011] [DEBUG] [DBG][20] 2/6 preprocess 시작
[2026-04-30 10:41:58,025] [DEBUG] [DBG][20] 2/6 preprocess 완료 (14.1ms)
[2026-04-30 10:41:58,026] [DEBUG] [DBG][20] 3/6 DPU inference 시작
[2026-04-30 10:41:58,046] [DEBUG] [DBG][20] 3/6 DPU inference 완료 (19.1ms)
[2026-04-30 10:41:58,047] [DEBUG] [DBG][20] 4/6 postprocess 시작
[2026-04-30 10:41:58,054] [DEBUG] [DBG][20] 4/6 postprocess 완료 (7.5ms)
[2026-04-30 10:41:58,055] [DEBUG] [DBG][20] 5/6 control 시작
[2026-04-30 10:41:58,056] [DEBUG] [DBG][20] 5/6 control 완료 (0.6ms)
[2026-04-30 10:41:58,056] [DEBUG] [DBG][20] 6/6 actuator 시작
[2026-04-30 10:41:58,058] [DEBUG] [DBG][20] 6/6 actuator 완료 (1.8ms)
[2026-04-30 10:41:58,536] [INFO] [0020] cap=14.3ms | pre=14.1ms | inf=19.1ms | post=7.5ms | ctrl=0.6ms | act=1.8ms | total=64.6ms | valid=True | invalid=0 | pixels=27090 | err=-0.041 | steer=-0.016 | speed=0.246 | cur=None | adc=None
[2026-04-30 10:41:58,971] [INFO] [0020] system: rss=240.0MB | mem_avail=759.9MB | swap_free=511.5MB | load=0.82 0.92 0.45 | temp=hwmon0_temp1_input=53.0C, hwmon1_temp1_input=52.0C, hwmon2_temp1_input=50.5C, hwmon2_temp2_input=50.5C, pl_temp=51.2C, ps_temp=49.3C, remote_temp=50.5C
[2026-04-30 10:41:58,972] [DEBUG] [DBG][21] 루프 시작
[2026-04-30 10:41:58,973] [DEBUG] [DBG][21] 1/6 capture 시작
[2026-04-30 10:41:58,986] [DEBUG] [DBG][21] 1/6 capture 완료 (13.2ms)
[2026-04-30 10:41:58,987] [DEBUG] [DBG][21] 2/6 preprocess 시작
[2026-04-30 10:41:59,000] [DEBUG] [DBG][21] 2/6 preprocess 완료 (13.0ms)
[2026-04-30 10:41:59,001] [DEBUG] [DBG][21] 3/6 DPU inference 시작
[2026-04-30 10:41:59,017] [DEBUG] [DBG][21] 3/6 DPU inference 완료 (15.8ms)
[2026-04-30 10:41:59,018] [DEBUG] [DBG][21] 4/6 postprocess 시작
[2026-04-30 10:41:59,025] [DEBUG] [DBG][21] 4/6 postprocess 완료 (7.3ms)
[2026-04-30 10:41:59,026] [DEBUG] [DBG][21] 5/6 control 시작
[2026-04-30 10:41:59,027] [DEBUG] [DBG][21] 5/6 control 완료 (0.6ms)
[2026-04-30 10:41:59,028] [DEBUG] [DBG][21] 6/6 actuator 시작
[2026-04-30 10:41:59,029] [DEBUG] [DBG][21] 6/6 actuator 완료 (1.5ms)
[2026-04-30 10:41:59,072] [DEBUG] [DBG][22] 루프 시작
[2026-04-30 10:41:59,073] [DEBUG] [DBG][22] 1/6 capture 시작
[2026-04-30 10:41:59,087] [DEBUG] [DBG][22] 1/6 capture 완료 (13.3ms)
[2026-04-30 10:41:59,088] [DEBUG] [DBG][22] 2/6 preprocess 시작
[2026-04-30 10:41:59,101] [DEBUG] [DBG][22] 2/6 preprocess 완료 (13.1ms)
[2026-04-30 10:41:59,102] [DEBUG] [DBG][22] 3/6 DPU inference 시작
[2026-04-30 10:41:59,118] [DEBUG] [DBG][22] 3/6 DPU inference 완료 (15.8ms)
[2026-04-30 10:41:59,119] [DEBUG] [DBG][22] 4/6 postprocess 시작
[2026-04-30 10:41:59,129] [DEBUG] [DBG][22] 4/6 postprocess 완료 (10.4ms)
[2026-04-30 10:41:59,130] [DEBUG] [DBG][22] 5/6 control 시작
[2026-04-30 10:41:59,131] [DEBUG] [DBG][22] 5/6 control 완료 (0.9ms)
[2026-04-30 10:41:59,132] [DEBUG] [DBG][22] 6/6 actuator 시작
[2026-04-30 10:41:59,133] [DEBUG] [DBG][22] 6/6 actuator 완료 (1.7ms)
[2026-04-30 10:41:59,173] [DEBUG] [DBG][23] 루프 시작
[2026-04-30 10:41:59,173] [DEBUG] [DBG][23] 1/6 capture 시작
[2026-04-30 10:41:59,187] [DEBUG] [DBG][23] 1/6 capture 완료 (13.9ms)
[2026-04-30 10:41:59,188] [DEBUG] [DBG][23] 2/6 preprocess 시작
[2026-04-30 10:41:59,202] [DEBUG] [DBG][23] 2/6 preprocess 완료 (13.7ms)
[2026-04-30 10:41:59,203] [DEBUG] [DBG][23] 3/6 DPU inference 시작
[2026-04-30 10:41:59,221] [DEBUG] [DBG][23] 3/6 DPU inference 완료 (17.5ms)
[2026-04-30 10:41:59,222] [DEBUG] [DBG][23] 4/6 postprocess 시작
[2026-04-30 10:41:59,231] [DEBUG] [DBG][23] 4/6 postprocess 완료 (9.1ms)
[2026-04-30 10:41:59,232] [DEBUG] [DBG][23] 5/6 control 시작
[2026-04-30 10:41:59,233] [DEBUG] [DBG][23] 5/6 control 완료 (0.5ms)
[2026-04-30 10:41:59,233] [DEBUG] [DBG][23] 6/6 actuator 시작
[2026-04-30 10:41:59,235] [DEBUG] [DBG][23] 6/6 actuator 완료 (1.6ms)
[2026-04-30 10:41:59,273] [DEBUG] [DBG][24] 루프 시작
[2026-04-30 10:41:59,274] [DEBUG] [DBG][24] 1/6 capture 시작
[2026-04-30 10:41:59,287] [DEBUG] [DBG][24] 1/6 capture 완료 (13.3ms)
[2026-04-30 10:41:59,288] [DEBUG] [DBG][24] 2/6 preprocess 시작
[2026-04-30 10:41:59,302] [DEBUG] [DBG][24] 2/6 preprocess 완료 (14.0ms)
[2026-04-30 10:41:59,303] [DEBUG] [DBG][24] 3/6 DPU inference 시작
[2026-04-30 10:41:59,319] [DEBUG] [DBG][24] 3/6 DPU inference 완료 (15.8ms)
[2026-04-30 10:41:59,320] [DEBUG] [DBG][24] 4/6 postprocess 시작
[2026-04-30 10:41:59,328] [DEBUG] [DBG][24] 4/6 postprocess 완료 (8.1ms)
[2026-04-30 10:41:59,329] [DEBUG] [DBG][24] 5/6 control 시작
[2026-04-30 10:41:59,330] [DEBUG] [DBG][24] 5/6 control 완료 (0.5ms)
[2026-04-30 10:41:59,330] [DEBUG] [DBG][24] 6/6 actuator 시작
[2026-04-30 10:41:59,332] [DEBUG] [DBG][24] 6/6 actuator 완료 (1.5ms)
[2026-04-30 10:41:59,373] [DEBUG] [DBG][25] 루프 시작
[2026-04-30 10:41:59,374] [DEBUG] [DBG][25] 1/6 capture 시작
[2026-04-30 10:41:59,388] [DEBUG] [DBG][25] 1/6 capture 완료 (14.2ms)
[2026-04-30 10:41:59,389] [DEBUG] [DBG][25] 2/6 preprocess 시작
[2026-04-30 10:41:59,402] [DEBUG] [DBG][25] 2/6 preprocess 완료 (12.6ms)
[2026-04-30 10:41:59,403] [DEBUG] [DBG][25] 3/6 DPU inference 시작
[2026-04-30 10:41:59,419] [DEBUG] [DBG][25] 3/6 DPU inference 완료 (15.9ms)
[2026-04-30 10:41:59,420] [DEBUG] [DBG][25] 4/6 postprocess 시작
[2026-04-30 10:41:59,427] [DEBUG] [DBG][25] 4/6 postprocess 완료 (7.6ms)
[2026-04-30 10:41:59,428] [DEBUG] [DBG][25] 5/6 control 시작
[2026-04-30 10:41:59,429] [DEBUG] [DBG][25] 5/6 control 완료 (0.5ms)
[2026-04-30 10:41:59,429] [DEBUG] [DBG][25] 6/6 actuator 시작
[2026-04-30 10:41:59,432] [DEBUG] [DBG][25] 6/6 actuator 완료 (2.3ms)
[2026-04-30 10:41:59,889] [DEBUG] [DBG][26] 루프 시작
[2026-04-30 10:41:59,890] [DEBUG] [DBG][26] 1/6 capture 시작
[2026-04-30 10:41:59,903] [DEBUG] [DBG][26] 1/6 capture 완료 (12.9ms)
[2026-04-30 10:41:59,904] [DEBUG] [DBG][26] 2/6 preprocess 시작
[2026-04-30 10:41:59,917] [DEBUG] [DBG][26] 2/6 preprocess 완료 (12.4ms)
[2026-04-30 10:41:59,918] [DEBUG] [DBG][26] 3/6 DPU inference 시작
[2026-04-30 10:41:59,935] [DEBUG] [DBG][26] 3/6 DPU inference 완료 (16.8ms)
[2026-04-30 10:41:59,935] [DEBUG] [DBG][26] 4/6 postprocess 시작
[2026-04-30 10:41:59,943] [DEBUG] [DBG][26] 4/6 postprocess 완료 (7.1ms)
[2026-04-30 10:41:59,944] [DEBUG] [DBG][26] 5/6 control 시작
[2026-04-30 10:41:59,944] [DEBUG] [DBG][26] 5/6 control 완료 (0.5ms)
[2026-04-30 10:41:59,945] [DEBUG] [DBG][26] 6/6 actuator 시작
[2026-04-30 10:41:59,946] [DEBUG] [DBG][26] 6/6 actuator 완료 (1.8ms)
[2026-04-30 10:41:59,990] [DEBUG] [DBG][27] 루프 시작
[2026-04-30 10:41:59,990] [DEBUG] [DBG][27] 1/6 capture 시작
[2026-04-30 10:42:00,004] [DEBUG] [DBG][27] 1/6 capture 완료 (13.3ms)
[2026-04-30 10:42:00,005] [DEBUG] [DBG][27] 2/6 preprocess 시작
[2026-04-30 10:42:00,018] [DEBUG] [DBG][27] 2/6 preprocess 완료 (12.8ms)
[2026-04-30 10:42:00,019] [DEBUG] [DBG][27] 3/6 DPU inference 시작
[2026-04-30 10:42:00,036] [DEBUG] [DBG][27] 3/6 DPU inference 완료 (17.3ms)
[2026-04-30 10:42:00,037] [DEBUG] [DBG][27] 4/6 postprocess 시작
[2026-04-30 10:42:00,045] [DEBUG] [DBG][27] 4/6 postprocess 완료 (7.6ms)
[2026-04-30 10:42:00,046] [DEBUG] [DBG][27] 5/6 control 시작
[2026-04-30 10:42:00,046] [DEBUG] [DBG][27] 5/6 control 완료 (0.6ms)
[2026-04-30 10:42:00,047] [DEBUG] [DBG][27] 6/6 actuator 시작
[2026-04-30 10:42:00,049] [DEBUG] [DBG][27] 6/6 actuator 완료 (1.8ms)
[2026-04-30 10:42:00,090] [DEBUG] [DBG][28] 루프 시작
[2026-04-30 10:42:00,091] [DEBUG] [DBG][28] 1/6 capture 시작
[2026-04-30 10:42:00,105] [DEBUG] [DBG][28] 1/6 capture 완료 (14.3ms)
[2026-04-30 10:42:00,106] [DEBUG] [DBG][28] 2/6 preprocess 시작
[2026-04-30 10:42:00,119] [DEBUG] [DBG][28] 2/6 preprocess 완료 (12.7ms)
[2026-04-30 10:42:00,120] [DEBUG] [DBG][28] 3/6 DPU inference 시작
[2026-04-30 10:42:00,139] [DEBUG] [DBG][28] 3/6 DPU inference 완료 (18.9ms)
[2026-04-30 10:42:00,140] [DEBUG] [DBG][28] 4/6 postprocess 시작
[2026-04-30 10:42:00,149] [DEBUG] [DBG][28] 4/6 postprocess 완료 (9.0ms)
[2026-04-30 10:42:00,150] [DEBUG] [DBG][28] 5/6 control 시작
[2026-04-30 10:42:00,151] [DEBUG] [DBG][28] 5/6 control 완료 (0.6ms)
[2026-04-30 10:42:00,151] [DEBUG] [DBG][28] 6/6 actuator 시작
[2026-04-30 10:42:00,153] [DEBUG] [DBG][28] 6/6 actuator 완료 (1.6ms)
[2026-04-30 10:42:00,190] [DEBUG] [DBG][29] 루프 시작
[2026-04-30 10:42:00,191] [DEBUG] [DBG][29] 1/6 capture 시작
[2026-04-30 10:42:00,205] [DEBUG] [DBG][29] 1/6 capture 완료 (13.7ms)
[2026-04-30 10:42:00,206] [DEBUG] [DBG][29] 2/6 preprocess 시작
[2026-04-30 10:42:00,219] [DEBUG] [DBG][29] 2/6 preprocess 완료 (13.1ms)
[2026-04-30 10:42:00,220] [DEBUG] [DBG][29] 3/6 DPU inference 시작
[2026-04-30 10:42:00,236] [DEBUG] [DBG][29] 3/6 DPU inference 완료 (16.5ms)
[2026-04-30 10:42:00,238] [DEBUG] [DBG][29] 4/6 postprocess 시작
[2026-04-30 10:42:00,245] [DEBUG] [DBG][29] 4/6 postprocess 완료 (7.6ms)
[2026-04-30 10:42:00,247] [DEBUG] [DBG][29] 5/6 control 시작
[2026-04-30 10:42:00,247] [DEBUG] [DBG][29] 5/6 control 완료 (0.6ms)
[2026-04-30 10:42:00,248] [DEBUG] [DBG][29] 6/6 actuator 시작
[2026-04-30 10:42:00,249] [DEBUG] [DBG][29] 6/6 actuator 완료 (1.6ms)
[2026-04-30 10:42:00,290] [DEBUG] [DBG][30] 루프 시작
[2026-04-30 10:42:00,291] [DEBUG] [DBG][30] 1/6 capture 시작
[2026-04-30 10:42:00,304] [DEBUG] [DBG][30] 1/6 capture 완료 (13.2ms)
[2026-04-30 10:42:00,305] [DEBUG] [DBG][30] 2/6 preprocess 시작
[2026-04-30 10:42:00,319] [DEBUG] [DBG][30] 2/6 preprocess 완료 (13.9ms)
[2026-04-30 10:42:00,320] [DEBUG] [DBG][30] 3/6 DPU inference 시작
[2026-04-30 10:42:00,337] [DEBUG] [DBG][30] 3/6 DPU inference 완료 (16.7ms)
[2026-04-30 10:42:00,339] [DEBUG] [DBG][30] 4/6 postprocess 시작
[2026-04-30 10:42:00,346] [DEBUG] [DBG][30] 4/6 postprocess 완료 (8.0ms)
[2026-04-30 10:42:00,348] [DEBUG] [DBG][30] 5/6 control 시작
[2026-04-30 10:42:00,348] [DEBUG] [DBG][30] 5/6 control 완료 (0.7ms)
[2026-04-30 10:42:00,349] [DEBUG] [DBG][30] 6/6 actuator 시작
[2026-04-30 10:42:00,350] [DEBUG] [DBG][30] 6/6 actuator 완료 (1.6ms)
[2026-04-30 10:42:00,805] [INFO] [0030] cap=13.2ms | pre=13.9ms | inf=16.7ms | post=8.0ms | ctrl=0.7ms | act=1.6ms | total=61.4ms | valid=True | invalid=0 | pixels=26081 | err=-0.087 | steer=-0.035 | speed=0.241 | cur=None | adc=None
[2026-04-30 10:42:01,233] [INFO] [0030] system: rss=240.0MB | mem_avail=759.8MB | swap_free=511.5MB | load=0.82 0.92 0.45 | temp=hwmon0_temp1_input=53.0C, hwmon1_temp1_input=52.0C, hwmon2_temp1_input=50.2C, hwmon2_temp2_input=51.4C, pl_temp=50.6C, ps_temp=49.5C, remote_temp=51.0C
[2026-04-30 10:42:01,234] [DEBUG] [DBG][31] 루프 시작
[2026-04-30 10:42:01,235] [DEBUG] [DBG][31] 1/6 capture 시작
[2026-04-30 10:42:01,248] [DEBUG] [DBG][31] 1/6 capture 완료 (12.8ms)
[2026-04-30 10:42:01,248] [DEBUG] [DBG][31] 2/6 preprocess 시작
[2026-04-30 10:42:01,262] [DEBUG] [DBG][31] 2/6 preprocess 완료 (13.3ms)
[2026-04-30 10:42:01,263] [DEBUG] [DBG][31] 3/6 DPU inference 시작
[2026-04-30 10:42:01,279] [DEBUG] [DBG][31] 3/6 DPU inference 완료 (15.9ms)
[2026-04-30 10:42:01,280] [DEBUG] [DBG][31] 4/6 postprocess 시작
[2026-04-30 10:42:01,294] [DEBUG] [DBG][31] 4/6 postprocess 완료 (13.8ms)
[2026-04-30 10:42:01,295] [DEBUG] [DBG][31] 5/6 control 시작
[2026-04-30 10:42:01,295] [DEBUG] [DBG][31] 5/6 control 완료 (0.6ms)
[2026-04-30 10:42:01,296] [DEBUG] [DBG][31] 6/6 actuator 시작
[2026-04-30 10:42:01,297] [DEBUG] [DBG][31] 6/6 actuator 완료 (1.4ms)
[2026-04-30 10:42:01,334] [DEBUG] [DBG][32] 루프 시작
[2026-04-30 10:42:01,335] [DEBUG] [DBG][32] 1/6 capture 시작
[2026-04-30 10:42:01,349] [DEBUG] [DBG][32] 1/6 capture 완료 (13.6ms)
[2026-04-30 10:42:01,350] [DEBUG] [DBG][32] 2/6 preprocess 시작
[2026-04-30 10:42:01,365] [DEBUG] [DBG][32] 2/6 preprocess 완료 (14.1ms)
[2026-04-30 10:42:01,365] [DEBUG] [DBG][32] 3/6 DPU inference 시작
[2026-04-30 10:42:01,383] [DEBUG] [DBG][32] 3/6 DPU inference 완료 (17.0ms)
[2026-04-30 10:42:01,384] [DEBUG] [DBG][32] 4/6 postprocess 시작
[2026-04-30 10:42:01,393] [DEBUG] [DBG][32] 4/6 postprocess 완료 (9.4ms)
[2026-04-30 10:42:01,394] [DEBUG] [DBG][32] 5/6 control 시작
[2026-04-30 10:42:01,395] [DEBUG] [DBG][32] 5/6 control 완료 (1.0ms)
[2026-04-30 10:42:01,396] [DEBUG] [DBG][32] 6/6 actuator 시작
[2026-04-30 10:42:01,398] [DEBUG] [DBG][32] 6/6 actuator 완료 (1.9ms)
[2026-04-30 10:42:01,435] [DEBUG] [DBG][33] 루프 시작
[2026-04-30 10:42:01,436] [DEBUG] [DBG][33] 1/6 capture 시작
[2026-04-30 10:42:01,449] [DEBUG] [DBG][33] 1/6 capture 완료 (13.3ms)
[2026-04-30 10:42:01,450] [DEBUG] [DBG][33] 2/6 preprocess 시작
[2026-04-30 10:42:01,464] [DEBUG] [DBG][33] 2/6 preprocess 완료 (14.0ms)
[2026-04-30 10:42:01,465] [DEBUG] [DBG][33] 3/6 DPU inference 시작
[2026-04-30 10:42:01,481] [DEBUG] [DBG][33] 3/6 DPU inference 완료 (15.9ms)
[2026-04-30 10:42:01,483] [DEBUG] [DBG][33] 4/6 postprocess 시작
[2026-04-30 10:42:01,492] [DEBUG] [DBG][33] 4/6 postprocess 완료 (9.3ms)
[2026-04-30 10:42:01,494] [DEBUG] [DBG][33] 5/6 control 시작
[2026-04-30 10:42:01,494] [DEBUG] [DBG][33] 5/6 control 완료 (0.8ms)
[2026-04-30 10:42:01,495] [DEBUG] [DBG][33] 6/6 actuator 시작
[2026-04-30 10:42:01,497] [DEBUG] [DBG][33] 6/6 actuator 완료 (2.0ms)
[2026-04-30 10:42:01,535] [DEBUG] [DBG][34] 루프 시작
[2026-04-30 10:42:01,536] [DEBUG] [DBG][34] 1/6 capture 시작
[2026-04-30 10:42:01,551] [DEBUG] [DBG][34] 1/6 capture 완료 (14.6ms)
[2026-04-30 10:42:01,552] [DEBUG] [DBG][34] 2/6 preprocess 시작
[2026-04-30 10:42:01,567] [DEBUG] [DBG][34] 2/6 preprocess 완료 (14.5ms)
[2026-04-30 10:42:01,568] [DEBUG] [DBG][34] 3/6 DPU inference 시작
[2026-04-30 10:42:01,590] [DEBUG] [DBG][34] 3/6 DPU inference 완료 (21.0ms)
[2026-04-30 10:42:01,590] [DEBUG] [DBG][34] 4/6 postprocess 시작
[2026-04-30 10:42:01,599] [DEBUG] [DBG][34] 4/6 postprocess 완료 (8.2ms)
[2026-04-30 10:42:01,600] [DEBUG] [DBG][34] 5/6 control 시작
[2026-04-30 10:42:01,600] [DEBUG] [DBG][34] 5/6 control 완료 (0.5ms)
[2026-04-30 10:42:01,600] [DEBUG] [DBG][34] 6/6 actuator 시작
[2026-04-30 10:42:01,602] [DEBUG] [DBG][34] 6/6 actuator 완료 (1.5ms)
[2026-04-30 10:42:01,636] [DEBUG] [DBG][35] 루프 시작
[2026-04-30 10:42:01,637] [DEBUG] [DBG][35] 1/6 capture 시작
[2026-04-30 10:42:01,653] [DEBUG] [DBG][35] 1/6 capture 완료 (15.2ms)
[2026-04-30 10:42:01,654] [DEBUG] [DBG][35] 2/6 preprocess 시작
[2026-04-30 10:42:01,666] [DEBUG] [DBG][35] 2/6 preprocess 완료 (12.5ms)
[2026-04-30 10:42:01,667] [DEBUG] [DBG][35] 3/6 DPU inference 시작
[2026-04-30 10:42:01,684] [DEBUG] [DBG][35] 3/6 DPU inference 완료 (16.4ms)
[2026-04-30 10:42:01,685] [DEBUG] [DBG][35] 4/6 postprocess 시작
[2026-04-30 10:42:01,695] [DEBUG] [DBG][35] 4/6 postprocess 완료 (10.3ms)
[2026-04-30 10:42:01,696] [DEBUG] [DBG][35] 5/6 control 시작
[2026-04-30 10:42:01,697] [DEBUG] [DBG][35] 5/6 control 완료 (0.5ms)
[2026-04-30 10:42:01,697] [DEBUG] [DBG][35] 6/6 actuator 시작
[2026-04-30 10:42:01,699] [DEBUG] [DBG][35] 6/6 actuator 완료 (1.6ms)
[2026-04-30 10:42:02,145] [DEBUG] [DBG][36] 루프 시작
[2026-04-30 10:42:02,146] [DEBUG] [DBG][36] 1/6 capture 시작
[2026-04-30 10:42:02,160] [DEBUG] [DBG][36] 1/6 capture 완료 (13.6ms)
[2026-04-30 10:42:02,161] [DEBUG] [DBG][36] 2/6 preprocess 시작
[2026-04-30 10:42:02,174] [DEBUG] [DBG][36] 2/6 preprocess 완료 (12.7ms)
[2026-04-30 10:42:02,175] [DEBUG] [DBG][36] 3/6 DPU inference 시작
[2026-04-30 10:42:02,191] [DEBUG] [DBG][36] 3/6 DPU inference 완료 (15.8ms)
[2026-04-30 10:42:02,192] [DEBUG] [DBG][36] 4/6 postprocess 시작
[2026-04-30 10:42:02,199] [DEBUG] [DBG][36] 4/6 postprocess 완료 (7.4ms)
[2026-04-30 10:42:02,200] [DEBUG] [DBG][36] 5/6 control 시작
[2026-04-30 10:42:02,201] [DEBUG] [DBG][36] 5/6 control 완료 (1.0ms)
[2026-04-30 10:42:02,201] [DEBUG] [DBG][36] 6/6 actuator 시작
[2026-04-30 10:42:02,203] [DEBUG] [DBG][36] 6/6 actuator 완료 (1.4ms)
[2026-04-30 10:42:02,246] [DEBUG] [DBG][37] 루프 시작
[2026-04-30 10:42:02,247] [DEBUG] [DBG][37] 1/6 capture 시작
[2026-04-30 10:42:02,260] [DEBUG] [DBG][37] 1/6 capture 완료 (13.2ms)
[2026-04-30 10:42:02,261] [DEBUG] [DBG][37] 2/6 preprocess 시작
[2026-04-30 10:42:02,273] [DEBUG] [DBG][37] 2/6 preprocess 완료 (12.5ms)
[2026-04-30 10:42:02,274] [DEBUG] [DBG][37] 3/6 DPU inference 시작
[2026-04-30 10:42:02,291] [DEBUG] [DBG][37] 3/6 DPU inference 완료 (16.1ms)
[2026-04-30 10:42:02,292] [DEBUG] [DBG][37] 4/6 postprocess 시작
[2026-04-30 10:42:02,299] [DEBUG] [DBG][37] 4/6 postprocess 완료 (7.7ms)
[2026-04-30 10:42:02,300] [DEBUG] [DBG][37] 5/6 control 시작
[2026-04-30 10:42:02,301] [DEBUG] [DBG][37] 5/6 control 완료 (0.5ms)
[2026-04-30 10:42:02,302] [DEBUG] [DBG][37] 6/6 actuator 시작
[2026-04-30 10:42:02,304] [DEBUG] [DBG][37] 6/6 actuator 완료 (1.7ms)
[2026-04-30 10:42:02,346] [DEBUG] [DBG][38] 루프 시작
[2026-04-30 10:42:02,347] [DEBUG] [DBG][38] 1/6 capture 시작
[2026-04-30 10:42:02,361] [DEBUG] [DBG][38] 1/6 capture 완료 (13.9ms)
[2026-04-30 10:42:02,362] [DEBUG] [DBG][38] 2/6 preprocess 시작
[2026-04-30 10:42:02,376] [DEBUG] [DBG][38] 2/6 preprocess 완료 (14.1ms)
[2026-04-30 10:42:02,377] [DEBUG] [DBG][38] 3/6 DPU inference 시작
[2026-04-30 10:42:02,394] [DEBUG] [DBG][38] 3/6 DPU inference 완료 (16.7ms)
[2026-04-30 10:42:02,395] [DEBUG] [DBG][38] 4/6 postprocess 시작
[2026-04-30 10:42:02,402] [DEBUG] [DBG][38] 4/6 postprocess 완료 (7.4ms)
[2026-04-30 10:42:02,403] [DEBUG] [DBG][38] 5/6 control 시작
[2026-04-30 10:42:02,404] [DEBUG] [DBG][38] 5/6 control 완료 (0.5ms)
[2026-04-30 10:42:02,405] [DEBUG] [DBG][38] 6/6 actuator 시작
[2026-04-30 10:42:02,407] [DEBUG] [DBG][38] 6/6 actuator 완료 (2.7ms)
[2026-04-30 10:42:02,446] [DEBUG] [DBG][39] 루프 시작
[2026-04-30 10:42:02,447] [DEBUG] [DBG][39] 1/6 capture 시작
[2026-04-30 10:42:02,460] [DEBUG] [DBG][39] 1/6 capture 완료 (13.3ms)
[2026-04-30 10:42:02,461] [DEBUG] [DBG][39] 2/6 preprocess 시작
[2026-04-30 10:42:02,476] [DEBUG] [DBG][39] 2/6 preprocess 완료 (14.3ms)
[2026-04-30 10:42:02,477] [DEBUG] [DBG][39] 3/6 DPU inference 시작
[2026-04-30 10:42:02,495] [DEBUG] [DBG][39] 3/6 DPU inference 완료 (17.7ms)
[2026-04-30 10:42:02,496] [DEBUG] [DBG][39] 4/6 postprocess 시작
[2026-04-30 10:42:02,505] [DEBUG] [DBG][39] 4/6 postprocess 완료 (8.9ms)
[2026-04-30 10:42:02,507] [DEBUG] [DBG][39] 5/6 control 시작
[2026-04-30 10:42:02,508] [DEBUG] [DBG][39] 5/6 control 완료 (0.8ms)
[2026-04-30 10:42:02,508] [DEBUG] [DBG][39] 6/6 actuator 시작
[2026-04-30 10:42:02,510] [DEBUG] [DBG][39] 6/6 actuator 완료 (1.6ms)
[2026-04-30 10:42:02,546] [DEBUG] [DBG][40] 루프 시작
[2026-04-30 10:42:02,547] [DEBUG] [DBG][40] 1/6 capture 시작
[2026-04-30 10:42:02,560] [DEBUG] [DBG][40] 1/6 capture 완료 (13.3ms)
[2026-04-30 10:42:02,561] [DEBUG] [DBG][40] 2/6 preprocess 시작
[2026-04-30 10:42:02,574] [DEBUG] [DBG][40] 2/6 preprocess 완료 (12.9ms)
[2026-04-30 10:42:02,575] [DEBUG] [DBG][40] 3/6 DPU inference 시작
[2026-04-30 10:42:02,591] [DEBUG] [DBG][40] 3/6 DPU inference 완료 (15.9ms)
[2026-04-30 10:42:02,592] [DEBUG] [DBG][40] 4/6 postprocess 시작
[2026-04-30 10:42:02,600] [DEBUG] [DBG][40] 4/6 postprocess 완료 (7.3ms)
[2026-04-30 10:42:02,601] [DEBUG] [DBG][40] 5/6 control 시작
[2026-04-30 10:42:02,602] [DEBUG] [DBG][40] 5/6 control 완료 (0.9ms)
[2026-04-30 10:42:02,603] [DEBUG] [DBG][40] 6/6 actuator 시작
[2026-04-30 10:42:02,605] [DEBUG] [DBG][40] 6/6 actuator 완료 (2.0ms)
[2026-04-30 10:42:03,049] [INFO] [0040] cap=13.3ms | pre=12.9ms | inf=15.9ms | post=7.3ms | ctrl=0.9ms | act=2.0ms | total=59.7ms | valid=True | invalid=0 | pixels=27924 | err=-0.059 | steer=-0.024 | speed=0.244 | cur=None | adc=None
[2026-04-30 10:42:03,475] [INFO] [0040] system: rss=240.0MB | mem_avail=756.6MB | swap_free=511.5MB | load=0.76 0.91 0.45 | temp=hwmon0_temp1_input=53.0C, hwmon1_temp1_input=52.0C, hwmon2_temp1_input=49.7C, hwmon2_temp2_input=50.4C, pl_temp=50.6C, ps_temp=50.7C, remote_temp=49.6C
[2026-04-30 10:42:03,476] [DEBUG] [DBG][41] 루프 시작
[2026-04-30 10:42:03,476] [DEBUG] [DBG][41] 1/6 capture 시작
[2026-04-30 10:42:03,490] [DEBUG] [DBG][41] 1/6 capture 완료 (13.5ms)
[2026-04-30 10:42:03,491] [DEBUG] [DBG][41] 2/6 preprocess 시작
[2026-04-30 10:42:03,504] [DEBUG] [DBG][41] 2/6 preprocess 완료 (12.9ms)
[2026-04-30 10:42:03,505] [DEBUG] [DBG][41] 3/6 DPU inference 시작
[2026-04-30 10:42:03,524] [DEBUG] [DBG][41] 3/6 DPU inference 완료 (18.8ms)
[2026-04-30 10:42:03,525] [DEBUG] [DBG][41] 4/6 postprocess 시작
[2026-04-30 10:42:03,533] [DEBUG] [DBG][41] 4/6 postprocess 완료 (7.4ms)
[2026-04-30 10:42:03,534] [DEBUG] [DBG][41] 5/6 control 시작
[2026-04-30 10:42:03,534] [DEBUG] [DBG][41] 5/6 control 완료 (0.7ms)
[2026-04-30 10:42:03,535] [DEBUG] [DBG][41] 6/6 actuator 시작
[2026-04-30 10:42:03,537] [DEBUG] [DBG][41] 6/6 actuator 완료 (1.5ms)
[2026-04-30 10:42:03,576] [DEBUG] [DBG][42] 루프 시작
[2026-04-30 10:42:03,577] [DEBUG] [DBG][42] 1/6 capture 시작
[2026-04-30 10:42:03,593] [DEBUG] [DBG][42] 1/6 capture 완료 (15.7ms)
[2026-04-30 10:42:03,594] [DEBUG] [DBG][42] 2/6 preprocess 시작
[2026-04-30 10:42:03,606] [DEBUG] [DBG][42] 2/6 preprocess 완료 (12.2ms)
[2026-04-30 10:42:03,607] [DEBUG] [DBG][42] 3/6 DPU inference 시작
[2026-04-30 10:42:03,623] [DEBUG] [DBG][42] 3/6 DPU inference 완료 (16.3ms)
[2026-04-30 10:42:03,626] [DEBUG] [DBG][42] 4/6 postprocess 시작
[2026-04-30 10:42:03,634] [DEBUG] [DBG][42] 4/6 postprocess 완료 (7.6ms)
[2026-04-30 10:42:03,635] [DEBUG] [DBG][42] 5/6 control 시작
[2026-04-30 10:42:03,635] [DEBUG] [DBG][42] 5/6 control 완료 (0.5ms)
[2026-04-30 10:42:03,636] [DEBUG] [DBG][42] 6/6 actuator 시작
[2026-04-30 10:42:03,637] [DEBUG] [DBG][42] 6/6 actuator 완료 (1.6ms)
[2026-04-30 10:42:03,676] [DEBUG] [DBG][43] 루프 시작
[2026-04-30 10:42:03,677] [DEBUG] [DBG][43] 1/6 capture 시작
[2026-04-30 10:42:03,690] [DEBUG] [DBG][43] 1/6 capture 완료 (12.9ms)
[2026-04-30 10:42:03,693] [DEBUG] [DBG][43] 2/6 preprocess 시작
[2026-04-30 10:42:03,706] [DEBUG] [DBG][43] 2/6 preprocess 완료 (13.0ms)
[2026-04-30 10:42:03,707] [DEBUG] [DBG][43] 3/6 DPU inference 시작
[2026-04-30 10:42:03,723] [DEBUG] [DBG][43] 3/6 DPU inference 완료 (16.1ms)
[2026-04-30 10:42:03,724] [DEBUG] [DBG][43] 4/6 postprocess 시작
[2026-04-30 10:42:03,732] [DEBUG] [DBG][43] 4/6 postprocess 완료 (7.6ms)
[2026-04-30 10:42:03,733] [DEBUG] [DBG][43] 5/6 control 시작
[2026-04-30 10:42:03,733] [DEBUG] [DBG][43] 5/6 control 완료 (0.5ms)
[2026-04-30 10:42:03,734] [DEBUG] [DBG][43] 6/6 actuator 시작
[2026-04-30 10:42:03,735] [DEBUG] [DBG][43] 6/6 actuator 완료 (1.7ms)
[2026-04-30 10:42:03,776] [DEBUG] [DBG][44] 루프 시작
[2026-04-30 10:42:03,777] [DEBUG] [DBG][44] 1/6 capture 시작
[2026-04-30 10:42:03,790] [DEBUG] [DBG][44] 1/6 capture 완료 (12.9ms)
[2026-04-30 10:42:03,791] [DEBUG] [DBG][44] 2/6 preprocess 시작
[2026-04-30 10:42:03,804] [DEBUG] [DBG][44] 2/6 preprocess 완료 (12.3ms)
[2026-04-30 10:42:03,805] [DEBUG] [DBG][44] 3/6 DPU inference 시작
[2026-04-30 10:42:03,821] [DEBUG] [DBG][44] 3/6 DPU inference 완료 (16.2ms)
[2026-04-30 10:42:03,822] [DEBUG] [DBG][44] 4/6 postprocess 시작
[2026-04-30 10:42:03,830] [DEBUG] [DBG][44] 4/6 postprocess 완료 (7.8ms)
[2026-04-30 10:42:03,831] [DEBUG] [DBG][44] 5/6 control 시작
[2026-04-30 10:42:03,831] [DEBUG] [DBG][44] 5/6 control 완료 (0.7ms)
[2026-04-30 10:42:03,832] [DEBUG] [DBG][44] 6/6 actuator 시작
[2026-04-30 10:42:03,834] [DEBUG] [DBG][44] 6/6 actuator 완료 (2.0ms)
[2026-04-30 10:42:03,876] [DEBUG] [DBG][45] 루프 시작
[2026-04-30 10:42:03,877] [DEBUG] [DBG][45] 1/6 capture 시작
[2026-04-30 10:42:03,891] [DEBUG] [DBG][45] 1/6 capture 완료 (13.1ms)
[2026-04-30 10:42:03,891] [DEBUG] [DBG][45] 2/6 preprocess 시작
[2026-04-30 10:42:03,904] [DEBUG] [DBG][45] 2/6 preprocess 완료 (12.2ms)
[2026-04-30 10:42:03,905] [DEBUG] [DBG][45] 3/6 DPU inference 시작
[2026-04-30 10:42:03,921] [DEBUG] [DBG][45] 3/6 DPU inference 완료 (15.7ms)
[2026-04-30 10:42:03,922] [DEBUG] [DBG][45] 4/6 postprocess 시작
[2026-04-30 10:42:03,930] [DEBUG] [DBG][45] 4/6 postprocess 완료 (8.3ms)
[2026-04-30 10:42:03,931] [DEBUG] [DBG][45] 5/6 control 시작
[2026-04-30 10:42:03,931] [DEBUG] [DBG][45] 5/6 control 완료 (0.5ms)
[2026-04-30 10:42:03,932] [DEBUG] [DBG][45] 6/6 actuator 시작
[2026-04-30 10:42:03,933] [DEBUG] [DBG][45] 6/6 actuator 완료 (1.5ms)
[2026-04-30 10:42:04,388] [DEBUG] [DBG][46] 루프 시작
[2026-04-30 10:42:04,388] [DEBUG] [DBG][46] 1/6 capture 시작
[2026-04-30 10:42:04,406] [DEBUG] [DBG][46] 1/6 capture 완료 (17.2ms)
[2026-04-30 10:42:04,407] [DEBUG] [DBG][46] 2/6 preprocess 시작
[2026-04-30 10:42:04,420] [DEBUG] [DBG][46] 2/6 preprocess 완료 (12.8ms)
[2026-04-30 10:42:04,421] [DEBUG] [DBG][46] 3/6 DPU inference 시작
[2026-04-30 10:42:04,437] [DEBUG] [DBG][46] 3/6 DPU inference 완료 (15.8ms)
[2026-04-30 10:42:04,437] [DEBUG] [DBG][46] 4/6 postprocess 시작
[2026-04-30 10:42:04,445] [DEBUG] [DBG][46] 4/6 postprocess 완료 (7.3ms)
[2026-04-30 10:42:04,446] [DEBUG] [DBG][46] 5/6 control 시작
[2026-04-30 10:42:04,446] [DEBUG] [DBG][46] 5/6 control 완료 (0.6ms)
[2026-04-30 10:42:04,447] [DEBUG] [DBG][46] 6/6 actuator 시작
[2026-04-30 10:42:04,448] [DEBUG] [DBG][46] 6/6 actuator 완료 (1.5ms)
[2026-04-30 10:42:04,490] [DEBUG] [DBG][47] 루프 시작
[2026-04-30 10:42:04,491] [DEBUG] [DBG][47] 1/6 capture 시작
[2026-04-30 10:42:04,505] [DEBUG] [DBG][47] 1/6 capture 완료 (13.7ms)
[2026-04-30 10:42:04,506] [DEBUG] [DBG][47] 2/6 preprocess 시작
[2026-04-30 10:42:04,521] [DEBUG] [DBG][47] 2/6 preprocess 완료 (14.6ms)
[2026-04-30 10:42:04,522] [DEBUG] [DBG][47] 3/6 DPU inference 시작
[2026-04-30 10:42:04,540] [DEBUG] [DBG][47] 3/6 DPU inference 완료 (17.6ms)
[2026-04-30 10:42:04,543] [DEBUG] [DBG][47] 4/6 postprocess 시작
[2026-04-30 10:42:04,552] [DEBUG] [DBG][47] 4/6 postprocess 완료 (8.4ms)
[2026-04-30 10:42:04,553] [DEBUG] [DBG][47] 5/6 control 시작
[2026-04-30 10:42:04,553] [DEBUG] [DBG][47] 5/6 control 완료 (0.6ms)
[2026-04-30 10:42:04,554] [DEBUG] [DBG][47] 6/6 actuator 시작
[2026-04-30 10:42:04,555] [DEBUG] [DBG][47] 6/6 actuator 완료 (1.6ms)
[2026-04-30 10:42:04,590] [DEBUG] [DBG][48] 루프 시작
[2026-04-30 10:42:04,591] [DEBUG] [DBG][48] 1/6 capture 시작
[2026-04-30 10:42:04,604] [DEBUG] [DBG][48] 1/6 capture 완료 (12.8ms)
[2026-04-30 10:42:04,605] [DEBUG] [DBG][48] 2/6 preprocess 시작
[2026-04-30 10:42:04,618] [DEBUG] [DBG][48] 2/6 preprocess 완료 (12.3ms)
[2026-04-30 10:42:04,619] [DEBUG] [DBG][48] 3/6 DPU inference 시작
[2026-04-30 10:42:04,635] [DEBUG] [DBG][48] 3/6 DPU inference 완료 (15.9ms)
[2026-04-30 10:42:04,636] [DEBUG] [DBG][48] 4/6 postprocess 시작
[2026-04-30 10:42:04,647] [DEBUG] [DBG][48] 4/6 postprocess 완료 (11.2ms)
[2026-04-30 10:42:04,648] [DEBUG] [DBG][48] 5/6 control 시작
[2026-04-30 10:42:04,649] [DEBUG] [DBG][48] 5/6 control 완료 (0.7ms)
[2026-04-30 10:42:04,649] [DEBUG] [DBG][48] 6/6 actuator 시작
[2026-04-30 10:42:04,651] [DEBUG] [DBG][48] 6/6 actuator 완료 (2.0ms)
[2026-04-30 10:42:04,690] [DEBUG] [DBG][49] 루프 시작
[2026-04-30 10:42:04,691] [DEBUG] [DBG][49] 1/6 capture 시작
[2026-04-30 10:42:04,705] [DEBUG] [DBG][49] 1/6 capture 완료 (13.7ms)
[2026-04-30 10:42:04,706] [DEBUG] [DBG][49] 2/6 preprocess 시작
[2026-04-30 10:42:04,719] [DEBUG] [DBG][49] 2/6 preprocess 완료 (12.6ms)
[2026-04-30 10:42:04,720] [DEBUG] [DBG][49] 3/6 DPU inference 시작
[2026-04-30 10:42:04,737] [DEBUG] [DBG][49] 3/6 DPU inference 완료 (16.3ms)
[2026-04-30 10:42:04,738] [DEBUG] [DBG][49] 4/6 postprocess 시작
[2026-04-30 10:42:04,747] [DEBUG] [DBG][49] 4/6 postprocess 완료 (9.2ms)
[2026-04-30 10:42:04,748] [DEBUG] [DBG][49] 5/6 control 시작
[2026-04-30 10:42:04,749] [DEBUG] [DBG][49] 5/6 control 완료 (0.6ms)
[2026-04-30 10:42:04,749] [DEBUG] [DBG][49] 6/6 actuator 시작
[2026-04-30 10:42:04,753] [DEBUG] [DBG][49] 6/6 actuator 완료 (3.5ms)
[2026-04-30 10:42:04,791] [DEBUG] [DBG][50] 루프 시작
[2026-04-30 10:42:04,791] [DEBUG] [DBG][50] 1/6 capture 시작
[2026-04-30 10:42:04,806] [DEBUG] [DBG][50] 1/6 capture 완료 (14.1ms)
[2026-04-30 10:42:04,807] [DEBUG] [DBG][50] 2/6 preprocess 시작
[2026-04-30 10:42:04,820] [DEBUG] [DBG][50] 2/6 preprocess 완료 (13.2ms)
[2026-04-30 10:42:04,821] [DEBUG] [DBG][50] 3/6 DPU inference 시작
[2026-04-30 10:42:04,840] [DEBUG] [DBG][50] 3/6 DPU inference 완료 (19.1ms)
[2026-04-30 10:42:04,842] [DEBUG] [DBG][50] 4/6 postprocess 시작
[2026-04-30 10:42:04,855] [DEBUG] [DBG][50] 4/6 postprocess 완료 (13.5ms)
[2026-04-30 10:42:04,856] [DEBUG] [DBG][50] 5/6 control 시작
[2026-04-30 10:42:04,856] [DEBUG] [DBG][50] 5/6 control 완료 (0.4ms)
[2026-04-30 10:42:04,857] [DEBUG] [DBG][50] 6/6 actuator 시작
[2026-04-30 10:42:04,858] [DEBUG] [DBG][50] 6/6 actuator 완료 (1.7ms)
[2026-04-30 10:42:05,337] [INFO] [0050] cap=14.1ms | pre=13.2ms | inf=19.1ms | post=13.5ms | ctrl=0.4ms | act=1.7ms | total=68.5ms | valid=True | invalid=0 | pixels=27126 | err=-0.059 | steer=-0.024 | speed=0.244 | cur=None | adc=None
[2026-04-30 10:42:05,765] [INFO] [0050] system: rss=240.0MB | mem_avail=756.4MB | swap_free=511.5MB | load=0.76 0.91 0.45 | temp=hwmon0_temp1_input=53.0C, hwmon1_temp1_input=52.0C, hwmon2_temp1_input=51.0C, hwmon2_temp2_input=51.1C, pl_temp=50.6C, ps_temp=50.0C, remote_temp=52.6C
[2026-04-30 10:42:05,766] [DEBUG] [DBG][51] 루프 시작
[2026-04-30 10:42:05,767] [DEBUG] [DBG][51] 1/6 capture 시작
[2026-04-30 10:42:05,780] [DEBUG] [DBG][51] 1/6 capture 완료 (12.9ms)
[2026-04-30 10:42:05,781] [DEBUG] [DBG][51] 2/6 preprocess 시작
[2026-04-30 10:42:05,793] [DEBUG] [DBG][51] 2/6 preprocess 완료 (12.6ms)
[2026-04-30 10:42:05,795] [DEBUG] [DBG][51] 3/6 DPU inference 시작
[2026-04-30 10:42:05,812] [DEBUG] [DBG][51] 3/6 DPU inference 완료 (17.4ms)
[2026-04-30 10:42:05,813] [DEBUG] [DBG][51] 4/6 postprocess 시작
[2026-04-30 10:42:05,834] [DEBUG] [DBG][51] 4/6 postprocess 완료 (20.7ms)
[2026-04-30 10:42:05,836] [DEBUG] [DBG][51] 5/6 control 시작
[2026-04-30 10:42:05,836] [DEBUG] [DBG][51] 5/6 control 완료 (0.7ms)
[2026-04-30 10:42:05,837] [DEBUG] [DBG][51] 6/6 actuator 시작
[2026-04-30 10:42:05,838] [DEBUG] [DBG][51] 6/6 actuator 완료 (1.5ms)
[2026-04-30 10:42:05,866] [DEBUG] [DBG][52] 루프 시작
[2026-04-30 10:42:05,867] [DEBUG] [DBG][52] 1/6 capture 시작
[2026-04-30 10:42:05,882] [DEBUG] [DBG][52] 1/6 capture 완료 (14.4ms)
[2026-04-30 10:42:05,883] [DEBUG] [DBG][52] 2/6 preprocess 시작
[2026-04-30 10:42:05,898] [DEBUG] [DBG][52] 2/6 preprocess 완료 (14.6ms)
[2026-04-30 10:42:05,901] [DEBUG] [DBG][52] 3/6 DPU inference 시작
[2026-04-30 10:42:05,919] [DEBUG] [DBG][52] 3/6 DPU inference 완료 (18.6ms)
[2026-04-30 10:42:05,920] [DEBUG] [DBG][52] 4/6 postprocess 시작
[2026-04-30 10:42:05,933] [DEBUG] [DBG][52] 4/6 postprocess 완료 (12.4ms)
[2026-04-30 10:42:05,934] [DEBUG] [DBG][52] 5/6 control 시작
[2026-04-30 10:42:05,934] [DEBUG] [DBG][52] 5/6 control 완료 (0.6ms)
[2026-04-30 10:42:05,934] [DEBUG] [DBG][52] 6/6 actuator 시작
[2026-04-30 10:42:05,939] [DEBUG] [DBG][52] 6/6 actuator 완료 (3.9ms)
[2026-04-30 10:42:05,966] [DEBUG] [DBG][53] 루프 시작
[2026-04-30 10:42:05,967] [DEBUG] [DBG][53] 1/6 capture 시작
[2026-04-30 10:42:05,985] [DEBUG] [DBG][53] 1/6 capture 완료 (17.8ms)
[2026-04-30 10:42:05,987] [DEBUG] [DBG][53] 2/6 preprocess 시작
[2026-04-30 10:42:06,006] [DEBUG] [DBG][53] 2/6 preprocess 완료 (19.5ms)
[2026-04-30 10:42:06,009] [DEBUG] [DBG][53] 3/6 DPU inference 시작
[2026-04-30 10:42:06,030] [DEBUG] [DBG][53] 3/6 DPU inference 완료 (21.7ms)
[2026-04-30 10:42:06,042] [DEBUG] [DBG][53] 4/6 postprocess 시작
[2026-04-30 10:42:06,081] [DEBUG] [DBG][53] 4/6 postprocess 완료 (48.6ms)
[2026-04-30 10:42:06,087] [DEBUG] [DBG][53] 5/6 control 시작
[2026-04-30 10:42:06,088] [DEBUG] [DBG][53] 5/6 control 완료 (0.7ms)
[2026-04-30 10:42:06,088] [DEBUG] [DBG][53] 6/6 actuator 시작
[2026-04-30 10:42:06,090] [DEBUG] [DBG][53] 6/6 actuator 완료 (2.1ms)
[2026-04-30 10:42:06,091] [DEBUG] [DBG][54] 루프 시작
[2026-04-30 10:42:06,092] [DEBUG] [DBG][54] 1/6 capture 시작
[2026-04-30 10:42:06,108] [DEBUG] [DBG][54] 1/6 capture 완료 (15.6ms)
[2026-04-30 10:42:06,109] [DEBUG] [DBG][54] 2/6 preprocess 시작
[2026-04-30 10:42:06,124] [DEBUG] [DBG][54] 2/6 preprocess 완료 (14.9ms)
[2026-04-30 10:42:06,125] [DEBUG] [DBG][54] 3/6 DPU inference 시작
[2026-04-30 10:42:06,143] [DEBUG] [DBG][54] 3/6 DPU inference 완료 (18.1ms)
[2026-04-30 10:42:06,144] [DEBUG] [DBG][54] 4/6 postprocess 시작
[2026-04-30 10:42:06,151] [DEBUG] [DBG][54] 4/6 postprocess 완료 (7.5ms)
[2026-04-30 10:42:06,152] [DEBUG] [DBG][54] 5/6 control 시작
[2026-04-30 10:42:06,153] [DEBUG] [DBG][54] 5/6 control 완료 (0.5ms)
[2026-04-30 10:42:06,153] [DEBUG] [DBG][54] 6/6 actuator 시작
[2026-04-30 10:42:06,155] [DEBUG] [DBG][54] 6/6 actuator 완료 (1.6ms)
[2026-04-30 10:42:06,192] [DEBUG] [DBG][55] 루프 시작
[2026-04-30 10:42:06,192] [DEBUG] [DBG][55] 1/6 capture 시작
[2026-04-30 10:42:06,205] [DEBUG] [DBG][55] 1/6 capture 완료 (12.8ms)
[2026-04-30 10:42:06,206] [DEBUG] [DBG][55] 2/6 preprocess 시작
[2026-04-30 10:42:06,220] [DEBUG] [DBG][55] 2/6 preprocess 완료 (13.1ms)
[2026-04-30 10:42:06,221] [DEBUG] [DBG][55] 3/6 DPU inference 시작
[2026-04-30 10:42:06,236] [DEBUG] [DBG][55] 3/6 DPU inference 완료 (15.7ms)
[2026-04-30 10:42:06,237] [DEBUG] [DBG][55] 4/6 postprocess 시작
[2026-04-30 10:42:06,245] [DEBUG] [DBG][55] 4/6 postprocess 완료 (7.4ms)
[2026-04-30 10:42:06,246] [DEBUG] [DBG][55] 5/6 control 시작
[2026-04-30 10:42:06,246] [DEBUG] [DBG][55] 5/6 control 완료 (0.6ms)
[2026-04-30 10:42:06,247] [DEBUG] [DBG][55] 6/6 actuator 시작
[2026-04-30 10:42:06,250] [DEBUG] [DBG][55] 6/6 actuator 완료 (2.7ms)
[2026-04-30 10:42:06,750] [DEBUG] [DBG][56] 루프 시작
[2026-04-30 10:42:06,751] [DEBUG] [DBG][56] 1/6 capture 시작
[2026-04-30 10:42:06,765] [DEBUG] [DBG][56] 1/6 capture 완료 (13.5ms)
[2026-04-30 10:42:06,766] [DEBUG] [DBG][56] 2/6 preprocess 시작
[2026-04-30 10:42:06,779] [DEBUG] [DBG][56] 2/6 preprocess 완료 (13.0ms)
[2026-04-30 10:42:06,780] [DEBUG] [DBG][56] 3/6 DPU inference 시작
[2026-04-30 10:42:06,796] [DEBUG] [DBG][56] 3/6 DPU inference 완료 (16.6ms)
[2026-04-30 10:42:06,797] [DEBUG] [DBG][56] 4/6 postprocess 시작
[2026-04-30 10:42:06,805] [DEBUG] [DBG][56] 4/6 postprocess 완료 (7.2ms)
[2026-04-30 10:42:06,806] [DEBUG] [DBG][56] 5/6 control 시작
[2026-04-30 10:42:06,806] [DEBUG] [DBG][56] 5/6 control 완료 (0.7ms)
[2026-04-30 10:42:06,807] [DEBUG] [DBG][56] 6/6 actuator 시작
[2026-04-30 10:42:06,809] [DEBUG] [DBG][56] 6/6 actuator 완료 (1.8ms)
[2026-04-30 10:42:06,851] [DEBUG] [DBG][57] 루프 시작
[2026-04-30 10:42:06,851] [DEBUG] [DBG][57] 1/6 capture 시작
[2026-04-30 10:42:06,865] [DEBUG] [DBG][57] 1/6 capture 완료 (13.2ms)
[2026-04-30 10:42:06,866] [DEBUG] [DBG][57] 2/6 preprocess 시작
[2026-04-30 10:42:06,879] [DEBUG] [DBG][57] 2/6 preprocess 완료 (12.9ms)
[2026-04-30 10:42:06,880] [DEBUG] [DBG][57] 3/6 DPU inference 시작
[2026-04-30 10:42:06,897] [DEBUG] [DBG][57] 3/6 DPU inference 완료 (17.1ms)
[2026-04-30 10:42:06,898] [DEBUG] [DBG][57] 4/6 postprocess 시작
[2026-04-30 10:42:06,908] [DEBUG] [DBG][57] 4/6 postprocess 완료 (9.8ms)
[2026-04-30 10:42:06,909] [DEBUG] [DBG][57] 5/6 control 시작
[2026-04-30 10:42:06,909] [DEBUG] [DBG][57] 5/6 control 완료 (0.4ms)
[2026-04-30 10:42:06,909] [DEBUG] [DBG][57] 6/6 actuator 시작
[2026-04-30 10:42:06,912] [DEBUG] [DBG][57] 6/6 actuator 완료 (2.6ms)
[2026-04-30 10:42:06,951] [DEBUG] [DBG][58] 루프 시작
[2026-04-30 10:42:06,952] [DEBUG] [DBG][58] 1/6 capture 시작
[2026-04-30 10:42:06,967] [DEBUG] [DBG][58] 1/6 capture 완료 (15.3ms)
[2026-04-30 10:42:06,968] [DEBUG] [DBG][58] 2/6 preprocess 시작
[2026-04-30 10:42:06,982] [DEBUG] [DBG][58] 2/6 preprocess 완료 (13.8ms)
[2026-04-30 10:42:06,983] [DEBUG] [DBG][58] 3/6 DPU inference 시작
[2026-04-30 10:42:07,003] [DEBUG] [DBG][58] 3/6 DPU inference 완료 (19.4ms)
[2026-04-30 10:42:07,005] [DEBUG] [DBG][58] 4/6 postprocess 시작
[2026-04-30 10:42:07,018] [DEBUG] [DBG][58] 4/6 postprocess 완료 (12.9ms)
[2026-04-30 10:42:07,019] [DEBUG] [DBG][58] 5/6 control 시작
[2026-04-30 10:42:07,019] [DEBUG] [DBG][58] 5/6 control 완료 (0.5ms)
[2026-04-30 10:42:07,019] [DEBUG] [DBG][58] 6/6 actuator 시작
[2026-04-30 10:42:07,021] [DEBUG] [DBG][58] 6/6 actuator 완료 (1.5ms)
[2026-04-30 10:42:07,051] [DEBUG] [DBG][59] 루프 시작
[2026-04-30 10:42:07,052] [DEBUG] [DBG][59] 1/6 capture 시작
[2026-04-30 10:42:07,067] [DEBUG] [DBG][59] 1/6 capture 완료 (15.0ms)
[2026-04-30 10:42:07,068] [DEBUG] [DBG][59] 2/6 preprocess 시작
[2026-04-30 10:42:07,081] [DEBUG] [DBG][59] 2/6 preprocess 완료 (13.1ms)
[2026-04-30 10:42:07,083] [DEBUG] [DBG][59] 3/6 DPU inference 시작
[2026-04-30 10:42:07,107] [DEBUG] [DBG][59] 3/6 DPU inference 완료 (24.0ms)
[2026-04-30 10:42:07,108] [DEBUG] [DBG][59] 4/6 postprocess 시작
[2026-04-30 10:42:07,120] [DEBUG] [DBG][59] 4/6 postprocess 완료 (11.5ms)
[2026-04-30 10:42:07,121] [DEBUG] [DBG][59] 5/6 control 시작
[2026-04-30 10:42:07,122] [DEBUG] [DBG][59] 5/6 control 완료 (0.9ms)
[2026-04-30 10:42:07,123] [DEBUG] [DBG][59] 6/6 actuator 시작
[2026-04-30 10:42:07,125] [DEBUG] [DBG][59] 6/6 actuator 완료 (1.7ms)
[2026-04-30 10:42:07,151] [DEBUG] [DBG][60] 루프 시작
[2026-04-30 10:42:07,152] [DEBUG] [DBG][60] 1/6 capture 시작
[2026-04-30 10:42:07,167] [DEBUG] [DBG][60] 1/6 capture 완료 (14.4ms)
[2026-04-30 10:42:07,168] [DEBUG] [DBG][60] 2/6 preprocess 시작
[2026-04-30 10:42:07,181] [DEBUG] [DBG][60] 2/6 preprocess 완료 (12.9ms)
[2026-04-30 10:42:07,182] [DEBUG] [DBG][60] 3/6 DPU inference 시작
[2026-04-30 10:42:07,199] [DEBUG] [DBG][60] 3/6 DPU inference 완료 (16.8ms)
[2026-04-30 10:42:07,200] [DEBUG] [DBG][60] 4/6 postprocess 시작
[2026-04-30 10:42:07,218] [DEBUG] [DBG][60] 4/6 postprocess 완료 (17.4ms)
[2026-04-30 10:42:07,221] [DEBUG] [DBG][60] 5/6 control 시작
[2026-04-30 10:42:07,222] [DEBUG] [DBG][60] 5/6 control 완료 (0.9ms)
[2026-04-30 10:42:07,222] [DEBUG] [DBG][60] 6/6 actuator 시작
[2026-04-30 10:42:07,225] [DEBUG] [DBG][60] 6/6 actuator 완료 (2.7ms)
[2026-04-30 10:42:07,706] [INFO] [0060] cap=14.4ms | pre=12.9ms | inf=16.8ms | post=17.4ms | ctrl=0.9ms | act=2.7ms | total=74.9ms | valid=True | invalid=0 | pixels=26665 | err=-0.081 | steer=-0.033 | speed=0.242 | cur=None | adc=None
[2026-04-30 10:42:08,153] [INFO] [0060] system: rss=240.0MB | mem_avail=756.3MB | swap_free=511.5MB | load=1.02 0.96 0.47 | temp=hwmon0_temp1_input=53.0C, hwmon1_temp1_input=52.0C, hwmon2_temp1_input=50.1C, hwmon2_temp2_input=51.5C, pl_temp=50.9C, ps_temp=51.0C, remote_temp=51.4C
[2026-04-30 10:42:08,154] [DEBUG] [DBG][61] 루프 시작
[2026-04-30 10:42:08,154] [DEBUG] [DBG][61] 1/6 capture 시작
[2026-04-30 10:42:08,168] [DEBUG] [DBG][61] 1/6 capture 완료 (13.2ms)
[2026-04-30 10:42:08,168] [DEBUG] [DBG][61] 2/6 preprocess 시작
[2026-04-30 10:42:08,182] [DEBUG] [DBG][61] 2/6 preprocess 완료 (12.9ms)
[2026-04-30 10:42:08,183] [DEBUG] [DBG][61] 3/6 DPU inference 시작
[2026-04-30 10:42:08,200] [DEBUG] [DBG][61] 3/6 DPU inference 완료 (17.3ms)
[2026-04-30 10:42:08,201] [DEBUG] [DBG][61] 4/6 postprocess 시작
[2026-04-30 10:42:08,216] [DEBUG] [DBG][61] 4/6 postprocess 완료 (15.4ms)
[2026-04-30 10:42:08,217] [DEBUG] [DBG][61] 5/6 control 시작
[2026-04-30 10:42:08,218] [DEBUG] [DBG][61] 5/6 control 완료 (0.5ms)
[2026-04-30 10:42:08,218] [DEBUG] [DBG][61] 6/6 actuator 시작
[2026-04-30 10:42:08,219] [DEBUG] [DBG][61] 6/6 actuator 완료 (1.4ms)
[2026-04-30 10:42:08,254] [DEBUG] [DBG][62] 루프 시작
[2026-04-30 10:42:08,255] [DEBUG] [DBG][62] 1/6 capture 시작
[2026-04-30 10:42:08,269] [DEBUG] [DBG][62] 1/6 capture 완료 (13.6ms)
[2026-04-30 10:42:08,270] [DEBUG] [DBG][62] 2/6 preprocess 시작
[2026-04-30 10:42:08,288] [DEBUG] [DBG][62] 2/6 preprocess 완료 (17.8ms)
[2026-04-30 10:42:08,289] [DEBUG] [DBG][62] 3/6 DPU inference 시작
[2026-04-30 10:42:08,306] [DEBUG] [DBG][62] 3/6 DPU inference 완료 (17.5ms)
[2026-04-30 10:42:08,307] [DEBUG] [DBG][62] 4/6 postprocess 시작
[2026-04-30 10:42:08,317] [DEBUG] [DBG][62] 4/6 postprocess 완료 (9.4ms)
[2026-04-30 10:42:08,318] [DEBUG] [DBG][62] 5/6 control 시작
[2026-04-30 10:42:08,318] [DEBUG] [DBG][62] 5/6 control 완료 (0.5ms)
[2026-04-30 10:42:08,318] [DEBUG] [DBG][62] 6/6 actuator 시작
[2026-04-30 10:42:08,320] [DEBUG] [DBG][62] 6/6 actuator 완료 (1.7ms)
[2026-04-30 10:42:08,354] [DEBUG] [DBG][63] 루프 시작
[2026-04-30 10:42:08,355] [DEBUG] [DBG][63] 1/6 capture 시작
[2026-04-30 10:42:08,369] [DEBUG] [DBG][63] 1/6 capture 완료 (13.7ms)
[2026-04-30 10:42:08,370] [DEBUG] [DBG][63] 2/6 preprocess 시작
[2026-04-30 10:42:08,385] [DEBUG] [DBG][63] 2/6 preprocess 완료 (14.7ms)
[2026-04-30 10:42:08,386] [DEBUG] [DBG][63] 3/6 DPU inference 시작
[2026-04-30 10:42:08,403] [DEBUG] [DBG][63] 3/6 DPU inference 완료 (16.5ms)
[2026-04-30 10:42:08,404] [DEBUG] [DBG][63] 4/6 postprocess 시작
[2026-04-30 10:42:08,417] [DEBUG] [DBG][63] 4/6 postprocess 완료 (13.1ms)
[2026-04-30 10:42:08,419] [DEBUG] [DBG][63] 5/6 control 시작
[2026-04-30 10:42:08,420] [DEBUG] [DBG][63] 5/6 control 완료 (1.4ms)
[2026-04-30 10:42:08,421] [DEBUG] [DBG][63] 6/6 actuator 시작
[2026-04-30 10:42:08,427] [DEBUG] [DBG][63] 6/6 actuator 완료 (5.8ms)
[2026-04-30 10:42:08,454] [DEBUG] [DBG][64] 루프 시작
[2026-04-30 10:42:08,456] [DEBUG] [DBG][64] 1/6 capture 시작
[2026-04-30 10:42:08,476] [DEBUG] [DBG][64] 1/6 capture 완료 (19.1ms)
[2026-04-30 10:42:08,476] [DEBUG] [DBG][64] 2/6 preprocess 시작
[2026-04-30 10:42:08,491] [DEBUG] [DBG][64] 2/6 preprocess 완료 (14.5ms)
[2026-04-30 10:42:08,492] [DEBUG] [DBG][64] 3/6 DPU inference 시작
[2026-04-30 10:42:08,509] [DEBUG] [DBG][64] 3/6 DPU inference 완료 (16.3ms)
[2026-04-30 10:42:08,509] [DEBUG] [DBG][64] 4/6 postprocess 시작
[2026-04-30 10:42:08,517] [DEBUG] [DBG][64] 4/6 postprocess 완료 (7.9ms)
[2026-04-30 10:42:08,518] [DEBUG] [DBG][64] 5/6 control 시작
[2026-04-30 10:42:08,519] [DEBUG] [DBG][64] 5/6 control 완료 (0.6ms)
[2026-04-30 10:42:08,520] [DEBUG] [DBG][64] 6/6 actuator 시작
[2026-04-30 10:42:08,522] [DEBUG] [DBG][64] 6/6 actuator 완료 (1.9ms)
[2026-04-30 10:42:08,555] [DEBUG] [DBG][65] 루프 시작
[2026-04-30 10:42:08,555] [DEBUG] [DBG][65] 1/6 capture 시작
[2026-04-30 10:42:08,570] [DEBUG] [DBG][65] 1/6 capture 완료 (14.2ms)
[2026-04-30 10:42:08,571] [DEBUG] [DBG][65] 2/6 preprocess 시작
[2026-04-30 10:42:08,585] [DEBUG] [DBG][65] 2/6 preprocess 완료 (13.9ms)
[2026-04-30 10:42:08,586] [DEBUG] [DBG][65] 3/6 DPU inference 시작
[2026-04-30 10:42:08,604] [DEBUG] [DBG][65] 3/6 DPU inference 완료 (17.5ms)
[2026-04-30 10:42:08,605] [DEBUG] [DBG][65] 4/6 postprocess 시작
[2026-04-30 10:42:08,614] [DEBUG] [DBG][65] 4/6 postprocess 완료 (8.8ms)
[2026-04-30 10:42:08,615] [DEBUG] [DBG][65] 5/6 control 시작
[2026-04-30 10:42:08,615] [DEBUG] [DBG][65] 5/6 control 완료 (0.5ms)
[2026-04-30 10:42:08,616] [DEBUG] [DBG][65] 6/6 actuator 시작
[2026-04-30 10:42:08,617] [DEBUG] [DBG][65] 6/6 actuator 완료 (1.6ms)
[2026-04-30 10:42:09,084] [DEBUG] [DBG][66] 루프 시작
[2026-04-30 10:42:09,086] [DEBUG] [DBG][66] 1/6 capture 시작
[2026-04-30 10:42:09,100] [DEBUG] [DBG][66] 1/6 capture 완료 (14.4ms)
[2026-04-30 10:42:09,102] [DEBUG] [DBG][66] 2/6 preprocess 시작
[2026-04-30 10:42:09,116] [DEBUG] [DBG][66] 2/6 preprocess 완료 (14.1ms)
[2026-04-30 10:42:09,117] [DEBUG] [DBG][66] 3/6 DPU inference 시작
[2026-04-30 10:42:09,134] [DEBUG] [DBG][66] 3/6 DPU inference 완료 (16.2ms)
[2026-04-30 10:42:09,136] [DEBUG] [DBG][66] 4/6 postprocess 시작
[2026-04-30 10:42:09,147] [DEBUG] [DBG][66] 4/6 postprocess 완료 (11.5ms)
[2026-04-30 10:42:09,148] [DEBUG] [DBG][66] 5/6 control 시작
[2026-04-30 10:42:09,149] [DEBUG] [DBG][66] 5/6 control 완료 (0.5ms)
[2026-04-30 10:42:09,149] [DEBUG] [DBG][66] 6/6 actuator 시작
[2026-04-30 10:42:09,151] [DEBUG] [DBG][66] 6/6 actuator 완료 (1.7ms)
[2026-04-30 10:42:09,185] [DEBUG] [DBG][67] 루프 시작
[2026-04-30 10:42:09,186] [DEBUG] [DBG][67] 1/6 capture 시작
[2026-04-30 10:42:09,201] [DEBUG] [DBG][67] 1/6 capture 완료 (14.8ms)
[2026-04-30 10:42:09,201] [DEBUG] [DBG][67] 2/6 preprocess 시작
[2026-04-30 10:42:09,215] [DEBUG] [DBG][67] 2/6 preprocess 완료 (13.3ms)
[2026-04-30 10:42:09,216] [DEBUG] [DBG][67] 3/6 DPU inference 시작
[2026-04-30 10:42:09,233] [DEBUG] [DBG][67] 3/6 DPU inference 완료 (16.4ms)
[2026-04-30 10:42:09,234] [DEBUG] [DBG][67] 4/6 postprocess 시작
[2026-04-30 10:42:09,241] [DEBUG] [DBG][67] 4/6 postprocess 완료 (7.5ms)
[2026-04-30 10:42:09,243] [DEBUG] [DBG][67] 5/6 control 시작
[2026-04-30 10:42:09,243] [DEBUG] [DBG][67] 5/6 control 완료 (0.5ms)
[2026-04-30 10:42:09,244] [DEBUG] [DBG][67] 6/6 actuator 시작
[2026-04-30 10:42:09,245] [DEBUG] [DBG][67] 6/6 actuator 완료 (1.8ms)
[2026-04-30 10:42:09,285] [DEBUG] [DBG][68] 루프 시작
[2026-04-30 10:42:09,286] [DEBUG] [DBG][68] 1/6 capture 시작
[2026-04-30 10:42:09,300] [DEBUG] [DBG][68] 1/6 capture 완료 (13.7ms)
[2026-04-30 10:42:09,300] [DEBUG] [DBG][68] 2/6 preprocess 시작
[2026-04-30 10:42:09,314] [DEBUG] [DBG][68] 2/6 preprocess 완료 (13.4ms)
[2026-04-30 10:42:09,315] [DEBUG] [DBG][68] 3/6 DPU inference 시작
[2026-04-30 10:42:09,331] [DEBUG] [DBG][68] 3/6 DPU inference 완료 (16.2ms)
[2026-04-30 10:42:09,332] [DEBUG] [DBG][68] 4/6 postprocess 시작
[2026-04-30 10:42:09,341] [DEBUG] [DBG][68] 4/6 postprocess 완료 (8.1ms)
[2026-04-30 10:42:09,342] [DEBUG] [DBG][68] 5/6 control 시작
[2026-04-30 10:42:09,343] [DEBUG] [DBG][68] 5/6 control 완료 (1.1ms)
[2026-04-30 10:42:09,345] [DEBUG] [DBG][68] 6/6 actuator 시작
[2026-04-30 10:42:09,348] [DEBUG] [DBG][68] 6/6 actuator 완료 (2.7ms)
[2026-04-30 10:42:09,385] [DEBUG] [DBG][69] 루프 시작
[2026-04-30 10:42:09,386] [DEBUG] [DBG][69] 1/6 capture 시작
[2026-04-30 10:42:09,401] [DEBUG] [DBG][69] 1/6 capture 완료 (14.1ms)
[2026-04-30 10:42:09,401] [DEBUG] [DBG][69] 2/6 preprocess 시작
[2026-04-30 10:42:09,415] [DEBUG] [DBG][69] 2/6 preprocess 완료 (13.1ms)
[2026-04-30 10:42:09,416] [DEBUG] [DBG][69] 3/6 DPU inference 시작
[2026-04-30 10:42:09,435] [DEBUG] [DBG][69] 3/6 DPU inference 완료 (19.0ms)
[2026-04-30 10:42:09,436] [DEBUG] [DBG][69] 4/6 postprocess 시작
[2026-04-30 10:42:09,445] [DEBUG] [DBG][69] 4/6 postprocess 완료 (9.0ms)
[2026-04-30 10:42:09,446] [DEBUG] [DBG][69] 5/6 control 시작
[2026-04-30 10:42:09,447] [DEBUG] [DBG][69] 5/6 control 완료 (0.6ms)
[2026-04-30 10:42:09,448] [DEBUG] [DBG][69] 6/6 actuator 시작
[2026-04-30 10:42:09,449] [DEBUG] [DBG][69] 6/6 actuator 완료 (1.7ms)
[2026-04-30 10:42:09,485] [DEBUG] [DBG][70] 루프 시작
[2026-04-30 10:42:09,486] [DEBUG] [DBG][70] 1/6 capture 시작
[2026-04-30 10:42:09,500] [DEBUG] [DBG][70] 1/6 capture 완료 (13.8ms)
[2026-04-30 10:42:09,501] [DEBUG] [DBG][70] 2/6 preprocess 시작
[2026-04-30 10:42:09,516] [DEBUG] [DBG][70] 2/6 preprocess 완료 (14.3ms)
[2026-04-30 10:42:09,516] [DEBUG] [DBG][70] 3/6 DPU inference 시작
[2026-04-30 10:42:09,533] [DEBUG] [DBG][70] 3/6 DPU inference 완료 (16.1ms)
[2026-04-30 10:42:09,534] [DEBUG] [DBG][70] 4/6 postprocess 시작
[2026-04-30 10:42:09,542] [DEBUG] [DBG][70] 4/6 postprocess 완료 (8.0ms)
[2026-04-30 10:42:09,543] [DEBUG] [DBG][70] 5/6 control 시작
[2026-04-30 10:42:09,543] [DEBUG] [DBG][70] 5/6 control 완료 (0.6ms)
[2026-04-30 10:42:09,544] [DEBUG] [DBG][70] 6/6 actuator 시작
[2026-04-30 10:42:09,546] [DEBUG] [DBG][70] 6/6 actuator 완료 (2.2ms)
[2026-04-30 10:42:10,018] [INFO] [0070] cap=13.8ms | pre=14.3ms | inf=16.1ms | post=8.0ms | ctrl=0.6ms | act=2.2ms | total=61.7ms | valid=True | invalid=0 | pixels=27662 | err=-0.059 | steer=-0.024 | speed=0.244 | cur=None | adc=None
[2026-04-30 10:42:10,471] [INFO] [0070] system: rss=240.0MB | mem_avail=756.1MB | swap_free=511.5MB | load=1.02 0.96 0.47 | temp=hwmon0_temp1_input=53.0C, hwmon1_temp1_input=52.0C, hwmon2_temp1_input=49.6C, hwmon2_temp2_input=52.3C, pl_temp=51.1C, ps_temp=50.4C, remote_temp=49.6C
[2026-04-30 10:42:10,472] [DEBUG] [DBG][71] 루프 시작
[2026-04-30 10:42:10,472] [DEBUG] [DBG][71] 1/6 capture 시작
[2026-04-30 10:42:10,486] [DEBUG] [DBG][71] 1/6 capture 완료 (13.8ms)
[2026-04-30 10:42:10,487] [DEBUG] [DBG][71] 2/6 preprocess 시작
[2026-04-30 10:42:10,501] [DEBUG] [DBG][71] 2/6 preprocess 완료 (13.3ms)
[2026-04-30 10:42:10,501] [DEBUG] [DBG][71] 3/6 DPU inference 시작
[2026-04-30 10:42:10,518] [DEBUG] [DBG][71] 3/6 DPU inference 완료 (16.4ms)
[2026-04-30 10:42:10,519] [DEBUG] [DBG][71] 4/6 postprocess 시작
[2026-04-30 10:42:10,527] [DEBUG] [DBG][71] 4/6 postprocess 완료 (7.6ms)
[2026-04-30 10:42:10,528] [DEBUG] [DBG][71] 5/6 control 시작
[2026-04-30 10:42:10,528] [DEBUG] [DBG][71] 5/6 control 완료 (0.4ms)
[2026-04-30 10:42:10,528] [DEBUG] [DBG][71] 6/6 actuator 시작
[2026-04-30 10:42:10,530] [DEBUG] [DBG][71] 6/6 actuator 완료 (1.6ms)
[2026-04-30 10:42:10,572] [DEBUG] [DBG][72] 루프 시작
[2026-04-30 10:42:10,573] [DEBUG] [DBG][72] 1/6 capture 시작
[2026-04-30 10:42:10,587] [DEBUG] [DBG][72] 1/6 capture 완료 (13.5ms)
[2026-04-30 10:42:10,588] [DEBUG] [DBG][72] 2/6 preprocess 시작
[2026-04-30 10:42:10,600] [DEBUG] [DBG][72] 2/6 preprocess 완료 (12.7ms)
[2026-04-30 10:42:10,601] [DEBUG] [DBG][72] 3/6 DPU inference 시작
[2026-04-30 10:42:10,618] [DEBUG] [DBG][72] 3/6 DPU inference 완료 (16.2ms)
[2026-04-30 10:42:10,619] [DEBUG] [DBG][72] 4/6 postprocess 시작
[2026-04-30 10:42:10,626] [DEBUG] [DBG][72] 4/6 postprocess 완료 (7.8ms)
[2026-04-30 10:42:10,627] [DEBUG] [DBG][72] 5/6 control 시작
[2026-04-30 10:42:10,628] [DEBUG] [DBG][72] 5/6 control 완료 (0.5ms)
[2026-04-30 10:42:10,628] [DEBUG] [DBG][72] 6/6 actuator 시작
[2026-04-30 10:42:10,630] [DEBUG] [DBG][72] 6/6 actuator 완료 (1.8ms)
[2026-04-30 10:42:10,672] [DEBUG] [DBG][73] 루프 시작
[2026-04-30 10:42:10,673] [DEBUG] [DBG][73] 1/6 capture 시작
[2026-04-30 10:42:10,687] [DEBUG] [DBG][73] 1/6 capture 완료 (14.1ms)
[2026-04-30 10:42:10,688] [DEBUG] [DBG][73] 2/6 preprocess 시작
[2026-04-30 10:42:10,704] [DEBUG] [DBG][73] 2/6 preprocess 완료 (15.6ms)
[2026-04-30 10:42:10,705] [DEBUG] [DBG][73] 3/6 DPU inference 시작
[2026-04-30 10:42:10,722] [DEBUG] [DBG][73] 3/6 DPU inference 완료 (17.0ms)
[2026-04-30 10:42:10,723] [DEBUG] [DBG][73] 4/6 postprocess 시작
[2026-04-30 10:42:10,732] [DEBUG] [DBG][73] 4/6 postprocess 완료 (8.7ms)
[2026-04-30 10:42:10,734] [DEBUG] [DBG][73] 5/6 control 시작
[2026-04-30 10:42:10,735] [DEBUG] [DBG][73] 5/6 control 완료 (1.3ms)
[2026-04-30 10:42:10,736] [DEBUG] [DBG][73] 6/6 actuator 시작
[2026-04-30 10:42:10,738] [DEBUG] [DBG][73] 6/6 actuator 완료 (2.2ms)
[2026-04-30 10:42:10,773] [DEBUG] [DBG][74] 루프 시작
[2026-04-30 10:42:10,774] [DEBUG] [DBG][74] 1/6 capture 시작
[2026-04-30 10:42:10,788] [DEBUG] [DBG][74] 1/6 capture 완료 (14.6ms)
[2026-04-30 10:42:10,790] [DEBUG] [DBG][74] 2/6 preprocess 시작
[2026-04-30 10:42:10,803] [DEBUG] [DBG][74] 2/6 preprocess 완료 (13.1ms)
[2026-04-30 10:42:10,804] [DEBUG] [DBG][74] 3/6 DPU inference 시작
[2026-04-30 10:42:10,822] [DEBUG] [DBG][74] 3/6 DPU inference 완료 (17.4ms)
[2026-04-30 10:42:10,824] [DEBUG] [DBG][74] 4/6 postprocess 시작
[2026-04-30 10:42:10,834] [DEBUG] [DBG][74] 4/6 postprocess 완료 (10.4ms)
[2026-04-30 10:42:10,835] [DEBUG] [DBG][74] 5/6 control 시작
[2026-04-30 10:42:10,835] [DEBUG] [DBG][74] 5/6 control 완료 (0.5ms)
[2026-04-30 10:42:10,836] [DEBUG] [DBG][74] 6/6 actuator 시작
[2026-04-30 10:42:10,837] [DEBUG] [DBG][74] 6/6 actuator 완료 (1.5ms)
[2026-04-30 10:42:10,873] [DEBUG] [DBG][75] 루프 시작
[2026-04-30 10:42:10,874] [DEBUG] [DBG][75] 1/6 capture 시작
[2026-04-30 10:42:10,887] [DEBUG] [DBG][75] 1/6 capture 완료 (13.5ms)
[2026-04-30 10:42:10,888] [DEBUG] [DBG][75] 2/6 preprocess 시작
[2026-04-30 10:42:10,902] [DEBUG] [DBG][75] 2/6 preprocess 완료 (13.9ms)
[2026-04-30 10:42:10,903] [DEBUG] [DBG][75] 3/6 DPU inference 시작
[2026-04-30 10:42:10,920] [DEBUG] [DBG][75] 3/6 DPU inference 완료 (16.4ms)
[2026-04-30 10:42:10,921] [DEBUG] [DBG][75] 4/6 postprocess 시작
[2026-04-30 10:42:10,929] [DEBUG] [DBG][75] 4/6 postprocess 완료 (8.1ms)
[2026-04-30 10:42:10,931] [DEBUG] [DBG][75] 5/6 control 시작
[2026-04-30 10:42:10,932] [DEBUG] [DBG][75] 5/6 control 완료 (1.0ms)
[2026-04-30 10:42:10,932] [DEBUG] [DBG][75] 6/6 actuator 시작
[2026-04-30 10:42:10,934] [DEBUG] [DBG][75] 6/6 actuator 완료 (1.7ms)
[2026-04-30 10:42:11,401] [DEBUG] [DBG][76] 루프 시작
[2026-04-30 10:42:11,402] [DEBUG] [DBG][76] 1/6 capture 시작
[2026-04-30 10:42:11,417] [DEBUG] [DBG][76] 1/6 capture 완료 (15.0ms)
[2026-04-30 10:42:11,418] [DEBUG] [DBG][76] 2/6 preprocess 시작
[2026-04-30 10:42:11,433] [DEBUG] [DBG][76] 2/6 preprocess 완료 (14.4ms)
[2026-04-30 10:42:11,433] [DEBUG] [DBG][76] 3/6 DPU inference 시작
[2026-04-30 10:42:11,452] [DEBUG] [DBG][76] 3/6 DPU inference 완료 (18.2ms)
[2026-04-30 10:42:11,453] [DEBUG] [DBG][76] 4/6 postprocess 시작
[2026-04-30 10:42:11,463] [DEBUG] [DBG][76] 4/6 postprocess 완료 (10.1ms)
[2026-04-30 10:42:11,464] [DEBUG] [DBG][76] 5/6 control 시작
[2026-04-30 10:42:11,465] [DEBUG] [DBG][76] 5/6 control 완료 (0.7ms)
[2026-04-30 10:42:11,465] [DEBUG] [DBG][76] 6/6 actuator 시작
[2026-04-30 10:42:11,467] [DEBUG] [DBG][76] 6/6 actuator 완료 (1.5ms)
[2026-04-30 10:42:11,501] [DEBUG] [DBG][77] 루프 시작
[2026-04-30 10:42:11,502] [DEBUG] [DBG][77] 1/6 capture 시작
[2026-04-30 10:42:11,518] [DEBUG] [DBG][77] 1/6 capture 완료 (15.6ms)
[2026-04-30 10:42:11,519] [DEBUG] [DBG][77] 2/6 preprocess 시작
[2026-04-30 10:42:11,533] [DEBUG] [DBG][77] 2/6 preprocess 완료 (14.0ms)
[2026-04-30 10:42:11,534] [DEBUG] [DBG][77] 3/6 DPU inference 시작
[2026-04-30 10:42:11,551] [DEBUG] [DBG][77] 3/6 DPU inference 완료 (16.8ms)
[2026-04-30 10:42:11,552] [DEBUG] [DBG][77] 4/6 postprocess 시작
[2026-04-30 10:42:11,561] [DEBUG] [DBG][77] 4/6 postprocess 완료 (8.5ms)
[2026-04-30 10:42:11,562] [DEBUG] [DBG][77] 5/6 control 시작
[2026-04-30 10:42:11,562] [DEBUG] [DBG][77] 5/6 control 완료 (0.5ms)
[2026-04-30 10:42:11,562] [DEBUG] [DBG][77] 6/6 actuator 시작
[2026-04-30 10:42:11,564] [DEBUG] [DBG][77] 6/6 actuator 완료 (1.5ms)
[2026-04-30 10:42:11,601] [DEBUG] [DBG][78] 루프 시작
[2026-04-30 10:42:11,602] [DEBUG] [DBG][78] 1/6 capture 시작
[2026-04-30 10:42:11,616] [DEBUG] [DBG][78] 1/6 capture 완료 (14.0ms)
[2026-04-30 10:42:11,617] [DEBUG] [DBG][78] 2/6 preprocess 시작
[2026-04-30 10:42:11,630] [DEBUG] [DBG][78] 2/6 preprocess 완료 (13.1ms)
[2026-04-30 10:42:11,632] [DEBUG] [DBG][78] 3/6 DPU inference 시작
[2026-04-30 10:42:11,651] [DEBUG] [DBG][78] 3/6 DPU inference 완료 (18.2ms)
[2026-04-30 10:42:11,653] [DEBUG] [DBG][78] 4/6 postprocess 시작
[2026-04-30 10:42:11,665] [DEBUG] [DBG][78] 4/6 postprocess 완료 (12.4ms)
[2026-04-30 10:42:11,667] [DEBUG] [DBG][78] 5/6 control 시작
[2026-04-30 10:42:11,668] [DEBUG] [DBG][78] 5/6 control 완료 (0.9ms)
[2026-04-30 10:42:11,669] [DEBUG] [DBG][78] 6/6 actuator 시작
[2026-04-30 10:42:11,671] [DEBUG] [DBG][78] 6/6 actuator 완료 (1.8ms)
[2026-04-30 10:42:11,701] [DEBUG] [DBG][79] 루프 시작
[2026-04-30 10:42:11,703] [DEBUG] [DBG][79] 1/6 capture 시작
[2026-04-30 10:42:11,716] [DEBUG] [DBG][79] 1/6 capture 완료 (13.3ms)
[2026-04-30 10:42:11,717] [DEBUG] [DBG][79] 2/6 preprocess 시작
[2026-04-30 10:42:11,731] [DEBUG] [DBG][79] 2/6 preprocess 완료 (13.1ms)
[2026-04-30 10:42:11,732] [DEBUG] [DBG][79] 3/6 DPU inference 시작
[2026-04-30 10:42:11,751] [DEBUG] [DBG][79] 3/6 DPU inference 완료 (18.9ms)
[2026-04-30 10:42:11,752] [DEBUG] [DBG][79] 4/6 postprocess 시작
[2026-04-30 10:42:11,761] [DEBUG] [DBG][79] 4/6 postprocess 완료 (8.3ms)
[2026-04-30 10:42:11,762] [DEBUG] [DBG][79] 5/6 control 시작
[2026-04-30 10:42:11,763] [DEBUG] [DBG][79] 5/6 control 완료 (0.8ms)
[2026-04-30 10:42:11,764] [DEBUG] [DBG][79] 6/6 actuator 시작
[2026-04-30 10:42:11,765] [DEBUG] [DBG][79] 6/6 actuator 완료 (1.8ms)
[2026-04-30 10:42:11,801] [DEBUG] [DBG][80] 루프 시작
[2026-04-30 10:42:11,803] [DEBUG] [DBG][80] 1/6 capture 시작
[2026-04-30 10:42:11,816] [DEBUG] [DBG][80] 1/6 capture 완료 (13.1ms)
[2026-04-30 10:42:11,817] [DEBUG] [DBG][80] 2/6 preprocess 시작
[2026-04-30 10:42:11,830] [DEBUG] [DBG][80] 2/6 preprocess 완료 (13.0ms)
[2026-04-30 10:42:11,832] [DEBUG] [DBG][80] 3/6 DPU inference 시작
[2026-04-30 10:42:11,859] [DEBUG] [DBG][80] 3/6 DPU inference 완료 (27.4ms)
[2026-04-30 10:42:11,861] [DEBUG] [DBG][80] 4/6 postprocess 시작
[2026-04-30 10:42:11,869] [DEBUG] [DBG][80] 4/6 postprocess 완료 (8.3ms)
[2026-04-30 10:42:11,871] [DEBUG] [DBG][80] 5/6 control 시작
[2026-04-30 10:42:11,872] [DEBUG] [DBG][80] 5/6 control 완료 (1.0ms)
[2026-04-30 10:42:11,873] [DEBUG] [DBG][80] 6/6 actuator 시작
[2026-04-30 10:42:11,875] [DEBUG] [DBG][80] 6/6 actuator 완료 (1.9ms)
[2026-04-30 10:42:12,323] [INFO] [0080] cap=13.1ms | pre=13.0ms | inf=27.4ms | post=8.3ms | ctrl=1.0ms | act=1.9ms | total=74.1ms | valid=True | invalid=0 | pixels=26718 | err=-0.078 | steer=-0.031 | speed=0.242 | cur=None | adc=None
[2026-04-30 10:42:12,759] [INFO] [0080] system: rss=240.0MB | mem_avail=755.1MB | swap_free=511.5MB | load=1.10 0.98 0.48 | temp=hwmon0_temp1_input=53.0C, hwmon1_temp1_input=53.0C, hwmon2_temp1_input=50.8C, hwmon2_temp2_input=50.7C, pl_temp=51.1C, ps_temp=50.5C, remote_temp=52.3C
[2026-04-30 10:42:12,760] [DEBUG] [DBG][81] 루프 시작
[2026-04-30 10:42:12,761] [DEBUG] [DBG][81] 1/6 capture 시작
[2026-04-30 10:42:12,774] [DEBUG] [DBG][81] 1/6 capture 완료 (13.1ms)
[2026-04-30 10:42:12,775] [DEBUG] [DBG][81] 2/6 preprocess 시작
[2026-04-30 10:42:12,788] [DEBUG] [DBG][81] 2/6 preprocess 완료 (12.7ms)
[2026-04-30 10:42:12,790] [DEBUG] [DBG][81] 3/6 DPU inference 시작
[2026-04-30 10:42:12,806] [DEBUG] [DBG][81] 3/6 DPU inference 완료 (16.0ms)
[2026-04-30 10:42:12,807] [DEBUG] [DBG][81] 4/6 postprocess 시작
[2026-04-30 10:42:12,816] [DEBUG] [DBG][81] 4/6 postprocess 완료 (8.4ms)
[2026-04-30 10:42:12,817] [DEBUG] [DBG][81] 5/6 control 시작
[2026-04-30 10:42:12,818] [DEBUG] [DBG][81] 5/6 control 완료 (0.7ms)
[2026-04-30 10:42:12,818] [DEBUG] [DBG][81] 6/6 actuator 시작
[2026-04-30 10:42:12,820] [DEBUG] [DBG][81] 6/6 actuator 완료 (1.5ms)
[2026-04-30 10:42:12,860] [DEBUG] [DBG][82] 루프 시작
[2026-04-30 10:42:12,861] [DEBUG] [DBG][82] 1/6 capture 시작
[2026-04-30 10:42:12,875] [DEBUG] [DBG][82] 1/6 capture 완료 (13.0ms)
[2026-04-30 10:42:12,877] [DEBUG] [DBG][82] 2/6 preprocess 시작
[2026-04-30 10:42:12,890] [DEBUG] [DBG][82] 2/6 preprocess 완료 (13.8ms)
[2026-04-30 10:42:12,891] [DEBUG] [DBG][82] 3/6 DPU inference 시작
[2026-04-30 10:42:12,908] [DEBUG] [DBG][82] 3/6 DPU inference 완료 (16.0ms)
[2026-04-30 10:42:12,909] [DEBUG] [DBG][82] 4/6 postprocess 시작
[2026-04-30 10:42:12,917] [DEBUG] [DBG][82] 4/6 postprocess 완료 (7.8ms)
[2026-04-30 10:42:12,918] [DEBUG] [DBG][82] 5/6 control 시작
[2026-04-30 10:42:12,920] [DEBUG] [DBG][82] 5/6 control 완료 (1.3ms)
[2026-04-30 10:42:12,920] [DEBUG] [DBG][82] 6/6 actuator 시작
[2026-04-30 10:42:12,922] [DEBUG] [DBG][82] 6/6 actuator 완료 (1.9ms)
[2026-04-30 10:42:12,960] [DEBUG] [DBG][83] 루프 시작
[2026-04-30 10:42:12,962] [DEBUG] [DBG][83] 1/6 capture 시작
[2026-04-30 10:42:12,976] [DEBUG] [DBG][83] 1/6 capture 완료 (14.0ms)
[2026-04-30 10:42:12,977] [DEBUG] [DBG][83] 2/6 preprocess 시작
[2026-04-30 10:42:12,991] [DEBUG] [DBG][83] 2/6 preprocess 완료 (13.9ms)
[2026-04-30 10:42:12,993] [DEBUG] [DBG][83] 3/6 DPU inference 시작
[2026-04-30 10:42:13,011] [DEBUG] [DBG][83] 3/6 DPU inference 완료 (18.7ms)
[2026-04-30 10:42:13,013] [DEBUG] [DBG][83] 4/6 postprocess 시작
[2026-04-30 10:42:13,022] [DEBUG] [DBG][83] 4/6 postprocess 완료 (8.8ms)
[2026-04-30 10:42:13,023] [DEBUG] [DBG][83] 5/6 control 시작
[2026-04-30 10:42:13,024] [DEBUG] [DBG][83] 5/6 control 완료 (0.7ms)
[2026-04-30 10:42:13,024] [DEBUG] [DBG][83] 6/6 actuator 시작
[2026-04-30 10:42:13,026] [DEBUG] [DBG][83] 6/6 actuator 완료 (1.6ms)
[2026-04-30 10:42:13,060] [DEBUG] [DBG][84] 루프 시작
[2026-04-30 10:42:13,062] [DEBUG] [DBG][84] 1/6 capture 시작
[2026-04-30 10:42:13,076] [DEBUG] [DBG][84] 1/6 capture 완료 (14.4ms)
[2026-04-30 10:42:13,078] [DEBUG] [DBG][84] 2/6 preprocess 시작
[2026-04-30 10:42:13,093] [DEBUG] [DBG][84] 2/6 preprocess 완료 (14.5ms)
[2026-04-30 10:42:13,094] [DEBUG] [DBG][84] 3/6 DPU inference 시작
[2026-04-30 10:42:13,123] [DEBUG] [DBG][84] 3/6 DPU inference 완료 (28.3ms)
[2026-04-30 10:42:13,124] [DEBUG] [DBG][84] 4/6 postprocess 시작
[2026-04-30 10:42:13,140] [DEBUG] [DBG][84] 4/6 postprocess 완료 (16.1ms)
[2026-04-30 10:42:13,142] [DEBUG] [DBG][84] 5/6 control 시작
[2026-04-30 10:42:13,143] [DEBUG] [DBG][84] 5/6 control 완료 (0.8ms)
[2026-04-30 10:42:13,143] [DEBUG] [DBG][84] 6/6 actuator 시작
[2026-04-30 10:42:13,145] [DEBUG] [DBG][84] 6/6 actuator 완료 (1.7ms)
[2026-04-30 10:42:13,161] [DEBUG] [DBG][85] 루프 시작
[2026-04-30 10:42:13,162] [DEBUG] [DBG][85] 1/6 capture 시작
[2026-04-30 10:42:13,180] [DEBUG] [DBG][85] 1/6 capture 완료 (17.6ms)
[2026-04-30 10:42:13,181] [DEBUG] [DBG][85] 2/6 preprocess 시작
[2026-04-30 10:42:13,195] [DEBUG] [DBG][85] 2/6 preprocess 완료 (14.6ms)
[2026-04-30 10:42:13,197] [DEBUG] [DBG][85] 3/6 DPU inference 시작
[2026-04-30 10:42:13,214] [DEBUG] [DBG][85] 3/6 DPU inference 완료 (17.2ms)
[2026-04-30 10:42:13,215] [DEBUG] [DBG][85] 4/6 postprocess 시작
[2026-04-30 10:42:13,226] [DEBUG] [DBG][85] 4/6 postprocess 완료 (10.3ms)
[2026-04-30 10:42:13,228] [DEBUG] [DBG][85] 5/6 control 시작
[2026-04-30 10:42:13,228] [DEBUG] [DBG][85] 5/6 control 완료 (0.8ms)
[2026-04-30 10:42:13,229] [DEBUG] [DBG][85] 6/6 actuator 시작
[2026-04-30 10:42:13,231] [DEBUG] [DBG][85] 6/6 actuator 완료 (1.9ms)
[2026-04-30 10:42:13,689] [DEBUG] [DBG][86] 루프 시작
[2026-04-30 10:42:13,690] [DEBUG] [DBG][86] 1/6 capture 시작
[2026-04-30 10:42:13,703] [DEBUG] [DBG][86] 1/6 capture 완료 (13.1ms)
[2026-04-30 10:42:13,704] [DEBUG] [DBG][86] 2/6 preprocess 시작
[2026-04-30 10:42:13,717] [DEBUG] [DBG][86] 2/6 preprocess 완료 (12.5ms)
[2026-04-30 10:42:13,717] [DEBUG] [DBG][86] 3/6 DPU inference 시작
[2026-04-30 10:42:13,734] [DEBUG] [DBG][86] 3/6 DPU inference 완료 (16.0ms)
[2026-04-30 10:42:13,735] [DEBUG] [DBG][86] 4/6 postprocess 시작
[2026-04-30 10:42:13,749] [DEBUG] [DBG][86] 4/6 postprocess 완료 (13.9ms)
[2026-04-30 10:42:13,749] [DEBUG] [DBG][86] 5/6 control 시작
[2026-04-30 10:42:13,750] [DEBUG] [DBG][86] 5/6 control 완료 (0.4ms)
[2026-04-30 10:42:13,750] [DEBUG] [DBG][86] 6/6 actuator 시작
[2026-04-30 10:42:13,751] [DEBUG] [DBG][86] 6/6 actuator 완료 (1.3ms)
[2026-04-30 10:42:13,789] [DEBUG] [DBG][87] 루프 시작
[2026-04-30 10:42:13,790] [DEBUG] [DBG][87] 1/6 capture 시작
[2026-04-30 10:42:13,803] [DEBUG] [DBG][87] 1/6 capture 완료 (12.9ms)
[2026-04-30 10:42:13,804] [DEBUG] [DBG][87] 2/6 preprocess 시작
[2026-04-30 10:42:13,817] [DEBUG] [DBG][87] 2/6 preprocess 완료 (12.5ms)
[2026-04-30 10:42:13,818] [DEBUG] [DBG][87] 3/6 DPU inference 시작
[2026-04-30 10:42:13,854] [DEBUG] [DBG][87] 3/6 DPU inference 완료 (36.5ms)
[2026-04-30 10:42:13,855] [DEBUG] [DBG][87] 4/6 postprocess 시작
[2026-04-30 10:42:13,866] [DEBUG] [DBG][87] 4/6 postprocess 완료 (10.8ms)
[2026-04-30 10:42:13,868] [DEBUG] [DBG][87] 5/6 control 시작
[2026-04-30 10:42:13,870] [DEBUG] [DBG][87] 5/6 control 완료 (1.6ms)
[2026-04-30 10:42:13,871] [DEBUG] [DBG][87] 6/6 actuator 시작
[2026-04-30 10:42:13,873] [DEBUG] [DBG][87] 6/6 actuator 완료 (2.3ms)
[2026-04-30 10:42:13,889] [DEBUG] [DBG][88] 루프 시작
[2026-04-30 10:42:13,891] [DEBUG] [DBG][88] 1/6 capture 시작
[2026-04-30 10:42:13,907] [DEBUG] [DBG][88] 1/6 capture 완료 (15.8ms)
[2026-04-30 10:42:13,908] [DEBUG] [DBG][88] 2/6 preprocess 시작
[2026-04-30 10:42:13,924] [DEBUG] [DBG][88] 2/6 preprocess 완료 (15.4ms)
[2026-04-30 10:42:13,925] [DEBUG] [DBG][88] 3/6 DPU inference 시작
[2026-04-30 10:42:13,945] [DEBUG] [DBG][88] 3/6 DPU inference 완료 (19.2ms)
[2026-04-30 10:42:13,947] [DEBUG] [DBG][88] 4/6 postprocess 시작
[2026-04-30 10:42:13,960] [DEBUG] [DBG][88] 4/6 postprocess 완료 (13.6ms)
[2026-04-30 10:42:13,961] [DEBUG] [DBG][88] 5/6 control 시작
[2026-04-30 10:42:13,964] [DEBUG] [DBG][88] 5/6 control 완료 (2.2ms)
[2026-04-30 10:42:13,965] [DEBUG] [DBG][88] 6/6 actuator 시작
[2026-04-30 10:42:13,979] [DEBUG] [DBG][88] 6/6 actuator 완료 (13.7ms)
[2026-04-30 10:42:13,990] [DEBUG] [DBG][89] 루프 시작
[2026-04-30 10:42:13,991] [DEBUG] [DBG][89] 1/6 capture 시작
[2026-04-30 10:42:14,004] [DEBUG] [DBG][89] 1/6 capture 완료 (13.1ms)
[2026-04-30 10:42:14,005] [DEBUG] [DBG][89] 2/6 preprocess 시작
[2026-04-30 10:42:14,018] [DEBUG] [DBG][89] 2/6 preprocess 완료 (12.8ms)
[2026-04-30 10:42:14,019] [DEBUG] [DBG][89] 3/6 DPU inference 시작
[2026-04-30 10:42:14,035] [DEBUG] [DBG][89] 3/6 DPU inference 완료 (16.0ms)
[2026-04-30 10:42:14,036] [DEBUG] [DBG][89] 4/6 postprocess 시작
[2026-04-30 10:42:14,043] [DEBUG] [DBG][89] 4/6 postprocess 완료 (7.5ms)
[2026-04-30 10:42:14,044] [DEBUG] [DBG][89] 5/6 control 시작
[2026-04-30 10:42:14,045] [DEBUG] [DBG][89] 5/6 control 완료 (0.6ms)
[2026-04-30 10:42:14,045] [DEBUG] [DBG][89] 6/6 actuator 시작
[2026-04-30 10:42:14,047] [DEBUG] [DBG][89] 6/6 actuator 완료 (1.9ms)
[2026-04-30 10:42:14,090] [DEBUG] [DBG][90] 루프 시작
[2026-04-30 10:42:14,091] [DEBUG] [DBG][90] 1/6 capture 시작
[2026-04-30 10:42:14,104] [DEBUG] [DBG][90] 1/6 capture 완료 (12.9ms)
[2026-04-30 10:42:14,104] [DEBUG] [DBG][90] 2/6 preprocess 시작
[2026-04-30 10:42:14,117] [DEBUG] [DBG][90] 2/6 preprocess 완료 (12.6ms)
[2026-04-30 10:42:14,118] [DEBUG] [DBG][90] 3/6 DPU inference 시작
[2026-04-30 10:42:14,135] [DEBUG] [DBG][90] 3/6 DPU inference 완료 (16.3ms)
[2026-04-30 10:42:14,136] [DEBUG] [DBG][90] 4/6 postprocess 시작
[2026-04-30 10:42:14,144] [DEBUG] [DBG][90] 4/6 postprocess 완료 (7.9ms)
[2026-04-30 10:42:14,144] [DEBUG] [DBG][90] 5/6 control 시작
[2026-04-30 10:42:14,145] [DEBUG] [DBG][90] 5/6 control 완료 (0.6ms)
[2026-04-30 10:42:14,145] [DEBUG] [DBG][90] 6/6 actuator 시작
[2026-04-30 10:42:14,148] [DEBUG] [DBG][90] 6/6 actuator 완료 (2.4ms)
[2026-04-30 10:42:14,625] [INFO] [0090] cap=12.9ms | pre=12.6ms | inf=16.3ms | post=7.9ms | ctrl=0.6ms | act=2.4ms | total=59.3ms | valid=True | invalid=0 | pixels=27038 | err=-0.056 | steer=-0.022 | speed=0.244 | cur=None | adc=None
[2026-04-30 10:42:15,087] [INFO] [0090] system: rss=240.0MB | mem_avail=753.9MB | swap_free=511.5MB | load=1.10 0.98 0.48 | temp=hwmon0_temp1_input=53.0C, hwmon1_temp1_input=53.0C, hwmon2_temp1_input=50.2C, hwmon2_temp2_input=50.4C, pl_temp=51.1C, ps_temp=51.0C, remote_temp=52.1C
[2026-04-30 10:42:15,088] [DEBUG] [DBG][91] 루프 시작
[2026-04-30 10:42:15,088] [DEBUG] [DBG][91] 1/6 capture 시작
[2026-04-30 10:42:15,106] [DEBUG] [DBG][91] 1/6 capture 완료 (18.1ms)
[2026-04-30 10:42:15,108] [DEBUG] [DBG][91] 2/6 preprocess 시작
[2026-04-30 10:42:15,121] [DEBUG] [DBG][91] 2/6 preprocess 완료 (13.2ms)
[2026-04-30 10:42:15,123] [DEBUG] [DBG][91] 3/6 DPU inference 시작
[2026-04-30 10:42:15,142] [DEBUG] [DBG][91] 3/6 DPU inference 완료 (18.9ms)
[2026-04-30 10:42:15,143] [DEBUG] [DBG][91] 4/6 postprocess 시작
[2026-04-30 10:42:15,151] [DEBUG] [DBG][91] 4/6 postprocess 완료 (7.7ms)
[2026-04-30 10:42:15,153] [DEBUG] [DBG][91] 5/6 control 시작
[2026-04-30 10:42:15,154] [DEBUG] [DBG][91] 5/6 control 완료 (1.4ms)
[2026-04-30 10:42:15,155] [DEBUG] [DBG][91] 6/6 actuator 시작
[2026-04-30 10:42:15,158] [DEBUG] [DBG][91] 6/6 actuator 완료 (3.0ms)
[2026-04-30 10:42:15,188] [DEBUG] [DBG][92] 루프 시작
[2026-04-30 10:42:15,190] [DEBUG] [DBG][92] 1/6 capture 시작
[2026-04-30 10:42:15,206] [DEBUG] [DBG][92] 1/6 capture 완료 (17.0ms)
[2026-04-30 10:42:15,208] [DEBUG] [DBG][92] 2/6 preprocess 시작
[2026-04-30 10:42:15,225] [DEBUG] [DBG][92] 2/6 preprocess 완료 (16.7ms)
[2026-04-30 10:42:15,226] [DEBUG] [DBG][92] 3/6 DPU inference 시작
[2026-04-30 10:42:15,247] [DEBUG] [DBG][92] 3/6 DPU inference 완료 (20.4ms)
[2026-04-30 10:42:15,248] [DEBUG] [DBG][92] 4/6 postprocess 시작
[2026-04-30 10:42:15,258] [DEBUG] [DBG][92] 4/6 postprocess 완료 (10.0ms)
[2026-04-30 10:42:15,260] [DEBUG] [DBG][92] 5/6 control 시작
[2026-04-30 10:42:15,260] [DEBUG] [DBG][92] 5/6 control 완료 (0.6ms)
[2026-04-30 10:42:15,261] [DEBUG] [DBG][92] 6/6 actuator 시작
[2026-04-30 10:42:15,262] [DEBUG] [DBG][92] 6/6 actuator 완료 (1.5ms)
[2026-04-30 10:42:15,288] [DEBUG] [DBG][93] 루프 시작
[2026-04-30 10:42:15,291] [DEBUG] [DBG][93] 1/6 capture 시작
[2026-04-30 10:42:15,304] [DEBUG] [DBG][93] 1/6 capture 완료 (13.2ms)
[2026-04-30 10:42:15,305] [DEBUG] [DBG][93] 2/6 preprocess 시작
[2026-04-30 10:42:15,319] [DEBUG] [DBG][93] 2/6 preprocess 완료 (13.8ms)
[2026-04-30 10:42:15,321] [DEBUG] [DBG][93] 3/6 DPU inference 시작
[2026-04-30 10:42:15,338] [DEBUG] [DBG][93] 3/6 DPU inference 완료 (16.8ms)
[2026-04-30 10:42:15,339] [DEBUG] [DBG][93] 4/6 postprocess 시작
[2026-04-30 10:42:15,348] [DEBUG] [DBG][93] 4/6 postprocess 완료 (9.3ms)
[2026-04-30 10:42:15,349] [DEBUG] [DBG][93] 5/6 control 시작
[2026-04-30 10:42:15,350] [DEBUG] [DBG][93] 5/6 control 완료 (0.5ms)
[2026-04-30 10:42:15,350] [DEBUG] [DBG][93] 6/6 actuator 시작
[2026-04-30 10:42:15,352] [DEBUG] [DBG][93] 6/6 actuator 완료 (1.6ms)
[2026-04-30 10:42:15,388] [DEBUG] [DBG][94] 루프 시작
[2026-04-30 10:42:15,389] [DEBUG] [DBG][94] 1/6 capture 시작
[2026-04-30 10:42:15,402] [DEBUG] [DBG][94] 1/6 capture 완료 (12.8ms)
[2026-04-30 10:42:15,403] [DEBUG] [DBG][94] 2/6 preprocess 시작
[2026-04-30 10:42:15,415] [DEBUG] [DBG][94] 2/6 preprocess 완료 (12.2ms)
[2026-04-30 10:42:15,416] [DEBUG] [DBG][94] 3/6 DPU inference 시작
[2026-04-30 10:42:15,432] [DEBUG] [DBG][94] 3/6 DPU inference 완료 (15.7ms)
[2026-04-30 10:42:15,433] [DEBUG] [DBG][94] 4/6 postprocess 시작
[2026-04-30 10:42:15,441] [DEBUG] [DBG][94] 4/6 postprocess 완료 (7.5ms)
[2026-04-30 10:42:15,442] [DEBUG] [DBG][94] 5/6 control 시작
[2026-04-30 10:42:15,442] [DEBUG] [DBG][94] 5/6 control 완료 (0.7ms)
[2026-04-30 10:42:15,443] [DEBUG] [DBG][94] 6/6 actuator 시작
[2026-04-30 10:42:15,445] [DEBUG] [DBG][94] 6/6 actuator 완료 (2.2ms)
[2026-04-30 10:42:15,488] [DEBUG] [DBG][95] 루프 시작
[2026-04-30 10:42:15,489] [DEBUG] [DBG][95] 1/6 capture 시작
[2026-04-30 10:42:15,503] [DEBUG] [DBG][95] 1/6 capture 완료 (13.5ms)
[2026-04-30 10:42:15,504] [DEBUG] [DBG][95] 2/6 preprocess 시작
[2026-04-30 10:42:15,517] [DEBUG] [DBG][95] 2/6 preprocess 완료 (13.0ms)
[2026-04-30 10:42:15,518] [DEBUG] [DBG][95] 3/6 DPU inference 시작
[2026-04-30 10:42:15,534] [DEBUG] [DBG][95] 3/6 DPU inference 완료 (15.8ms)
[2026-04-30 10:42:15,535] [DEBUG] [DBG][95] 4/6 postprocess 시작
[2026-04-30 10:42:15,542] [DEBUG] [DBG][95] 4/6 postprocess 완료 (7.2ms)
[2026-04-30 10:42:15,543] [DEBUG] [DBG][95] 5/6 control 시작
[2026-04-30 10:42:15,544] [DEBUG] [DBG][95] 5/6 control 완료 (0.6ms)
[2026-04-30 10:42:15,544] [DEBUG] [DBG][95] 6/6 actuator 시작
[2026-04-30 10:42:15,547] [DEBUG] [DBG][95] 6/6 actuator 완료 (2.0ms)
[2026-04-30 10:42:16,001] [DEBUG] [DBG][96] 루프 시작
[2026-04-30 10:42:16,002] [DEBUG] [DBG][96] 1/6 capture 시작
[2026-04-30 10:42:16,017] [DEBUG] [DBG][96] 1/6 capture 완료 (14.3ms)
[2026-04-30 10:42:16,018] [DEBUG] [DBG][96] 2/6 preprocess 시작
[2026-04-30 10:42:16,034] [DEBUG] [DBG][96] 2/6 preprocess 완료 (15.0ms)
[2026-04-30 10:42:16,035] [DEBUG] [DBG][96] 3/6 DPU inference 시작
[2026-04-30 10:42:16,053] [DEBUG] [DBG][96] 3/6 DPU inference 완료 (17.4ms)
[2026-04-30 10:42:16,054] [DEBUG] [DBG][96] 4/6 postprocess 시작
[2026-04-30 10:42:16,074] [DEBUG] [DBG][96] 4/6 postprocess 완료 (19.6ms)
[2026-04-30 10:42:16,075] [DEBUG] [DBG][96] 5/6 control 시작
[2026-04-30 10:42:16,076] [DEBUG] [DBG][96] 5/6 control 완료 (0.8ms)
[2026-04-30 10:42:16,077] [DEBUG] [DBG][96] 6/6 actuator 시작
[2026-04-30 10:42:16,078] [DEBUG] [DBG][96] 6/6 actuator 완료 (1.5ms)
[2026-04-30 10:42:16,101] [DEBUG] [DBG][97] 루프 시작
[2026-04-30 10:42:16,103] [DEBUG] [DBG][97] 1/6 capture 시작
[2026-04-30 10:42:16,117] [DEBUG] [DBG][97] 1/6 capture 완료 (13.6ms)
[2026-04-30 10:42:16,118] [DEBUG] [DBG][97] 2/6 preprocess 시작
[2026-04-30 10:42:16,131] [DEBUG] [DBG][97] 2/6 preprocess 완료 (12.9ms)
[2026-04-30 10:42:16,132] [DEBUG] [DBG][97] 3/6 DPU inference 시작
[2026-04-30 10:42:16,149] [DEBUG] [DBG][97] 3/6 DPU inference 완료 (16.1ms)
[2026-04-30 10:42:16,150] [DEBUG] [DBG][97] 4/6 postprocess 시작
[2026-04-30 10:42:16,157] [DEBUG] [DBG][97] 4/6 postprocess 완료 (7.4ms)
[2026-04-30 10:42:16,158] [DEBUG] [DBG][97] 5/6 control 시작
[2026-04-30 10:42:16,159] [DEBUG] [DBG][97] 5/6 control 완료 (0.7ms)
[2026-04-30 10:42:16,160] [DEBUG] [DBG][97] 6/6 actuator 시작
[2026-04-30 10:42:16,162] [DEBUG] [DBG][97] 6/6 actuator 완료 (1.7ms)
[2026-04-30 10:42:16,201] [DEBUG] [DBG][98] 루프 시작
[2026-04-30 10:42:16,203] [DEBUG] [DBG][98] 1/6 capture 시작
[2026-04-30 10:42:16,217] [DEBUG] [DBG][98] 1/6 capture 완료 (14.2ms)
[2026-04-30 10:42:16,218] [DEBUG] [DBG][98] 2/6 preprocess 시작
[2026-04-30 10:42:16,232] [DEBUG] [DBG][98] 2/6 preprocess 완료 (13.6ms)
[2026-04-30 10:42:16,234] [DEBUG] [DBG][98] 3/6 DPU inference 시작
[2026-04-30 10:42:16,252] [DEBUG] [DBG][98] 3/6 DPU inference 완료 (17.6ms)
[2026-04-30 10:42:16,253] [DEBUG] [DBG][98] 4/6 postprocess 시작
[2026-04-30 10:42:16,265] [DEBUG] [DBG][98] 4/6 postprocess 완료 (11.1ms)
[2026-04-30 10:42:16,266] [DEBUG] [DBG][98] 5/6 control 시작
[2026-04-30 10:42:16,266] [DEBUG] [DBG][98] 5/6 control 완료 (0.7ms)
[2026-04-30 10:42:16,267] [DEBUG] [DBG][98] 6/6 actuator 시작
[2026-04-30 10:42:16,269] [DEBUG] [DBG][98] 6/6 actuator 완료 (1.8ms)
[2026-04-30 10:42:16,301] [DEBUG] [DBG][99] 루프 시작
[2026-04-30 10:42:16,302] [DEBUG] [DBG][99] 1/6 capture 시작
[2026-04-30 10:42:16,320] [DEBUG] [DBG][99] 1/6 capture 완료 (17.9ms)
[2026-04-30 10:42:16,321] [DEBUG] [DBG][99] 2/6 preprocess 시작
[2026-04-30 10:42:16,337] [DEBUG] [DBG][99] 2/6 preprocess 완료 (15.2ms)
[2026-04-30 10:42:16,338] [DEBUG] [DBG][99] 3/6 DPU inference 시작
[2026-04-30 10:42:16,356] [DEBUG] [DBG][99] 3/6 DPU inference 완료 (18.0ms)
[2026-04-30 10:42:16,357] [DEBUG] [DBG][99] 4/6 postprocess 시작
[2026-04-30 10:42:16,367] [DEBUG] [DBG][99] 4/6 postprocess 완료 (9.9ms)
[2026-04-30 10:42:16,369] [DEBUG] [DBG][99] 5/6 control 시작
[2026-04-30 10:42:16,370] [DEBUG] [DBG][99] 5/6 control 완료 (1.3ms)
[2026-04-30 10:42:16,371] [DEBUG] [DBG][99] 6/6 actuator 시작
[2026-04-30 10:42:16,373] [DEBUG] [DBG][99] 6/6 actuator 완료 (2.2ms)
[2026-04-30 10:42:16,402] [DEBUG] [DBG][100] 루프 시작
[2026-04-30 10:42:16,402] [DEBUG] [DBG][100] 1/6 capture 시작
[2026-04-30 10:42:16,417] [DEBUG] [DBG][100] 1/6 capture 완료 (14.6ms)
[2026-04-30 10:42:16,418] [DEBUG] [DBG][100] 2/6 preprocess 시작
[2026-04-30 10:42:16,434] [DEBUG] [DBG][100] 2/6 preprocess 완료 (15.9ms)
[2026-04-30 10:42:16,436] [DEBUG] [DBG][100] 3/6 DPU inference 시작
[2026-04-30 10:42:16,454] [DEBUG] [DBG][100] 3/6 DPU inference 완료 (18.2ms)
[2026-04-30 10:42:16,455] [DEBUG] [DBG][100] 4/6 postprocess 시작
[2026-04-30 10:42:16,467] [DEBUG] [DBG][100] 4/6 postprocess 완료 (11.8ms)
[2026-04-30 10:42:16,468] [DEBUG] [DBG][100] 5/6 control 시작
[2026-04-30 10:42:16,469] [DEBUG] [DBG][100] 5/6 control 완료 (0.9ms)
[2026-04-30 10:42:16,469] [DEBUG] [DBG][100] 6/6 actuator 시작
[2026-04-30 10:42:16,471] [DEBUG] [DBG][100] 6/6 actuator 완료 (1.9ms)
[2026-04-30 10:42:16,940] [INFO] [0100] cap=14.6ms | pre=15.9ms | inf=18.2ms | post=11.8ms | ctrl=0.9ms | act=1.9ms | total=70.5ms | valid=True | invalid=0 | pixels=26675 | err=-0.081 | steer=-0.033 | speed=0.242 | cur=None | adc=None
[2026-04-30 10:42:17,372] [INFO] [0100] system: rss=240.0MB | mem_avail=753.0MB | swap_free=511.5MB | load=1.33 1.03 0.50 | temp=hwmon0_temp1_input=53.0C, hwmon1_temp1_input=53.0C, hwmon2_temp1_input=50.2C, hwmon2_temp2_input=49.2C, pl_temp=51.5C, ps_temp=50.1C, remote_temp=49.4C
[2026-04-30 10:42:17,373] [DEBUG] [DBG][101] 루프 시작
[2026-04-30 10:42:17,373] [DEBUG] [DBG][101] 1/6 capture 시작
[2026-04-30 10:42:17,387] [DEBUG] [DBG][101] 1/6 capture 완료 (13.1ms)
[2026-04-30 10:42:17,388] [DEBUG] [DBG][101] 2/6 preprocess 시작
[2026-04-30 10:42:17,401] [DEBUG] [DBG][101] 2/6 preprocess 완료 (12.9ms)
[2026-04-30 10:42:17,402] [DEBUG] [DBG][101] 3/6 DPU inference 시작
[2026-04-30 10:42:17,419] [DEBUG] [DBG][101] 3/6 DPU inference 완료 (16.2ms)
[2026-04-30 10:42:17,420] [DEBUG] [DBG][101] 4/6 postprocess 시작
[2026-04-30 10:42:17,428] [DEBUG] [DBG][101] 4/6 postprocess 완료 (8.2ms)
[2026-04-30 10:42:17,429] [DEBUG] [DBG][101] 5/6 control 시작
[2026-04-30 10:42:17,430] [DEBUG] [DBG][101] 5/6 control 완료 (0.7ms)
[2026-04-30 10:42:17,430] [DEBUG] [DBG][101] 6/6 actuator 시작
[2026-04-30 10:42:17,432] [DEBUG] [DBG][101] 6/6 actuator 완료 (1.4ms)
[2026-04-30 10:42:17,473] [DEBUG] [DBG][102] 루프 시작
[2026-04-30 10:42:17,474] [DEBUG] [DBG][102] 1/6 capture 시작
[2026-04-30 10:42:17,491] [DEBUG] [DBG][102] 1/6 capture 완료 (16.7ms)
[2026-04-30 10:42:17,493] [DEBUG] [DBG][102] 2/6 preprocess 시작
[2026-04-30 10:42:17,508] [DEBUG] [DBG][102] 2/6 preprocess 완료 (14.9ms)
[2026-04-30 10:42:17,509] [DEBUG] [DBG][102] 3/6 DPU inference 시작
[2026-04-30 10:42:17,528] [DEBUG] [DBG][102] 3/6 DPU inference 완료 (18.1ms)
[2026-04-30 10:42:17,529] [DEBUG] [DBG][102] 4/6 postprocess 시작
[2026-04-30 10:42:17,538] [DEBUG] [DBG][102] 4/6 postprocess 완료 (8.9ms)
[2026-04-30 10:42:17,539] [DEBUG] [DBG][102] 5/6 control 시작
[2026-04-30 10:42:17,540] [DEBUG] [DBG][102] 5/6 control 완료 (0.7ms)
[2026-04-30 10:42:17,540] [DEBUG] [DBG][102] 6/6 actuator 시작
[2026-04-30 10:42:17,542] [DEBUG] [DBG][102] 6/6 actuator 완료 (1.7ms)
[2026-04-30 10:42:17,573] [DEBUG] [DBG][103] 루프 시작
[2026-04-30 10:42:17,574] [DEBUG] [DBG][103] 1/6 capture 시작
[2026-04-30 10:42:17,592] [DEBUG] [DBG][103] 1/6 capture 완료 (17.5ms)
[2026-04-30 10:42:17,593] [DEBUG] [DBG][103] 2/6 preprocess 시작
[2026-04-30 10:42:17,610] [DEBUG] [DBG][103] 2/6 preprocess 완료 (16.4ms)
[2026-04-30 10:42:17,611] [DEBUG] [DBG][103] 3/6 DPU inference 시작
[2026-04-30 10:42:17,629] [DEBUG] [DBG][103] 3/6 DPU inference 완료 (17.7ms)
[2026-04-30 10:42:17,630] [DEBUG] [DBG][103] 4/6 postprocess 시작
[2026-04-30 10:42:17,643] [DEBUG] [DBG][103] 4/6 postprocess 완료 (13.4ms)
[2026-04-30 10:42:17,645] [DEBUG] [DBG][103] 5/6 control 시작
[2026-04-30 10:42:17,647] [DEBUG] [DBG][103] 5/6 control 완료 (1.4ms)
[2026-04-30 10:42:17,647] [DEBUG] [DBG][103] 6/6 actuator 시작
[2026-04-30 10:42:17,649] [DEBUG] [DBG][103] 6/6 actuator 완료 (1.9ms)
[2026-04-30 10:42:17,673] [DEBUG] [DBG][104] 루프 시작
[2026-04-30 10:42:17,675] [DEBUG] [DBG][104] 1/6 capture 시작
[2026-04-30 10:42:17,688] [DEBUG] [DBG][104] 1/6 capture 완료 (13.5ms)
[2026-04-30 10:42:17,690] [DEBUG] [DBG][104] 2/6 preprocess 시작
[2026-04-30 10:42:17,703] [DEBUG] [DBG][104] 2/6 preprocess 완료 (13.5ms)
[2026-04-30 10:42:17,705] [DEBUG] [DBG][104] 3/6 DPU inference 시작
[2026-04-30 10:42:17,721] [DEBUG] [DBG][104] 3/6 DPU inference 완료 (16.6ms)
[2026-04-30 10:42:17,722] [DEBUG] [DBG][104] 4/6 postprocess 시작
[2026-04-30 10:42:17,731] [DEBUG] [DBG][104] 4/6 postprocess 완료 (8.5ms)
[2026-04-30 10:42:17,732] [DEBUG] [DBG][104] 5/6 control 시작
[2026-04-30 10:42:17,733] [DEBUG] [DBG][104] 5/6 control 완료 (0.6ms)
[2026-04-30 10:42:17,733] [DEBUG] [DBG][104] 6/6 actuator 시작
[2026-04-30 10:42:17,735] [DEBUG] [DBG][104] 6/6 actuator 완료 (1.7ms)
[2026-04-30 10:42:17,773] [DEBUG] [DBG][105] 루프 시작
[2026-04-30 10:42:17,774] [DEBUG] [DBG][105] 1/6 capture 시작
[2026-04-30 10:42:17,788] [DEBUG] [DBG][105] 1/6 capture 완료 (13.0ms)
[2026-04-30 10:42:17,789] [DEBUG] [DBG][105] 2/6 preprocess 시작
[2026-04-30 10:42:17,802] [DEBUG] [DBG][105] 2/6 preprocess 완료 (12.8ms)
[2026-04-30 10:42:17,803] [DEBUG] [DBG][105] 3/6 DPU inference 시작
[2026-04-30 10:42:17,824] [DEBUG] [DBG][105] 3/6 DPU inference 완료 (20.3ms)
[2026-04-30 10:42:17,824] [DEBUG] [DBG][105] 4/6 postprocess 시작
[2026-04-30 10:42:17,836] [DEBUG] [DBG][105] 4/6 postprocess 완료 (11.4ms)
[2026-04-30 10:42:17,837] [DEBUG] [DBG][105] 5/6 control 시작
[2026-04-30 10:42:17,837] [DEBUG] [DBG][105] 5/6 control 완료 (0.5ms)
[2026-04-30 10:42:17,838] [DEBUG] [DBG][105] 6/6 actuator 시작
[2026-04-30 10:42:17,839] [DEBUG] [DBG][105] 6/6 actuator 완료 (1.7ms)
[2026-04-30 10:42:18,298] [DEBUG] [DBG][106] 루프 시작
[2026-04-30 10:42:18,299] [DEBUG] [DBG][106] 1/6 capture 시작
[2026-04-30 10:42:18,312] [DEBUG] [DBG][106] 1/6 capture 완료 (13.1ms)
[2026-04-30 10:42:18,313] [DEBUG] [DBG][106] 2/6 preprocess 시작
[2026-04-30 10:42:18,326] [DEBUG] [DBG][106] 2/6 preprocess 완료 (12.7ms)
[2026-04-30 10:42:18,327] [DEBUG] [DBG][106] 3/6 DPU inference 시작
[2026-04-30 10:42:18,344] [DEBUG] [DBG][106] 3/6 DPU inference 완료 (16.5ms)
[2026-04-30 10:42:18,345] [DEBUG] [DBG][106] 4/6 postprocess 시작
[2026-04-30 10:42:18,352] [DEBUG] [DBG][106] 4/6 postprocess 완료 (7.3ms)
[2026-04-30 10:42:18,354] [DEBUG] [DBG][106] 5/6 control 시작
[2026-04-30 10:42:18,355] [DEBUG] [DBG][106] 5/6 control 완료 (1.0ms)
[2026-04-30 10:42:18,355] [DEBUG] [DBG][106] 6/6 actuator 시작
[2026-04-30 10:42:18,357] [DEBUG] [DBG][106] 6/6 actuator 완료 (1.5ms)
[2026-04-30 10:42:18,398] [DEBUG] [DBG][107] 루프 시작
[2026-04-30 10:42:18,399] [DEBUG] [DBG][107] 1/6 capture 시작
[2026-04-30 10:42:18,412] [DEBUG] [DBG][107] 1/6 capture 완료 (13.0ms)
[2026-04-30 10:42:18,413] [DEBUG] [DBG][107] 2/6 preprocess 시작
[2026-04-30 10:42:18,427] [DEBUG] [DBG][107] 2/6 preprocess 완료 (13.5ms)
[2026-04-30 10:42:18,428] [DEBUG] [DBG][107] 3/6 DPU inference 시작
[2026-04-30 10:42:18,445] [DEBUG] [DBG][107] 3/6 DPU inference 완료 (16.1ms)
[2026-04-30 10:42:18,446] [DEBUG] [DBG][107] 4/6 postprocess 시작
[2026-04-30 10:42:18,455] [DEBUG] [DBG][107] 4/6 postprocess 완료 (8.7ms)
[2026-04-30 10:42:18,456] [DEBUG] [DBG][107] 5/6 control 시작
[2026-04-30 10:42:18,456] [DEBUG] [DBG][107] 5/6 control 완료 (0.4ms)
[2026-04-30 10:42:18,456] [DEBUG] [DBG][107] 6/6 actuator 시작
[2026-04-30 10:42:18,458] [DEBUG] [DBG][107] 6/6 actuator 완료 (1.6ms)
[2026-04-30 10:42:18,498] [DEBUG] [DBG][108] 루프 시작
[2026-04-30 10:42:18,499] [DEBUG] [DBG][108] 1/6 capture 시작
[2026-04-30 10:42:18,512] [DEBUG] [DBG][108] 1/6 capture 완료 (13.1ms)
[2026-04-30 10:42:18,513] [DEBUG] [DBG][108] 2/6 preprocess 시작
[2026-04-30 10:42:18,527] [DEBUG] [DBG][108] 2/6 preprocess 완료 (13.7ms)
[2026-04-30 10:42:18,528] [DEBUG] [DBG][108] 3/6 DPU inference 시작
[2026-04-30 10:42:18,544] [DEBUG] [DBG][108] 3/6 DPU inference 완료 (16.3ms)
[2026-04-30 10:42:18,545] [DEBUG] [DBG][108] 4/6 postprocess 시작
[2026-04-30 10:42:18,556] [DEBUG] [DBG][108] 4/6 postprocess 완료 (11.0ms)
[2026-04-30 10:42:18,558] [DEBUG] [DBG][108] 5/6 control 시작
[2026-04-30 10:42:18,558] [DEBUG] [DBG][108] 5/6 control 완료 (0.8ms)
[2026-04-30 10:42:18,559] [DEBUG] [DBG][108] 6/6 actuator 시작
[2026-04-30 10:42:18,561] [DEBUG] [DBG][108] 6/6 actuator 완료 (1.6ms)
[2026-04-30 10:42:18,598] [DEBUG] [DBG][109] 루프 시작
[2026-04-30 10:42:18,599] [DEBUG] [DBG][109] 1/6 capture 시작
[2026-04-30 10:42:18,614] [DEBUG] [DBG][109] 1/6 capture 완료 (14.3ms)
[2026-04-30 10:42:18,615] [DEBUG] [DBG][109] 2/6 preprocess 시작
[2026-04-30 10:42:18,630] [DEBUG] [DBG][109] 2/6 preprocess 완료 (14.5ms)
[2026-04-30 10:42:18,632] [DEBUG] [DBG][109] 3/6 DPU inference 시작
[2026-04-30 10:42:18,648] [DEBUG] [DBG][109] 3/6 DPU inference 완료 (16.1ms)
[2026-04-30 10:42:18,650] [DEBUG] [DBG][109] 4/6 postprocess 시작
[2026-04-30 10:42:18,661] [DEBUG] [DBG][109] 4/6 postprocess 완료 (10.9ms)
[2026-04-30 10:42:18,662] [DEBUG] [DBG][109] 5/6 control 시작
[2026-04-30 10:42:18,663] [DEBUG] [DBG][109] 5/6 control 완료 (0.7ms)
[2026-04-30 10:42:18,663] [DEBUG] [DBG][109] 6/6 actuator 시작
[2026-04-30 10:42:18,665] [DEBUG] [DBG][109] 6/6 actuator 완료 (1.7ms)
[2026-04-30 10:42:18,698] [DEBUG] [DBG][110] 루프 시작
[2026-04-30 10:42:18,699] [DEBUG] [DBG][110] 1/6 capture 시작
[2026-04-30 10:42:18,713] [DEBUG] [DBG][110] 1/6 capture 완료 (13.6ms)
[2026-04-30 10:42:18,714] [DEBUG] [DBG][110] 2/6 preprocess 시작
[2026-04-30 10:42:18,727] [DEBUG] [DBG][110] 2/6 preprocess 완료 (12.6ms)
[2026-04-30 10:42:18,728] [DEBUG] [DBG][110] 3/6 DPU inference 시작
[2026-04-30 10:42:18,744] [DEBUG] [DBG][110] 3/6 DPU inference 완료 (16.0ms)
[2026-04-30 10:42:18,746] [DEBUG] [DBG][110] 4/6 postprocess 시작
[2026-04-30 10:42:18,757] [DEBUG] [DBG][110] 4/6 postprocess 완료 (11.2ms)
[2026-04-30 10:42:18,759] [DEBUG] [DBG][110] 5/6 control 시작
[2026-04-30 10:42:18,759] [DEBUG] [DBG][110] 5/6 control 완료 (1.4ms)
[2026-04-30 10:42:18,760] [DEBUG] [DBG][110] 6/6 actuator 시작
[2026-04-30 10:42:18,764] [DEBUG] [DBG][110] 6/6 actuator 완료 (2.6ms)
[2026-04-30 10:42:19,216] [INFO] [0110] cap=13.6ms | pre=12.6ms | inf=16.0ms | post=11.2ms | ctrl=1.4ms | act=2.6ms | total=67.5ms | valid=True | invalid=0 | pixels=26702 | err=-0.072 | steer=-0.029 | speed=0.243 | cur=None | adc=None
[2026-04-30 10:42:19,655] [INFO] [0110] system: rss=240.0MB | mem_avail=752.7MB | swap_free=511.5MB | load=1.33 1.03 0.50 | temp=hwmon0_temp1_input=53.0C, hwmon1_temp1_input=53.0C, hwmon2_temp1_input=50.1C, hwmon2_temp2_input=51.2C, pl_temp=51.5C, ps_temp=50.4C, remote_temp=50.3C
[2026-04-30 10:42:19,656] [DEBUG] [DBG][111] 루프 시작
[2026-04-30 10:42:19,662] [DEBUG] [DBG][111] 1/6 capture 시작
[2026-04-30 10:42:19,678] [DEBUG] [DBG][111] 1/6 capture 완료 (16.1ms)
[2026-04-30 10:42:19,679] [DEBUG] [DBG][111] 2/6 preprocess 시작
[2026-04-30 10:42:19,695] [DEBUG] [DBG][111] 2/6 preprocess 완료 (15.4ms)
[2026-04-30 10:42:19,696] [DEBUG] [DBG][111] 3/6 DPU inference 시작
[2026-04-30 10:42:19,713] [DEBUG] [DBG][111] 3/6 DPU inference 완료 (16.2ms)
[2026-04-30 10:42:19,714] [DEBUG] [DBG][111] 4/6 postprocess 시작
[2026-04-30 10:42:19,729] [DEBUG] [DBG][111] 4/6 postprocess 완료 (14.4ms)
[2026-04-30 10:42:19,730] [DEBUG] [DBG][111] 5/6 control 시작
[2026-04-30 10:42:19,730] [DEBUG] [DBG][111] 5/6 control 완료 (0.6ms)
[2026-04-30 10:42:19,731] [DEBUG] [DBG][111] 6/6 actuator 시작
[2026-04-30 10:42:19,732] [DEBUG] [DBG][111] 6/6 actuator 완료 (1.7ms)
[2026-04-30 10:42:19,756] [DEBUG] [DBG][112] 루프 시작
[2026-04-30 10:42:19,758] [DEBUG] [DBG][112] 1/6 capture 시작
[2026-04-30 10:42:19,773] [DEBUG] [DBG][112] 1/6 capture 완료 (14.6ms)
[2026-04-30 10:42:19,774] [DEBUG] [DBG][112] 2/6 preprocess 시작
[2026-04-30 10:42:19,789] [DEBUG] [DBG][112] 2/6 preprocess 완료 (14.6ms)
[2026-04-30 10:42:19,790] [DEBUG] [DBG][112] 3/6 DPU inference 시작
[2026-04-30 10:42:19,811] [DEBUG] [DBG][112] 3/6 DPU inference 완료 (20.3ms)
[2026-04-30 10:42:19,812] [DEBUG] [DBG][112] 4/6 postprocess 시작
[2026-04-30 10:42:19,822] [DEBUG] [DBG][112] 4/6 postprocess 완료 (9.1ms)
[2026-04-30 10:42:19,823] [DEBUG] [DBG][112] 5/6 control 시작
[2026-04-30 10:42:19,824] [DEBUG] [DBG][112] 5/6 control 완료 (0.8ms)
[2026-04-30 10:42:19,825] [DEBUG] [DBG][112] 6/6 actuator 시작
[2026-04-30 10:42:19,826] [DEBUG] [DBG][112] 6/6 actuator 완료 (1.7ms)
[2026-04-30 10:42:19,857] [DEBUG] [DBG][113] 루프 시작
[2026-04-30 10:42:19,858] [DEBUG] [DBG][113] 1/6 capture 시작
[2026-04-30 10:42:19,875] [DEBUG] [DBG][113] 1/6 capture 완료 (16.4ms)
[2026-04-30 10:42:19,877] [DEBUG] [DBG][113] 2/6 preprocess 시작
[2026-04-30 10:42:19,893] [DEBUG] [DBG][113] 2/6 preprocess 완료 (16.0ms)
[2026-04-30 10:42:19,894] [DEBUG] [DBG][113] 3/6 DPU inference 시작
[2026-04-30 10:42:19,911] [DEBUG] [DBG][113] 3/6 DPU inference 완료 (16.7ms)
[2026-04-30 10:42:19,912] [DEBUG] [DBG][113] 4/6 postprocess 시작
[2026-04-30 10:42:19,922] [DEBUG] [DBG][113] 4/6 postprocess 완료 (9.3ms)
[2026-04-30 10:42:19,923] [DEBUG] [DBG][113] 5/6 control 시작
[2026-04-30 10:42:19,923] [DEBUG] [DBG][113] 5/6 control 완료 (0.5ms)
[2026-04-30 10:42:19,923] [DEBUG] [DBG][113] 6/6 actuator 시작
[2026-04-30 10:42:19,925] [DEBUG] [DBG][113] 6/6 actuator 완료 (1.6ms)
[2026-04-30 10:42:19,957] [DEBUG] [DBG][114] 루프 시작
[2026-04-30 10:42:19,958] [DEBUG] [DBG][114] 1/6 capture 시작
[2026-04-30 10:42:19,972] [DEBUG] [DBG][114] 1/6 capture 완료 (14.5ms)
[2026-04-30 10:42:19,973] [DEBUG] [DBG][114] 2/6 preprocess 시작
[2026-04-30 10:42:19,986] [DEBUG] [DBG][114] 2/6 preprocess 완료 (12.3ms)
[2026-04-30 10:42:19,987] [DEBUG] [DBG][114] 3/6 DPU inference 시작
[2026-04-30 10:42:20,003] [DEBUG] [DBG][114] 3/6 DPU inference 완료 (16.1ms)
[2026-04-30 10:42:20,004] [DEBUG] [DBG][114] 4/6 postprocess 시작
[2026-04-30 10:42:20,011] [DEBUG] [DBG][114] 4/6 postprocess 완료 (7.4ms)
[2026-04-30 10:42:20,012] [DEBUG] [DBG][114] 5/6 control 시작
[2026-04-30 10:42:20,013] [DEBUG] [DBG][114] 5/6 control 완료 (0.6ms)
[2026-04-30 10:42:20,013] [DEBUG] [DBG][114] 6/6 actuator 시작
[2026-04-30 10:42:20,015] [DEBUG] [DBG][114] 6/6 actuator 완료 (1.6ms)
[2026-04-30 10:42:20,057] [DEBUG] [DBG][115] 루프 시작
[2026-04-30 10:42:20,058] [DEBUG] [DBG][115] 1/6 capture 시작
[2026-04-30 10:42:20,073] [DEBUG] [DBG][115] 1/6 capture 완료 (14.6ms)
[2026-04-30 10:42:20,073] [DEBUG] [DBG][115] 2/6 preprocess 시작
[2026-04-30 10:42:20,087] [DEBUG] [DBG][115] 2/6 preprocess 완료 (13.6ms)
[2026-04-30 10:42:20,088] [DEBUG] [DBG][115] 3/6 DPU inference 시작
[2026-04-30 10:42:20,106] [DEBUG] [DBG][115] 3/6 DPU inference 완료 (17.3ms)
[2026-04-30 10:42:20,107] [DEBUG] [DBG][115] 4/6 postprocess 시작
[2026-04-30 10:42:20,119] [DEBUG] [DBG][115] 4/6 postprocess 완료 (11.7ms)
[2026-04-30 10:42:20,120] [DEBUG] [DBG][115] 5/6 control 시작
[2026-04-30 10:42:20,121] [DEBUG] [DBG][115] 5/6 control 완료 (0.8ms)
[2026-04-30 10:42:20,122] [DEBUG] [DBG][115] 6/6 actuator 시작
[2026-04-30 10:42:20,124] [DEBUG] [DBG][115] 6/6 actuator 완료 (1.7ms)
[2026-04-30 10:42:20,576] [DEBUG] [DBG][116] 루프 시작
[2026-04-30 10:42:20,577] [DEBUG] [DBG][116] 1/6 capture 시작
[2026-04-30 10:42:20,590] [DEBUG] [DBG][116] 1/6 capture 완료 (13.2ms)
[2026-04-30 10:42:20,591] [DEBUG] [DBG][116] 2/6 preprocess 시작
[2026-04-30 10:42:20,604] [DEBUG] [DBG][116] 2/6 preprocess 완료 (12.5ms)
[2026-04-30 10:42:20,605] [DEBUG] [DBG][116] 3/6 DPU inference 시작
[2026-04-30 10:42:20,622] [DEBUG] [DBG][116] 3/6 DPU inference 완료 (16.9ms)
[2026-04-30 10:42:20,624] [DEBUG] [DBG][116] 4/6 postprocess 시작
[2026-04-30 10:42:20,634] [DEBUG] [DBG][116] 4/6 postprocess 완료 (9.7ms)
[2026-04-30 10:42:20,635] [DEBUG] [DBG][116] 5/6 control 시작
[2026-04-30 10:42:20,636] [DEBUG] [DBG][116] 5/6 control 완료 (0.7ms)
[2026-04-30 10:42:20,636] [DEBUG] [DBG][116] 6/6 actuator 시작
[2026-04-30 10:42:20,638] [DEBUG] [DBG][116] 6/6 actuator 완료 (1.4ms)
[2026-04-30 10:42:20,676] [DEBUG] [DBG][117] 루프 시작
[2026-04-30 10:42:20,677] [DEBUG] [DBG][117] 1/6 capture 시작
[2026-04-30 10:42:20,692] [DEBUG] [DBG][117] 1/6 capture 완료 (14.4ms)
[2026-04-30 10:42:20,694] [DEBUG] [DBG][117] 2/6 preprocess 시작
[2026-04-30 10:42:20,709] [DEBUG] [DBG][117] 2/6 preprocess 완료 (15.1ms)
[2026-04-30 10:42:20,710] [DEBUG] [DBG][117] 3/6 DPU inference 시작
[2026-04-30 10:42:20,735] [DEBUG] [DBG][117] 3/6 DPU inference 완료 (24.6ms)
[2026-04-30 10:42:20,737] [DEBUG] [DBG][117] 4/6 postprocess 시작
[2026-04-30 10:42:20,746] [DEBUG] [DBG][117] 4/6 postprocess 완료 (9.1ms)
[2026-04-30 10:42:20,747] [DEBUG] [DBG][117] 5/6 control 시작
[2026-04-30 10:42:20,747] [DEBUG] [DBG][117] 5/6 control 완료 (0.5ms)
[2026-04-30 10:42:20,747] [DEBUG] [DBG][117] 6/6 actuator 시작
[2026-04-30 10:42:20,749] [DEBUG] [DBG][117] 6/6 actuator 완료 (1.5ms)
[2026-04-30 10:42:20,777] [DEBUG] [DBG][118] 루프 시작
[2026-04-30 10:42:20,778] [DEBUG] [DBG][118] 1/6 capture 시작
[2026-04-30 10:42:20,793] [DEBUG] [DBG][118] 1/6 capture 완료 (14.6ms)
[2026-04-30 10:42:20,794] [DEBUG] [DBG][118] 2/6 preprocess 시작
[2026-04-30 10:42:20,807] [DEBUG] [DBG][118] 2/6 preprocess 완료 (13.0ms)
[2026-04-30 10:42:20,808] [DEBUG] [DBG][118] 3/6 DPU inference 시작
[2026-04-30 10:42:20,825] [DEBUG] [DBG][118] 3/6 DPU inference 완료 (16.0ms)
[2026-04-30 10:42:20,826] [DEBUG] [DBG][118] 4/6 postprocess 시작
[2026-04-30 10:42:20,835] [DEBUG] [DBG][118] 4/6 postprocess 완료 (9.5ms)
[2026-04-30 10:42:20,836] [DEBUG] [DBG][118] 5/6 control 시작
[2026-04-30 10:42:20,837] [DEBUG] [DBG][118] 5/6 control 완료 (0.5ms)
[2026-04-30 10:42:20,837] [DEBUG] [DBG][118] 6/6 actuator 시작
[2026-04-30 10:42:20,839] [DEBUG] [DBG][118] 6/6 actuator 완료 (1.6ms)
[2026-04-30 10:42:20,877] [DEBUG] [DBG][119] 루프 시작
[2026-04-30 10:42:20,878] [DEBUG] [DBG][119] 1/6 capture 시작
[2026-04-30 10:42:20,891] [DEBUG] [DBG][119] 1/6 capture 완료 (13.2ms)
[2026-04-30 10:42:20,892] [DEBUG] [DBG][119] 2/6 preprocess 시작
[2026-04-30 10:42:20,906] [DEBUG] [DBG][119] 2/6 preprocess 완료 (13.6ms)
[2026-04-30 10:42:20,907] [DEBUG] [DBG][119] 3/6 DPU inference 시작
[2026-04-30 10:42:20,923] [DEBUG] [DBG][119] 3/6 DPU inference 완료 (16.2ms)
[2026-04-30 10:42:20,924] [DEBUG] [DBG][119] 4/6 postprocess 시작
[2026-04-30 10:42:20,932] [DEBUG] [DBG][119] 4/6 postprocess 완료 (8.3ms)
[2026-04-30 10:42:20,934] [DEBUG] [DBG][119] 5/6 control 시작
[2026-04-30 10:42:20,934] [DEBUG] [DBG][119] 5/6 control 완료 (0.6ms)
[2026-04-30 10:42:20,935] [DEBUG] [DBG][119] 6/6 actuator 시작
[2026-04-30 10:42:20,936] [DEBUG] [DBG][119] 6/6 actuator 완료 (1.5ms)
[2026-04-30 10:42:20,977] [DEBUG] [DBG][120] 루프 시작
[2026-04-30 10:42:20,978] [DEBUG] [DBG][120] 1/6 capture 시작
[2026-04-30 10:42:20,993] [DEBUG] [DBG][120] 1/6 capture 완료 (14.8ms)
[2026-04-30 10:42:20,993] [DEBUG] [DBG][120] 2/6 preprocess 시작
[2026-04-30 10:42:21,007] [DEBUG] [DBG][120] 2/6 preprocess 완료 (13.5ms)
[2026-04-30 10:42:21,008] [DEBUG] [DBG][120] 3/6 DPU inference 시작
[2026-04-30 10:42:21,027] [DEBUG] [DBG][120] 3/6 DPU inference 완료 (18.9ms)
[2026-04-30 10:42:21,028] [DEBUG] [DBG][120] 4/6 postprocess 시작
[2026-04-30 10:42:21,044] [DEBUG] [DBG][120] 4/6 postprocess 완료 (15.6ms)
[2026-04-30 10:42:21,045] [DEBUG] [DBG][120] 5/6 control 시작
[2026-04-30 10:42:21,045] [DEBUG] [DBG][120] 5/6 control 완료 (0.5ms)
[2026-04-30 10:42:21,046] [DEBUG] [DBG][120] 6/6 actuator 시작
[2026-04-30 10:42:21,048] [DEBUG] [DBG][120] 6/6 actuator 완료 (2.0ms)
[2026-04-30 10:42:21,540] [INFO] [0120] cap=14.8ms | pre=13.5ms | inf=18.9ms | post=15.6ms | ctrl=0.5ms | act=2.0ms | total=71.5ms | valid=True | invalid=0 | pixels=27244 | err=-0.044 | steer=-0.018 | speed=0.246 | cur=None | adc=None
[2026-04-30 10:42:21,993] [INFO] [0120] system: rss=240.0MB | mem_avail=752.5MB | swap_free=511.5MB | load=1.38 1.04 0.50 | temp=hwmon0_temp1_input=53.0C, hwmon1_temp1_input=53.0C, hwmon2_temp1_input=50.7C, hwmon2_temp2_input=50.9C, pl_temp=51.2C, ps_temp=49.7C, remote_temp=52.2C
[2026-04-30 10:42:21,994] [DEBUG] [DBG][121] 루프 시작
[2026-04-30 10:42:21,994] [DEBUG] [DBG][121] 1/6 capture 시작
[2026-04-30 10:42:22,008] [DEBUG] [DBG][121] 1/6 capture 완료 (13.9ms)
[2026-04-30 10:42:22,009] [DEBUG] [DBG][121] 2/6 preprocess 시작
[2026-04-30 10:42:22,023] [DEBUG] [DBG][121] 2/6 preprocess 완료 (14.0ms)
[2026-04-30 10:42:22,024] [DEBUG] [DBG][121] 3/6 DPU inference 시작
[2026-04-30 10:42:22,040] [DEBUG] [DBG][121] 3/6 DPU inference 완료 (16.1ms)
[2026-04-30 10:42:22,041] [DEBUG] [DBG][121] 4/6 postprocess 시작
[2026-04-30 10:42:22,052] [DEBUG] [DBG][121] 4/6 postprocess 완료 (10.5ms)
[2026-04-30 10:42:22,053] [DEBUG] [DBG][121] 5/6 control 시작
[2026-04-30 10:42:22,053] [DEBUG] [DBG][121] 5/6 control 완료 (0.5ms)
[2026-04-30 10:42:22,054] [DEBUG] [DBG][121] 6/6 actuator 시작
[2026-04-30 10:42:22,056] [DEBUG] [DBG][121] 6/6 actuator 완료 (2.1ms)
[2026-04-30 10:42:22,094] [DEBUG] [DBG][122] 루프 시작
[2026-04-30 10:42:22,095] [DEBUG] [DBG][122] 1/6 capture 시작
[2026-04-30 10:42:22,112] [DEBUG] [DBG][122] 1/6 capture 완료 (16.3ms)
[2026-04-30 10:42:22,112] [DEBUG] [DBG][122] 2/6 preprocess 시작
[2026-04-30 10:42:22,126] [DEBUG] [DBG][122] 2/6 preprocess 완료 (13.6ms)
[2026-04-30 10:42:22,127] [DEBUG] [DBG][122] 3/6 DPU inference 시작
[2026-04-30 10:42:22,143] [DEBUG] [DBG][122] 3/6 DPU inference 완료 (16.0ms)
[2026-04-30 10:42:22,144] [DEBUG] [DBG][122] 4/6 postprocess 시작
[2026-04-30 10:42:22,153] [DEBUG] [DBG][122] 4/6 postprocess 완료 (8.7ms)
[2026-04-30 10:42:22,154] [DEBUG] [DBG][122] 5/6 control 시작
[2026-04-30 10:42:22,154] [DEBUG] [DBG][122] 5/6 control 완료 (0.5ms)
[2026-04-30 10:42:22,155] [DEBUG] [DBG][122] 6/6 actuator 시작
[2026-04-30 10:42:22,156] [DEBUG] [DBG][122] 6/6 actuator 완료 (1.5ms)
[2026-04-30 10:42:22,194] [DEBUG] [DBG][123] 루프 시작
[2026-04-30 10:42:22,195] [DEBUG] [DBG][123] 1/6 capture 시작
[2026-04-30 10:42:22,209] [DEBUG] [DBG][123] 1/6 capture 완료 (13.5ms)
[2026-04-30 10:42:22,209] [DEBUG] [DBG][123] 2/6 preprocess 시작
[2026-04-30 10:42:22,222] [DEBUG] [DBG][123] 2/6 preprocess 완료 (12.2ms)
[2026-04-30 10:42:22,223] [DEBUG] [DBG][123] 3/6 DPU inference 시작
[2026-04-30 10:42:22,239] [DEBUG] [DBG][123] 3/6 DPU inference 완료 (15.8ms)
[2026-04-30 10:42:22,240] [DEBUG] [DBG][123] 4/6 postprocess 시작
[2026-04-30 10:42:22,252] [DEBUG] [DBG][123] 4/6 postprocess 완료 (12.5ms)
[2026-04-30 10:42:22,253] [DEBUG] [DBG][123] 5/6 control 시작
[2026-04-30 10:42:22,254] [DEBUG] [DBG][123] 5/6 control 완료 (0.5ms)
[2026-04-30 10:42:22,254] [DEBUG] [DBG][123] 6/6 actuator 시작
[2026-04-30 10:42:22,256] [DEBUG] [DBG][123] 6/6 actuator 완료 (1.5ms)
[2026-04-30 10:42:22,294] [DEBUG] [DBG][124] 루프 시작
[2026-04-30 10:42:22,295] [DEBUG] [DBG][124] 1/6 capture 시작
[2026-04-30 10:42:22,312] [INFO] 사용자 종료
[2026-04-30 10:42:22,529] [INFO] profiler summary:
[2026-04-30 10:42:22,530] [INFO]  - capture: avg=20.48ms, min=12.78ms, max=785.05ms
[2026-04-30 10:42:22,531] [INFO]  - preprocess: avg=14.05ms, min=12.16ms, max=62.13ms
[2026-04-30 10:42:22,531] [INFO]  - inference: avg=17.66ms, min=15.70ms, max=36.50ms
[2026-04-30 10:42:22,531] [INFO]  - postprocess: avg=11.15ms, min=7.11ms, max=96.82ms
[2026-04-30 10:42:22,532] [INFO]  - control: avg=0.70ms, min=0.41ms, max=2.24ms
[2026-04-30 10:42:22,532] [INFO]  - actuator: avg=1.94ms, min=1.29ms, max=13.73ms
[2026-04-30 10:42:22,532] [INFO]  - total: avg=73.76ms, min=57.19ms, max=968.91ms
                                                                                                                                                                                                                                                                                                                                                                                                                                                                                                                                                                                                                                                                                                                                                                                                                                                                                                                                                                                                                                                                                                                                                                                                                                                                                                                                                                                                                                                                                                                                                                                                                                                                                                                                                                                                                                                                                                                                                                                                                                                                                                                                                                                                                                                                                                                                                                                                                                                                                                                                                                                                                                                                                                                                                                                                                                                                                                                                                                                                                                                                                                                                                                                                                                                                                                                                                [2026-04-30 10:56:16,024] [INFO] DPU overlay 로드: /home/xilinx/jupyter_notebooks/pynq-dpu/autonomous_driving_baseline/configs/dpu/dpu.bit
[2026-04-30 10:56:21,329] [INFO] DPU overlay 로드 완료
[2026-04-30 10:56:21,330] [INFO] 카메라 open
[2026-04-30 10:56:42,631] [INFO] 사용자 종료
[2026-04-30 10:56:42,633] [INFO] profiler summary:
[2026-04-30 10:58:00,540] [INFO] DPU overlay 로드: /home/xilinx/jupyter_notebooks/pynq-dpu/autonomous_driving_baseline/configs/dpu/dpu.bit
[2026-04-30 10:58:02,880] [INFO] DPU overlay 로드 완료
[2026-04-30 10:58:02,881] [INFO] 카메라 open
[2026-04-30 10:58:02,888] [ERROR] 실행 중 예외 발생: 카메라 장치가 없습니다: /dev/video0 (사용 가능 video device: 없음)
Traceback (most recent call last):
  File "/home/xilinx/jupyter_notebooks/pynq-dpu/autonomous_driving_baseline/main.py", line 180, in main
    camera.open()
  File "/home/xilinx/jupyter_notebooks/pynq-dpu/autonomous_driving_baseline/core/camera.py", line 53, in open
    raise RuntimeError(
RuntimeError: 카메라 장치가 없습니다: /dev/video0 (사용 가능 video device: 없음)
[2026-04-30 10:58:02,890] [INFO] profiler summary:
[2026-04-30 10:58:40,580] [INFO] DPU overlay 로드: /home/xilinx/jupyter_notebooks/pynq-dpu/autonomous_driving_baseline/configs/dpu/dpu.bit
[2026-04-30 10:58:42,917] [INFO] DPU overlay 로드 완료
[2026-04-30 10:58:42,918] [INFO] 카메라 open
[2026-04-30 10:58:42,925] [ERROR] 실행 중 예외 발생: 카메라 장치가 없습니다: /dev/video0 (사용 가능 video device: 없음)
Traceback (most recent call last):
  File "/home/xilinx/jupyter_notebooks/pynq-dpu/autonomous_driving_baseline/main.py", line 180, in main
    camera.open()
  File "/home/xilinx/jupyter_notebooks/pynq-dpu/autonomous_driving_baseline/core/camera.py", line 53, in open
    raise RuntimeError(
RuntimeError: 카메라 장치가 없습니다: /dev/video0 (사용 가능 video device: 없음)
[2026-04-30 10:58:42,929] [INFO] profiler summary:
[2026-04-30 10:59:13,619] [INFO] DPU overlay 로드: /home/xilinx/jupyter_notebooks/pynq-dpu/autonomous_driving_baseline/configs/dpu/dpu.bit
[2026-04-30 10:59:15,895] [INFO] DPU overlay 로드 완료
[2026-04-30 10:59:15,896] [INFO] 카메라 open
[2026-04-30 10:59:15,903] [ERROR] 실행 중 예외 발생: 카메라 장치가 없습니다: /dev/video1 (사용 가능 video device: 없음)
Traceback (most recent call last):
  File "/home/xilinx/jupyter_notebooks/pynq-dpu/autonomous_driving_baseline/main.py", line 180, in main
    camera.open()
  File "/home/xilinx/jupyter_notebooks/pynq-dpu/autonomous_driving_baseline/core/camera.py", line 53, in open
    raise RuntimeError(
RuntimeError: 카메라 장치가 없습니다: /dev/video1 (사용 가능 video device: 없음)
[2026-04-30 10:59:15,907] [INFO] profiler summary:
[2026-04-30 11:04:20,629] [INFO] DPU overlay 로드: /home/xilinx/jupyter_notebooks/pynq-dpu/autonomous_driving_baseline/configs/dpu/dpu.bit
[2026-04-30 11:04:26,178] [INFO] DPU overlay 로드 완료
[2026-04-30 11:04:26,178] [INFO] 카메라 open
[2026-04-30 11:04:26,447] [INFO] xmodel load / runner create
[2026-04-30 11:04:27,323] [INFO] DPU input shape: (1, 256, 256, 3)
[2026-04-30 11:04:27,324] [INFO] DPU output shape: (1, 256, 256, 1)
[2026-04-30 11:04:27,325] [INFO] DPU warmup: 2회
[2026-04-30 11:04:27,365] [INFO] actuator mode: real_mmio
[2026-04-30 11:04:27,379] [INFO] 스트리밍 서버 시작
[2026-04-30 11:04:27,380] [INFO] 웹 대시보드: http://127.0.0.1:5000
[2026-04-30 11:04:27,381] [INFO] 웹 대시보드: http://pynq:5000
[2026-04-30 11:04:27,382] [INFO] 웹 대시보드: http://127.0.1.1:5000
[2026-04-30 11:04:27,382] [INFO] main loop 시작: max_frames=200, target_fps=10.0
[2026-04-30 11:04:27,857] [INFO] system start: rss=230.6MB | mem_avail=451.8MB | swap_free=509.2MB | load=2.14 1.15 0.46 | temp=hwmon0_temp1_input=51.0C, hwmon1_temp1_input=51.0C, hwmon2_temp1_input=48.9C, hwmon2_temp2_input=49.3C, pl_temp=49.8C, ps_temp=49.1C, remote_temp=48.9C
[2026-04-30 11:04:27,859] [DEBUG] [DBG][0] 루프 시작
[2026-04-30[2026-04-30 12:06:26,415] [INFO] DPU overlay 로드: /home/xilinx/jupyter_notebooks/pynq-dpu/autonomous_driving_baseline/configs/dpu/dpu.bit
[2026-04-30 12:06:31,499] [INFO] DPU overlay 로드 완료
[2026-04-30 12:06:31,500] [INFO] 카메라 open
[2026-04-30 12:06:32,237] [INFO] xmodel load / runner create
[2026-04-30 12:06:32,967] [INFO] DPU input shape: (1, 256, 256, 3)
[2026-04-30 12:06:32,968] [INFO] DPU output shape: (1, 256, 256, 1)
[2026-04-30 12:06:32,968] [INFO] DPU warmup: 2회
[2026-04-30 12:06:33,014] [INFO] actuator mode: real_mmio
[2026-04-30 12:06:33,027] [INFO] 스트리밍 서버 시작
[2026-04-30 12:06:33,028] [INFO] 웹 대시보드: http://127.0.0.1:5000
[2026-04-30 12:06:33,028] [INFO] 웹 대시보드: http://pynq:5000
[2026-04-30 12:06:33,028] [INFO] 웹 대시보드: http://127.0.1.1:5000
[2026-04-30 12:06:33,029] [INFO] main loop 시작: max_frames=200, target_fps=10.0
[2026-04-30 12:06:33,485] [INFO] system start: rss=230.4MB | mem_avail=1486.9MB | swap_free=512.0MB | load=0.38 0.36 0.17 | temp=hwmon0_temp1_input=49.0C, hwmon1_temp1_input=49.0C, hwmon2_temp1_input=46.6C, hwmon2_temp2_input=47.6C, pl_temp=47.5C, ps_temp=47.6C, remote_temp=47.5C
[2026-04-30 12:06:34,469] [INFO] [0000] cap=780.3ms | pre=59.4ms | inf=16.8ms | post=84.2ms | ctrl=0.1ms | act=1.4ms | total=942.4ms | valid=True | invalid=0 | pixels=18295 | err=-0.419 | steer=-0.168 | speed=0.208 | amode=real_mmio | aspeed=0.208 | drive=['rear_right_fwd', 'rear_left_fwd'] | dduty=124999 | seff=-0.168 | steer_ch=steering_left | sduty=25150 | cur=None | adc=None
[2026-04-30 12:06:34,469] [INFO] [0000] actuator_regs={'rear_right_fwd': {'period': 600600, 'duty': 124999, 'valid': 1}, 'rear_left_fwd': {'period': 600600, 'duty': 124999, 'valid': 1}, 'steering_left': {'period': 600600, 'duty': 25150, 'valid': 1}}
[2026-04-30 12:06:34,479] [INFO] [0000] system: rss=238.9MB | mem_avail=1481.9MB | swap_free=512.0MB | load=0.43 0.37 0.18 | temp=hwmon0_temp1_input=49.0C, hwmon1_temp1_input=49.0C, hwmon2_temp1_input=48.6C, hwmon2_temp2_input=47.1C, pl_temp=47.5C, ps_temp=48.1C, remote_temp=47.7C
[2026-04-30 12:06:35,456] [INFO] [0010] cap=12.0ms | pre=11.5ms | inf=18.0ms | post=6.4ms | ctrl=0.1ms | act=1.5ms | total=49.6ms | valid=True | invalid=0 | pixels=28295 | err=-0.191 | steer=-0.076 | speed=0.231 | amode=real_mmio | aspeed=0.231 | drive=['rear_right_fwd', 'rear_left_fwd'] | dduty=138701 | seff=-0.076 | steer_ch=steering_left | sduty=11448 | cur=None | adc=None
[2026-04-30 12:06:35,457] [INFO] [0010] actuator_regs={'rear_right_fwd': {'period': 600600, 'duty': 138701, 'valid': 1}, 'rear_left_fwd': {'period': 600600, 'duty': 138701, 'valid': 1}, 'steering_left': {'period': 600600, 'duty': 11448, 'valid': 1}}
[2026-04-30 12:06:35,467] [INFO] [0010] system: rss=238.9MB | mem_avail=1481.5MB | swap_free=512.0MB | load=0.43 0.37 0.18 | temp=hwmon0_temp1_input=49.0C, hwmon1_temp1_input=49.0C, hwmon2_temp1_input=47.9C, hwmon2_temp2_input=45.8C, pl_temp=47.4C, ps_temp=47.4C, remote_temp=44.6C
[2026-04-30 12:06:36,454] [INFO] [0020] cap=12.0ms | pre=11.5ms | inf=15.0ms | post=6.4ms | ctrl=0.1ms | act=1.4ms | total=46.7ms | valid=True | invalid=0 | pixels=29930 | err=-0.175 | steer=-0.070 | speed=0.233 | amode=real_mmio | aspeed=0.233 | drive=['rear_right_fwd', 'rear_left_fwd'] | dduty=139639 | seff=-0.070 | steer_ch=steering_left | sduty=10510 | cur=None | adc=None
[2026-04-30 12:06:36,455] [INFO] [0020] actuator_regs={'rear_right_fwd': {'period': 600600, 'duty': 139639, 'valid': 1}, 'rear_left_fwd': {'period': 600600, 'duty': 139639, 'valid': 1}, 'steering_left': {'period': 600600, 'duty': 10510, 'valid': 1}}
[2026-04-30 12:06:36,465] [INFO] [0020] system: rss=238.9MB | mem_avail=1481.5MB | swap_free=512.0MB | load=0.43 0.37 0.18 | temp=hwmon0_temp1_input=49.0C, hwmon1_temp1_input=49.0C, hwmon2_temp1_input=46.8C, hwmon2_temp2_input=47.7C, pl_temp=47.7C, ps_temp=46.7C, remote_temp=47.4C
[2026-04-30 12:06:37,455] [INFO] [0030] cap=12.1ms | pre=11.5ms | inf=15.1ms | post=6.4ms | ctrl=0.1ms | act=1.4ms | total=46.7ms | valid=True | invalid=0 | pixels=27709 | err=-0.191 | steer=-0.076 | speed=0.231 | amode=real_mmio | aspeed=0.231 | drive=['rear_right_fwd', 'rear_left_fwd'] | dduty=138701 | seff=-0.076 | steer_ch=steering_left | sduty=11448 | cur=None | adc=None
[2026-04-30 12:06:37,455] [INFO] [0030] actuator_regs={'rear_right_fwd': {'period': 600600, 'duty': 138701, 'valid': 1}, 'rear_left_fwd': {'period': 600600, 'duty': 138701, 'valid': 1}, 'steering_left': {'period': 600600, 'duty': 11448, 'valid': 1}}
[2026-04-30 12:06:37,465] [INFO] [0030] system: rss=239.5MB | mem_avail=1481.3MB | swap_free=512.0MB | load=0.43 0.37 0.18 | temp=hwmon0_temp1_input=49.0C, hwmon1_temp1_input=49.0C, hwmon2_temp1_input=48.1C, hwmon2_temp2_input=48.0C, pl_temp=47.5C, ps_temp=46.2C, remote_temp=47.5C
[2026-04-30 12:06:38,455] [INFO] [0040] cap=12.1ms | pre=11.4ms | inf=15.0ms | post=6.4ms | ctrl=0.1ms | act=1.4ms | total=46.5ms | valid=True | invalid=0 | pixels=30488 | err=-0.175 | steer=-0.070 | speed=0.233 | amode=real_mmio | aspeed=0.233 | drive=['rear_right_fwd', 'rear_left_fwd'] | dduty=139639 | seff=-0.070 | steer_ch=steering_left | sduty=10510 | cur=None | adc=None
[2026-04-30 12:06:38,456] [INFO] [0040] actuator_regs={'rear_right_fwd': {'period': 600600, 'duty': 139639, 'valid': 1}, 'rear_left_fwd': {'period': 600600, 'duty': 139639, 'valid': 1}, 'steering_left': {'period': 600600, 'duty': 10510, 'valid': 1}}
[2026-04-30 12:06:38,466] [INFO] [0040] system: rss=239.5MB | mem_avail=1481.1MB | swap_free=512.0MB | load=0.43 0.37 0.18 | temp=hwmon0_temp1_input=49.0C, hwmon1_temp1_input=49.0C, hwmon2_temp1_input=46.2C, hwmon2_temp2_input=47.1C, pl_temp=48.1C, ps_temp=44.9C, remote_temp=47.3C
[2026-04-30 12:06:39,460] [INFO] [0050] cap=12.1ms | pre=11.5ms | inf=18.8ms | post=6.4ms | ctrl=0.1ms | act=1.5ms | total=50.5ms | valid=True | invalid=0 | pixels=28058 | err=-0.191 | steer=-0.076 | speed=0.231 | amode=real_mmio | aspeed=0.231 | drive=['rear_right_fwd', 'rear_left_fwd'] | dduty=138701 | seff=-0.076 | steer_ch=steering_left | sduty=11448 | cur=None | adc=None
[2026-04-30 12:06:39,461] [INFO] [0050] actuator_regs={'rear_right_fwd': {'period': 600600, 'duty': 138701, 'valid': 1}, 'rear_left_fwd': {'period': 600600, 'duty': 138701, 'valid': 1}, 'steering_left': {'period': 600600, 'duty': 11448, 'valid': 1}}
[2026-04-30 12:06:39,471] [INFO] [0050] system: rss=239.5MB | mem_avail=1477.1MB | swap_free=512.0MB | load=0.48 0.39 0.18 | temp=hwmon0_temp1_input=49.0C, hwmon1_temp1_input=49.0C, hwmon2_temp1_input=46.9C, hwmon2_temp2_input=47.6C, pl_temp=47.5C, ps_temp=46.8C, remote_temp=47.0C
[2026-04-30 12:06:40,457] [INFO] [0060] cap=12.1ms | pre=11.4ms | inf=15.0ms | post=6.5ms | ctrl=0.1ms | act=1.4ms | total=46.6ms | valid=True | invalid=0 | pixels=30519 | err=-0.178 | steer=-0.071 | speed=0.232 | amode=real_mmio | aspeed=0.232 | drive=['rear_right_fwd', 'rear_left_fwd'] | dduty=139451 | seff=-0.071 | steer_ch=steering_left | sduty=10698 | cur=None | adc=None
[2026-04-30 12:06:40,458] [INFO] [0060] actuator_regs={'rear_right_fwd': {'period': 600600, 'duty': 139451, 'valid': 1}, 'rear_left_fwd': {'period': 600600, 'duty': 139451, 'valid': 1}, 'steering_left': {'period': 600600, 'duty': 10698, 'valid': 1}}
[2026-04-30 12:06:40,467] [INFO] [0060] system: rss=239.5MB | mem_avail=1476.8MB | swap_free=512.0MB | load=0.48 0.39 0.18 | temp=hwmon0_temp1_input=49.0C, hwmon1_temp1_input=49.0C, hwmon2_temp1_input=46.9C, hwmon2_temp2_input=47.3C, pl_temp=48.0C, ps_temp=46.5C, remote_temp=47.0C
[2026-04-30 12:06:41,460] [INFO] [0070] cap=12.0ms | pre=11.6ms | inf=17.3ms | post=6.4ms | ctrl=0.1ms | act=1.5ms | total=48.9ms | valid=True | invalid=0 | pixels=27393 | err=-0.178 | steer=-0.071 | speed=0.232 | amode=real_mmio | aspeed=0.232 | drive=['rear_right_fwd', 'rear_left_fwd'] | dduty=139451 | seff=-0.071 | steer_ch=steering_left | sduty=10698 | cur=None | adc=None
[2026-04-30 12:06:41,461] [INFO] [0070] actuator_regs={'rear_right_fwd': {'period': 600600, 'duty': 139451, 'valid': 1}, 'rear_left_fwd': {'period': 600600, 'duty': 139451, 'valid': 1}, 'steering_left': {'period': 600600, 'duty': 10698, 'valid': 1}}
[2026-04-30 12:06:41,471] [INFO] [0070] system: rss=239.5MB | mem_avail=1476.6MB | swap_free=512.0MB | load=0.48 0.39 0.18 | temp=hwmon0_temp1_input=50.0C, hwmon1_temp1_input=49.0C, hwmon2_temp1_input=47.4C, hwmon2_temp2_input=46.0C, pl_temp=48.1C, ps_temp=48.2C, remote_temp=48.1C
[2026-04-30 12:06:42,458] [INFO] [0080] cap=12.1ms | pre=11.3ms | inf=15.0ms | post=6.4ms | ctrl=0.1ms | act=1.4ms | total=46.5ms | valid=True | invalid=0 | pixels=30543 | err=-0.191 | steer=-0.076 | speed=0.231 | amode=real_mmio | aspeed=0.231 | drive=['rear_right_fwd', 'rear_left_fwd'] | dduty=138701 | seff=-0.076 | steer_ch=steering_left | sduty=11448 | cur=None | adc=None
[2026-04-30 12:06:42,459] [INFO] [0080] actuator_regs={'rear_right_fwd': {'period': 600600, 'duty': 138701, 'valid': 1}, 'rear_left_fwd': {'period': 600600, 'duty': 138701, 'valid': 1}, 'steering_left': {'period': 600600, 'duty': 11448, 'valid': 1}}
[2026-04-30 12:06:42,469] [INFO] [0080] system: rss=239.5MB | mem_avail=1476.6MB | swap_free=512.0MB | load=0.48 0.39 0.18 | temp=hwmon0_temp1_input=49.0C, hwmon1_temp1_input=49.0C, hwmon2_temp1_input=47.6C, hwmon2_temp2_input=47.6C, pl_temp=47.8C, ps_temp=45.6C, remote_temp=48.4C
[2026-04-30 12:06:43,475] [INFO] [0090] cap=12.2ms | pre=11.7ms | inf=15.1ms | post=6.5ms | ctrl=0.1ms | act=1.4ms | total=47.3ms | valid=True | invalid=0 | pixels=28757 | err=-0.191 | steer=-0.076 | speed=0.231 | amode=real_mmio | aspeed=0.231 | drive=['rear_right_fwd', 'rear_left_fwd'] | dduty=138701 | seff=-0.076 | steer_ch=steering_left | sduty=11448 | cur=None | adc=None
[2026-04-30 12:06:43,476] [INFO] [0090] actuator_regs={'rear_right_fwd': {'period': 600600, 'duty': 138701, 'valid': 1}, 'rear_left_fwd': {'period': 600600, 'duty': 138701, 'valid': 1}, 'steering_left': {'period': 600600, 'duty': 11448, 'valid': 1}}
[2026-04-30 12:06:43,486] [INFO] [0090] system: rss=239.5MB | mem_avail=1476.3MB | swap_free=512.0MB | load=0.48 0.39 0.18 | temp=hwmon0_temp1_input=49.0C, hwmon1_temp1_input=49.0C, hwmon2_temp1_input=46.0C, hwmon2_temp2_input=47.6C, pl_temp=48.1C, ps_temp=45.6C, remote_temp=47.5C
[2026-04-30 12:06:44,480] [INFO] [0100] cap=12.2ms | pre=11.7ms | inf=16.5ms | post=6.5ms | ctrl=0.1ms | act=1.5ms | total=48.5ms | valid=True | invalid=0 | pixels=29302 | err=-0.191 | steer=-0.076 | speed=0.231 | amode=real_mmio | aspeed=0.231 | drive=['rear_right_fwd', 'rear_left_fwd'] | dduty=138701 | seff=-0.076 | steer_ch=steering_left | sduty=11448 | cur=None | adc=None
[2026-04-30 12:06:44,481] [INFO] [0100] actuator_regs={'rear_right_fwd': {'period': 600600, 'duty': 138701, 'valid': 1}, 'rear_left_fwd': {'period': 600600, 'duty': 138701, 'valid': 1}, 'steering_left': {'period': 600600, 'duty': 11448, 'valid': 1}}
[2026-04-30 12:06:44,491] [INFO] [0100] system: rss=239.5MB | mem_avail=1476.1MB | swap_free=512.0MB | load=0.44 0.38 0.18 | temp=hwmon0_temp1_input=49.0C, hwmon1_temp1_input=49.0C, hwmon2_temp1_input=48.6C, hwmon2_temp2_input=47.1C, pl_temp=47.7C, ps_temp=47.5C, remote_temp=47.8C
[2026-04-30 12:06:45,546] [INFO] [0110] cap=12.2ms | pre=11.5ms | inf=79.1ms | post=7.2ms | ctrl=0.1ms | act=1.4ms | total=111.5ms | valid=True | invalid=0 | pixels=29172 | err=-0.206 | steer=-0.083 | speed=0.229 | amode=real_mmio | aspeed=0.229 | drive=['rear_right_fwd', 'rear_left_fwd'] | dduty=137762 | seff=-0.083 | steer_ch=steering_left | sduty=12387 | cur=None | adc=None
[2026-04-30 12:06:45,547] [INFO] [0110] actuator_regs={'rear_right_fwd': {'period': 600600, 'duty': 137762, 'valid': 1}, 'rear_left_fwd': {'period': 600600, 'duty': 137762, 'valid': 1}, 'steering_left': {'period': 600600, 'duty': 12387, 'valid': 1}}
[2026-04-30 12:06:45,556] [INFO] [0110] system: rss=239.5MB | mem_avail=1476.1MB | swap_free=512.0MB | load=0.44 0.38 0.18 | temp=hwmon0_temp1_input=49.0C, hwmon1_temp1_input=49.0C, hwmon2_temp1_input=47.5C, hwmon2_temp2_input=47.7C, pl_temp=47.8C, ps_temp=47.3C, remote_temp=48.4C
[2026-04-30 12:06:46,586] [INFO] [0120] cap=12.1ms | pre=11.5ms | inf=67.7ms | post=7.1ms | ctrl=0.1ms | act=1.4ms | total=99.9ms | valid=True | invalid=0 | pixels=30190 | err=-0.191 | steer=-0.076 | speed=0.231 | amode=real_mmio | aspeed=0.231 | drive=['rear_right_fwd', 'rear_left_fwd'] | dduty=138701 | seff=-0.076 | steer_ch=steering_left | sduty=11448 | cur=None | adc=None
[2026-04-30 12:06:46,590] [INFO] [0120] actuator_regs={'rear_right_fwd': {'period': 600600, 'duty': 138701, 'valid': 1}, 'rear_left_fwd': {'period': 600600, 'duty': 138701, 'valid': 1}, 'steering_left': {'period': 600600, 'duty': 11448, 'valid': 1}}
[2026-04-30 12:06:46,600] [INFO] [0120] system: rss=239.5MB | mem_avail=1475.6MB | swap_free=512.0MB | load=0.44 0.38 0.18 | temp=hwmon0_temp1_input=50.0C, hwmon1_temp1_input=49.0C, hwmon2_temp1_input=46.2C, hwmon2_temp2_input=46.3C, pl_temp=47.9C, ps_temp=46.5C, remote_temp=47.8C
[2026-04-30 12:06:47,591] [INFO] [0130] cap=27.2ms | pre=11.5ms | inf=15.1ms | post=6.6ms | ctrl=0.1ms | act=1.4ms | total=62.0ms | valid=True | invalid=0 | pixels=29483 | err=-0.191 | steer=-0.076 | speed=0.231 | amode=real_mmio | aspeed=0.231 | drive=['rear_right_fwd', 'rear_left_fwd'] | dduty=138701 | seff=-0.076 | steer_ch=steering_left | sduty=11448 | cur=None | adc=None
[2026-04-30 12:06:47,592] [INFO] [0130] actuator_regs={'rear_right_fwd': {'period': 600600, 'duty': 138701, 'valid': 1}, 'rear_left_fwd': {'period': 600600, 'duty': 138701, 'valid': 1}, 'steering_left': {'period': 600600, 'duty': 11448, 'valid': 1}}
[2026-04-30 12:06:47,602] [INFO] [0130] system: rss=239.5MB | mem_avail=1475.4MB | swap_free=512.0MB | load=0.44 0.38 0.18 | temp=hwmon0_temp1_input=49.0C, hwmon1_temp1_input=49.0C, hwmon2_temp1_input=48.4C, hwmon2_temp2_input=47.5C, pl_temp=47.6C, ps_temp=47.9C, remote_temp=46.7C
[2026-04-30 12:06:48,611] [INFO] [0140] cap=12.1ms | pre=11.5ms | inf=48.4ms | post=7.2ms | ctrl=0.1ms | act=1.4ms | total=80.9ms | valid=True | invalid=0 | pixels=29007 | err=-0.191 | steer=-0.076 | speed=0.231 | amode=real_mmio | aspeed=0.231 | drive=['rear_right_fwd', 'rear_left_fwd'] | dduty=138701 | seff=-0.076 | steer_ch=steering_left | sduty=11448 | cur=None | adc=None
[2026-04-30 12:06:48,612] [INFO] [0140] actuator_regs={'rear_right_fwd': {'period': 600600, 'duty': 138701, 'valid': 1}, 'rear_left_fwd': {'period': 600600, 'duty': 138701, 'valid': 1}, 'steering_left': {'period': 600600, 'duty': 11448, 'valid': 1}}
[2026-04-30 12:06:48,622] [INFO] [0140] system: rss=239.5MB | mem_avail=1475.4MB | swap_free=512.0MB | load=0.44 0.38 0.18 | temp=hwmon0_temp1_input=49.0C, hwmon1_temp1_input=49.0C, hwmon2_temp1_input=46.7C, hwmon2_temp2_input=47.0C, pl_temp=47.9C, ps_temp=47.7C, remote_temp=48.3C
[2026-04-30 12:06:49,598] [INFO] [0150] cap=12.1ms | pre=11.4ms | inf=15.0ms | post=6.5ms | ctrl=0.1ms | act=1.4ms | total=46.5ms | valid=True | invalid=0 | pixels=30188 | err=-0.191 | steer=-0.076 | speed=0.231 | amode=real_mmio | aspeed=0.231 | drive=['rear_right_fwd', 'rear_left_fwd'] | dduty=138701 | seff=-0.076 | steer_ch=steering_left | sduty=11448 | cur=None | adc=None
[2026-04-30 12:06:49,598] [INFO] [0150] actuator_regs={'rear_right_fwd': {'period': 600600, 'duty': 138701, 'valid': 1}, 'rear_left_fwd': {'period': 600600, 'duty': 138701, 'valid': 1}, 'steering_left': {'period': 600600, 'duty': 11448, 'valid': 1}}
[2026-04-30 12:06:49,608] [INFO] [0150] system: rss=239.5MB | mem_avail=1475.1MB | swap_free=512.0MB | load=0.40 0.37 0.18 | temp=hwmon0_temp1_input=50.0C, hwmon1_temp1_input=49.0C, hwmon2_temp1_input=46.5C, hwmon2_temp2_input=47.8C, pl_temp=48.3C, ps_temp=48.3C, remote_temp=47.2C
[2026-04-30 12:06:50,600] [INFO] [0160] cap=12.0ms | pre=11.4ms | inf=15.4ms | post=6.5ms | ctrl=0.1ms | act=1.5ms | total=47.1ms | valid=True | invalid=0 | pixels=30280 | err=-0.184 | steer=-0.074 | speed=0.232 | amode=real_mmio | aspeed=0.232 | drive=['rear_right_fwd', 'rear_left_fwd'] | dduty=139076 | seff=-0.074 | steer_ch=steering_left | sduty=11073 | cur=None | adc=None
[2026-04-30 12:06:50,601] [INFO] [0160] actuator_regs={'rear_right_fwd': {'period': 600600, 'duty': 139076, 'valid': 1}, 'rear_left_fwd': {'period': 600600, 'duty': 139076, 'valid': 1}, 'steering_left': {'period': 600600, 'duty': 11073, 'valid': 1}}
[2026-04-30 12:06:50,611] [INFO] [0160] system: rss=239.5MB | mem_avail=1475.1MB | swap_free=512.0MB | load=0.40 0.37 0.18 | temp=hwmon0_temp1_input=50.0C, hwmon1_temp1_input=49.0C, hwmon2_temp1_input=46.8C, hwmon2_temp2_input=48.3C, pl_temp=48.0C, ps_temp=47.5C, remote_temp=48.2C
[2026-04-30 12:06:51,602] [INFO] [0170] cap=12.1ms | pre=11.3ms | inf=15.1ms | post=6.6ms | ctrl=0.1ms | act=1.4ms | total=46.8ms | valid=True | invalid=0 | pixels=27668 | err=-0.191 | steer=-0.076 | speed=0.231 | amode=real_mmio | aspeed=0.231 | drive=['rear_right_fwd', 'rear_left_fwd'] | dduty=138701 | seff=-0.076 | steer_ch=steering_left | sduty=11448 | cur=None | adc=None
[2026-04-30 12:06:51,603] [INFO] [0170] actuator_regs={'rear_right_fwd': {'period': 600600, 'duty': 138701, 'valid': 1}, 'rear_left_fwd': {'period': 600600, 'duty': 138701, 'valid': 1}, 'steering_left': {'period': 600600, 'duty': 11448, 'valid': 1}}
[2026-04-30 12:06:51,613] [INFO] [0170] system: rss=239.5MB | mem_avail=1474.9MB | swap_free=512.0MB | load=0.40 0.37 0.18 | temp=hwmon0_temp1_input=50.0C, hwmon1_temp1_input=49.0C, hwmon2_temp1_input=46.1C, hwmon2_temp2_input=48.0C, pl_temp=47.9C, ps_temp=46.1C, remote_temp=47.3C
[2026-04-30 12:06:52,605] [INFO] [0180] cap=12.1ms | pre=11.7ms | inf=15.2ms | post=6.7ms | ctrl=0.1ms | act=1.6ms | total=47.4ms | valid=True | invalid=0 | pixels=28605 | err=-0.178 | steer=-0.071 | speed=0.232 | amode=real_mmio | aspeed=0.232 | drive=['rear_right_fwd', 'rear_left_fwd'] | dduty=139451 | seff=-0.071 | steer_ch=steering_left | sduty=10698 | cur=None | adc=None
[2026-04-30 12:06:52,605] [INFO] [0180] actuator_regs={'rear_right_fwd': {'period': 600600, 'duty': 139451, 'valid': 1}, 'rear_left_fwd': {'period': 600600, 'duty': 139451, 'valid': 1}, 'steering_left': {'period': 600600, 'duty': 10698, 'valid': 1}}
[2026-04-30 12:06:52,615] [INFO] [0180] system: rss=239.5MB | mem_avail=1474.6MB | swap_free=512.0MB | load=0.40 0.37 0.18 | temp=hwmon0_temp1_input=50.0C, hwmon1_temp1_input=49.0C, hwmon2_temp1_input=47.7C, hwmon2_temp2_input=46.9C, pl_temp=47.9C, ps_temp=46.3C, remote_temp=48.2C
[2026-04-30 12:06:53,608] [INFO] [0190] cap=12.1ms | pre=11.7ms | inf=17.6ms | post=6.5ms | ctrl=0.1ms | act=1.4ms | total=49.5ms | valid=True | invalid=0 | pixels=30364 | err=-0.191 | steer=-0.076 | speed=0.231 | amode=real_mmio | aspeed=0.231 | drive=['rear_right_fwd', 'rear_left_fwd'] | dduty=138701 | seff=-0.076 | steer_ch=steering_left | sduty=11448 | cur=None | adc=None
[2026-04-30 12:06:53,609] [INFO] [0190] actuator_regs={'rear_right_fwd': {'period': 600600, 'duty': 138701, 'valid': 1}, 'rear_left_fwd': {'period': 600600, 'duty': 138701, 'valid': 1}, 'steering_left': {'period': 600600, 'duty': 11448, 'valid': 1}}
[2026-04-30 12:06:53,619] [INFO] [0190] system: rss=239.5MB | mem_avail=1474.6MB | swap_free=512.0MB | load=0.40 0.37 0.18 | temp=hwmon0_temp1_input=50.0C, hwmon1_temp1_input=49.0C, hwmon2_temp1_input=46.5C, hwmon2_temp2_input=47.9C, pl_temp=47.7C, ps_temp=47.3C, remote_temp=48.3C
[2026-04-30 12:06:55,083] [INFO] profiler summary:
[2026-04-30 12:06:55,084] [INFO]  - capture: avg=16.23ms, min=11.58ms, max=780.32ms
[2026-04-30 12:06:55,085] [INFO]  - preprocess: avg=11.79ms, min=11.23ms, max=59.40ms
[2026-04-30 12:06:55,085] [INFO]  - inference: avg=18.89ms, min=14.88ms, max=80.27ms
[2026-04-30 12:06:55,085] [INFO]  - postprocess: avg=6.94ms, min=6.36ms, max=84.25ms
[2026-04-30 12:06:55,086] [INFO]  - control: avg=0.06ms, min=0.05ms, max=0.12ms
[2026-04-30 12:06:55,086] [INFO]  - actuator: avg=1.48ms, min=1.36ms, max=2.44ms
[2026-04-30 12:06:55,086] [INFO]  - total: avg=55.54ms, min=46.28ms, max=942.45ms
[2026-04-30 12:07:26,779] [INFO] DPU overlay 로드: /home/xilinx/jupyter_notebooks/pynq-dpu/autonomous_driving_baseline/configs/dpu/dpu.bit
[2026-04-30 12:07:28,969] [INFO] DPU overlay 로드 완료
[2026-04-30 12:07:28,970] [INFO] 카메라 open
[2026-04-30 12:07:29,234] [INFO] xmodel load / runner create
[2026-04-30 12:07:30,031] [INFO] DPU input shape: (1, 256, 256, 3)
[2026-04-30 12:07:30,032] [INFO] DPU output shape: (1, 256, 256, 1)
[2026-04-30 12:07:30,033] [INFO] DPU warmup: 2회
[2026-04-30 12:07:30,070] [INFO] actuator mode: real_mmio
[2026-04-30 12:07:30,083] [INFO] 스트리밍 서버 시작
[2026-04-30 12:07:30,084] [INFO] 웹 대시보드: http://127.0.0.1:5000
[2026-04-30 12:07:30,085] [INFO] 웹 대시보드: http://pynq:5000
[2026-04-30 12:07:30,085] [INFO] 웹 대시보드: http://127.0.1.1:5000
[2026-04-30 12:07:30,086] [INFO] main loop 시작: max_frames=200, target_fps=10.0
[2026-04-30 12:07:30,524] [INFO] system start: rss=237.9MB | mem_avail=1479.3MB | swap_free=512.0MB | load=0.44 0.37 0.19 | temp=hwmon0_temp1_input=50.0C, hwmon1_temp1_input=49.0C, hwmon2_temp1_input=47.8C, hwmon2_temp2_input=48.6C, pl_temp=48.5C, ps_temp=46.7C, remote_temp=47.5C
[2026-04-30 12:07:30,945] [INFO] [0000] cap=333.7ms | pre=12.5ms | inf=17.6ms | post=25.6ms | ctrl=0.1ms | act=2.4ms | total=392.1ms | valid=True | invalid=0 | pixels=27507 | err=-0.206 | steer=-0.083 | speed=0.229 | amode=real_mmio | aspeed=0.229 | drive=['rear_right_fwd', 'rear_left_fwd'] | dduty=137762 | seff=-0.083 | steer_ch=steering_left | sduty=12387 | cur=None | adc=None
[2026-04-30 12:07:30,946] [INFO] [0000] actuator_regs={'rear_right_fwd': {'period': 600600, 'duty': 137762, 'valid': 1}, 'rear_left_fwd': {'period': 600600, 'duty': 137762, 'valid': 1}, 'steering_left': {'period': 600600, 'duty': 12387, 'valid': 1}}
[2026-04-30 12:07:30,956] [INFO] [0000] system: rss=246.9MB | mem_avail=1475.3MB | swap_free=512.0MB | load=0.44 0.37 0.19 | temp=hwmon0_temp1_input=50.0C, hwmon1_temp1_input=49.0C, hwmon2_temp1_input=47.5C, hwmon2_temp2_input=47.5C, pl_temp=48.1C, ps_temp=47.3C, remote_temp=48.1C
[2026-04-30 12:07:31,934] [INFO] [0010] cap=12.7ms | pre=12.5ms | inf=15.6ms | post=6.8ms | ctrl=0.1ms | act=1.4ms | total=49.1ms | valid=True | invalid=0 | pixels=27892 | err=-0.191 | steer=-0.076 | speed=0.231 | amode=real_mmio | aspeed=0.231 | drive=['rear_right_fwd', 'rear_left_fwd'] | dduty=138701 | seff=-0.076 | steer_ch=steering_left | sduty=11448 | cur=None | adc=None
[2026-04-30 12:07:31,935] [INFO] [0010] actuator_regs={'rear_right_fwd': {'period': 600600, 'duty': 138701, 'valid': 1}, 'rear_left_fwd': {'period': 600600, 'duty': 138701, 'valid': 1}, 'steering_left': {'period': 600600, 'duty': 11448, 'valid': 1}}
[2026-04-30 12:07:31,946] [INFO] [0010] system: rss=247.3MB | mem_avail=1474.8MB | swap_free=512.0MB | load=0.44 0.37 0.19 | temp=hwmon0_temp1_input=50.0C, hwmon1_temp1_input=49.0C, hwmon2_temp1_input=46.9C, hwmon2_temp2_input=46.4C, pl_temp=48.0C, ps_temp=47.7C, remote_temp=49.1C
[2026-04-30 12:07:32,937] [INFO] [0020] cap=12.8ms | pre=12.3ms | inf=18.0ms | post=6.7ms | ctrl=0.1ms | act=1.5ms | total=51.4ms | valid=True | invalid=0 | pixels=29910 | err=-0.191 | steer=-0.076 | speed=0.231 | amode=real_mmio | aspeed=0.231 | drive=['rear_right_fwd', 'rear_left_fwd'] | dduty=138701 | seff=-0.076 | steer_ch=steering_left | sduty=11448 | cur=None | adc=None
[2026-04-30 12:07:32,938] [INFO] [0020] actuator_regs={'rear_right_fwd': {'period': 600600, 'duty': 138701, 'valid': 1}, 'rear_left_fwd': {'period': 600600, 'duty': 138701, 'valid': 1}, 'steering_left': {'period': 600600, 'duty': 11448, 'valid': 1}}
[2026-04-30 12:07:32,949] [INFO] [0020] system: rss=247.3MB | mem_avail=1474.8MB | swap_free=512.0MB | load=0.44 0.37 0.19 | temp=hwmon0_temp1_input=50.0C, hwmon1_temp1_input=49.0C, hwmon2_temp1_input=45.9C, hwmon2_temp2_input=49.0C, pl_temp=48.1C, ps_temp=47.8C, remote_temp=48.3C
[2026-04-30 12:07:33,937] [INFO] [0030] cap=12.0ms | pre=11.7ms | inf=18.2ms | post=6.7ms | ctrl=0.1ms | act=1.5ms | total=50.4ms | valid=True | invalid=0 | pixels=29425 | err=-0.175 | steer=-0.070 | speed=0.233 | amode=real_mmio | aspeed=0.233 | drive=['rear_right_fwd', 'rear_left_fwd'] | dduty=139639 | seff=-0.070 | steer_ch=steering_left | sduty=10510 | cur=None | adc=None
[2026-04-30 12:07:33,938] [INFO] [0030] actuator_regs={'rear_right_fwd': {'period': 600600, 'duty': 139639, 'valid': 1}, 'rear_left_fwd': {'period': 600600, 'duty': 139639, 'valid': 1}, 'steering_left': {'period': 600600, 'duty': 10510, 'valid': 1}}
[2026-04-30 12:07:33,948] [INFO] [0030] system: rss=247.3MB | mem_avail=1474.5MB | swap_free=512.0MB | load=0.44 0.37 0.19 | temp=hwmon0_temp1_input=50.0C, hwmon1_temp1_input=49.0C, hwmon2_temp1_input=48.6C, hwmon2_temp2_input=48.0C, pl_temp=48.2C, ps_temp=47.0C, remote_temp=48.0C
[2026-04-30 12:07:34,935] [INFO] [0040] cap=12.1ms | pre=12.0ms | inf=15.3ms | post=6.5ms | ctrl=0.1ms | act=1.5ms | total=47.6ms | valid=True | invalid=0 | pixels=29770 | err=-0.191 | steer=-0.076 | speed=0.231 | amode=real_mmio | aspeed=0.231 | drive=['rear_right_fwd', 'rear_left_fwd'] | dduty=138701 | seff=-0.076 | steer_ch=steering_left | sduty=11448 | cur=None | adc=None
[2026-04-30 12:07:34,936] [INFO] [0040] actuator_regs={'rear_right_fwd': {'period': 600600, 'duty': 138701, 'valid': 1}, 'rear_left_fwd': {'period': 600600, 'duty': 138701, 'valid': 1}, 'steering_left': {'period': 600600, 'duty': 11448, 'valid': 1}}
[2026-04-30 12:07:34,946] [INFO] [0040] system: rss=247.3MB | mem_avail=1474.5MB | swap_free=512.0MB | load=0.40 0.37 0.19 | temp=hwmon0_temp1_input=50.0C, hwmon1_temp1_input=49.0C, hwmon2_temp1_input=48.1C, hwmon2_temp2_input=47.0C, pl_temp=48.5C, ps_temp=47.7C, remote_temp=48.3C
[2026-04-30 12:07:35,937] [INFO] [0050] cap=12.1ms | pre=11.7ms | inf=15.9ms | post=6.5ms | ctrl=0.1ms | act=2.0ms | total=48.4ms | valid=True | invalid=0 | pixels=28668 | err=-0.184 | steer=-0.074 | speed=0.232 | amode=real_mmio | aspeed=0.232 | drive=['rear_right_fwd', 'rear_left_fwd'] | dduty=139076 | seff=-0.074 | steer_ch=steering_left | sduty=11073 | cur=None | adc=None
[2026-04-30 12:07:35,938] [INFO] [0050] actuator_regs={'rear_right_fwd': {'period': 600600, 'duty': 139076, 'valid': 1}, 'rear_left_fwd': {'period': 600600, 'duty': 139076, 'valid': 1}, 'steering_left': {'period': 600600, 'duty': 11073, 'valid': 1}}
[2026-04-30 12:07:35,948] [INFO] [0050] system: rss=247.3MB | mem_avail=1474.5MB | swap_free=512.0MB | load=0.40 0.37 0.19 | temp=hwmon0_temp1_input=50.0C, hwmon1_temp1_input=49.0C, hwmon2_temp1_input=46.8C, hwmon2_temp2_input=48.2C, pl_temp=48.6C, ps_temp=46.6C, remote_temp=48.8C
[2026-04-30 12:07:36,938] [INFO] [0060] cap=12.1ms | pre=11.6ms | inf=15.1ms | post=6.7ms | ctrl=0.1ms | act=1.5ms | total=47.3ms | valid=True | invalid=0 | pixels=28527 | err=-0.191 | steer=-0.076 | speed=0.231 | amode=real_mmio | aspeed=0.231 | drive=['rear_right_fwd', 'rear_left_fwd'] | dduty=138701 | seff=-0.076 | steer_ch=steering_left | sduty=11448 | cur=None | adc=None
[2026-04-30 12:07:36,939] [INFO] [0060] actuator_regs={'rear_right_fwd': {'period': 600600, 'duty': 138701, 'valid': 1}, 'rear_left_fwd': {'period': 600600, 'duty': 138701, 'valid': 1}, 'steering_left': {'period': 600600, 'duty': 11448, 'valid': 1}}
[2026-04-30 12:07:36,949] [INFO] [0060] system: rss=247.3MB | mem_avail=1474.0MB | swap_free=512.0MB | load=0.40 0.37 0.19 | temp=hwmon0_temp1_input=50.0C, hwmon1_temp1_input=49.0C, hwmon2_temp1_input=48.1C, hwmon2_temp2_input=47.5C, pl_temp=48.3C, ps_temp=46.4C, remote_temp=47.8C
[2026-04-30 12:07:37,940] [INFO] [0070] cap=12.0ms | pre=12.0ms | inf=17.5ms | post=6.5ms | ctrl=0.1ms | act=1.5ms | total=49.7ms | valid=True | invalid=0 | pixels=30919 | err=-0.181 | steer=-0.072 | speed=0.232 | amode=real_mmio | aspeed=0.232 | drive=['rear_right_fwd', 'rear_left_fwd'] | dduty=139264 | seff=-0.072 | steer_ch=steering_left | sduty=10885 | cur=None | adc=None
[2026-04-30 12:07:37,941] [INFO] [0070] actuator_regs={'rear_right_fwd': {'period': 600600, 'duty': 139264, 'valid': 1}, 'rear_left_fwd': {'period': 600600, 'duty': 139264, 'valid': 1}, 'steering_left': {'period': 600600, 'duty': 10885, 'valid': 1}}
[2026-04-30 12:07:37,951] [INFO] [0070] system: rss=247.3MB | mem_avail=1473.8MB | swap_free=512.0MB | load=0.40 0.37 0.19 | temp=hwmon0_temp1_input=50.0C, hwmon1_temp1_input=49.0C, hwmon2_temp1_input=46.5C, hwmon2_temp2_input=48.6C, pl_temp=48.0C, ps_temp=47.0C, remote_temp=48.1C
[2026-04-30 12:07:38,939] [INFO] [0080] cap=12.0ms | pre=11.6ms | inf=15.0ms | post=6.5ms | ctrl=0.1ms | act=1.4ms | total=46.8ms | valid=True | invalid=0 | pixels=28628 | err=-0.175 | steer=-0.070 | speed=0.233 | amode=real_mmio | aspeed=0.233 | drive=['rear_right_fwd', 'rear_left_fwd'] | dduty=139639 | seff=-0.070 | steer_ch=steering_left | sduty=10510 | cur=None | adc=None
[2026-04-30 12:07:38,939] [INFO] [0080] actuator_regs={'rear_right_fwd': {'period': 600600, 'duty': 139639, 'valid': 1}, 'rear_left_fwd': {'period': 600600, 'duty': 139639, 'valid': 1}, 'steering_left': {'period': 600600, 'duty': 10510, 'valid': 1}}
[2026-04-30 12:07:38,949] [INFO] [0080] system: rss=247.3MB | mem_avail=1469.6MB | swap_free=512.0MB | load=0.40 0.37 0.19 | temp=hwmon0_temp1_input=50.0C, hwmon1_temp1_input=49.0C, hwmon2_temp1_input=46.4C, hwmon2_temp2_input=47.7C, pl_temp=48.0C, ps_temp=46.6C, remote_temp=48.0C
[2026-04-30 12:07:39,940] [INFO] [0090] cap=11.9ms | pre=11.9ms | inf=15.4ms | post=6.4ms | ctrl=0.1ms | act=1.5ms | total=47.3ms | valid=True | invalid=0 | pixels=22823 | err=-0.206 | steer=-0.083 | speed=0.229 | amode=real_mmio | aspeed=0.229 | drive=['rear_right_fwd', 'rear_left_fwd'] | dduty=137762 | seff=-0.083 | steer_ch=steering_left | sduty=12387 | cur=None | adc=None
[2026-04-30 12:07:39,941] [INFO] [0090] actuator_regs={'rear_right_fwd': {'period': 600600, 'duty': 137762, 'valid': 1}, 'rear_left_fwd': {'period': 600600, 'duty': 137762, 'valid': 1}, 'steering_left': {'period': 600600, 'duty': 12387, 'valid': 1}}
[2026-04-30 12:07:39,951] [INFO] [0090] system: rss=247.3MB | mem_avail=1469.3MB | swap_free=512.0MB | load=0.37 0.36 0.19 | temp=hwmon0_temp1_input=50.0C, hwmon1_temp1_input=49.0C, hwmon2_temp1_input=48.5C, hwmon2_temp2_input=48.8C, pl_temp=48.7C, ps_temp=47.8C, remote_temp=48.5C
[2026-04-30 12:07:40,940] [INFO] [0100] cap=11.7ms | pre=11.6ms | inf=15.0ms | post=6.3ms | ctrl=0.1ms | act=1.5ms | total=46.4ms | valid=True | invalid=0 | pixels=13435 | err=-0.312 | steer=-0.125 | speed=0.219 | amode=real_mmio | aspeed=0.219 | drive=['rear_right_fwd', 'rear_left_fwd'] | dduty=131381 | seff=-0.125 | steer_ch=steering_left | sduty=18768 | cur=None | adc=None
[2026-04-30 12:07:40,941] [INFO] [0100] actuator_regs={'rear_right_fwd': {'period': 600600, 'duty': 131381, 'valid': 1}, 'rear_left_fwd': {'period': 600600, 'duty': 131381, 'valid': 1}, 'steering_left': {'period': 600600, 'duty': 18768, 'valid': 1}}
[2026-04-30 12:07:40,951] [INFO] [0100] system: rss=247.3MB | mem_avail=1469.3MB | swap_free=512.0MB | load=0.37 0.36 0.19 | temp=hwmon0_temp1_input=50.0C, hwmon1_temp1_input=49.0C, hwmon2_temp1_input=47.9C, hwmon2_temp2_input=47.9C, pl_temp=48.2C, ps_temp=48.0C, remote_temp=48.2C
[2026-04-30 12:07:41,944] [INFO] [0110] cap=11.9ms | pre=11.5ms | inf=17.5ms | post=6.5ms | ctrl=0.1ms | act=1.5ms | total=49.2ms | valid=True | invalid=0 | pixels=36218 | err=-0.175 | steer=-0.070 | speed=0.233 | amode=real_mmio | aspeed=0.233 | drive=['rear_right_fwd', 'rear_left_fwd'] | dduty=139639 | seff=-0.070 | steer_ch=steering_left | sduty=10510 | cur=None | adc=None
[2026-04-30 12:07:41,945] [INFO] [0110] actuator_regs={'rear_right_fwd': {'period': 600600, 'duty': 139639, 'valid': 1}, 'rear_left_fwd': {'period': 600600, 'duty': 139639, 'valid': 1}, 'steering_left': {'period': 600600, 'duty': 10510, 'valid': 1}}
[2026-04-30 12:07:41,955] [INFO] [0110] system: rss=247.3MB | mem_avail=1469.1MB | swap_free=512.0MB | load=0.37 0.36 0.19 | temp=hwmon0_temp1_input=50.0C, hwmon1_temp1_input=49.0C, hwmon2_temp1_input=48.1C, hwmon2_temp2_input=48.5C, pl_temp=48.6C, ps_temp=47.6C, remote_temp=47.7C
[2026-04-30 12:07:42,947] [INFO] [0120] cap=11.9ms | pre=12.0ms | inf=18.7ms | post=6.5ms | ctrl=0.1ms | act=1.4ms | total=50.8ms | valid=True | invalid=0 | pixels=39521 | err=-0.191 | steer=-0.076 | speed=0.231 | amode=real_mmio | aspeed=0.231 | drive=['rear_right_fwd', 'rear_left_fwd'] | dduty=138701 | seff=-0.076 | steer_ch=steering_left | sduty=11448 | cur=None | adc=None
[2026-04-30 12:07:42,948] [INFO] [0120] actuator_regs={'rear_right_fwd': {'period': 600600, 'duty': 138701, 'valid': 1}, 'rear_left_fwd': {'period': 600600, 'duty': 138701, 'valid': 1}, 'steering_left': {'period': 600600, 'duty': 11448, 'valid': 1}}
[2026-04-30 12:07:42,958] [INFO] [0120] system: rss=247.3MB | mem_avail=1469.1MB | swap_free=512.0MB | load=0.37 0.36 0.19 | temp=hwmon0_temp1_input=50.0C, hwmon1_temp1_input=49.0C, hwmon2_temp1_input=48.1C, hwmon2_temp2_input=48.0C, pl_temp=48.0C, ps_temp=47.3C, remote_temp=47.4C
[2026-04-30 12:07:43,945] [INFO] [0130] cap=12.0ms | pre=11.6ms | inf=15.4ms | post=6.5ms | ctrl=0.1ms | act=1.5ms | total=47.2ms | valid=True | invalid=0 | pixels=37458 | err=-0.206 | steer=-0.083 | speed=0.229 | amode=real_mmio | aspeed=0.229 | drive=['rear_right_fwd', 'rear_left_fwd'] | dduty=137762 | seff=-0.083 | steer_ch=steering_left | sduty=12387 | cur=None | adc=None
[2026-04-30 12:07:43,946] [INFO] [0130] actuator_regs={'rear_right_fwd': {'period': 600600, 'duty': 137762, 'valid': 1}, 'rear_left_fwd': {'period': 600600, 'duty': 137762, 'valid': 1}, 'steering_left': {'period': 600600, 'duty': 12387, 'valid': 1}}
[2026-04-30 12:07:43,955] [INFO] [0130] system: rss=247.3MB | mem_avail=1468.8MB | swap_free=512.0MB | load=0.37 0.36 0.19 | temp=hwmon0_temp1_input=50.0C, hwmon1_temp1_input=49.0C, hwmon2_temp1_input=47.7C, hwmon2_temp2_input=47.6C, pl_temp=48.3C, ps_temp=48.4C, remote_temp=47.7C
[2026-04-30 12:07:44,946] [INFO] [0140] cap=12.1ms | pre=11.6ms | inf=15.0ms | post=6.5ms | ctrl=0.1ms | act=1.4ms | total=46.9ms | valid=True | invalid=0 | pixels=33180 | err=-0.206 | steer=-0.083 | speed=0.229 | amode=real_mmio | aspeed=0.229 | drive=['rear_right_fwd', 'rear_left_fwd'] | dduty=137762 | seff=-0.083 | steer_ch=steering_left | sduty=12387 | cur=None | adc=None
[2026-04-30 12:07:44,947] [INFO] [0140] actuator_regs={'rear_right_fwd': {'period': 600600, 'duty': 137762, 'valid': 1}, 'rear_left_fwd': {'period': 600600, 'duty': 137762, 'valid': 1}, 'steering_left': {'period': 600600, 'duty': 12387, 'valid': 1}}
[2026-04-30 12:07:44,957] [INFO] [0140] system: rss=247.3MB | mem_avail=1468.6MB | swap_free=512.0MB | load=0.34 0.35 0.18 | temp=hwmon0_temp1_input=50.0C, hwmon1_temp1_input=49.0C, hwmon2_temp1_input=47.2C, hwmon2_temp2_input=48.7C, pl_temp=48.1C, ps_temp=48.3C, remote_temp=48.3C
[2026-04-30 12:07:45,949] [INFO] [0150] cap=12.0ms | pre=11.8ms | inf=16.8ms | post=6.5ms | ctrl=0.1ms | act=1.5ms | total=48.7ms | valid=True | invalid=0 | pixels=34755 | err=-0.206 | steer=-0.083 | speed=0.229 | amode=real_mmio | aspeed=0.229 | drive=['rear_right_fwd', 'rear_left_fwd'] | dduty=137762 | seff=-0.083 | steer_ch=steering_left | sduty=12387 | cur=None | adc=None
[2026-04-30 12:07:45,949] [INFO] [0150] actuator_regs={'rear_right_fwd': {'period': 600600, 'duty': 137762, 'valid': 1}, 'rear_left_fwd': {'period': 600600, 'duty': 137762, 'valid': 1}, 'steering_left': {'period': 600600, 'duty': 12387, 'valid': 1}}
[2026-04-30 12:07:45,960] [INFO] [0150] system: rss=247.3MB | mem_avail=1468.3MB | swap_free=512.0MB | load=0.34 0.35 0.18 | temp=hwmon0_temp1_input=50.0C, hwmon1_temp1_input=49.0C, hwmon2_temp1_input=47.5C, hwmon2_temp2_input=48.4C, pl_temp=48.3C, ps_temp=47.6C, remote_temp=48.0C
[2026-04-30 12:07:46,955] [INFO] [0160] cap=12.0ms | pre=11.5ms | inf=22.8ms | post=6.6ms | ctrl=0.1ms | act=1.4ms | total=54.6ms | valid=True | invalid=0 | pixels=32953 | err=-0.191 | steer=-0.076 | speed=0.231 | amode=real_mmio | aspeed=0.231 | drive=['rear_right_fwd', 'rear_left_fwd'] | dduty=138701 | seff=-0.076 | steer_ch=steering_left | sduty=11448 | cur=None | adc=None
[2026-04-30 12:07:46,957] [INFO] [0160] actuator_regs={'rear_right_fwd': {'period': 600600, 'duty': 138701, 'valid': 1}, 'rear_left_fwd': {'period': 600600, 'duty': 138701, 'valid': 1}, 'steering_left': {'period': 600600, 'duty': 11448, 'valid': 1}}
[2026-04-30 12:07:46,968] [INFO] [0160] system: rss=247.3MB | mem_avail=1468.1MB | swap_free=512.0MB | load=0.34 0.35 0.18 | temp=hwmon0_temp1_input=50.0C, hwmon1_temp1_input=49.0C, hwmon2_temp1_input=48.4C, hwmon2_temp2_input=47.7C, pl_temp=48.2C, ps_temp=47.0C, remote_temp=47.5C
[2026-04-30 12:07:47,953] [INFO] [0170] cap=12.0ms | pre=11.5ms | inf=17.7ms | post=8.9ms | ctrl=0.1ms | act=1.4ms | total=51.8ms | valid=True | invalid=0 | pixels=32078 | err=-0.191 | steer=-0.076 | speed=0.231 | amode=real_mmio | aspeed=0.231 | drive=['rear_right_fwd', 'rear_left_fwd'] | dduty=138701 | seff=-0.076 | steer_ch=steering_left | sduty=11448 | cur=None | adc=None
[2026-04-30 12:07:47,954] [INFO] [0170] actuator_regs={'rear_right_fwd': {'period': 600600, 'duty': 138701, 'valid': 1}, 'rear_left_fwd': {'period': 600600, 'duty': 138701, 'valid': 1}, 'steering_left': {'period': 600600, 'duty': 11448, 'valid': 1}}
[2026-04-30 12:07:47,964] [INFO] [0170] system: rss=247.3MB | mem_avail=1468.1MB | swap_free=512.0MB | load=0.34 0.35 0.18 | temp=hwmon0_temp1_input=50.0C, hwmon1_temp1_input=49.0C, hwmon2_temp1_input=48.0C, hwmon2_temp2_input=47.7C, pl_temp=48.2C, ps_temp=46.9C, remote_temp=46.7C
[2026-04-30 12:07:48,950] [INFO] [0180] cap=12.1ms | pre=11.6ms | inf=15.0ms | post=6.7ms | ctrl=0.1ms | act=1.6ms | total=47.2ms | valid=True | invalid=0 | pixels=32393 | err=-0.184 | steer=-0.074 | speed=0.232 | amode=real_mmio | aspeed=0.232 | drive=['rear_right_fwd', 'rear_left_fwd'] | dduty=139076 | seff=-0.074 | steer_ch=steering_left | sduty=11073 | cur=None | adc=None
[2026-04-30 12:07:48,953] [INFO] [0180] actuator_regs={'rear_right_fwd': {'period': 600600, 'duty': 139076, 'valid': 1}, 'rear_left_fwd': {'period': 600600, 'duty': 139076, 'valid': 1}, 'steering_left': {'period': 600600, 'duty': 11073, 'valid': 1}}
[2026-04-30 12:07:48,963] [INFO] [0180] system: rss=247.3MB | mem_avail=1468.1MB | swap_free=512.0MB | load=0.34 0.35 0.18 | temp=hwmon0_temp1_input=50.0C, hwmon1_temp1_input=49.0C, hwmon2_temp1_input=46.4C, hwmon2_temp2_input=48.0C, pl_temp=48.4C, ps_temp=47.5C, remote_temp=48.4C
[2026-04-30 12:07:49,951] [INFO] [0190] cap=11.7ms | pre=11.9ms | inf=15.0ms | post=6.7ms | ctrl=0.1ms | act=1.4ms | total=46.9ms | valid=True | invalid=0 | pixels=35346 | err=-0.122 | steer=-0.049 | speed=0.238 | amode=real_mmio | aspeed=0.238 | drive=['rear_right_fwd', 'rear_left_fwd'] | dduty=142830 | seff=+0.000 | steer_ch=None | sduty=0 | cur=None | adc=None
[2026-04-30 12:07:49,953] [INFO] [0190] actuator_regs={'rear_right_fwd': {'period': 600600, 'duty': 142830, 'valid': 1}, 'rear_left_fwd': {'period': 600600, 'duty': 142830, 'valid': 1}}
[2026-04-30 12:07:49,963] [INFO] [0190] system: rss=247.3MB | mem_avail=1468.1MB | swap_free=512.0MB | load=0.31 0.35 0.18 | temp=hwmon0_temp1_input=50.0C, hwmon1_temp1_input=49.0C, hwmon2_temp1_input=47.9C, hwmon2_temp2_input=47.6C, pl_temp=48.3C, ps_temp=46.3C, remote_temp=48.3C
[2026-04-30 12:07:51,113] [INFO] profiler summary:
[2026-04-30 12:07:51,115] [INFO]  - capture: avg=14.11ms, min=11.72ms, max=333.71ms
[2026-04-30 12:07:51,115] [INFO]  - preprocess: avg=11.81ms, min=11.50ms, max=12.90ms
[2026-04-30 12:07:51,115] [INFO]  - inference: avg=17.76ms, min=14.93ms, max=66.23ms
[2026-04-30 12:07:51,116] [INFO]  - postprocess: avg=7.06ms, min=3.90ms, max=25.63ms
[2026-04-30 12:07:51,116] [INFO]  - control: avg=0.06ms, min=0.02ms, max=0.10ms
[2026-04-30 12:07:51,116] [INFO]  - actuator: avg=1.51ms, min=0.34ms, max=2.90ms
[2026-04-30 12:07:51,117] [INFO]  - total: avg=52.47ms, min=45.85ms, max=392.09ms
[2026-04-30 12:13:36,232] [INFO] DPU overlay 로드: /home/xilinx/jupyter_notebooks/pynq-dpu/autonomous_driving_baseline/configs/dpu/dpu.bit
[2026-04-30 12:13:38,512] [INFO] DPU overlay 로드 완료
[2026-04-30 12:13:38,513] [INFO] 카메라 open
[2026-04-30 12:13:38,778] [INFO] xmodel load / runner create
[2026-04-30 12:13:39,692] [INFO] DPU input shape: (1, 256, 256, 3)
[2026-04-30 12:13:39,692] [INFO] DPU output shape: (1, 256, 256, 1)
[2026-04-30 12:13:39,693] [INFO] DPU warmup: 2회
[2026-04-30 12:13:39,729] [INFO] actuator mode: real_mmio
[2026-04-30 12:13:39,741] [INFO] 스트리밍 서버 시작
[2026-04-30 12:13:39,743] [INFO] 웹 대시보드: http://127.0.0.1:5000
[2026-04-30 12:13:39,743] [INFO] 웹 대시보드: http://pynq:5000
[2026-04-30 12:13:39,743] [INFO] 웹 대시보드: http://127.0.1.1:5000
[2026-04-30 12:13:39,744] [INFO] main loop 시작: max_frames=200, target_fps=10.0
[2026-04-30 12:13:40,187] [INFO] system start: rss=237.9MB | mem_avail=1430.2MB | swap_free=512.0MB | load=0.99 0.39 0.23 | temp=hwmon0_temp1_input=51.0C, hwmon1_temp1_input=50.0C, hwmon2_temp1_input=47.6C, hwmon2_temp2_input=49.2C, pl_temp=49.2C, ps_temp=48.1C, remote_temp=48.3C
[2026-04-30 12:13:40,607] [INFO] [0000] cap=331.2ms | pre=13.8ms | inf=17.0ms | post=26.8ms | ctrl=0.1ms | act=2.4ms | total=391.5ms | valid=True | invalid=0 | pixels=32444 | err=-0.175 | steer=-0.070 | speed=0.233 | amode=real_mmio | aspeed=0.233 | drive=['rear_right_fwd', 'rear_left_fwd'] | dduty=139639 | seff=-0.070 | steer_ch=steering_left | sduty=10510 | cur=None | adc=None
[2026-04-30 12:13:40,608] [INFO] [0000] actuator_regs={'rear_right_fwd': {'period': 600600, 'duty': 139639, 'valid': 1}, 'rear_left_fwd': {'period': 600600, 'duty': 139639, 'valid': 1}, 'steering_left': {'period': 600600, 'duty': 10510, 'valid': 1}}
[2026-04-30 12:13:40,618] [INFO] [0000] system: rss=246.9MB | mem_avail=1426.2MB | swap_free=512.0MB | load=0.99 0.39 0.23 | temp=hwmon0_temp1_input=51.0C, hwmon1_temp1_input=50.0C, hwmon2_temp1_input=48.7C, hwmon2_temp2_input=48.5C, pl_temp=49.2C, ps_temp=47.9C, remote_temp=48.4C
[2026-04-30 12:13:41,604] [INFO] [0010] cap=16.5ms | pre=12.0ms | inf=16.4ms | post=9.4ms | ctrl=0.1ms | act=1.6ms | total=56.1ms | valid=True | invalid=0 | pixels=31791 | err=-0.181 | steer=-0.072 | speed=0.232 | amode=real_mmio | aspeed=0.232 | drive=['rear_right_fwd', 'rear_left_fwd'] | dduty=139264 | seff=-0.072 | steer_ch=steering_left | sduty=10885 | cur=None | adc=None
[2026-04-30 12:13:41,606] [INFO] [0010] actuator_regs={'rear_right_fwd': {'period': 600600, 'duty': 139264, 'valid': 1}, 'rear_left_fwd': {'period': 600600, 'duty': 139264, 'valid': 1}, 'steering_left': {'period': 600600, 'duty': 10885, 'valid': 1}}
[2026-04-30 12:13:41,617] [INFO] [0010] system: rss=247.3MB | mem_avail=1425.5MB | swap_free=512.0MB | load=0.99 0.39 0.23 | temp=hwmon0_temp1_input=51.0C, hwmon1_temp1_input=50.0C, hwmon2_temp1_input=49.6C, hwmon2_temp2_input=50.5C, pl_temp=49.8C, ps_temp=48.6C, remote_temp=49.5C
[2026-04-30 12:13:42,600] [INFO] [0020] cap=12.5ms | pre=11.7ms | inf=16.0ms | post=7.1ms | ctrl=0.1ms | act=1.6ms | total=49.2ms | valid=True | invalid=0 | pixels=31411 | err=-0.184 | steer=-0.074 | speed=0.232 | amode=real_mmio | aspeed=0.232 | drive=['rear_right_fwd', 'rear_left_fwd'] | dduty=139076 | seff=-0.074 | steer_ch=steering_left | sduty=11073 | cur=None | adc=None
[2026-04-30 12:13:42,601] [INFO] [0020] actuator_regs={'rear_right_fwd': {'period': 600600, 'duty': 139076, 'valid': 1}, 'rear_left_fwd': {'period': 600600, 'duty': 139076, 'valid': 1}, 'steering_left': {'period': 600600, 'duty': 11073, 'valid': 1}}
[2026-04-30 12:13:42,612] [INFO] [0020] system: rss=247.3MB | mem_avail=1425.4MB | swap_free=512.0MB | load=0.99 0.39 0.23 | temp=hwmon0_temp1_input=51.0C, hwmon1_temp1_input=50.0C, hwmon2_temp1_input=49.2C, hwmon2_temp2_input=50.1C, pl_temp=49.7C, ps_temp=48.8C, remote_temp=49.9C
[2026-04-30 12:13:43,601] [INFO] [0030] cap=12.7ms | pre=12.3ms | inf=16.5ms | post=6.7ms | ctrl=0.1ms | act=1.4ms | total=49.9ms | valid=True | invalid=0 | pixels=30876 | err=-0.191 | steer=-0.076 | speed=0.231 | amode=real_mmio | aspeed=0.231 | drive=['rear_right_fwd', 'rear_left_fwd'] | dduty=138701 | seff=-0.076 | steer_ch=steering_left | sduty=11448 | cur=None | adc=None
[2026-04-30 12:13:43,602] [INFO] [0030] actuator_regs={'rear_right_fwd': {'period': 600600, 'duty': 138701, 'valid': 1}, 'rear_left_fwd': {'period': 600600, 'duty': 138701, 'valid': 1}, 'steering_left': {'period': 600600, 'duty': 11448, 'valid': 1}}
[2026-04-30 12:13:43,613] [INFO] [0030] system: rss=247.3MB | mem_avail=1425.4MB | swap_free=512.0MB | load=0.99 0.39 0.23 | temp=hwmon0_temp1_input=51.0C, hwmon1_temp1_input=50.0C, hwmon2_temp1_input=49.1C, hwmon2_temp2_input=47.7C, pl_temp=49.2C, ps_temp=50.2C, remote_temp=50.1C
                                                                                                                                                                                                         [2026-04-30 12:35:05,939] [INFO] DPU overlay 로드: /home/xilinx/jupyter_notebooks/pynq-dpu/autonomous_driving_baseline/configs/dpu/dpu.bit
[2026-04-30 12:35:11,164] [INFO] DPU overlay 로드 완료
[2026-04-30 12:35:11,167] [INFO] 카메라 open
[2026-04-30 12:35:11,893] [INFO] xmodel load / runner create
[2026-04-30 12:35:12,655] [INFO] DPU input shape: (1, 256, 256, 3)
[2026-04-30 12:35:12,656] [INFO] DPU output shape: (1, 256, 256, 1)
[2026-04-30 12:35:12,657] [INFO] DPU warmup: 2회
[2026-04-30 12:35:12,706] [INFO] actuator mode: real_mmio
[2026-04-30 12:35:12,720] [INFO] 스트리밍 서버 시작
[2026-04-30 12:35:12,721] [INFO] 웹 대시보드: http://127.0.0.1:5000
[2026-04-30 12:35:12,722] [INFO] 웹 대시보드: http://pynq:5000
[2026-04-30 12:35:12,723] [INFO] 웹 대시보드: http://127.0.1.1:5000
[2026-04-30 12:35:12,723] [INFO] main loop 시작: max_frames=200, target_fps=10.0
[2026-04-30 12:35:13,196] [INFO] system start: rss=229.1MB | mem_avail=764.7MB | swap_free=510.7MB | load=0.37 0.57 0.50 | temp=hwmon0_temp1_input=49.0C, hwmon1_temp1_input=47.0C, hwmon2_temp1_input=44.4C, hwmon2_temp2_input=46.4C, pl_temp=46.2C, ps_temp=46.4C, remote_temp=45.8C
[2026-04-30 12:35:14,162] [INFO] [0000] cap=767.7ms | pre=54.7ms | inf=15.7ms | post=90.0ms | ctrl=0.1ms | act=1.5ms | total=930.0ms | valid=True | invalid=0 | pixels=17098 | err=-0.394 | steer=-0.158 | speed=0.211 | amode=real_mmio | aspeed=0.211 | drive=['rear_right_fwd', 'rear_left_fwd'] | dduty=126501 | seff=-0.158 | steer_ch=steering_left | sduty=23648 | cur=None | adc=None
[2026-04-30 12:35:14,162] [INFO] [0000] actuator_regs={'rear_right_fwd': {'period': 600600, 'duty': 126501, 'valid': 1}, 'rear_left_fwd': {'period': 600600, 'duty': 126501, 'valid': 1}, 'steering_left': {'period': 600600, 'duty': 23648, 'valid': 1}}
[2026-04-30 12:35:14,174] [INFO] [0000] system: rss=237.5MB | mem_avail=760.9MB | swap_free=510.7MB | load=0.37 0.57 0.50 | temp=hwmon0_temp1_input=48.0C, hwmon1_temp1_input=48.0C, hwmon2_temp1_input=45.9C, hwmon2_temp2_input=45.8C, pl_temp=46.1C, ps_temp=45.5C, remote_temp=45.7C
[2026-04-30 12:35:15,158] [INFO] [0010] cap=12.4ms | pre=11.5ms | inf=15.2ms | post=16.8ms | ctrl=0.1ms | act=1.3ms | total=57.5ms | valid=True | invalid=0 | pixels=36202 | err=-0.103 | steer=-0.041 | speed=0.240 | amode=real_mmio | aspeed=0.240 | drive=['rear_right_fwd', 'rear_left_fwd'] | dduty=143956 | seff=+0.000 | steer_ch=None | sduty=0 | cur=None | adc=None
[2026-04-30 12:35:15,159] [INFO] [0010] actuator_regs={'rear_right_fwd': {'period': 600600, 'duty': 143956, 'valid': 1}, 'rear_left_fwd': {'period': 600600, 'duty': 143956, 'valid': 1}}
[2026-04-30 12:35:15,169] [INFO] [0010] system: rss=237.5MB | mem_avail=760.7MB | swap_free=510.7MB | load=0.34 0.56 0.50 | temp=hwmon0_temp1_input=49.0C, hwmon1_temp1_input=48.0C, hwmon2_temp1_input=44.8C, hwmon2_temp2_input=46.6C, pl_temp=46.4C, ps_temp=44.9C, remote_temp=46.6C
[2026-04-30 12:35:16,155] [INFO] [0020] cap=13.4ms | pre=11.5ms | inf=15.4ms | post=10.9ms | ctrl=0.1ms | act=1.4ms | total=52.8ms | valid=True | invalid=0 | pixels=36981 | err=-0.084 | steer=-0.034 | speed=0.242 | amode=real_mmio | aspeed=0.242 | drive=['rear_right_fwd', 'rear_left_fwd'] | dduty=145082 | seff=+0.000 | steer_ch=None | sduty=0 | cur=None | adc=None
[2026-04-30 12:35:16,156] [INFO] [0020] actuator_regs={'rear_right_fwd': {'period': 600600, 'duty': 145082, 'valid': 1}, 'rear_left_fwd': {'period': 600600, 'duty': 145082, 'valid': 1}}
[2026-04-30 12:35:16,166] [INFO] [0020] system: rss=237.5MB | mem_avail=760.8MB | swap_free=510.7MB | load=0.34 0.56 0.50 | temp=hwmon0_temp1_input=49.0C, hwmon1_temp1_input=48.0C, hwmon2_temp1_input=46.2C, hwmon2_temp2_input=46.6C, pl_temp=46.5C, ps_temp=45.7C, remote_temp=45.3C
[2026-04-30 12:35:17,153] [INFO] [0030] cap=14.1ms | pre=11.6ms | inf=16.7ms | post=6.4ms | ctrl=0.1ms | act=1.7ms | total=50.7ms | valid=True | invalid=0 | pixels=35764 | err=-0.059 | steer=-0.024 | speed=0.244 | amode=real_mmio | aspeed=0.244 | drive=['rear_right_fwd', 'rear_left_fwd'] | dduty=146583 | seff=+0.000 | steer_ch=None | sduty=0 | cur=None | adc=None
[2026-04-30 12:35:17,154] [INFO] [0030] actuator_regs={'rear_right_fwd': {'period': 600600, 'duty': 146583, 'valid': 1}, 'rear_left_fwd': {'period': 600600, 'duty': 146583, 'valid': 1}}
[2026-04-30 12:35:17,165] [INFO] [0030] system: rss=237.5MB | mem_avail=759.9MB | swap_free=510.7MB | load=0.34 0.56 0.50 | temp=hwmon0_temp1_input=48.0C, hwmon1_temp1_input=48.0C, hwmon2_temp1_input=44.5C, hwmon2_temp2_input=45.8C, pl_temp=46.7C, ps_temp=46.8C, remote_temp=47.4C
[2026-04-30 12:35:18,154] [INFO] [0040] cap=13.0ms | pre=11.4ms | inf=17.6ms | post=6.5ms | ctrl=0.1ms | act=1.4ms | total=50.2ms | valid=True | invalid=0 | pixels=36383 | err=-0.091 | steer=-0.036 | speed=0.241 | amode=real_mmio | aspeed=0.241 | drive=['rear_right_fwd', 'rear_left_fwd'] | dduty=144707 | seff=+0.000 | steer_ch=None | sduty=0 | cur=None | adc=None
[2026-04-30 12:35:18,155] [INFO] [0040] actuator_regs={'rear_right_fwd': {'period': 600600, 'duty': 144707, 'valid': 1}, 'rear_left_fwd': {'period': 600600, 'duty': 144707, 'valid': 1}}
[2026-04-30 12:35:18,165] [INFO] [0040] system: rss=237.5MB | mem_avail=759.9MB | swap_free=510.7MB | load=0.34 0.56 0.50 | temp=hwmon0_temp1_input=49.0C, hwmon1_temp1_input=48.0C, hwmon2_temp1_input=46.1C, hwmon2_temp2_input=46.1C, pl_temp=46.6C, ps_temp=45.5C, remote_temp=46.8C
[2026-04-30 12:35:19,158] [INFO] [0050] cap=13.7ms | pre=11.6ms | inf=19.3ms | post=6.4ms | ctrl=0.1ms | act=1.8ms | total=53.0ms | valid=True | invalid=0 | pixels=38489 | err=-0.087 | steer=-0.035 | speed=0.241 | amode=real_mmio | aspeed=0.241 | drive=['rear_right_fwd', 'rear_left_fwd'] | dduty=144894 | seff=+0.000 | steer_ch=None | sduty=0 | cur=None | adc=None
[2026-04-30 12:35:19,159] [INFO] [0050] actuator_regs={'rear_right_fwd': {'period': 600600, 'duty': 144894, 'valid': 1}, 'rear_left_fwd': {'period': 600600, 'duty': 144894, 'valid': 1}}
[2026-04-30 12:35:19,169] [INFO] [0050] system: rss=237.5MB | mem_avail=755.6MB | swap_free=510.7MB | load=0.34 0.56 0.50 | temp=hwmon0_temp1_input=49.0C, hwmon1_temp1_input=48.0C, hwmon2_temp1_input=44.7C, hwmon2_temp2_input=46.5C, pl_temp=46.2C, ps_temp=45.6C, remote_temp=45.3C
[2026-04-30 12:35:20,154] [INFO] [0060] cap=12.4ms | pre=11.6ms | inf=15.3ms | post=7.3ms | ctrl=0.1ms | act=1.4ms | total=48.3ms | valid=True | invalid=0 | pixels=37822 | err=-0.100 | steer=-0.040 | speed=0.240 | amode=real_mmio | aspeed=0.240 | drive=['rear_right_fwd', 'rear_left_fwd'] | dduty=144144 | seff=+0.000 | steer_ch=None | sduty=0 | cur=None | adc=None
[2026-04-30 12:35:20,155] [INFO] [0060] actuator_regs={'rear_right_fwd': {'period': 600600, 'duty': 144144, 'valid': 1}, 'rear_left_fwd': {'period': 600600, 'duty': 144144, 'valid': 1}}
[2026-04-30 12:35:20,165] [INFO] [0060] system: rss=237.5MB | mem_avail=755.6MB | swap_free=510.7MB | load=0.31 0.56 0.49 | temp=hwmon0_temp1_input=49.0C, hwmon1_temp1_input=48.0C, hwmon2_temp1_input=44.4C, hwmon2_temp2_input=46.9C, pl_temp=47.1C, ps_temp=45.4C, remote_temp=45.9C
[2026-04-30 12:35:21,157] [INFO] [0070] cap=12.4ms | pre=12.0ms | inf=17.1ms | post=7.4ms | ctrl=0.1ms | act=1.4ms | total=50.5ms | valid=True | invalid=0 | pixels=35788 | err=-0.084 | steer=-0.034 | speed=0.242 | amode=real_mmio | aspeed=0.242 | drive=['rear_right_fwd', 'rear_left_fwd'] | dduty=145082 | seff=+0.000 | steer_ch=None | sduty=0 | cur=None | adc=None
[2026-04-30 12:35:21,158] [INFO] [0070] actuator_regs={'rear_right_fwd': {'period': 600600, 'duty': 145082, 'valid': 1}, 'rear_left_fwd': {'period': 600600, 'duty': 145082, 'valid': 1}}
[2026-04-30 12:35:21,168] [INFO] [0070] system: rss=237.5MB | mem_avail=755.4MB | swap_free=510.7MB | load=0.31 0.56 0.49 | temp=hwmon0_temp1_input=49.0C, hwmon1_temp1_input=48.0C, hwmon2_temp1_input=45.6C, hwmon2_temp2_input=46.4C, pl_temp=46.6C, ps_temp=46.7C, remote_temp=45.9C
[2026-04-30 12:35:22,156] [INFO] [0080] cap=12.4ms | pre=12.1ms | inf=15.1ms | post=6.7ms | ctrl=0.1ms | act=2.1ms | total=48.6ms | valid=True | invalid=0 | pixels=38903 | err=-0.100 | steer=-0.040 | speed=0.240 | amode=real_mmio | aspeed=0.240 | drive=['rear_right_fwd', 'rear_left_fwd'] | dduty=144144 | seff=+0.000 | steer_ch=None | sduty=0 | cur=None | adc=None
[2026-04-30 12:35:22,157] [INFO] [0080] actuator_regs={'rear_right_fwd': {'period': 600600, 'duty': 144144, 'valid': 1}, 'rear_left_fwd': {'period': 600600, 'duty': 144144, 'valid': 1}}
[2026-04-30 12:35:22,167] [INFO] [0080] system: rss=237.5MB | mem_avail=755.1MB | swap_free=510.7MB | load=0.31 0.56 0.49 | temp=hwmon0_temp1_input=49.0C, hwmon1_temp1_input=48.0C, hwmon2_temp1_input=46.4C, hwmon2_temp2_input=45.2C, pl_temp=46.4C, ps_temp=46.4C, remote_temp=45.6C
[2026-04-30 12:35:23,157] [INFO] [0090] cap=12.5ms | pre=11.9ms | inf=15.3ms | post=7.5ms | ctrl=0.1ms | act=1.5ms | total=48.8ms | valid=True | invalid=0 | pixels=38228 | err=-0.103 | steer=-0.041 | speed=0.240 | amode=real_mmio | aspeed=0.240 | drive=['rear_right_fwd', 'rear_left_fwd'] | dduty=143956 | seff=+0.000 | steer_ch=None | sduty=0 | cur=None | adc=None
[2026-04-30 12:35:23,158] [INFO] [0090] actuator_regs={'rear_right_fwd': {'period': 600600, 'duty': 143956, 'valid': 1}, 'rear_left_fwd': {'period': 600600, 'duty': 143956, 'valid': 1}}
[2026-04-30 12:35:23,168] [INFO] [0090] system: rss=237.5MB | mem_avail=755.1MB | swap_free=510.7MB | load=0.31 0.56 0.49 | temp=hwmon0_temp1_input=49.0C, hwmon1_temp1_input=48.0C, hwmon2_temp1_input=47.0C, hwmon2_temp2_input=46.0C, pl_temp=46.8C, ps_temp=45.8C, remote_temp=47.3C
[2026-04-30 12:35:24,158] [INFO] [0100] cap=12.5ms | pre=12.0ms | inf=15.5ms | post=7.4ms | ctrl=0.1ms | act=1.3ms | total=49.0ms | valid=True | invalid=0 | pixels=38206 | err=-0.056 | steer=-0.022 | speed=0.244 | amode=real_mmio | aspeed=0.244 | drive=['rear_right_fwd', 'rear_left_fwd'] | dduty=146771 | seff=+0.000 | steer_ch=None | sduty=0 | cur=None | adc=None
[2026-04-30 12:35:24,159] [INFO] [0100] actuator_regs={'rear_right_fwd': {'period': 600600, 'duty': 146771, 'valid': 1}, 'rear_left_fwd': {'period': 600600, 'duty': 146771, 'valid': 1}}
[2026-04-30 12:35:24,169] [INFO] [0100] system: rss=237.5MB | mem_avail=754.5MB | swap_free=510.7MB | load=0.31 0.56 0.49 | temp=hwmon0_temp1_input=49.0C, hwmon1_temp1_input=48.0C, hwmon2_temp1_input=45.3C, hwmon2_temp2_input=45.9C, pl_temp=47.0C, ps_temp=45.2C, remote_temp=45.8C
[2026-04-30 12:35:25,162] [INFO] [0110] cap=12.4ms | pre=11.9ms | inf=18.9ms | post=7.4ms | ctrl=0.1ms | act=1.3ms | total=52.1ms | valid=True | invalid=0 | pixels=37440 | err=-0.087 | steer=-0.035 | speed=0.241 | amode=real_mmio | aspeed=0.241 | drive=['rear_right_fwd', 'rear_left_fwd'] | dduty=144894 | seff=+0.000 | steer_ch=None | sduty=0 | cur=None | adc=None
[2026-04-30 12:35:25,163] [INFO] [0110] actuator_regs={'rear_right_fwd': {'period': 600600, 'duty': 144894, 'valid': 1}, 'rear_left_fwd': {'period': 600600, 'duty': 144894, 'valid': 1}}
[2026-04-30 12:35:25,173] [INFO] [0110] system: rss=237.5MB | mem_avail=754.2MB | swap_free=510.7MB | load=0.29 0.55 0.49 | temp=hwmon0_temp1_input=49.0C, hwmon1_temp1_input=48.0C, hwmon2_temp1_input=45.1C, hwmon2_temp2_input=45.7C, pl_temp=46.6C, ps_temp=46.5C, remote_temp=45.6C
[2026-04-30 12:35:26,180] [INFO] [0120] cap=12.2ms | pre=11.6ms | inf=15.6ms | post=6.6ms | ctrl=0.1ms | act=1.4ms | total=47.6ms | valid=True | invalid=0 | pixels=37499 | err=-0.069 | steer=-0.028 | speed=0.243 | amode=real_mmio | aspeed=0.243 | drive=['rear_right_fwd', 'rear_left_fwd'] | dduty=146020 | seff=+0.000 | steer_ch=None | sduty=0 | cur=None | adc=None
[2026-04-30 12:35:26,181] [INFO] [0120] actuator_regs={'rear_right_fwd': {'period': 600600, 'duty': 146020, 'valid': 1}, 'rear_left_fwd': {'period': 600600, 'duty': 146020, 'valid': 1}}
[2026-04-30 12:35:26,191] [INFO] [0120] system: rss=237.5MB | mem_avail=754.2MB | swap_free=510.7MB | load=0.29 0.55 0.49 | temp=hwmon0_temp1_input=49.0C, hwmon1_temp1_input=48.0C, hwmon2_temp1_input=45.6C, hwmon2_temp2_input=47.0C, pl_temp=46.8C, ps_temp=46.3C, remote_temp=46.6C
[2026-04-30 12:35:27,181] [INFO] [0130] cap=12.1ms | pre=11.7ms | inf=15.5ms | post=6.5ms | ctrl=0.1ms | act=1.4ms | total=47.4ms | valid=True | invalid=0 | pixels=37638 | err=-0.091 | steer=-0.036 | speed=0.241 | amode=real_mmio | aspeed=0.241 | drive=['rear_right_fwd', 'rear_left_fwd'] | dduty=144707 | seff=+0.000 | steer_ch=None | sduty=0 | cur=None | adc=None
[2026-04-30 12:35:27,182] [INFO] [0130] actuator_regs={'rear_right_fwd': {'period': 600600, 'duty': 144707, 'valid': 1}, 'rear_left_fwd': {'period': 600600, 'duty': 144707, 'valid': 1}}
[2026-04-30 12:35:27,192] [INFO] [0130] system: rss=237.5MB | mem_avail=754.0MB | swap_free=510.7MB | load=0.29 0.55 0.49 | temp=hwmon0_temp1_input=49.0C, hwmon1_temp1_input=48.0C, hwmon2_temp1_input=44.9C, hwmon2_temp2_input=46.0C, pl_temp=46.9C, ps_temp=45.9C, remote_temp=48.0C
[2026-04-30 12:35:28,182] [INFO] [0140] cap=12.2ms | pre=11.6ms | inf=15.2ms | post=6.4ms | ctrl=0.1ms | act=1.8ms | total=47.5ms | valid=True | invalid=0 | pixels=36889 | err=-0.100 | steer=-0.040 | speed=0.240 | amode=real_mmio | aspeed=0.240 | drive=['rear_right_fwd', 'rear_left_fwd'] | dduty=144144 | seff=+0.000 | steer_ch=None | sduty=0 | cur=None | adc=None
[2026-04-30 12:35:28,183] [INFO] [0140] actuator_regs={'rear_right_fwd': {'period': 600600, 'duty': 144144, 'valid': 1}, 'rear_left_fwd': {'period': 600600, 'duty': 144144, 'valid': 1}}
[2026-04-30 12:35:28,193] [INFO] [0140] system: rss=237.5MB | mem_avail=754.0MB | swap_free=510.7MB | load=0.29 0.55 0.49 | temp=hwmon0_temp1_input=49.0C, hwmon1_temp1_input=48.0C, hwmon2_temp1_input=46.2C, hwmon2_temp2_input=47.2C, pl_temp=46.8C, ps_temp=45.1C, remote_temp=46.6C
[2026-04-30 12:35:29,194] [INFO] [0150] cap=12.4ms | pre=11.9ms | inf=15.4ms | post=16.5ms | ctrl=0.1ms | act=1.3ms | total=57.7ms | valid=True | invalid=0 | pixels=38810 | err=-0.100 | steer=-0.040 | speed=0.240 | amode=real_mmio | aspeed=0.240 | drive=['rear_right_fwd', 'rear_left_fwd'] | dduty=144144 | seff=+0.000 | steer_ch=None | sduty=0 | cur=None | adc=None
[2026-04-30 12:35:29,195] [INFO] [0150] actuator_regs={'rear_right_fwd': {'period': 600600, 'duty': 144144, 'valid': 1}, 'rear_left_fwd': {'period': 600600, 'duty': 144144, 'valid': 1}}
[2026-04-30 12:35:29,206] [INFO] [0150] system: rss=237.5MB | mem_avail=753.7MB | swap_free=510.7MB | load=0.29 0.55 0.49 | temp=hwmon0_temp1_input=49.0C, hwmon1_temp1_input=48.0C, hwmon2_temp1_input=45.8C, hwmon2_temp2_input=46.2C, pl_temp=46.6C, ps_temp=46.2C, remote_temp=47.0C
[2026-04-30 12:35:30,191] [INFO] [0160] cap=12.7ms | pre=12.2ms | inf=18.8ms | post=6.7ms | ctrl=0.1ms | act=1.4ms | total=52.0ms | valid=True | invalid=0 | pixels=39662 | err=-0.056 | steer=-0.022 | speed=0.244 | amode=real_mmio | aspeed=0.244 | drive=['rear_right_fwd', 'rear_left_fwd'] | dduty=146771 | seff=+0.000 | steer_ch=None | sduty=0 | cur=None | adc=None
[2026-04-30 12:35:30,192] [INFO] [0160] actuator_regs={'rear_right_fwd': {'period': 600600, 'duty': 146771, 'valid': 1}, 'rear_left_fwd': {'period': 600600, 'duty': 146771, 'valid': 1}}
[2026-04-30 12:35:30,202] [INFO] [0160] system: rss=237.5MB | mem_avail=752.0MB | swap_free=510.7MB | load=0.34 0.55 0.49 | temp=hwmon0_temp1_input=49.0C, hwmon1_temp1_input=48.0C, hwmon2_temp1_input=45.7C, hwmon2_temp2_input=46.2C, pl_temp=47.1C, ps_temp=45.0C, remote_temp=46.6C
[2026-04-30 12:35:31,190] [INFO] [0170] cap=12.6ms | pre=12.6ms | inf=17.7ms | post=6.8ms | ctrl=0.1ms | act=1.4ms | total=51.4ms | valid=True | invalid=0 | pixels=37251 | err=-0.103 | steer=-0.041 | speed=0.240 | amode=real_mmio | aspeed=0.240 | drive=['rear_right_fwd', 'rear_left_fwd'] | dduty=143956 | seff=+0.000 | steer_ch=None | sduty=0 | cur=None | adc=None
[2026-04-30 12:35:31,191] [INFO] [0170] actuator_regs={'rear_right_fwd': {'period': 600600, 'duty': 143956, 'valid': 1}, 'rear_left_fwd': {'period': 600600, 'duty': 143956, 'valid': 1}}
[2026-04-30 12:35:31,202] [INFO] [0170] system: rss=237.5MB | mem_avail=750.8MB | swap_free=510.7MB | load=0.34 0.55 0.49 | temp=hwmon0_temp1_input=49.0C, hwmon1_temp1_input=48.0C, hwmon2_temp1_input=46.1C, hwmon2_temp2_input=46.0C, pl_temp=47.2C, ps_temp=45.4C, remote_temp=46.9C
[2026-04-30 12:35:32,219] [INFO] [0180] cap=12.8ms | pre=12.4ms | inf=18.0ms | post=6.8ms | ctrl=0.1ms | act=1.4ms | total=51.6ms | valid=True | invalid=0 | pixels=37164 | err=-0.100 | steer=-0.040 | speed=0.240 | amode=real_mmio | aspeed=0.240 | drive=['rear_right_fwd', 'rear_left_fwd'] | dduty=144144 | seff=+0.000 | steer_ch=None | sduty=0 | cur=None | adc=None
[2026-04-30 12:35:32,220] [INFO] [0180] actuator_regs={'rear_right_fwd': {'period': 600600, 'duty': 144144, 'valid': 1}, 'rear_left_fwd': {'period': 600600, 'duty': 144144, 'valid': 1}}
[2026-04-30 12:35:32,231] [INFO] [0180] system: rss=237.5MB | mem_avail=750.7MB | swap_free=510.7MB | load=0.34 0.55 0.49 | temp=hwmon0_temp1_input=49.0C, hwmon1_temp1_input=48.0C, hwmon2_temp1_input=46.4C, hwmon2_temp2_input=45.8C, pl_temp=46.6C, ps_temp=47.0C, remote_temp=46.8C
[2026-04-30 12:35:33,217] [INFO] [0190] cap=12.6ms | pre=12.9ms | inf=15.2ms | post=6.6ms | ctrl=0.1ms | act=1.4ms | total=48.8ms | valid=True | invalid=0 | pixels=36929 | err=-0.103 | steer=-0.041 | speed=0.240 | amode=real_mmio | aspeed=0.240 | drive=['rear_right_fwd', 'rear_left_fwd'] | dduty=143956 | seff=+0.000 | steer_ch=None | sduty=0 | cur=None | adc=None
[2026-04-30 12:35:33,218] [INFO] [0190] actuator_regs={'rear_right_fwd': {'period': 600600, 'duty': 143956, 'valid': 1}, 'rear_left_fwd': {'period': 600600, 'duty': 143956, 'valid': 1}}
[2026-04-30 12:35:33,229] [INFO] [0190] system: rss=237.5MB | mem_avail=750.7MB | swap_free=510.7MB | load=0.34 0.55 0.49 | temp=hwmon0_temp1_input=49.0C, hwmon1_temp1_input=48.0C, hwmon2_temp1_input=45.9C, hwmon2_temp2_input=46.0C, pl_temp=46.6C, ps_temp=45.6C, remote_temp=46.8C
[2026-04-30 12:35:34,252] [INFO] profiler summary:
[2026-04-30 12:35:34,254] [INFO]  - capture: avg=16.16ms, min=11.66ms, max=767.73ms
[2026-04-30 12:35:34,255] [INFO]  - preprocess: avg=12.22ms, min=11.37ms, max=54.71ms
[2026-04-30 12:35:34,256] [INFO]  - inference: avg=17.69ms, min=15.06ms, max=91.03ms
[2026-04-30 12:35:34,256] [INFO]  - postprocess: avg=7.44ms, min=6.40ms, max=89.97ms
[2026-04-30 12:35:34,257] [INFO]  - control: avg=0.06ms, min=0.05ms, max=0.35ms
[2026-04-30 12:35:34,257] [INFO]  - actuator: avg=1.47ms, min=1.31ms, max=3.96ms
[2026-04-30 12:35:34,258] [INFO]  - total: avg=55.20ms, min=47.01ms, max=929.95ms
[2026-04-30 12:44:23,961] [INFO] DPU overlay 로드: /home/xilinx/jupyter_notebooks/pynq-dpu/autonomous_driving_baseline/configs/dpu/dpu.bit
[2026-04-30 12:44:26,260] [INFO] DPU overlay 로드 완료
[2026-04-30 12:44:26,261] [INFO] 카메라 open
[2026-04-30 12:44:26,527] [INFO] xmodel load / runner create
[2026-04-30 12:44:27,139] [INFO] DPU input shape: (1, 256, 256, 3)
[2026-04-30 12:44:27,140] [INFO] DPU output shape: (1, 256, 256, 1)
[2026-04-30 12:44:27,141] [INFO] DPU warmup: 2회
[2026-04-30 12:44:27,178] [INFO] actuator mode: real_mmio
[2026-04-30 12:44:27,192] [INFO] 스트리밍 서버 시작
[2026-04-30 12:44:27,194] [INFO] 웹 대시보드: http://127.0.0.1:5000
[2026-04-30 12:44:27,194] [INFO] 웹 대시보드: http://pynq:5000
[2026-04-30 12:44:27,195] [INFO] 웹 대시보드: http://127.0.1.1:5000
[2026-04-30 12:44:27,196] [INFO] main loop 시작: max_frames=200, target_fps=10.0
[2026-04-30 12:44:27,664] [INFO] system start: rss=238.3MB | mem_avail=664.6MB | swap_free=510.2MB | load=0.49 0.61 0.55 | temp=hwmon0_temp1_input=51.0C, hwmon1_temp1_input=50.0C, hwmon2_temp1_input=48.3C, hwmon2_temp2_input=50.2C, pl_temp=49.4C, ps_temp=48.7C, remote_temp=49.8C
[2026-04-30 12:44:28,113] [INFO] [0000] cap=331.0ms | pre=21.2ms | inf=18.0ms | post=36.6ms | ctrl=0.1ms | act=3.1ms | total=410.2ms | valid=True | invalid=0 | pixels=34714 | err=-0.106 | steer=-0.043 | speed=0.670 | amode=real_mmio | aspeed=0.670 | drive=['rear_right_fwd', 'rear_left_fwd'] | dduty=402552 | seff=+0.000 | steer_ch=None | sduty=0 | cur=None | adc=None
[2026-04-30 12:44:28,114] [INFO] [0000] actuator_regs={'rear_right_fwd': {'period': 600600, 'duty': 402552, 'valid': 1}, 'rear_left_fwd': {'period': 600600, 'duty': 402552, 'valid': 1}}
[2026-04-30 12:44:28,125] [INFO] [0000] system: rss=247.3MB | mem_avail=661.8MB | swap_free=510.2MB | load=0.49 0.61 0.55 | temp=hwmon0_temp1_input=51.0C, hwmon1_temp1_input=50.0C, hwmon2_temp1_input=48.0C, hwmon2_temp2_input=50.1C, pl_temp=49.5C, ps_temp=49.0C, remote_temp=48.2C
[2026-04-30 12:44:29,128] [INFO] [0010] cap=12.0ms | pre=11.6ms | inf=15.0ms | post=6.7ms | ctrl=0.1ms | act=1.4ms | total=47.0ms | valid=True | invalid=0 | pixels=28453 | err=-0.066 | steer=-0.026 | speed=0.682 | amode=real_mmio | aspeed=0.682 | drive=['rear_right_fwd', 'rear_left_fwd'] | dduty=409383 | seff=+0.000 | steer_ch=None | sduty=0 | cur=None | adc=None
[2026-04-30 12:44:29,130] [INFO] [0010] actuator_regs={'rear_right_fwd': {'period': 600600, 'duty': 409383, 'valid': 1}, 'rear_left_fwd': {'period': 600600, 'duty': 409383, 'valid': 1}}
[2026-04-30 12:44:29,141] [INFO] [0010] system: rss=247.7MB | mem_avail=659.4MB | swap_free=510.2MB | load=0.49 0.61 0.55 | temp=hwmon0_temp1_input=51.0C, hwmon1_temp1_input=50.0C, hwmon2_temp1_input=49.5C, hwmon2_temp2_input=49.7C, pl_temp=49.6C, ps_temp=47.9C, remote_temp=48.9C
[2026-04-30 12:44:30,131] [INFO] [0020] cap=11.8ms | pre=12.5ms | inf=16.2ms | post=7.6ms | ctrl=0.1ms | act=1.9ms | total=50.4ms | valid=True | invalid=0 | pixels=27417 | err=+0.319 | steer=+0.128 | speed=0.611 | amode=real_mmio | aspeed=0.611 | drive=['rear_right_fwd', 'rear_left_fwd'] | dduty=366816 | seff=+0.128 | steer_ch=steering_right | sduty=19144 | cur=None | adc=None
[2026-04-30 12:44:30,134] [INFO] [0020] actuator_regs={'rear_right_fwd': {'period': 600600, 'duty': 366816, 'valid': 1}, 'rear_left_fwd': {'period': 600600, 'duty': 366816, 'valid': 1}, 'steering_right': {'period': 600600, 'duty': 19144, 'valid': 1}}
[2026-04-30 12:44:30,144] [INFO] [0020] system: rss=247.7MB | mem_avail=659.1MB | swap_free=510.2MB | load=0.85 0.69 0.58 | temp=hwmon0_temp1_input=51.0C, hwmon1_temp1_input=50.0C, hwmon2_temp1_input=48.7C, hwmon2_temp2_input=48.9C, pl_temp=49.4C, ps_temp=49.3C, remote_temp=50.4C
[2026-04-30 12:44:31,133] [INFO] [0030] cap=11.9ms | pre=11.8ms | inf=19.1ms | post=6.5ms | ctrl=0.1ms | act=1.5ms | total=51.0ms | valid=True | invalid=0 | pixels=30091 | err=+0.319 | steer=+0.128 | speed=0.611 | amode=real_mmio | aspeed=0.611 | drive=['rear_right_fwd', 'rear_left_fwd'] | dduty=366816 | seff=+0.128 | steer_ch=steering_right | sduty=19144 | cur=None | adc=None
[2026-04-30 12:44:31,134] [INFO] [0030] actuator_regs={'rear_right_fwd': {'period': 600600, 'duty': 366816, 'valid': 1}, 'rear_left_fwd': {'period': 600600, 'duty': 366816, 'valid': 1}, 'steering_right': {'period': 600600, 'duty': 19144, 'valid': 1}}
[2026-04-30 12:44:31,145] [INFO] [0030] system: rss=247.7MB | mem_avail=658.9MB | swap_free=510.2MB | load=0.85 0.69 0.58 | temp=hwmon0_temp1_input=51.0C, hwmon1_temp1_input=50.0C, hwmon2_temp1_input=48.4C, hwmon2_temp2_input=48.3C, pl_temp=49.6C, ps_temp=48.6C, remote_temp=50.2C
[2026-04-30 12:44:32,198] [INFO] [0040] cap=11.8ms | pre=11.9ms | inf=81.2ms | post=6.9ms | ctrl=0.1ms | act=1.4ms | total=113.4ms | valid=True | invalid=0 | pixels=21295 | err=+0.278 | steer=+0.111 | speed=0.622 | amode=real_mmio | aspeed=0.622 | drive=['rear_right_fwd', 'rear_left_fwd'] | dduty=373648 | seff=+0.111 | steer_ch=steering_right | sduty=16704 | cur=None | adc=None
[2026-04-30 12:44:32,199] [INFO] [0040] actuator_regs={'rear_right_fwd': {'period': 600600, 'duty': 373648, 'valid': 1}, 'rear_left_fwd': {'period': 600600, 'duty': 373648, 'valid': 1}, 'steering_right': {'period': 600600, 'duty': 16704, 'valid': 1}}
[2026-04-30 12:44:32,210] [INFO] [0040] system: rss=247.7MB | mem_avail=658.6MB | swap_free=510.2MB | load=0.85 0.69 0.58 | temp=hwmon0_temp1_input=51.0C, hwmon1_temp1_input=50.0C, hwmon2_temp1_input=49.5C, hwmon2_temp2_input=49.4C, pl_temp=49.6C, ps_temp=46.9C, remote_temp=49.6C
[2026-04-30 12:44:33,187] [INFO] [0050] cap=11.9ms | pre=11.7ms | inf=16.4ms | post=7.6ms | ctrl=0.1ms | act=1.4ms | total=49.2ms | valid=True | invalid=0 | pixels=29511 | err=+0.550 | steer=+0.220 | speed=0.546 | amode=real_mmio | aspeed=0.546 | drive=['rear_right_fwd', 'rear_left_fwd'] | dduty=327927 | seff=+0.220 | steer_ch=steering_right | sduty=33033 | cur=None | adc=None
[2026-04-30 12:44:33,188] [INFO] [0050] actuator_regs={'rear_right_fwd': {'period': 600600, 'duty': 327927, 'valid': 1}, 'rear_left_fwd': {'period': 600600, 'duty': 327927, 'valid': 1}, 'steering_right': {'period': 600600, 'duty': 33033, 'valid': 1}}
[2026-04-30 12:44:33,199] [INFO] [0050] system: rss=247.7MB | mem_avail=658.6MB | swap_free=510.2MB | load=0.85 0.69 0.58 | temp=hwmon0_temp1_input=52.0C, hwmon1_temp1_input=50.0C, hwmon2_temp1_input=47.5C, hwmon2_temp2_input=48.6C, pl_temp=49.9C, ps_temp=47.8C, remote_temp=48.2C
[2026-04-30 12:44:34,191] [INFO] [0060] cap=12.4ms | pre=12.2ms | inf=18.5ms | post=6.6ms | ctrl=0.1ms | act=1.5ms | total=51.4ms | valid=True | invalid=0 | pixels=26783 | err=+0.613 | steer=+0.245 | speed=0.528 | amode=real_mmio | aspeed=0.528 | drive=['rear_right_fwd', 'rear_left_fwd'] | dduty=317417 | seff=+0.245 | steer_ch=steering_right | sduty=36786 | cur=None | adc=None
[2026-04-30 12:44:34,191] [INFO] [0060] actuator_regs={'rear_right_fwd': {'period': 600600, 'duty': 317417, 'valid': 1}, 'rear_left_fwd': {'period': 600600, 'duty': 317417, 'valid': 1}, 'steering_right': {'period': 600600, 'duty': 36786, 'valid': 1}}
[2026-04-30 12:44:34,203] [INFO] [0060] system: rss=247.7MB | mem_avail=658.3MB | swap_free=510.2MB | load=0.85 0.69 0.58 | temp=hwmon0_temp1_input=52.0C, hwmon1_temp1_input=50.0C, hwmon2_temp1_input=48.9C, hwmon2_temp2_input=49.0C, pl_temp=49.6C, ps_temp=48.5C, remote_temp=48.7C
[2026-04-30 12:44:35,185] [INFO] [0070] cap=11.8ms | pre=11.6ms | inf=18.7ms | post=3.9ms | ctrl=0.0ms | act=0.2ms | total=46.4ms | valid=False | invalid=5 | pixels=0 | err=+0.000 | steer=+0.000 | speed=0.000 | amode=stop | aspeed=0.000 | drive=[] | dduty=0 | seff=+0.000 | steer_ch=None | sduty=0 | cur=None | adc=None
[2026-04-30 12:44:35,195] [INFO] [0070] system: rss=247.7MB | mem_avail=658.3MB | swap_free=510.2MB | load=0.78 0.68 0.57 | temp=hwmon0_temp1_input=51.0C, hwmon1_temp1_input=50.0C, hwmon2_temp1_input=48.7C, hwmon2_temp2_input=50.0C, pl_temp=49.8C, ps_temp=48.4C, remote_temp=49.5C
[2026-04-30 12:44:36,186] [INFO] [0080] cap=11.9ms | pre=11.9ms | inf=17.1ms | post=5.2ms | ctrl=0.0ms | act=0.2ms | total=46.6ms | valid=False | invalid=15 | pixels=0 | err=+0.000 | steer=+0.000 | speed=0.000 | amode=stop | aspeed=0.000 | drive=[] | dduty=0 | seff=+0.000 | steer_ch=None | sduty=0 | cur=None | adc=None
[2026-04-30 12:44:36,196] [INFO] [0080] system: rss=247.7MB | mem_avail=662.5MB | swap_free=510.2MB | load=0.78 0.68 0.57 | temp=hwmon0_temp1_input=52.0C, hwmon1_temp1_input=50.0C, hwmon2_temp1_input=47.9C, hwmon2_temp2_input=49.1C, pl_temp=49.9C, ps_temp=49.0C, remote_temp=48.4C
[2026-04-30 12:44:37,189] [INFO] [0090] cap=11.9ms | pre=11.6ms | inf=15.3ms | post=6.5ms | ctrl=0.1ms | act=1.4ms | total=46.9ms | valid=True | invalid=0 | pixels=22089 | err=+0.650 | steer=+0.260 | speed=0.518 | amode=real_mmio | aspeed=0.518 | drive=['rear_right_fwd', 'rear_left_fwd'] | dduty=311110 | seff=+0.260 | steer_ch=steering_right | sduty=39039 | cur=None | adc=None
[2026-04-30 12:44:37,190] [INFO] [0090] actuator_regs={'rear_right_fwd': {'period': 600600, 'duty': 311110, 'valid': 1}, 'rear_left_fwd': {'period': 600600, 'duty': 311110, 'valid': 1}, 'steering_right': {'period': 600600, 'duty': 39039, 'valid': 1}}
[2026-04-30 12:44:37,200] [INFO] [0090] system: rss=247.7MB | mem_avail=661.7MB | swap_free=510.2MB | load=0.78 0.68 0.57 | temp=hwmon0_temp1_input=52.0C, hwmon1_temp1_input=50.0C, hwmon2_temp1_input=49.1C, hwmon2_temp2_input=50.4C, pl_temp=50.2C, ps_temp=49.1C, remote_temp=49.3C
[2026-04-30 12:44:38,190] [INFO] [0100] cap=11.9ms | pre=11.6ms | inf=15.6ms | post=6.5ms | ctrl=0.1ms | act=1.5ms | total=47.3ms | valid=True | invalid=0 | pixels=13843 | err=+0.828 | steer=+0.331 | speed=0.468 | amode=real_mmio | aspeed=0.468 | drive=['rear_right_fwd', 'rear_left_fwd'] | dduty=281155 | seff=+0.331 | steer_ch=steering_right | sduty=49737 | cur=None | adc=None
[2026-04-30 12:44:38,191] [INFO] [0100] actuator_regs={'rear_right_fwd': {'period': 600600, 'duty': 281155, 'valid': 1}, 'rear_left_fwd': {'period': 600600, 'duty': 281155, 'valid': 1}, 'steering_right': {'period': 600600, 'duty': 49737, 'valid': 1}}
[2026-04-30 12:44:38,201] [INFO] [0100] system: rss=247.7MB | mem_avail=661.7MB | swap_free=510.2MB | load=0.78 0.68 0.57 | temp=hwmon0_temp1_input=51.0C, hwmon1_temp1_input=50.0C, hwmon2_temp1_input=49.6C, hwmon2_temp2_input=49.9C, pl_temp=49.4C, ps_temp=50.1C, remote_temp=48.2C
[2026-04-30 12:44:39,190] [INFO] [0110] cap=11.8ms | pre=12.1ms | inf=15.3ms | post=6.5ms | ctrl=0.1ms | act=1.4ms | total=47.3ms | valid=True | invalid=0 | pixels=4812 | err=+0.956 | steer=+0.383 | speed=0.432 | amode=real_mmio | aspeed=0.432 | drive=['rear_right_fwd', 'rear_left_fwd'] | dduty=259609 | seff=+0.383 | steer_ch=steering_right | sduty=57432 | cur=None | adc=None
[2026-04-30 12:44:39,191] [INFO] [0110] actuator_regs={'rear_right_fwd': {'period': 600600, 'duty': 259609, 'valid': 1}, 'rear_left_fwd': {'period': 600600, 'duty': 259609, 'valid': 1}, 'steering_right': {'period': 600600, 'duty': 57432, 'valid': 1}}
[2026-04-30 12:44:39,201] [INFO] [0110] system: rss=247.7MB | mem_avail=661.5MB | swap_free=510.2MB | load=0.78 0.68 0.57 | temp=hwmon0_temp1_input=51.0C, hwmon1_temp1_input=50.0C, hwmon2_temp1_input=49.6C, hwmon2_temp2_input=49.3C, pl_temp=49.6C, ps_temp=49.1C, remote_temp=50.2C
[2026-04-30 12:44:40,192] [INFO] [0120] cap=11.9ms | pre=11.6ms | inf=17.7ms | post=6.4ms | ctrl=0.0ms | act=0.2ms | total=48.0ms | valid=False | invalid=4 | pixels=183 | err=+0.978 | steer=+0.000 | speed=0.000 | amode=stop | aspeed=0.000 | drive=[] | dduty=0 | seff=+0.000 | steer_ch=None | sduty=0 | cur=None | adc=None
[2026-04-30 12:44:40,202] [INFO] [0120] system: rss=247.7MB | mem_avail=661.4MB | swap_free=510.2MB | load=0.72 0.66 0.57 | temp=hwmon0_temp1_input=51.0C, hwmon1_temp1_input=50.0C, hwmon2_temp1_input=49.0C, hwmon2_temp2_input=49.0C, pl_temp=49.7C, ps_temp=49.6C, remote_temp=48.3C
[2026-04-30 12:44:41,190] [INFO] [0130] cap=12.0ms | pre=11.7ms | inf=16.7ms | post=5.4ms | ctrl=0.0ms | act=0.2ms | total=46.2ms | valid=False | invalid=14 | pixels=0 | err=+0.000 | steer=+0.000 | speed=0.000 | amode=stop | aspeed=0.000 | drive=[] | dduty=0 | seff=+0.000 | steer_ch=None | sduty=0 | cur=None | adc=None
[2026-04-30 12:44:41,201] [INFO] [0130] system: rss=247.7MB | mem_avail=661.4MB | swap_free=510.2MB | load=0.72 0.66 0.57 | temp=hwmon0_temp1_input=52.0C, hwmon1_temp1_input=50.0C, hwmon2_temp1_input=48.9C, hwmon2_temp2_input=48.6C, pl_temp=49.7C, ps_temp=49.4C, remote_temp=49.1C
[2026-04-30 12:44:42,190] [INFO] [0140] cap=11.8ms | pre=11.7ms | inf=15.7ms | post=5.4ms | ctrl=0.0ms | act=0.2ms | total=45.0ms | valid=False | invalid=24 | pixels=0 | err=+0.000 | steer=+0.000 | speed=0.000 | amode=stop | aspeed=0.000 | drive=[] | dduty=0 | seff=+0.000 | steer_ch=None | sduty=0 | cur=None | adc=None
[2026-04-30 12:44:42,200] [INFO] [0140] system: rss=247.7MB | mem_avail=661.4MB | swap_free=510.2MB | load=0.72 0.66 0.57 | temp=hwmon0_temp1_input=51.0C, hwmon1_temp1_input=50.0C, hwmon2_temp1_input=47.9C, hwmon2_temp2_input=47.6C, pl_temp=49.7C, ps_temp=49.2C, remote_temp=48.2C
[2026-04-30 12:44:43,191] [INFO] [0150] cap=11.9ms | pre=11.7ms | inf=15.0ms | post=5.4ms | ctrl=0.0ms | act=0.2ms | total=44.4ms | valid=False | invalid=34 | pixels=0 | err=+0.000 | steer=+0.000 | speed=0.000 | amode=stop | aspeed=0.000 | drive=[] | dduty=0 | seff=+0.000 | steer_ch=None | sduty=0 | cur=None | adc=None
[2026-04-30 12:44:43,201] [INFO] [0150] system: rss=247.7MB | mem_avail=661.4MB | swap_free=510.2MB | load=0.72 0.66 0.57 | temp=hwmon0_temp1_input=52.0C, hwmon1_temp1_input=50.0C, hwmon2_temp1_input=48.7C, hwmon2_temp2_input=48.8C, pl_temp=49.7C, ps_temp=49.5C, remote_temp=49.2C
[2026-04-30 12:44:44,193] [INFO] [0160] cap=12.5ms | pre=12.1ms | inf=15.0ms | post=5.5ms | ctrl=0.0ms | act=0.2ms | total=45.5ms | valid=False | invalid=44 | pixels=0 | err=+0.000 | steer=+0.000 | speed=0.000 | amode=stop | aspeed=0.000 | drive=[] | dduty=0 | seff=+0.000 | steer_ch=None | sduty=0 | cur=None | adc=None
[2026-04-30 12:44:44,206] [INFO] [0160] system: rss=247.7MB | mem_avail=661.4MB | swap_free=510.2MB | load=0.72 0.66 0.57 | temp=hwmon0_temp1_input=52.0C, hwmon1_temp1_input=50.0C, hwmon2_temp1_input=49.5C, hwmon2_temp2_input=50.1C, pl_temp=50.1C, ps_temp=48.5C, remote_temp=49.8C
[2026-04-30 12:44:45,194] [INFO] [0170] cap=12.0ms | pre=11.6ms | inf=16.6ms | post=5.4ms | ctrl=0.0ms | act=0.2ms | total=46.0ms | valid=False | invalid=54 | pixels=0 | err=+0.000 | steer=+0.000 | speed=0.000 | amode=stop | aspeed=0.000 | drive=[] | dduty=0 | seff=+0.000 | steer_ch=None | sduty=0 | cur=None | adc=None
[2026-04-30 12:44:45,205] [INFO] [0170] system: rss=247.7MB | mem_avail=661.3MB | swap_free=510.2MB | load=0.66 0.65 0.57 | temp=hwmon0_temp1_input=51.0C, hwmon1_temp1_input=50.0C, hwmon2_temp1_input=47.9C, hwmon2_temp2_input=48.6C, pl_temp=49.8C, ps_temp=49.6C, remote_temp=49.6C
[2026-04-30 12:44:46,194] [INFO] [0180] cap=11.9ms | pre=11.6ms | inf=15.2ms | post=5.2ms | ctrl=0.0ms | act=0.2ms | total=44.3ms | valid=False | invalid=64 | pixels=0 | err=+0.000 | steer=+0.000 | speed=0.000 | amode=stop | aspeed=0.000 | drive=[] | dduty=0 | seff=+0.000 | steer_ch=None | sduty=0 | cur=None | adc=None
[2026-04-30 12:44:46,204] [INFO] [0180] system: rss=247.7MB | mem_avail=661.3MB | swap_free=510.2MB | load=0.66 0.65 0.57 | temp=hwmon0_temp1_input=52.0C, hwmon1_temp1_input=50.0C, hwmon2_temp1_input=50.0C, hwmon2_temp2_input=49.3C, pl_temp=49.7C, ps_temp=49.0C, remote_temp=50.5C
[2026-04-30 12:44:47,192] [INFO] [0190] cap=11.5ms | pre=11.7ms | inf=15.1ms | post=3.8ms | ctrl=0.0ms | act=0.2ms | total=42.5ms | valid=False | invalid=6 | pixels=0 | err=+0.000 | steer=+0.000 | speed=0.000 | amode=stop | aspeed=0.000 | drive=[] | dduty=0 | seff=+0.000 | steer_ch=None | sduty=0 | cur=None | adc=None
[2026-04-30 12:44:47,203] [INFO] [0190] system: rss=247.7MB | mem_avail=661.0MB | swap_free=510.2MB | load=0.66 0.65 0.57 | temp=hwmon0_temp1_input=52.0C, hwmon1_temp1_input=50.0C, hwmon2_temp1_input=48.0C, hwmon2_temp2_input=49.6C, pl_temp=49.5C, ps_temp=48.1C, remote_temp=49.7C
[2026-04-30 12:44:48,218] [INFO] profiler summary:
[2026-04-30 12:44:48,219] [INFO]  - capture: avg=13.96ms, min=11.09ms, max=330.98ms
[2026-04-30 12:44:48,220] [INFO]  - preprocess: avg=11.87ms, min=11.46ms, max=21.22ms
[2026-04-30 12:44:48,220] [INFO]  - inference: avg=17.75ms, min=14.95ms, max=87.32ms
[2026-04-30 12:44:48,221] [INFO]  - postprocess: avg=6.47ms, min=3.77ms, max=36.58ms
[2026-04-30 12:44:48,221] [INFO]  - control: avg=0.04ms, min=0.02ms, max=0.11ms
[2026-04-30 12:44:48,221] [INFO]  - actuator: avg=0.82ms, min=0.19ms, max=3.05ms
[2026-04-30 12:44:48,222] [INFO]  - total: avg=51.07ms, min=42.47ms, max=410.16ms
[2026-04-30 12:45:15,944] [INFO] DPU overlay 로드: /home/xilinx/jupyter_notebooks/pynq-dpu/autonomous_driving_baseline/configs/dpu/dpu.bit
[2026-04-30 12:45:18,205] [INFO] DPU overlay 로드 완료
[2026-04-30 12:45:18,207] [INFO] 카메라 open
[2026-04-30 12:45:18,287] [INFO] xmodel load / runner create
[2026-04-30 12:45:18,906] [INFO] DPU input shape: (1, 256, 256, 3)
[2026-04-30 12:45:18,907] [INFO] DPU output shape: (1, 256, 256, 1)
[2026-04-30 12:45:18,907] [INFO] DPU warmup: 2회
[2026-04-30 12:45:18,946] [INFO] actuator mode: real_mmio
[2026-04-30 12:45:18,960] [INFO] 스트리밍 서버 시작
[2026-04-30 12:45:18,961] [INFO] 웹 대시보드: http://127.0.0.1:5000
[2026-04-30 12:45:18,962] [INFO] 웹 대시보드: http://pynq:5000
[2026-04-30 12:45:18,962] [INFO] 웹 대시보드: http://127.0.1.1:5000
[2026-04-30 12:45:18,963] [INFO] main loop 시작: max_frames=200, target_fps=10.0
[2026-04-30 12:45:19,433] [INFO] system start: rss=238.3MB | mem_avail=661.8MB | swap_free=510.2MB | load=0.68 0.65 0.57 | temp=hwmon0_temp1_input=51.0C, hwmon1_temp1_input=50.0C, hwmon2_temp1_input=49.2C, hwmon2_temp2_input=50.0C, pl_temp=49.6C, ps_temp=48.1C, remote_temp=48.6C
[2026-04-30 12:45:19,848] [INFO] [0000] cap=330.0ms | pre=11.9ms | inf=15.1ms | post=26.8ms | ctrl=0.1ms | act=2.5ms | total=386.5ms | valid=True | invalid=0 | pixels=53872 | err=-0.347 | steer=-0.139 | speed=0.603 | amode=real_mmio | aspeed=0.603 | drive=['rear_right_fwd', 'rear_left_fwd'] | dduty=362086 | seff=-0.139 | steer_ch=steering_left | sduty=20833 | cur=None | adc=None
[2026-04-30 12:45:19,849] [INFO] [0000] actuator_regs={'rear_right_fwd': {'period': 600600, 'duty': 362086, 'valid': 1}, 'rear_left_fwd': {'period': 600600, 'duty': 362086, 'valid': 1}, 'steering_left': {'period': 600600, 'duty': 20833, 'valid': 1}}
[2026-04-30 12:45:19,859] [INFO] [0000] system: rss=247.4MB | mem_avail=658.1MB | swap_free=510.2MB | load=0.68 0.65 0.57 | temp=hwmon0_temp1_input=52.0C, hwmon1_temp1_input=51.0C, hwmon2_temp1_input=49.5C, hwmon2_temp2_input=49.3C, pl_temp=49.7C, ps_temp=48.4C, remote_temp=49.1C
[2026-04-30 12:45:20,835] [INFO] [0010] cap=12.1ms | pre=12.0ms | inf=15.3ms | post=6.7ms | ctrl=0.1ms | act=1.6ms | total=48.0ms | valid=True | invalid=0 | pixels=30478 | err=-0.331 | steer=-0.133 | speed=0.607 | amode=real_mmio | aspeed=0.607 | drive=['rear_right_fwd', 'rear_left_fwd'] | dduty=364714 | seff=-0.133 | steer_ch=steering_left | sduty=19894 | cur=None | adc=None
[2026-04-30 12:45:20,836] [INFO] [0010] actuator_regs={'rear_right_fwd': {'period': 600600, 'duty': 364714, 'valid': 1}, 'rear_left_fwd': {'period': 600600, 'duty': 364714, 'valid': 1}, 'steering_left': {'period': 600600, 'duty': 19894, 'valid': 1}}
[2026-04-30 12:45:20,847] [INFO] [0010] system: rss=247.4MB | mem_avail=657.8MB | swap_free=510.2MB | load=0.63 0.64 0.57 | temp=hwmon0_temp1_input=52.0C, hwmon1_temp1_input=50.0C, hwmon2_temp1_input=48.7C, hwmon2_temp2_input=48.3C, pl_temp=49.7C, ps_temp=47.8C, remote_temp=48.8C
[2026-04-30 12:45:21,837] [INFO] [0020] cap=12.0ms | pre=12.1ms | inf=15.4ms | post=6.9ms | ctrl=0.1ms | act=1.4ms | total=48.0ms | valid=True | invalid=0 | pixels=27705 | err=-0.166 | steer=-0.066 | speed=0.654 | amode=real_mmio | aspeed=0.654 | drive=['rear_right_fwd', 'rear_left_fwd'] | dduty=392567 | seff=-0.066 | steer_ch=steering_left | sduty=9947 | cur=None | adc=None
[2026-04-30 12:45:21,837] [INFO] [0020] actuator_regs={'rear_right_fwd': {'period': 600600, 'duty': 392567, 'valid': 1}, 'rear_left_fwd': {'period': 600600, 'duty': 392567, 'valid': 1}, 'steering_left': {'period': 600600, 'duty': 9947, 'valid': 1}}
[2026-04-30 12:45:21,848] [INFO] [0020] system: rss=247.4MB | mem_avail=657.6MB | swap_free=510.2MB | load=0.63 0.64 0.57 | temp=hwmon0_temp1_input=51.0C, hwmon1_temp1_input=50.0C, hwmon2_temp1_input=50.0C, hwmon2_temp2_input=48.9C, pl_temp=49.6C, ps_temp=48.9C, remote_temp=49.9C
[2026-04-30 12:45:22,837] [INFO] [0030] cap=12.0ms | pre=11.9ms | inf=15.3ms | post=6.7ms | ctrl=0.1ms | act=1.5ms | total=47.6ms | valid=True | invalid=0 | pixels=33725 | err=+0.278 | steer=+0.111 | speed=0.622 | amode=real_mmio | aspeed=0.622 | drive=['rear_right_fwd', 'rear_left_fwd'] | dduty=373648 | seff=+0.111 | steer_ch=steering_right | sduty=16704 | cur=None | adc=None
[2026-04-30 12:45:22,838] [INFO] [0030] actuator_regs={'rear_right_fwd': {'period': 600600, 'duty': 373648, 'valid': 1}, 'rear_left_fwd': {'period': 600600, 'duty': 373648, 'valid': 1}, 'steering_right': {'period': 600600, 'duty': 16704, 'valid': 1}}
[2026-04-30 12:45:22,849] [INFO] [0030] system: rss=247.4MB | mem_avail=657.4MB | swap_free=510.2MB | load=0.63 0.64 0.57 | temp=hwmon0_temp1_input=52.0C, hwmon1_temp1_input=51.0C, hwmon2_temp1_input=48.9C, hwmon2_temp2_input=49.3C, pl_temp=50.0C, ps_temp=49.3C, remote_temp=49.8C
[2026-04-30 12:45:23,841] [INFO] [0040] cap=11.9ms | pre=11.7ms | inf=18.2ms | post=6.5ms | ctrl=0.1ms | act=1.5ms | total=50.0ms | valid=True | invalid=0 | pixels=26465 | err=+0.244 | steer=+0.098 | speed=0.632 | amode=real_mmio | aspeed=0.632 | drive=['rear_right_fwd', 'rear_left_fwd'] | dduty=379429 | seff=+0.098 | steer_ch=steering_right | sduty=14639 | cur=None | adc=None
[2026-04-30 12:45:23,842] [INFO] [0040] actuator_regs={'rear_right_fwd': {'period': 600600, 'duty': 379429, 'valid': 1}, 'rear_left_fwd': {'period': 600600, 'duty': 379429, 'valid': 1}, 'steering_right': {'period': 600600, 'duty': 14639, 'valid': 1}}
[2026-04-30 12:45:23,853] [INFO] [0040] system: rss=247.4MB | mem_avail=657.1MB | swap_free=510.2MB | load=0.63 0.64 0.57 | temp=hwmon0_temp1_input=52.0C, hwmon1_temp1_input=50.0C, hwmon2_temp1_input=49.2C, hwmon2_temp2_input=48.0C, pl_temp=49.8C, ps_temp=48.2C, remote_temp=48.6C
[2026-04-30 12:45:24,841] [INFO] [0050] cap=12.0ms | pre=11.9ms | inf=16.4ms | post=6.5ms | ctrl=0.1ms | act=1.5ms | total=48.6ms | valid=True | invalid=0 | pixels=33292 | err=+0.541 | steer=+0.216 | speed=0.549 | amode=real_mmio | aspeed=0.549 | drive=['rear_right_fwd', 'rear_left_fwd'] | dduty=329504 | seff=+0.216 | steer_ch=steering_right | sduty=32469 | cur=None | adc=None
[2026-04-30 12:45:24,842] [INFO] [0050] actuator_regs={'rear_right_fwd': {'period': 600600, 'duty': 329504, 'valid': 1}, 'rear_left_fwd': {'period': 600600, 'duty': 329504, 'valid': 1}, 'steering_right': {'period': 600600, 'duty': 32469, 'valid': 1}}
[2026-04-30 12:45:24,853] [INFO] [0050] system: rss=247.4MB | mem_avail=657.1MB | swap_free=510.2MB | load=0.63 0.64 0.57 | temp=hwmon0_temp1_input=52.0C, hwmon1_temp1_input=50.0C, hwmon2_temp1_input=48.3C, hwmon2_temp2_input=49.9C, pl_temp=49.9C, ps_temp=48.3C, remote_temp=49.2C
[2026-04-30 12:45:25,841] [INFO] [0060] cap=12.1ms | pre=11.7ms | inf=15.2ms | post=6.6ms | ctrl=0.1ms | act=1.5ms | total=47.2ms | valid=True | invalid=0 | pixels=26448 | err=+0.647 | steer=+0.259 | speed=0.519 | amode=real_mmio | aspeed=0.519 | drive=['rear_right_fwd', 'rear_left_fwd'] | dduty=311636 | seff=+0.259 | steer_ch=steering_right | sduty=38851 | cur=None | adc=None
[2026-04-30 12:45:25,842] [INFO] [0060] actuator_regs={'rear_right_fwd': {'period': 600600, 'duty': 311636, 'valid': 1}, 'rear_left_fwd': {'period': 600600, 'duty': 311636, 'valid': 1}, 'steering_right': {'period': 600600, 'duty': 38851, 'valid': 1}}
[2026-04-30 12:45:25,852] [INFO] [0060] system: rss=247.4MB | mem_avail=656.9MB | swap_free=510.2MB | load=0.58 0.63 0.56 | temp=hwmon0_temp1_input=52.0C, hwmon1_temp1_input=51.0C, hwmon2_temp1_input=48.9C, hwmon2_temp2_input=49.2C, pl_temp=49.5C, ps_temp=49.6C, remote_temp=48.9C
[2026-04-30 12:45:26,844] [INFO] [0070] cap=11.9ms | pre=12.7ms | inf=15.6ms | post=6.3ms | ctrl=0.1ms | act=1.5ms | total=48.1ms | valid=True | invalid=0 | pixels=1381 | err=+0.944 | steer=+0.378 | speed=0.436 | amode=real_mmio | aspeed=0.436 | drive=['rear_right_fwd', 'rear_left_fwd'] | dduty=261711 | seff=+0.378 | steer_ch=steering_right | sduty=56681 | cur=None | adc=None
[2026-04-30 12:45:26,844] [INFO] [0070] actuator_regs={'rear_right_fwd': {'period': 600600, 'duty': 261711, 'valid': 1}, 'rear_left_fwd': {'period': 600600, 'duty': 261711, 'valid': 1}, 'steering_right': {'period': 600600, 'duty': 56681, 'valid': 1}}
[2026-04-30 12:45:26,855] [INFO] [0070] system: rss=247.4MB | mem_avail=656.9MB | swap_free=510.2MB | load=0.58 0.63 0.56 | temp=hwmon0_temp1_input=52.0C, hwmon1_temp1_input=50.0C, hwmon2_temp1_input=49.8C, hwmon2_temp2_input=48.5C, pl_temp=49.8C, ps_temp=48.6C, remote_temp=49.3C
[2026-04-30 12:45:27,848] [INFO] [0080] cap=12.0ms | pre=12.2ms | inf=15.2ms | post=6.2ms | ctrl=0.1ms | act=1.8ms | total=47.6ms | valid=True | invalid=0 | pixels=365 | err=+0.981 | steer=+0.393 | speed=0.425 | amode=real_mmio | aspeed=0.425 | drive=['rear_right_fwd', 'rear_left_fwd'] | dduty=255405 | seff=+0.393 | steer_ch=steering_right | sduty=58933 | cur=None | adc=None
[2026-04-30 12:45:27,849] [INFO] [0080] actuator_regs={'rear_right_fwd': {'period': 600600, 'duty': 255405, 'valid': 1}, 'rear_left_fwd': {'period': 600600, 'duty': 255405, 'valid': 1}, 'steering_right': {'period': 600600, 'duty': 58933, 'valid': 1}}
[2026-04-30 12:45:27,860] [INFO] [0080] system: rss=247.4MB | mem_avail=658.2MB | swap_free=510.2MB | load=0.58 0.63 0.56 | temp=hwmon0_temp1_input=52.0C, hwmon1_temp1_input=50.0C, hwmon2_temp1_input=49.2C, hwmon2_temp2_input=48.6C, pl_temp=49.9C, ps_temp=48.5C, remote_temp=49.4C
[2026-04-30 12:45:28,845] [INFO] [0090] cap=12.0ms | pre=11.8ms | inf=15.1ms | post=3.8ms | ctrl=0.0ms | act=0.3ms | total=43.1ms | valid=False | invalid=10 | pixels=0 | err=+0.000 | steer=+0.000 | speed=0.000 | amode=stop | aspeed=0.000 | drive=[] | dduty=0 | seff=+0.000 | steer_ch=None | sduty=0 | cur=None | adc=None
[2026-04-30 12:45:28,855] [INFO] [0090] system: rss=247.8MB | mem_avail=657.9MB | swap_free=510.2MB | load=0.58 0.63 0.56 | temp=hwmon0_temp1_input=52.0C, hwmon1_temp1_input=50.0C, hwmon2_temp1_input=48.6C, hwmon2_temp2_input=50.2C, pl_temp=50.1C, ps_temp=48.9C, remote_temp=48.0C
[2026-04-30 12:45:29,848] [INFO] [0100] cap=12.2ms | pre=11.6ms | inf=17.0ms | post=3.9ms | ctrl=0.0ms | act=0.2ms | total=45.0ms | valid=False | invalid=20 | pixels=0 | err=+0.000 | steer=+0.000 | speed=0.000 | amode=stop | aspeed=0.000 | drive=[] | dduty=0 | seff=+0.000 | steer_ch=None | sduty=0 | cur=None | adc=None
[2026-04-30 12:45:29,860] [INFO] [0100] system: rss=247.8MB | mem_avail=657.8MB | swap_free=510.2MB | load=0.58 0.63 0.56 | temp=hwmon0_temp1_input=52.0C, hwmon1_temp1_input=51.0C, hwmon2_temp1_input=48.0C, hwmon2_temp2_input=48.7C, pl_temp=49.5C, ps_temp=48.8C, remote_temp=48.9C
[2026-04-30 12:45:30,848] [INFO] [0110] cap=11.8ms | pre=11.8ms | inf=15.1ms | post=3.9ms | ctrl=0.0ms | act=0.2ms | total=43.0ms | valid=False | invalid=30 | pixels=0 | err=+0.000 | steer=+0.000 | speed=0.000 | amode=stop | aspeed=0.000 | drive=[] | dduty=0 | seff=+0.000 | steer_ch=None | sduty=0 | cur=None | adc=None
[2026-04-30 12:45:30,858] [INFO] [0110] system: rss=247.8MB | mem_avail=657.3MB | swap_free=510.2MB | load=0.53 0.62 0.56 | temp=hwmon0_temp1_input=52.0C, hwmon1_temp1_input=51.0C, hwmon2_temp1_input=49.8C, hwmon2_temp2_input=48.7C, pl_temp=49.6C, ps_temp=48.3C, remote_temp=48.7C
[2026-04-30 12:45:31,850] [INFO] [0120] cap=12.1ms | pre=11.6ms | inf=15.0ms | post=4.0ms | ctrl=0.0ms | act=0.2ms | total=43.1ms | valid=False | invalid=9 | pixels=0 | err=+0.000 | steer=+0.000 | speed=0.000 | amode=stop | aspeed=0.000 | drive=[] | dduty=0 | seff=+0.000 | steer_ch=None | sduty=0 | cur=None | adc=None
[2026-04-30 12:45:31,860] [INFO] [0120] system: rss=247.8MB | mem_avail=657.3MB | swap_free=510.2MB | load=0.53 0.62 0.56 | temp=hwmon0_temp1_input=52.0C, hwmon1_temp1_input=51.0C, hwmon2_temp1_input=48.7C, hwmon2_temp2_input=49.2C, pl_temp=49.8C, ps_temp=50.1C, remote_temp=49.6C
[2026-04-30 12:45:32,854] [INFO] [0130] cap=11.1ms | pre=11.7ms | inf=15.0ms | post=6.3ms | ctrl=0.1ms | act=1.3ms | total=45.7ms | valid=True | invalid=0 | pixels=471 | err=+0.981 | steer=+0.393 | speed=0.425 | amode=real_mmio | aspeed=0.425 | drive=['rear_right_fwd', 'rear_left_fwd'] | dduty=255405 | seff=+0.393 | steer_ch=steering_right | sduty=58933 | cur=None | adc=None
[2026-04-30 12:45:32,855] [INFO] [0130] actuator_regs={'rear_right_fwd': {'period': 600600, 'duty': 255405, 'valid': 1}, 'rear_left_fwd': {'period': 600600, 'duty': 255405, 'valid': 1}, 'steering_right': {'period': 600600, 'duty': 58933, 'valid': 1}}
[2026-04-30 12:45:32,865] [INFO] [0130] system: rss=247.8MB | mem_avail=657.0MB | swap_free=510.2MB | load=0.53 0.62 0.56 | temp=hwmon0_temp1_input=51.0C, hwmon1_temp1_input=50.0C, hwmon2_temp1_input=48.3C, hwmon2_temp2_input=48.7C, pl_temp=49.5C, ps_temp=49.1C, remote_temp=48.7C
[2026-04-30 12:45:33,852] [INFO] [0140] cap=11.8ms | pre=11.7ms | inf=15.3ms | post=3.8ms | ctrl=0.0ms | act=0.2ms | total=43.1ms | valid=False | invalid=3 | pixels=0 | err=+0.000 | steer=+0.000 | speed=0.000 | amode=stop | aspeed=0.000 | drive=[] | dduty=0 | seff=+0.000 | steer_ch=None | sduty=0 | cur=None | adc=None
[2026-04-30 12:45:33,863] [INFO] [0140] system: rss=247.8MB | mem_avail=657.0MB | swap_free=510.2MB | load=0.53 0.62 0.56 | temp=hwmon0_temp1_input=52.0C, hwmon1_temp1_input=51.0C, hwmon2_temp1_input=48.3C, hwmon2_temp2_input=49.5C, pl_temp=49.8C, ps_temp=49.3C, remote_temp=49.5C
[2026-04-30 12:45:34,859] [INFO] [0150] cap=12.2ms | pre=11.9ms | inf=15.1ms | post=6.4ms | ctrl=0.1ms | act=1.4ms | total=47.3ms | valid=True | invalid=0 | pixels=20127 | err=-0.309 | steer=-0.124 | speed=0.613 | amode=real_mmio | aspeed=0.613 | drive=['rear_right_fwd', 'rear_left_fwd'] | dduty=368393 | seff=-0.124 | steer_ch=steering_left | sduty=18581 | cur=None | adc=None
[2026-04-30 12:45:34,860] [INFO] [0150] actuator_regs={'rear_right_fwd': {'period': 600600, 'duty': 368393, 'valid': 1}, 'rear_left_fwd': {'period': 600600, 'duty': 368393, 'valid': 1}, 'steering_left': {'period': 600600, 'duty': 18581, 'valid': 1}}
[2026-04-30 12:45:34,870] [INFO] [0150] system: rss=247.8MB | mem_avail=657.0MB | swap_free=510.2MB | load=0.53 0.62 0.56 | temp=hwmon0_temp1_input=52.0C, hwmon1_temp1_input=50.0C, hwmon2_temp1_input=49.2C, hwmon2_temp2_input=49.4C, pl_temp=49.6C, ps_temp=49.0C, remote_temp=49.7C
[2026-04-30 12:45:35,861] [INFO] [0160] cap=11.8ms | pre=12.0ms | inf=16.7ms | post=6.3ms | ctrl=0.1ms | act=1.5ms | total=48.6ms | valid=True | invalid=0 | pixels=19388 | err=-0.281 | steer=-0.113 | speed=0.621 | amode=real_mmio | aspeed=0.621 | drive=['rear_right_fwd', 'rear_left_fwd'] | dduty=373122 | seff=-0.113 | steer_ch=steering_left | sduty=16891 | cur=None | adc=None
[2026-04-30 12:45:35,862] [INFO] [0160] actuator_regs={'rear_right_fwd': {'period': 600600, 'duty': 373122, 'valid': 1}, 'rear_left_fwd': {'period': 600600, 'duty': 373122, 'valid': 1}, 'steering_left': {'period': 600600, 'duty': 16891, 'valid': 1}}
[2026-04-30 12:45:35,872] [INFO] [0160] system: rss=247.8MB | mem_avail=656.8MB | swap_free=510.2MB | load=0.49 0.61 0.56 | temp=hwmon0_temp1_input=52.0C, hwmon1_temp1_input=51.0C, hwmon2_temp1_input=47.8C, hwmon2_temp2_input=49.2C, pl_temp=49.7C, ps_temp=49.3C, remote_temp=48.8C
[2026-04-30 12:45:36,864] [INFO] [0170] cap=12.1ms | pre=11.9ms | inf=18.5ms | post=6.6ms | ctrl=0.1ms | act=1.4ms | total=50.8ms | valid=True | invalid=0 | pixels=13557 | err=-0.338 | steer=-0.135 | speed=0.606 | amode=real_mmio | aspeed=0.606 | drive=['rear_right_fwd', 'rear_left_fwd'] | dduty=363663 | seff=-0.135 | steer_ch=steering_left | sduty=20270 | cur=None | adc=None
[2026-04-30 12:45:36,865] [INFO] [0170] actuator_regs={'rear_right_fwd': {'period': 600600, 'duty': 363663, 'valid': 1}, 'rear_left_fwd': {'period': 600600, 'duty': 363663, 'valid': 1}, 'steering_left': {'period': 600600, 'duty': 20270, 'valid': 1}}
[2026-04-30 12:45:36,875] [INFO] [0170] system: rss=247.8MB | mem_avail=656.8MB | swap_free=510.2MB | load=0.49 0.61 0.56 | temp=hwmon0_temp1_input=51.0C, hwmon1_temp1_input=51.0C, hwmon2_temp1_input=49.4C, hwmon2_temp2_input=49.4C, pl_temp=49.3C, ps_temp=48.9C, remote_temp=49.9C
[2026-04-30 12:45:37,862] [INFO] [0180] cap=12.0ms | pre=12.2ms | inf=15.3ms | post=6.2ms | ctrl=0.1ms | act=1.5ms | total=47.4ms | valid=True | invalid=0 | pixels=270 | err=+0.981 | steer=+0.393 | speed=0.425 | amode=real_mmio | aspeed=0.425 | drive=['rear_right_fwd', 'rear_left_fwd'] | dduty=255405 | seff=+0.393 | steer_ch=steering_right | sduty=58933 | cur=None | adc=None
[2026-04-30 12:45:37,862] [INFO] [0180] actuator_regs={'rear_right_fwd': {'period': 600600, 'duty': 255405, 'valid': 1}, 'rear_left_fwd': {'period': 600600, 'duty': 255405, 'valid': 1}, 'steering_right': {'period': 600600, 'duty': 58933, 'valid': 1}}
[2026-04-30 12:45:37,873] [INFO] [0180] system: rss=247.8MB | mem_avail=656.3MB | swap_free=510.2MB | load=0.49 0.61 0.56 | temp=hwmon0_temp1_input=52.0C, hwmon1_temp1_input=51.0C, hwmon2_temp1_input=48.3C, hwmon2_temp2_input=49.1C, pl_temp=49.9C, ps_temp=49.1C, remote_temp=49.1C
[2026-04-30 12:45:38,859] [INFO] [0190] cap=12.2ms | pre=12.0ms | inf=15.0ms | post=3.8ms | ctrl=0.0ms | act=0.2ms | total=43.3ms | valid=False | invalid=8 | pixels=0 | err=+0.000 | steer=+0.000 | speed=0.000 | amode=stop | aspeed=0.000 | drive=[] | dduty=0 | seff=+0.000 | steer_ch=None | sduty=0 | cur=None | adc=None
[2026-04-30 12:45:38,869] [INFO] [0190] system: rss=247.8MB | mem_avail=656.3MB | swap_free=510.2MB | load=0.49 0.61 0.56 | temp=hwmon0_temp1_input=51.0C, hwmon1_temp1_input=51.0C, hwmon2_temp1_input=48.4C, hwmon2_temp2_input=48.7C, pl_temp=49.7C, ps_temp=49.5C, remote_temp=50.1C
[2026-04-30 12:45:39,987] [INFO] profiler summary:
[2026-04-30 12:45:39,989] [INFO]  - capture: avg=13.95ms, min=10.94ms, max=329.96ms
[2026-04-30 12:45:39,990] [INFO]  - preprocess: avg=11.84ms, min=11.49ms, max=12.74ms
[2026-04-30 12:45:39,990] [INFO]  - inference: avg=16.90ms, min=14.94ms, max=65.71ms
[2026-04-30 12:45:39,990] [INFO]  - postprocess: avg=5.96ms, min=3.79ms, max=26.76ms
[2026-04-30 12:45:39,991] [INFO]  - control: avg=0.04ms, min=0.02ms, max=0.11ms
[2026-04-30 12:45:39,991] [INFO]  - actuator: avg=1.03ms, min=0.19ms, max=2.95ms
[2026-04-30 12:45:39,992] [INFO]  - total: avg=49.90ms, min=42.15ms, max=386.49ms
[2026-04-30 12:46:05,035] [INFO] DPU overlay 로드: /home/xilinx/jupyter_notebooks/pynq-dpu/autonomous_driving_baseline/configs/dpu/dpu.bit
[2026-04-30 12:46:07,299] [INFO] DPU overlay 로드 완료
[2026-04-30 12:46:07,301] [INFO] 카메라 open
[2026-04-30 12:46:07,379] [INFO] xmodel load / runner create
[2026-04-30 12:46:07,991] [INFO] DPU input shape: (1, 256, 256, 3)
[2026-04-30 12:46:07,992] [INFO] DPU output shape: (1, 256, 256, 1)
[2026-04-30 12:46:07,993] [INFO] DPU warmup: 2회
[2026-04-30 12:46:08,027] [INFO] actuator mode: real_mmio
[2026-04-30 12:46:08,041] [INFO] 스트리밍 서버 시작
[2026-04-30 12:46:08,042] [INFO] 웹 대시보드: http://127.0.0.1:5000
[2026-04-30 12:46:08,043] [INFO] 웹 대시보드: http://pynq:5000
[2026-04-30 12:46:08,044] [INFO] 웹 대시보드: http://127.0.1.1:5000
[2026-04-30 12:46:08,045] [INFO] main loop 시작: max_frames=200, target_fps=10.0
[2026-04-30 12:46:08,497] [INFO] system start: rss=238.5MB | mem_avail=660.6MB | swap_free=510.2MB | load=0.50 0.60 0.55 | temp=hwmon0_temp1_input=52.0C, hwmon1_temp1_input=51.0C, hwmon2_temp1_input=48.9C, hwmon2_temp2_input=49.0C, pl_temp=50.0C, ps_temp=50.0C, remote_temp=49.7C
[2026-04-30 12:46:08,916] [INFO] [0000] cap=337.9ms | pre=12.0ms | inf=18.6ms | post=23.4ms | ctrl=0.0ms | act=0.2ms | total=392.3ms | valid=False | invalid=1 | pixels=0 | err=+0.000 | steer=+0.000 | speed=0.000 | amode=stop | aspeed=0.000 | drive=[] | dduty=0 | seff=+0.000 | steer_ch=None | sduty=0 | cur=None | adc=None
[2026-04-30 12:46:08,926] [INFO] [0000] system: rss=247.3MB | mem_avail=657.0MB | swap_free=510.2MB | load=0.50 0.60 0.55 | temp=hwmon0_temp1_input=52.0C, hwmon1_temp1_input=50.0C, hwmon2_temp1_input=48.3C, hwmon2_temp2_input=49.5C, pl_temp=49.9C, ps_temp=49.3C, remote_temp=48.4C
[2026-04-30 12:46:09,903] [INFO] [0010] cap=12.4ms | pre=11.6ms | inf=17.9ms | post=5.8ms | ctrl=0.0ms | act=0.2ms | total=48.2ms | valid=False | invalid=11 | pixels=0 | err=+0.000 | steer=+0.000 | speed=0.000 | amode=stop | aspeed=0.000 | drive=[] | dduty=0 | seff=+0.000 | steer_ch=None | sduty=0 | cur=None | adc=None
[2026-04-30 12:46:09,914] [INFO] [0010] system: rss=247.6MB | mem_avail=657.0MB | swap_free=510.2MB | load=0.50 0.60 0.55 | temp=hwmon0_temp1_input=52.0C, hwmon1_temp1_input=51.0C, hwmon2_temp1_input=49.3C, hwmon2_temp2_input=48.4C, pl_temp=49.5C, ps_temp=48.9C, remote_temp=49.5C
[2026-04-30 12:46:10,905] [INFO] [0020] cap=12.4ms | pre=12.8ms | inf=16.7ms | post=6.5ms | ctrl=0.1ms | act=1.3ms | total=49.9ms | valid=True | invalid=0 | pixels=1381 | err=-0.384 | steer=-0.154 | speed=0.592 | amode=real_mmio | aspeed=0.592 | drive=['rear_right_fwd', 'rear_left_fwd'] | dduty=355780 | seff=-0.154 | steer_ch=steering_left | sduty=23085 | cur=None | adc=None
[2026-04-30 12:46:10,906] [INFO] [0020] actuator_regs={'rear_right_fwd': {'period': 600600, 'duty': 355780, 'valid': 1}, 'rear_left_fwd': {'period': 600600, 'duty': 355780, 'valid': 1}, 'steering_left': {'period': 600600, 'duty': 23085, 'valid': 1}}
[2026-04-30 12:46:10,917] [INFO] [0020] system: rss=247.6MB | mem_avail=657.0MB | swap_free=510.2MB | load=0.46 0.59 0.55 | temp=hwmon0_temp1_input=52.0C, hwmon1_temp1_input=51.0C, hwmon2_temp1_input=48.8C, hwmon2_temp2_input=49.9C, pl_temp=49.6C, ps_temp=49.1C, remote_temp=48.3C
[2026-04-30 12:46:11,907] [INFO] [0030] cap=13.0ms | pre=12.3ms | inf=15.6ms | post=6.6ms | ctrl=0.1ms | act=1.4ms | total=49.1ms | valid=True | invalid=0 | pixels=8108 | err=-0.394 | steer=-0.158 | speed=0.590 | amode=real_mmio | aspeed=0.590 | drive=['rear_right_fwd', 'rear_left_fwd'] | dduty=354203 | seff=-0.158 | steer_ch=steering_left | sduty=23648 | cur=None | adc=None
[2026-04-30 12:46:11,909] [INFO] [0030] actuator_regs={'rear_right_fwd': {'period': 600600, 'duty': 354203, 'valid': 1}, 'rear_left_fwd': {'period': 600600, 'duty': 354203, 'valid': 1}, 'steering_left': {'period': 600600, 'duty': 23648, 'valid': 1}}
[2026-04-30 12:46:11,920] [INFO] [0030] system: rss=247.7MB | mem_avail=656.8MB | swap_free=510.2MB | load=0.46 0.59 0.55 | temp=hwmon0_temp1_input=52.0C, hwmon1_temp1_input=51.0C, hwmon2_temp1_input=50.7C, hwmon2_temp2_input=47.9C, pl_temp=49.9C, ps_temp=49.1C, remote_temp=50.3C
[2026-04-30 12:46:12,906] [INFO] [0040] cap=12.2ms | pre=11.8ms | inf=15.4ms | post=7.8ms | ctrl=0.1ms | act=1.5ms | total=48.9ms | valid=True | invalid=0 | pixels=13384 | err=-0.816 | steer=-0.326 | speed=0.472 | amode=real_mmio | aspeed=0.472 | drive=['rear_right_fwd', 'rear_left_fwd'] | dduty=283257 | seff=-0.326 | steer_ch=steering_left | sduty=48986 | cur=None | adc=None
[2026-04-30 12:46:12,908] [INFO] [0040] actuator_regs={'rear_right_fwd': {'period': 600600, 'duty': 283257, 'valid': 1}, 'rear_left_fwd': {'period': 600600, 'duty': 283257, 'valid': 1}, 'steering_left': {'period': 600600, 'duty': 48986, 'valid': 1}}
[2026-04-30 12:46:12,919] [INFO] [0040] system: rss=247.7MB | mem_avail=656.3MB | swap_free=510.2MB | load=0.46 0.59 0.55 | temp=hwmon0_temp1_input=52.0C, hwmon1_temp1_input=51.0C, hwmon2_temp1_input=48.4C, hwmon2_temp2_input=49.2C, pl_temp=50.0C, ps_temp=49.1C, remote_temp=49.3C
[2026-04-30 12:46:13,909] [INFO] [0050] cap=12.7ms | pre=12.3ms | inf=15.6ms | post=6.7ms | ctrl=0.1ms | act=1.4ms | total=48.8ms | valid=True | invalid=0 | pixels=4587 | err=-0.625 | steer=-0.250 | speed=0.525 | amode=real_mmio | aspeed=0.525 | drive=['rear_right_fwd', 'rear_left_fwd'] | dduty=315314 | seff=-0.250 | steer_ch=steering_left | sduty=37537 | cur=None | adc=None
[2026-04-30 12:46:13,910] [INFO] [0050] actuator_regs={'rear_right_fwd': {'period': 600600, 'duty': 315314, 'valid': 1}, 'rear_left_fwd': {'period': 600600, 'duty': 315314, 'valid': 1}, 'steering_left': {'period': 600600, 'duty': 37537, 'valid': 1}}
[2026-04-30 12:46:13,921] [INFO] [0050] system: rss=247.7MB | mem_avail=656.1MB | swap_free=510.2MB | load=0.46 0.59 0.55 | temp=hwmon0_temp1_input=52.0C, hwmon1_temp1_input=50.0C, hwmon2_temp1_input=49.6C, hwmon2_temp2_input=48.6C, pl_temp=49.8C, ps_temp=48.9C, remote_temp=49.2C
[2026-04-30 12:46:14,910] [INFO] [0060] cap=12.5ms | pre=12.2ms | inf=15.6ms | post=7.3ms | ctrl=0.1ms | act=1.4ms | total=49.3ms | valid=True | invalid=0 | pixels=2253 | err=-0.025 | steer=-0.010 | speed=0.693 | amode=real_mmio | aspeed=0.693 | drive=['rear_right_fwd', 'rear_left_fwd'] | dduty=416215 | seff=+0.000 | steer_ch=None | sduty=0 | cur=None | adc=None
[2026-04-30 12:46:14,911] [INFO] [0060] actuator_regs={'rear_right_fwd': {'period': 600600, 'duty': 416215, 'valid': 1}, 'rear_left_fwd': {'period': 600600, 'duty': 416215, 'valid': 1}}
[2026-04-30 12:46:14,922] [INFO] [0060] system: rss=247.7MB | mem_avail=655.8MB | swap_free=510.2MB | load=0.46 0.59 0.55 | temp=hwmon0_temp1_input=51.0C, hwmon1_temp1_input=50.0C, hwmon2_temp1_input=49.6C, hwmon2_temp2_input=48.5C, pl_temp=49.9C, ps_temp=48.9C, remote_temp=48.9C
[2026-04-30 12:46:15,910] [INFO] [0070] cap=12.4ms | pre=12.2ms | inf=15.5ms | post=6.7ms | ctrl=0.1ms | act=1.5ms | total=48.6ms | valid=True | invalid=0 | pixels=7307 | err=-0.631 | steer=-0.253 | speed=0.523 | amode=real_mmio | aspeed=0.523 | drive=['rear_right_fwd', 'rear_left_fwd'] | dduty=314263 | seff=-0.253 | steer_ch=steering_left | sduty=37912 | cur=None | adc=None
[2026-04-30 12:46:15,911] [INFO] [0070] actuator_regs={'rear_right_fwd': {'period': 600600, 'duty': 314263, 'valid': 1}, 'rear_left_fwd': {'period': 600600, 'duty': 314263, 'valid': 1}, 'steering_left': {'period': 600600, 'duty': 37912, 'valid': 1}}
[2026-04-30 12:46:15,922] [INFO] [0070] system: rss=247.7MB | mem_avail=655.8MB | swap_free=510.2MB | load=0.51 0.60 0.55 | temp=hwmon0_temp1_input=52.0C, hwmon1_temp1_input=51.0C, hwmon2_temp1_input=48.8C, hwmon2_temp2_input=49.3C, pl_temp=49.8C, ps_temp=49.4C, remote_temp=48.3C
[2026-04-30 12:46:16,912] [INFO] [0080] cap=12.0ms | pre=11.7ms | inf=18.3ms | post=6.3ms | ctrl=0.1ms | act=1.5ms | total=50.1ms | valid=True | invalid=0 | pixels=4730 | err=-0.887 | steer=-0.355 | speed=0.452 | amode=real_mmio | aspeed=0.452 | drive=['rear_right_fwd', 'rear_left_fwd'] | dduty=271170 | seff=-0.355 | steer_ch=steering_left | sduty=53303 | cur=None | adc=None
[2026-04-30 12:46:16,913] [INFO] [0080] actuator_regs={'rear_right_fwd': {'period': 600600, 'duty': 271170, 'valid': 1}, 'rear_left_fwd': {'period': 600600, 'duty': 271170, 'valid': 1}, 'steering_left': {'period': 600600, 'duty': 53303, 'valid': 1}}
[2026-04-30 12:46:16,923] [INFO] [0080] system: rss=247.7MB | mem_avail=655.6MB | swap_free=510.2MB | load=0.51 0.60 0.55 | temp=hwmon0_temp1_input=52.0C, hwmon1_temp1_input=50.0C, hwmon2_temp1_input=48.8C, hwmon2_temp2_input=48.9C, pl_temp=49.9C, ps_temp=49.3C, remote_temp=50.1C
[2026-04-30 12:46:17,913] [INFO] [0090] cap=11.8ms | pre=11.7ms | inf=18.5ms | post=6.5ms | ctrl=0.1ms | act=1.5ms | total=50.3ms | valid=True | invalid=0 | pixels=18195 | err=-0.584 | steer=-0.234 | speed=0.536 | amode=real_mmio | aspeed=0.536 | drive=['rear_right_fwd', 'rear_left_fwd'] | dduty=322146 | seff=-0.234 | steer_ch=steering_left | sduty=35097 | cur=None | adc=None
[2026-04-30 12:46:17,914] [INFO] [0090] actuator_regs={'rear_right_fwd': {'period': 600600, 'duty': 322146, 'valid': 1}, 'rear_left_fwd': {'period': 600600, 'duty': 322146, 'valid': 1}, 'steering_left': {'period': 600600, 'duty': 35097, 'valid': 1}}
[2026-04-30 12:46:17,924] [INFO] [0090] system: rss=247.7MB | mem_avail=655.6MB | swap_free=510.2MB | load=0.51 0.60 0.55 | temp=hwmon0_temp1_input=52.0C, hwmon1_temp1_input=51.0C, hwmon2_temp1_input=48.6C, hwmon2_temp2_input=50.6C, pl_temp=49.2C, ps_temp=48.3C, remote_temp=48.6C
[2026-04-30 12:46:18,913] [INFO] [0100] cap=11.8ms | pre=11.5ms | inf=17.7ms | post=6.4ms | ctrl=0.1ms | act=1.6ms | total=49.2ms | valid=True | invalid=0 | pixels=30296 | err=-0.212 | steer=-0.085 | speed=0.640 | amode=real_mmio | aspeed=0.640 | drive=['rear_right_fwd', 'rear_left_fwd'] | dduty=384684 | seff=-0.085 | steer_ch=steering_left | sduty=12762 | cur=None | adc=None
[2026-04-30 12:46:18,914] [INFO] [0100] actuator_regs={'rear_right_fwd': {'period': 600600, 'duty': 384684, 'valid': 1}, 'rear_left_fwd': {'period': 600600, 'duty': 384684, 'valid': 1}, 'steering_left': {'period': 600600, 'duty': 12762, 'valid': 1}}
[2026-04-30 12:46:18,924] [INFO] [0100] system: rss=247.7MB | mem_avail=655.6MB | swap_free=510.2MB | load=0.51 0.60 0.55 | temp=hwmon0_temp1_input=52.0C, hwmon1_temp1_input=51.0C, hwmon2_temp1_input=49.2C, hwmon2_temp2_input=49.7C, pl_temp=49.5C, ps_temp=48.9C, remote_temp=49.3C
[2026-04-30 12:46:19,915] [INFO] [0110] cap=11.8ms | pre=11.7ms | inf=15.5ms | post=7.7ms | ctrl=0.1ms | act=1.6ms | total=48.6ms | valid=True | invalid=0 | pixels=25595 | err=-0.309 | steer=-0.124 | speed=0.613 | amode=real_mmio | aspeed=0.613 | drive=['rear_right_fwd', 'rear_left_fwd'] | dduty=368393 | seff=-0.124 | steer_ch=steering_left | sduty=18581 | cur=None | adc=None
[2026-04-30 12:46:19,916] [INFO] [0110] actuator_regs={'rear_right_fwd': {'period': 600600, 'duty': 368393, 'valid': 1}, 'rear_left_fwd': {'period': 600600, 'duty': 368393, 'valid': 1}, 'steering_left': {'period': 600600, 'duty': 18581, 'valid': 1}}
[2026-04-30 12:46:19,926] [INFO] [0110] system: rss=247.7MB | mem_avail=655.6MB | swap_free=510.2MB | load=0.51 0.60 0.55 | temp=hwmon0_temp1_input=51.0C, hwmon1_temp1_input=51.0C, hwmon2_temp1_input=48.8C, hwmon2_temp2_input=49.4C, pl_temp=49.9C, ps_temp=48.3C, remote_temp=50.0C
[2026-04-30 12:46:20,915] [INFO] [0120] cap=11.8ms | pre=11.6ms | inf=15.1ms | post=6.4ms | ctrl=0.1ms | act=2.6ms | total=47.8ms | valid=True | invalid=0 | pixels=32393 | err=-0.028 | steer=-0.011 | speed=0.692 | amode=real_mmio | aspeed=0.692 | drive=['rear_right_fwd', 'rear_left_fwd'] | dduty=415690 | seff=+0.000 | steer_ch=None | sduty=0 | cur=None | adc=None
[2026-04-30 12:46:20,918] [INFO] [0120] actuator_regs={'rear_right_fwd': {'period': 600600, 'duty': 415690, 'valid': 1}, 'rear_left_fwd': {'period': 600600, 'duty': 415690, 'valid': 1}}
[2026-04-30 12:46:20,929] [INFO] [0120] system: rss=247.7MB | mem_avail=655.3MB | swap_free=510.2MB | load=0.63 0.62 0.56 | temp=hwmon0_temp1_input=52.0C, hwmon1_temp1_input=51.0C, hwmon2_temp1_input=49.7C, hwmon2_temp2_input=49.8C, pl_temp=50.1C, ps_temp=48.6C, remote_temp=49.3C
[2026-04-30 12:46:21,916] [INFO] [0130] cap=12.8ms | pre=11.5ms | inf=15.4ms | post=7.0ms | ctrl=0.1ms | act=1.6ms | total=48.5ms | valid=True | invalid=0 | pixels=33652 | err=+0.456 | steer=+0.182 | speed=0.572 | amode=real_mmio | aspeed=0.572 | drive=['rear_right_fwd', 'rear_left_fwd'] | dduty=343693 | seff=+0.182 | steer_ch=steering_right | sduty=27402 | cur=None | adc=None
[2026-04-30 12:46:21,918] [INFO] [0130] actuator_regs={'rear_right_fwd': {'period': 600600, 'duty': 343693, 'valid': 1}, 'rear_left_fwd': {'period': 600600, 'duty': 343693, 'valid': 1}, 'steering_right': {'period': 600600, 'duty': 27402, 'valid': 1}}
[2026-04-30 12:46:21,929] [INFO] [0130] system: rss=247.7MB | mem_avail=655.1MB | swap_free=510.2MB | load=0.63 0.62 0.56 | temp=hwmon0_temp1_input=52.0C, hwmon1_temp1_input=50.0C, hwmon2_temp1_input=47.6C, hwmon2_temp2_input=49.5C, pl_temp=49.9C, ps_temp=49.3C, remote_temp=49.1C
[2026-04-30 12:46:22,916] [INFO] [0140] cap=11.5ms | pre=11.6ms | inf=16.1ms | post=6.5ms | ctrl=0.1ms | act=1.5ms | total=47.3ms | valid=True | invalid=0 | pixels=31164 | err=+0.606 | steer=+0.242 | speed=0.530 | amode=real_mmio | aspeed=0.530 | drive=['rear_right_fwd', 'rear_left_fwd'] | dduty=318468 | seff=+0.242 | steer_ch=steering_right | sduty=36411 | cur=None | adc=None
[2026-04-30 12:46:22,918] [INFO] [0140] actuator_regs={'rear_right_fwd': {'period': 600600, 'duty': 318468, 'valid': 1}, 'rear_left_fwd': {'period': 600600, 'duty': 318468, 'valid': 1}, 'steering_right': {'period': 600600, 'duty': 36411, 'valid': 1}}
[2026-04-30 12:46:22,929] [INFO] [0140] system: rss=247.7MB | mem_avail=655.1MB | swap_free=510.2MB | load=0.63 0.62 0.56 | temp=hwmon0_temp1_input=52.0C, hwmon1_temp1_input=51.0C, hwmon2_temp1_input=49.0C, hwmon2_temp2_input=50.0C, pl_temp=49.9C, ps_temp=48.7C, remote_temp=49.5C
[2026-04-30 12:46:23,917] [INFO] [0150] cap=11.8ms | pre=11.9ms | inf=15.6ms | post=6.4ms | ctrl=0.1ms | act=1.5ms | total=47.3ms | valid=True | invalid=0 | pixels=17860 | err=+0.716 | steer=+0.286 | speed=0.500 | amode=real_mmio | aspeed=0.500 | drive=['rear_right_fwd', 'rear_left_fwd'] | dduty=300074 | seff=+0.286 | steer_ch=steering_right | sduty=42980 | cur=None | adc=None
[2026-04-30 12:46:23,919] [INFO] [0150] actuator_regs={'rear_right_fwd': {'period': 600600, 'duty': 300074, 'valid': 1}, 'rear_left_fwd': {'period': 600600, 'duty': 300074, 'valid': 1}, 'steering_right': {'period': 600600, 'duty': 42980, 'valid': 1}}
[2026-04-30 12:46:23,930] [INFO] [0150] system: rss=247.7MB | mem_avail=655.1MB | swap_free=510.2MB | load=0.63 0.62 0.56 | temp=hwmon0_temp1_input=52.0C, hwmon1_temp1_input=50.0C, hwmon2_temp1_input=48.2C, hwmon2_temp2_input=49.9C, pl_temp=50.0C, ps_temp=47.8C, remote_temp=48.5C
[2026-04-30 12:46:24,918] [INFO] [0160] cap=11.8ms | pre=11.6ms | inf=15.5ms | post=6.5ms | ctrl=0.1ms | act=1.7ms | total=47.3ms | valid=True | invalid=0 | pixels=13909 | err=+0.794 | steer=+0.318 | speed=0.478 | amode=real_mmio | aspeed=0.478 | drive=['rear_right_fwd', 'rear_left_fwd'] | dduty=286936 | seff=+0.318 | steer_ch=steering_right | sduty=47672 | cur=None | adc=None
[2026-04-30 12:46:24,919] [INFO] [0160] actuator_regs={'rear_right_fwd': {'period': 600600, 'duty': 286936, 'valid': 1}, 'rear_left_fwd': {'period': 600600, 'duty': 286936, 'valid': 1}, 'steering_right': {'period': 600600, 'duty': 47672, 'valid': 1}}
[2026-04-30 12:46:24,929] [INFO] [0160] system: rss=247.7MB | mem_avail=655.1MB | swap_free=510.2MB | load=0.63 0.62 0.56 | temp=hwmon0_temp1_input=52.0C, hwmon1_temp1_input=51.0C, hwmon2_temp1_input=49.9C, hwmon2_temp2_input=48.6C, pl_temp=50.0C, ps_temp=48.4C, remote_temp=48.8C
[2026-04-30 12:46:25,918] [INFO] [0170] cap=11.8ms | pre=11.5ms | inf=15.1ms | post=6.7ms | ctrl=0.1ms | act=1.4ms | total=46.8ms | valid=True | invalid=0 | pixels=2254 | err=+0.947 | steer=+0.379 | speed=0.435 | amode=real_mmio | aspeed=0.435 | drive=['rear_right_fwd', 'rear_left_fwd'] | dduty=261185 | seff=+0.379 | steer_ch=steering_right | sduty=56869 | cur=None | adc=None
[2026-04-30 12:46:25,919] [INFO] [0170] actuator_regs={'rear_right_fwd': {'period': 600600, 'duty': 261185, 'valid': 1}, 'rear_left_fwd': {'period': 600600, 'duty': 261185, 'valid': 1}, 'steering_right': {'period': 600600, 'duty': 56869, 'valid': 1}}
[2026-04-30 12:46:25,929] [INFO] [0170] system: rss=247.7MB | mem_avail=655.1MB | swap_free=510.2MB | load=0.66 0.63 0.56 | temp=hwmon0_temp1_input=52.0C, hwmon1_temp1_input=51.0C, hwmon2_temp1_input=49.0C, hwmon2_temp2_input=49.2C, pl_temp=50.1C, ps_temp=49.3C, remote_temp=49.5C
[2026-04-30 12:46:26,919] [INFO] [0180] cap=11.8ms | pre=11.6ms | inf=15.0ms | post=6.5ms | ctrl=0.1ms | act=1.5ms | total=46.7ms | valid=True | invalid=0 | pixels=2134 | err=+0.981 | steer=+0.393 | speed=0.425 | amode=real_mmio | aspeed=0.425 | drive=['rear_right_fwd', 'rear_left_fwd'] | dduty=255405 | seff=+0.393 | steer_ch=steering_right | sduty=58933 | cur=None | adc=None
[2026-04-30 12:46:26,920] [INFO] [0180] actuator_regs={'rear_right_fwd': {'period': 600600, 'duty': 255405, 'valid': 1}, 'rear_left_fwd': {'period': 600600, 'duty': 255405, 'valid': 1}, 'steering_right': {'period': 600600, 'duty': 58933, 'valid': 1}}
[2026-04-30 12:46:26,930] [INFO] [0180] system: rss=247.7MB | mem_avail=654.9MB | swap_free=510.2MB | load=0.66 0.63 0.56 | temp=hwmon0_temp1_input=51.0C, hwmon1_temp1_input=51.0C, hwmon2_temp1_input=48.9C, hwmon2_temp2_input=50.5C, pl_temp=49.9C, ps_temp=48.7C, remote_temp=47.9C
[2026-04-30 12:46:27,921] [INFO] [0190] cap=11.9ms | pre=11.4ms | inf=16.8ms | post=6.5ms | ctrl=0.1ms | act=1.5ms | total=48.2ms | valid=True | invalid=0 | pixels=1516 | err=+0.975 | steer=+0.390 | speed=0.427 | amode=real_mmio | aspeed=0.427 | drive=['rear_right_fwd', 'rear_left_fwd'] | dduty=256456 | seff=+0.390 | steer_ch=steering_right | sduty=58558 | cur=None | adc=None
[2026-04-30 12:46:27,922] [INFO] [0190] actuator_regs={'rear_right_fwd': {'period': 600600, 'duty': 256456, 'valid': 1}, 'rear_left_fwd': {'period': 600600, 'duty': 256456, 'valid': 1}, 'steering_right': {'period': 600600, 'duty': 58558, 'valid': 1}}
[2026-04-30 12:46:27,932] [INFO] [0190] system: rss=247.7MB | mem_avail=654.9MB | swap_free=510.2MB | load=0.66 0.63 0.56 | temp=hwmon0_temp1_input=52.0C, hwmon1_temp1_input=50.0C, hwmon2_temp1_input=47.6C, hwmon2_temp2_input=48.7C, pl_temp=49.7C, ps_temp=47.7C, remote_temp=48.9C
[2026-04-30 12:46:29,070] [INFO] profiler summary:
[2026-04-30 12:46:29,072] [INFO]  - capture: avg=13.98ms, min=11.27ms, max=337.89ms
[2026-04-30 12:46:29,073] [INFO]  - preprocess: avg=11.90ms, min=11.41ms, max=14.44ms
[2026-04-30 12:46:29,073] [INFO]  - inference: avg=16.72ms, min=14.93ms, max=67.60ms
[2026-04-30 12:46:29,074] [INFO]  - postprocess: avg=7.00ms, min=3.75ms, max=23.43ms
[2026-04-30 12:46:29,074] [INFO]  - control: avg=0.05ms, min=0.02ms, max=0.34ms
[2026-04-30 12:46:29,074] [INFO]  - actuator: avg=1.30ms, min=0.19ms, max=3.76ms
[2026-04-30 12:46:29,075] [INFO]  - total: avg=51.13ms, min=43.34ms, max=392.33ms
                                                                                                                                                                                                                                                                                                                                                                                                                                                                                                                                                                                                                                                                                                                                                                                                                                                                                                                                                 [2026-04-30 12:54:59,471] [INFO] DPU overlay 로드: /home/xilinx/jupyter_notebooks/pynq-dpu/autonomous_driving_baseline/configs/dpu/dpu.bit
[2026-04-30 12:55:04,629] [INFO] DPU overlay 로드 완료
[2026-04-30 12:55:04,630] [INFO] 카메라 open
[2026-04-30 12:55:05,422] [INFO] xmodel load / runner create
[2026-04-30 12:55:06,159] [INFO] DPU input shape: (1, 256, 256, 3)
[2026-04-30 12:55:06,160] [INFO] DPU output shape: (1, 256, 256, 1)
[2026-04-30 12:55:06,161] [INFO] DPU warmup: 2회
[2026-04-30 12:55:06,207] [INFO] actuator mode: real_mmio
[2026-04-30 12:55:06,221] [INFO] 스트리밍 서버 시작
[2026-04-30 12:55:06,222] [INFO] 웹 대시보드: http://127.0.0.1:5000
[2026-04-30 12:55:06,223] [INFO] 웹 대시보드: http://pynq:5000
[2026-04-30 12:55:06,223] [INFO] 웹 대시보드: http://127.0.1.1:5000
[2026-04-30 12:55:06,224] [INFO] main loop 시작: max_frames=200, target_fps=10.0
[2026-04-30 12:55:06,681] [INFO] system start: rss=231.1MB | mem_avail=1436.3MB | swap_free=512.0MB | load=0.82 0.64 0.31 | temp=hwmon0_temp1_input=50.0C, hwmon1_temp1_input=50.0C, hwmon2_temp1_input=45.8C, hwmon2_temp2_input=47.8C, pl_temp=48.1C, ps_temp=47.4C, remote_temp=48.2C
[2026-04-30 12:55:07,872] [INFO] [0000] cap=700.3ms | pre=33.3ms | inf=14.9ms | post=24.9ms | ctrl=0.1ms | act=1.6ms | total=775.2ms | valid=True | invalid=0 | pixels=2519 | err=+0.981 | steer=+0.393 | speed=0.425 | amode=real_mmio | aspeed=0.425 | drive=['rear_right_fwd', 'rear_left_fwd'] | dduty=255405 | seff=+0.393 | steer_ch=steering_right | sduty=58933 | cur=None | adc=None
[2026-04-30 12:55:07,873] [INFO] [0000] actuator_regs={'rear_right_fwd': {'period': 600600, 'duty': 255405, 'valid': 1}, 'rear_left_fwd': {'period': 600600, 'duty': 255405, 'valid': 1}, 'steering_right': {'period': 600600, 'duty': 58933, 'valid': 1}}
[2026-04-30 12:55:07,883] [INFO] [0000] system: rss=239.9MB | mem_avail=1431.5MB | swap_free=512.0MB | load=0.82 0.64 0.31 | temp=hwmon0_temp1_input=50.0C, hwmon1_temp1_input=49.0C, hwmon2_temp1_input=46.5C, hwmon2_temp2_input=47.1C, pl_temp=48.2C, ps_temp=48.2C, remote_temp=46.5C
[2026-04-30 12:55:08,857] [INFO] [0010] cap=11.5ms | pre=11.6ms | inf=16.7ms | post=6.1ms | ctrl=0.0ms | act=0.2ms | total=46.2ms | valid=False | invalid=5 | pixels=218 | err=-0.781 | steer=+0.000 | speed=0.000 | amode=stop | aspeed=0.000 | drive=[] | dduty=0 | seff=+0.000 | steer_ch=None | sduty=0 | cur=None | adc=None
[2026-04-30 12:55:08,867] [INFO] [0010] system: rss=239.9MB | mem_avail=1431.6MB | swap_free=512.0MB | load=0.84 0.65 0.32 | temp=hwmon0_temp1_input=50.0C, hwmon1_temp1_input=49.0C, hwmon2_temp1_input=46.9C, hwmon2_temp2_input=47.9C, pl_temp=48.0C, ps_temp=47.4C, remote_temp=48.0C
[2026-04-30 12:55:09,857] [INFO] [0020] cap=12.3ms | pre=11.8ms | inf=17.2ms | post=3.8ms | ctrl=0.0ms | act=0.2ms | total=45.6ms | valid=False | invalid=15 | pixels=0 | err=+0.000 | steer=+0.000 | speed=0.000 | amode=stop | aspeed=0.000 | drive=[] | dduty=0 | seff=+0.000 | steer_ch=None | sduty=0 | cur=None | adc=None
[2026-04-30 12:55:09,867] [INFO] [0020] system: rss=240.0MB | mem_avail=1431.0MB | swap_free=512.0MB | load=0.84 0.65 0.32 | temp=hwmon0_temp1_input=50.0C, hwmon1_temp1_input=50.0C, hwmon2_temp1_input=47.9C, hwmon2_temp2_input=48.7C, pl_temp=48.4C, ps_temp=47.8C, remote_temp=48.9C
[2026-04-30 12:55:10,859] [INFO] [0030] cap=12.3ms | pre=11.5ms | inf=17.8ms | post=4.8ms | ctrl=0.0ms | act=0.2ms | total=46.7ms | valid=False | invalid=25 | pixels=0 | err=+0.000 | steer=+0.000 | speed=0.000 | amode=stop | aspeed=0.000 | drive=[] | dduty=0 | seff=+0.000 | steer_ch=None | sduty=0 | cur=None | adc=None
[2026-04-30 12:55:10,869] [INFO] [0030] system: rss=240.0MB | mem_avail=1430.3MB | swap_free=512.0MB | load=0.84 0.65 0.32 | temp=hwmon0_temp1_input=50.0C, hwmon1_temp1_input=49.0C, hwmon2_temp1_input=48.1C, hwmon2_temp2_input=47.6C, pl_temp=48.3C, ps_temp=48.3C, remote_temp=47.8C
[2026-04-30 12:55:11,870] [INFO] [0040] cap=14.0ms | pre=13.6ms | inf=16.8ms | post=4.8ms | ctrl=0.0ms | act=0.3ms | total=49.7ms | valid=False | invalid=35 | pixels=0 | err=+0.000 | steer=+0.000 | speed=0.000 | amode=stop | aspeed=0.000 | drive=[] | dduty=0 | seff=+0.000 | steer_ch=None | sduty=0 | cur=None | adc=None
[2026-04-30 12:55:11,880] [INFO] [0040] system: rss=240.0MB | mem_avail=1429.7MB | swap_free=512.0MB | load=0.84 0.65 0.32 | temp=hwmon0_temp1_input=50.0C, hwmon1_temp1_input=49.0C, hwmon2_temp1_input=48.6C, hwmon2_temp2_input=47.1C, pl_temp=48.4C, ps_temp=47.2C, remote_temp=48.8C
[2026-04-30 12:55:12,862] [INFO] [0050] cap=12.3ms | pre=12.1ms | inf=19.1ms | post=3.9ms | ctrl=0.0ms | act=0.2ms | total=47.8ms | valid=False | invalid=45 | pixels=0 | err=+0.000 | steer=+0.000 | speed=0.000 | amode=stop | aspeed=0.000 | drive=[] | dduty=0 | seff=+0.000 | steer_ch=None | sduty=0 | cur=None | adc=None
[2026-04-30 12:55:12,875] [INFO] [0050] system: rss=240.0MB | mem_avail=1425.2MB | swap_free=512.0MB | load=0.84 0.65 0.32 | temp=hwmon0_temp1_input=51.0C, hwmon1_temp1_input=50.0C, hwmon2_temp1_input=46.2C, hwmon2_temp2_input=47.3C, pl_temp=48.3C, ps_temp=47.5C, remote_temp=47.4C
[2026-04-30 12:55:13,871] [INFO] [0060] cap=14.0ms | pre=13.6ms | inf=16.2ms | post=7.8ms | ctrl=0.0ms | act=0.3ms | total=52.0ms | valid=False | invalid=55 | pixels=0 | err=+0.000 | steer=+0.000 | speed=0.000 | amode=stop | aspeed=0.000 | drive=[] | dduty=0 | seff=+0.000 | steer_ch=None | sduty=0 | cur=None | adc=None
[2026-04-30 12:55:13,883] [INFO] [0060] system: rss=240.0MB | mem_avail=1424.6MB | swap_free=512.0MB | load=1.01 0.69 0.33 | temp=hwmon0_temp1_input=50.0C, hwmon1_temp1_input=50.0C, hwmon2_temp1_input=48.0C, hwmon2_temp2_input=47.9C, pl_temp=48.7C, ps_temp=47.4C, remote_temp=48.1C
[2026-04-30 12:55:14,863] [INFO] [0070] cap=12.4ms | pre=11.8ms | inf=15.1ms | post=6.6ms | ctrl=0.0ms | act=0.2ms | total=46.3ms | valid=False | invalid=65 | pixels=190 | err=-0.791 | steer=+0.000 | speed=0.000 | amode=stop | aspeed=0.000 | drive=[] | dduty=0 | seff=+0.000 | steer_ch=None | sduty=0 | cur=None | adc=None
[2026-04-30 12:55:14,873] [INFO] [0070] system: rss=240.0MB | mem_avail=1423.9MB | swap_free=512.0MB | load=1.01 0.69 0.33 | temp=hwmon0_temp1_input=50.0C, hwmon1_temp1_input=50.0C, hwmon2_temp1_input=48.3C, hwmon2_temp2_input=48.8C, pl_temp=48.4C, ps_temp=47.7C, remote_temp=47.9C
[2026-04-30 12:55:15,867] [INFO] [0080] cap=12.5ms | pre=11.9ms | inf=18.4ms | post=5.7ms | ctrl=0.0ms | act=0.2ms | total=49.0ms | valid=False | invalid=75 | pixels=0 | err=+0.000 | steer=+0.000 | speed=0.000 | amode=stop | aspeed=0.000 | drive=[] | dduty=0 | seff=+0.000 | steer_ch=None | sduty=0 | cur=None | adc=None
[2026-04-30 12:55:15,877] [INFO] [0080] system: rss=240.1MB | mem_avail=1423.5MB | swap_free=512.0MB | load=1.01 0.69 0.33 | temp=hwmon0_temp1_input=50.0C, hwmon1_temp1_input=49.0C, hwmon2_temp1_input=47.9C, hwmon2_temp2_input=49.1C, pl_temp=48.7C, ps_temp=47.4C, remote_temp=48.8C
[2026-04-30 12:55:16,866] [INFO] [0090] cap=12.3ms | pre=12.3ms | inf=15.4ms | post=6.3ms | ctrl=0.0ms | act=0.2ms | total=46.6ms | valid=False | invalid=85 | pixels=181 | err=-0.791 | steer=+0.000 | speed=0.000 | amode=stop | aspeed=0.000 | drive=[] | dduty=0 | seff=+0.000 | steer_ch=None | sduty=0 | cur=None | adc=None
[2026-04-30 12:55:16,876] [INFO] [0090] system: rss=240.1MB | mem_avail=1423.1MB | swap_free=512.0MB | load=1.01 0.69 0.33 | temp=hwmon0_temp1_input=50.0C, hwmon1_temp1_input=50.0C, hwmon2_temp1_input=48.1C, hwmon2_temp2_input=47.5C, pl_temp=48.3C, ps_temp=48.2C, remote_temp=48.5C
[2026-04-30 12:55:17,866] [INFO] [0100] cap=12.3ms | pre=12.3ms | inf=15.8ms | post=5.5ms | ctrl=0.0ms | act=0.2ms | total=46.3ms | valid=False | invalid=95 | pixels=0 | err=+0.000 | steer=+0.000 | speed=0.000 | amode=stop | aspeed=0.000 | drive=[] | dduty=0 | seff=+0.000 | steer_ch=None | sduty=0 | cur=None | adc=None
[2026-04-30 12:55:17,878] [INFO] [0100] system: rss=240.1MB | mem_avail=1422.4MB | swap_free=512.0MB | load=1.01 0.69 0.33 | temp=hwmon0_temp1_input=50.0C, hwmon1_temp1_input=50.0C, hwmon2_temp1_input=48.2C, hwmon2_temp2_input=47.6C, pl_temp=48.9C, ps_temp=47.5C, remote_temp=47.2C
[2026-04-30 12:55:18,874] [INFO] [0110] cap=14.0ms | pre=14.0ms | inf=16.1ms | post=4.4ms | ctrl=0.0ms | act=0.2ms | total=48.9ms | valid=False | invalid=105 | pixels=0 | err=+0.000 | steer=+0.000 | speed=0.000 | amode=stop | aspeed=0.000 | drive=[] | dduty=0 | seff=+0.000 | steer_ch=None | sduty=0 | cur=None | adc=None
[2026-04-30 12:55:18,886] [INFO] [0110] system: rss=240.1MB | mem_avail=1421.7MB | swap_free=512.0MB | load=1.01 0.69 0.34 | temp=hwmon0_temp1_input=51.0C, hwmon1_temp1_input=50.0C, hwmon2_temp1_input=47.1C, hwmon2_temp2_input=47.9C, pl_temp=48.7C, ps_temp=48.2C, remote_temp=47.7C
[2026-04-30 12:55:19,883] [INFO] [0120] cap=13.4ms | pre=14.1ms | inf=19.5ms | post=8.2ms | ctrl=0.0ms | act=0.2ms | total=55.6ms | valid=False | invalid=2 | pixels=194 | err=-0.716 | steer=+0.000 | speed=0.000 | amode=stop | aspeed=0.000 | drive=[] | dduty=0 | seff=+0.000 | steer_ch=None | sduty=0 | cur=None | adc=None
[2026-04-30 12:55:19,895] [INFO] [0120] system: rss=240.1MB | mem_avail=1421.3MB | swap_free=512.0MB | load=1.01 0.69 0.34 | temp=hwmon0_temp1_input=50.0C, hwmon1_temp1_input=50.0C, hwmon2_temp1_input=47.6C, hwmon2_temp2_input=49.0C, pl_temp=48.5C, ps_temp=48.0C, remote_temp=48.1C
[2026-04-30 12:55:20,878] [INFO] [0130] cap=13.2ms | pre=14.1ms | inf=15.9ms | post=6.5ms | ctrl=0.1ms | act=2.0ms | total=51.9ms | valid=True | invalid=0 | pixels=4626 | err=-0.756 | steer=-0.302 | speed=0.488 | amode=real_mmio | aspeed=0.488 | drive=['rear_right_fwd', 'rear_left_fwd'] | dduty=293242 | seff=-0.302 | steer_ch=steering_left | sduty=45420 | cur=None | adc=None
[2026-04-30 12:55:20,879] [INFO] [0130] actuator_regs={'rear_right_fwd': {'period': 600600, 'duty': 293242, 'valid': 1}, 'rear_left_fwd': {'period': 600600, 'duty': 293242, 'valid': 1}, 'steering_left': {'period': 600600, 'duty': 45420, 'valid': 1}}
[2026-04-30 12:55:20,891] [INFO] [0130] system: rss=240.1MB | mem_avail=1420.9MB | swap_free=512.0MB | load=1.01 0.69 0.34 | temp=hwmon0_temp1_input=50.0C, hwmon1_temp1_input=50.0C, hwmon2_temp1_input=47.3C, hwmon2_temp2_input=48.3C, pl_temp=48.4C, ps_temp=47.7C, remote_temp=46.8C
[2026-04-30 12:55:21,880] [INFO] [0140] cap=13.0ms | pre=13.0ms | inf=16.6ms | post=6.6ms | ctrl=0.1ms | act=1.6ms | total=50.9ms | valid=True | invalid=0 | pixels=895 | err=-0.753 | steer=-0.301 | speed=0.489 | amode=real_mmio | aspeed=0.489 | drive=['rear_right_fwd', 'rear_left_fwd'] | dduty=293768 | seff=-0.301 | steer_ch=steering_left | sduty=45232 | cur=None | adc=None
[2026-04-30 12:55:21,882] [INFO] [0140] actuator_regs={'rear_right_fwd': {'period': 600600, 'duty': 293768, 'valid': 1}, 'rear_left_fwd': {'period': 600600, 'duty': 293768, 'valid': 1}, 'steering_left': {'period': 600600, 'duty': 45232, 'valid': 1}}
[2026-04-30 12:55:21,894] [INFO] [0140] system: rss=240.1MB | mem_avail=1420.8MB | swap_free=512.0MB | load=1.01 0.69 0.34 | temp=hwmon0_temp1_input=51.0C, hwmon1_temp1_input=50.0C, hwmon2_temp1_input=47.3C, hwmon2_temp2_input=49.4C, pl_temp=48.8C, ps_temp=48.1C, remote_temp=48.0C
[2026-04-30 12:55:22,871] [INFO] [0150] cap=13.1ms | pre=11.8ms | inf=15.4ms | post=4.2ms | ctrl=0.0ms | act=0.2ms | total=44.9ms | valid=False | invalid=9 | pixels=0 | err=+0.000 | steer=+0.000 | speed=0.000 | amode=stop | aspeed=0.000 | drive=[] | dduty=0 | seff=+0.000 | steer_ch=None | sduty=0 | cur=None | adc=None
[2026-04-30 12:55:22,882] [INFO] [0150] system: rss=240.1MB | mem_avail=1420.6MB | swap_free=512.0MB | load=1.01 0.69 0.34 | temp=hwmon0_temp1_input=51.0C, hwmon1_temp1_input=50.0C, hwmon2_temp1_input=47.7C, hwmon2_temp2_input=48.7C, pl_temp=48.7C, ps_temp=46.8C, remote_temp=47.0C
[2026-04-30 12:55:23,882] [INFO] [0160] cap=13.3ms | pre=13.5ms | inf=16.9ms | post=7.2ms | ctrl=0.0ms | act=0.4ms | total=51.4ms | valid=False | invalid=1 | pixels=197 | err=-0.350 | steer=+0.000 | speed=0.000 | amode=stop | aspeed=0.000 | drive=[] | dduty=0 | seff=+0.000 | steer_ch=None | sduty=0 | cur=None | adc=None
[2026-04-30 12:55:23,893] [INFO] [0160] system: rss=240.1MB | mem_avail=1420.3MB | swap_free=512.0MB | load=1.01 0.70 0.34 | temp=hwmon0_temp1_input=51.0C, hwmon1_temp1_input=50.0C, hwmon2_temp1_input=47.6C, hwmon2_temp2_input=47.5C, pl_temp=48.5C, ps_temp=47.5C, remote_temp=47.5C
[2026-04-30 12:55:24,918] [INFO] [0170] cap=57.1ms | pre=11.9ms | inf=15.6ms | post=4.1ms | ctrl=0.0ms | act=0.2ms | total=89.1ms | valid=False | invalid=2 | pixels=0 | err=+0.000 | steer=+0.000 | speed=0.000 | amode=stop | aspeed=0.000 | drive=[] | dduty=0 | seff=+0.000 | steer_ch=None | sduty=0 | cur=None | adc=None
[2026-04-30 12:55:24,929] [INFO] [0170] system: rss=240.1MB | mem_avail=1420.2MB | swap_free=512.0MB | load=1.01 0.70 0.34 | temp=hwmon0_temp1_input=51.0C, hwmon1_temp1_input=50.0C, hwmon2_temp1_input=47.6C, hwmon2_temp2_input=46.9C, pl_temp=48.5C, ps_temp=48.7C, remote_temp=48.6C
[2026-04-30 12:55:25,910] [INFO] [0180] cap=12.0ms | pre=13.3ms | inf=19.7ms | post=6.3ms | ctrl=0.1ms | act=1.2ms | total=52.6ms | valid=True | invalid=0 | pixels=209 | err=+0.981 | steer=+0.393 | speed=0.425 | amode=real_mmio | aspeed=0.425 | drive=['rear_right_fwd', 'rear_left_fwd'] | dduty=255405 | seff=+0.393 | steer_ch=steering_right | sduty=58933 | cur=None | adc=None
[2026-04-30 12:55:25,911] [INFO] [0180] actuator_regs={'rear_right_fwd': {'period': 600600, 'duty': 255405, 'valid': 1}, 'rear_left_fwd': {'period': 600600, 'duty': 255405, 'valid': 1}, 'steering_right': {'period': 600600, 'duty': 58933, 'valid': 1}}
[2026-04-30 12:55:25,921] [INFO] [0180] system: rss=240.1MB | mem_avail=1420.5MB | swap_free=512.0MB | load=1.01 0.70 0.34 | temp=hwmon0_temp1_input=51.0C, hwmon1_temp1_input=50.0C, hwmon2_temp1_input=48.7C, hwmon2_temp2_input=48.2C, pl_temp=48.7C, ps_temp=47.4C, remote_temp=48.2C
[2026-04-30 12:55:26,909] [INFO] [0190] cap=12.9ms | pre=13.2ms | inf=16.1ms | post=5.0ms | ctrl=0.0ms | act=0.2ms | total=47.6ms | valid=False | invalid=9 | pixels=0 | err=+0.000 | steer=+0.000 | speed=0.000 | amode=stop | aspeed=0.000 | drive=[] | dduty=0 | seff=+0.000 | steer_ch=None | sduty=0 | cur=None | adc=None
[2026-04-30 12:55:26,921] [INFO] [0190] system: rss=240.1MB | mem_avail=1420.6MB | swap_free=512.0MB | load=1.01 0.70 0.34 | temp=hwmon0_temp1_input=51.0C, hwmon1_temp1_input=50.0C, hwmon2_temp1_input=47.8C, hwmon2_temp2_input=49.3C, pl_temp=49.0C, ps_temp=48.7C, remote_temp=49.1C
[2026-04-30 12:55:28,070] [INFO] profiler summary:
[2026-04-30 12:55:28,072] [INFO]  - capture: avg=16.66ms, min=11.40ms, max=700.26ms
[2026-04-30 12:55:28,072] [INFO]  - preprocess: avg=12.62ms, min=11.25ms, max=33.27ms
[2026-04-30 12:55:28,073] [INFO]  - inference: avg=17.23ms, min=14.83ms, max=72.78ms
[2026-04-30 12:55:28,073] [INFO]  - postprocess: avg=6.11ms, min=3.72ms, max=24.94ms
[2026-04-30 12:55:28,073] [INFO]  - control: avg=0.03ms, min=0.02ms, max=0.09ms
[2026-04-30 12:55:28,074] [INFO]  - actuator: avg=0.53ms, min=0.19ms, max=2.30ms
[2026-04-30 12:55:28,074] [INFO]  - total: avg=53.34ms, min=41.84ms, max=775.23ms
                                                                                                                                                                                                                                                                                                                                                                                                                                                                                                                                                                                                                                                                                                                                                                                                                                                                                                                                                                                                                                                                                                                                                                                                                                                                                                              